Lot,Wafer,Measurement,Temperature_C,Pressure_Torr,TMA_Pulse_s,H2O_Pulse_s,Purge_s,GPC_nm_per_cycle,Film_Thickness_nm,Thickness_Uniformity_1sigma_%,Film_Stress_MPa,Film_Density_g_cm3,Surface_Roughness_nm_RMS,Defect_Density_per_cm2,Cycle_Time_s,Throughput_cycles_per_hour,Thickness_Deviation_%,Thickness_OK,Uniformity_OK,Stress_OK,Density_OK,Roughness_OK,Defectivity_OK,Measurement_OK,Original_GPC_nm_per_cycle,Original_TMA_Pulse_s,GPC_OK,Excursion_Status,GPC_Excursion_Detected,SPC_Status
1,1,1,200.45707561963164,0.9688004768127852,1.011256767937097,1.0141084707458683,4.804896481134616,0.0988930649962173,10.011460376042791,0.9887258728800749,49.09030406460389,2.989048095006809,0.2059173319461412,5.578251059176568,11.635158200952198,309.40705212803925,0.11460376042791154,True,True,True,True,True,True,True,0.0988930649962173,1.011256767937097,True,NORMAL,NORMAL,IN_CONTROL
1,1,2,200.45707561963164,0.9688004768127852,1.011256767937097,1.0141084707458683,4.804896481134616,0.0993152861068831,10.001983764540448,0.9887258728800749,49.09030406460389,2.989048095006809,0.2059173319461412,5.578251059176568,11.635158200952198,309.40705212803925,0.019837645404479076,True,True,True,True,True,True,True,0.0993152861068831,1.011256767937097,True,NORMAL,NORMAL,IN_CONTROL
1,1,3,200.45707561963164,0.9688004768127852,1.011256767937097,1.0141084707458683,4.804896481134616,0.098820025358632,10.009889406634043,0.9887258728800749,49.09030406460389,2.989048095006809,0.2059173319461412,5.578251059176568,11.635158200952198,309.40705212803925,0.09889406634043141,True,True,True,True,True,True,True,0.098820025358632,1.011256767937097,True,NORMAL,NORMAL,IN_CONTROL
1,1,4,200.45707561963164,0.9688004768127852,1.011256767937097,1.0141084707458683,4.804896481134616,0.0991082164609469,10.006921726436149,0.9887258728800749,49.09030406460389,2.989048095006809,0.2059173319461412,5.578251059176568,11.635158200952198,309.40705212803925,0.06921726436148745,True,True,True,True,True,True,True,0.0991082164609469,1.011256767937097,True,NORMAL,NORMAL,IN_CONTROL
1,1,5,200.45707561963164,0.9688004768127852,1.011256767937097,1.0141084707458683,4.804896481134616,0.0990723434887597,10.017698533285742,0.9887258728800749,49.09030406460389,2.989048095006809,0.2059173319461412,5.578251059176568,11.635158200952198,309.40705212803925,0.17698533285742002,True,True,True,True,True,True,True,0.0990723434887597,1.011256767937097,True,NORMAL,NORMAL,IN_CONTROL
1,2,1,200.45707561963164,0.9688004768127852,1.011256767937097,1.0141084707458683,4.804896481134616,0.0995080018773141,10.021451909395095,0.9625081421209748,49.43735379841559,2.9831354774451566,0.2106419180163547,5.6322525371506735,11.635158200952198,309.40705212803925,0.21451909395095115,True,True,True,True,True,True,True,0.0995080018773141,1.011256767937097,True,NORMAL,NORMAL,IN_CONTROL
1,2,2,200.45707561963164,0.9688004768127852,1.011256767937097,1.0141084707458683,4.804896481134616,0.0999552266567503,10.010769213666824,0.9625081421209748,49.43735379841559,2.9831354774451566,0.2106419180163547,5.6322525371506735,11.635158200952198,309.40705212803925,0.10769213666824486,True,True,True,True,True,True,True,0.0999552266567503,1.011256767937097,True,NORMAL,NORMAL,IN_CONTROL
1,2,3,200.45707561963164,0.9688004768127852,1.011256767937097,1.0141084707458683,4.804896481134616,0.0999229951008944,10.034339719545288,0.9625081421209748,49.43735379841559,2.9831354774451566,0.2106419180163547,5.6322525371506735,11.635158200952198,309.40705212803925,0.3433971954528836,True,True,True,True,True,True,True,0.0999229951008944,1.011256767937097,True,NORMAL,NORMAL,IN_CONTROL
1,2,4,200.45707561963164,0.9688004768127852,1.011256767937097,1.0141084707458683,4.804896481134616,0.0998296972173229,10.013159310174585,0.9625081421209748,49.43735379841559,2.9831354774451566,0.2106419180163547,5.6322525371506735,11.635158200952198,309.40705212803925,0.13159310174584604,True,True,True,True,True,True,True,0.0998296972173229,1.011256767937097,True,NORMAL,NORMAL,IN_CONTROL
1,2,5,200.45707561963164,0.9688004768127852,1.011256767937097,1.0141084707458683,4.804896481134616,0.0998256553994216,10.024919422354374,0.9625081421209748,49.43735379841559,2.9831354774451566,0.2106419180163547,5.6322525371506735,11.635158200952198,309.40705212803925,0.2491942235437428,True,True,True,True,True,True,True,0.0998256553994216,1.011256767937097,True,NORMAL,NORMAL,IN_CONTROL
1,3,1,200.45707561963164,0.9688004768127852,1.011256767937097,1.0141084707458683,4.804896481134616,0.0980844953824384,10.031584311730406,0.9950679995046704,50.01717559697602,2.988649938079846,0.2106878444261439,5.074797522836399,11.635158200952198,309.40705212803925,0.31584311730405545,True,True,True,True,True,True,True,0.0980844953824384,1.011256767937097,True,NORMAL,NORMAL,IN_CONTROL
1,3,2,200.45707561963164,0.9688004768127852,1.011256767937097,1.0141084707458683,4.804896481134616,0.0981430645033582,10.02677878508664,0.9950679995046704,50.01717559697602,2.988649938079846,0.2106878444261439,5.074797522836399,11.635158200952198,309.40705212803925,0.26778785086639445,True,True,True,True,True,True,True,0.0981430645033582,1.011256767937097,True,NORMAL,NORMAL,IN_CONTROL
1,3,3,200.45707561963164,0.9688004768127852,1.011256767937097,1.0141084707458683,4.804896481134616,0.0979658578440183,10.058902568866625,0.9950679995046704,50.01717559697602,2.988649938079846,0.2106878444261439,5.074797522836399,11.635158200952198,309.40705212803925,0.589025688666247,True,True,True,True,True,True,True,0.0979658578440183,1.011256767937097,True,NORMAL,NORMAL,IN_CONTROL
1,3,4,200.45707561963164,0.9688004768127852,1.011256767937097,1.0141084707458683,4.804896481134616,0.0977207462472415,10.050973871221853,0.9950679995046704,50.01717559697602,2.988649938079846,0.2106878444261439,5.074797522836399,11.635158200952198,309.40705212803925,0.5097387122185282,True,True,True,True,True,True,True,0.0977207462472415,1.011256767937097,True,NORMAL,NORMAL,IN_CONTROL
1,3,5,200.45707561963164,0.9688004768127852,1.011256767937097,1.0141084707458683,4.804896481134616,0.0982744330982577,10.03135527392404,0.9950679995046704,50.01717559697602,2.988649938079846,0.2106878444261439,5.074797522836399,11.635158200952198,309.40705212803925,0.3135527392404036,True,True,True,True,True,True,True,0.0982744330982577,1.011256767937097,True,NORMAL,NORMAL,IN_CONTROL
1,4,1,200.45707561963164,0.9688004768127852,1.011256767937097,1.0141084707458683,4.804896481134616,0.0982757258393397,10.008643336500649,0.9985010096685112,49.600871455238696,2.984892582123073,0.2113679073923997,5.34765920351604,11.635158200952198,309.40705212803925,0.08643336500648857,True,True,True,True,True,True,True,0.0982757258393397,1.011256767937097,True,NORMAL,NORMAL,IN_CONTROL
1,4,2,200.45707561963164,0.9688004768127852,1.011256767937097,1.0141084707458683,4.804896481134616,0.0987648602267569,10.0140017190597,0.9985010096685112,49.600871455238696,2.984892582123073,0.2113679073923997,5.34765920351604,11.635158200952198,309.40705212803925,0.1400171905969927,True,True,True,True,True,True,True,0.0987648602267569,1.011256767937097,True,NORMAL,NORMAL,IN_CONTROL
1,4,3,200.45707561963164,0.9688004768127852,1.011256767937097,1.0141084707458683,4.804896481134616,0.0988228576097611,10.029974220496833,0.9985010096685112,49.600871455238696,2.984892582123073,0.2113679073923997,5.34765920351604,11.635158200952198,309.40705212803925,0.29974220496832515,True,True,True,True,True,True,True,0.0988228576097611,1.011256767937097,True,NORMAL,NORMAL,IN_CONTROL
1,4,4,200.45707561963164,0.9688004768127852,1.011256767937097,1.0141084707458683,4.804896481134616,0.0986632739108638,10.021405261922904,0.9985010096685112,49.600871455238696,2.984892582123073,0.2113679073923997,5.34765920351604,11.635158200952198,309.40705212803925,0.21405261922904373,True,True,True,True,True,True,True,0.0986632739108638,1.011256767937097,True,NORMAL,NORMAL,IN_CONTROL
1,4,5,200.45707561963164,0.9688004768127852,1.011256767937097,1.0141084707458683,4.804896481134616,0.0985229080416247,10.037241861442604,0.9985010096685112,49.600871455238696,2.984892582123073,0.2113679073923997,5.34765920351604,11.635158200952198,309.40705212803925,0.3724186144260422,True,True,True,True,True,True,True,0.0985229080416247,1.011256767937097,True,NORMAL,NORMAL,IN_CONTROL
1,5,1,200.45707561963164,0.9688004768127852,1.011256767937097,1.0141084707458683,4.804896481134616,0.0976614139845249,10.024132364548562,0.9638089772155612,49.5678586334888,2.981225142858451,0.210254897190985,5.287713552580307,11.635158200952198,309.40705212803925,0.24132364548561822,True,True,True,True,True,True,True,0.0976614139845249,1.011256767937097,True,NORMAL,NORMAL,IN_CONTROL
1,5,2,200.45707561963164,0.9688004768127852,1.011256767937097,1.0141084707458683,4.804896481134616,0.097716805519545,10.030658509611191,0.9638089772155612,49.5678586334888,2.981225142858451,0.210254897190985,5.287713552580307,11.635158200952198,309.40705212803925,0.3065850961119132,True,True,True,True,True,True,True,0.097716805519545,1.011256767937097,True,NORMAL,NORMAL,IN_CONTROL
1,5,3,200.45707561963164,0.9688004768127852,1.011256767937097,1.0141084707458683,4.804896481134616,0.0973902004932399,10.022463684472672,0.9638089772155612,49.5678586334888,2.981225142858451,0.210254897190985,5.287713552580307,11.635158200952198,309.40705212803925,0.2246368447267244,True,True,True,True,True,True,True,0.0973902004932399,1.011256767937097,True,NORMAL,NORMAL,IN_CONTROL
1,5,4,200.45707561963164,0.9688004768127852,1.011256767937097,1.0141084707458683,4.804896481134616,0.0970109896566658,10.022745867636305,0.9638089772155612,49.5678586334888,2.981225142858451,0.210254897190985,5.287713552580307,11.635158200952198,309.40705212803925,0.22745867636304595,True,True,True,True,True,True,True,0.0970109896566658,1.011256767937097,True,NORMAL,NORMAL,IN_CONTROL
1,5,5,200.45707561963164,0.9688004768127852,1.011256767937097,1.0141084707458683,4.804896481134616,0.0971203801031469,10.002185841347467,0.9638089772155612,49.5678586334888,2.981225142858451,0.210254897190985,5.287713552580307,11.635158200952198,309.40705212803925,0.021858413474671323,True,True,True,True,True,True,True,0.0971203801031469,1.011256767937097,True,NORMAL,NORMAL,IN_CONTROL
1,6,1,200.45707561963164,0.9688004768127852,1.011256767937097,1.0141084707458683,4.804896481134616,0.0983049188537249,9.966302582489456,0.9475362209517116,49.57143397344774,2.9937004825753264,0.207725187835444,5.547871754636032,11.635158200952198,309.40705212803925,-0.3369741751054356,True,True,True,True,True,True,True,0.0983049188537249,1.011256767937097,True,NORMAL,NORMAL,IN_CONTROL
1,6,2,200.45707561963164,0.9688004768127852,1.011256767937097,1.0141084707458683,4.804896481134616,0.0982648401983151,9.966057002126297,0.9475362209517116,49.57143397344774,2.9937004825753264,0.207725187835444,5.547871754636032,11.635158200952198,309.40705212803925,-0.3394299787370336,True,True,True,True,True,True,True,0.0982648401983151,1.011256767937097,True,NORMAL,NORMAL,IN_CONTROL
1,6,3,200.45707561963164,0.9688004768127852,1.011256767937097,1.0141084707458683,4.804896481134616,0.0978483539941275,9.992858994977432,0.9475362209517116,49.57143397344774,2.9937004825753264,0.207725187835444,5.547871754636032,11.635158200952198,309.40705212803925,-0.07141005022567981,True,True,True,True,True,True,True,0.0978483539941275,1.011256767937097,True,NORMAL,NORMAL,IN_CONTROL
1,6,4,200.45707561963164,0.9688004768127852,1.011256767937097,1.0141084707458683,4.804896481134616,0.0984378708017849,9.986782734100762,0.9475362209517116,49.57143397344774,2.9937004825753264,0.207725187835444,5.547871754636032,11.635158200952198,309.40705212803925,-0.13217265899237773,True,True,True,True,True,True,True,0.0984378708017849,1.011256767937097,True,NORMAL,NORMAL,IN_CONTROL
1,6,5,200.45707561963164,0.9688004768127852,1.011256767937097,1.0141084707458683,4.804896481134616,0.0979327327647687,9.971384556506882,0.9475362209517116,49.57143397344774,2.9937004825753264,0.207725187835444,5.547871754636032,11.635158200952198,309.40705212803925,-0.28615443493118065,True,True,True,True,True,True,True,0.0979327327647687,1.011256767937097,True,NORMAL,NORMAL,IN_CONTROL
1,7,1,200.45707561963164,0.9688004768127852,1.011256767937097,1.0141084707458683,4.804896481134616,0.097689135577647,10.015085797798127,0.9816808789531544,49.97144867301057,2.995213235543001,0.2080759128662092,5.168275107276241,11.635158200952198,309.40705212803925,0.15085797798127132,True,True,True,True,True,True,True,0.097689135577647,1.011256767937097,True,NORMAL,NORMAL,IN_CONTROL
1,7,2,200.45707561963164,0.9688004768127852,1.011256767937097,1.0141084707458683,4.804896481134616,0.0978736699462298,10.03280641146042,0.9816808789531544,49.97144867301057,2.995213235543001,0.2080759128662092,5.168275107276241,11.635158200952198,309.40705212803925,0.3280641146042029,True,True,True,True,True,True,True,0.0978736699462298,1.011256767937097,True,NORMAL,NORMAL,IN_CONTROL
1,7,3,200.45707561963164,0.9688004768127852,1.011256767937097,1.0141084707458683,4.804896481134616,0.0980621274398213,10.017753030659218,0.9816808789531544,49.97144867301057,2.995213235543001,0.2080759128662092,5.168275107276241,11.635158200952198,309.40705212803925,0.17753030659218183,True,True,True,True,True,True,True,0.0980621274398213,1.011256767937097,True,NORMAL,NORMAL,IN_CONTROL
1,7,4,200.45707561963164,0.9688004768127852,1.011256767937097,1.0141084707458683,4.804896481134616,0.0974312111126305,9.994539785625438,0.9816808789531544,49.97144867301057,2.995213235543001,0.2080759128662092,5.168275107276241,11.635158200952198,309.40705212803925,-0.054602143745619,True,True,True,True,True,True,True,0.0974312111126305,1.011256767937097,True,NORMAL,NORMAL,IN_CONTROL
1,7,5,200.45707561963164,0.9688004768127852,1.011256767937097,1.0141084707458683,4.804896481134616,0.0975061936315087,9.99847746637653,0.9816808789531544,49.97144867301057,2.995213235543001,0.2080759128662092,5.168275107276241,11.635158200952198,309.40705212803925,-0.015225336234703235,True,True,True,True,True,True,True,0.0975061936315087,1.011256767937097,True,NORMAL,NORMAL,IN_CONTROL
1,8,1,200.45707561963164,0.9688004768127852,1.011256767937097,1.0141084707458683,4.804896481134616,0.0994290102369602,9.998742177941793,0.9680339116995502,48.47879023298447,2.9821264456803585,0.2097345212909789,5.569559043000891,11.635158200952198,309.40705212803925,-0.012578220582071253,True,True,True,True,True,True,True,0.0994290102369602,1.011256767937097,True,NORMAL,NORMAL,IN_CONTROL
1,8,2,200.45707561963164,0.9688004768127852,1.011256767937097,1.0141084707458683,4.804896481134616,0.0982579900611484,9.975081208367122,0.9680339116995502,48.47879023298447,2.9821264456803585,0.2097345212909789,5.569559043000891,11.635158200952198,309.40705212803925,-0.2491879163287791,True,True,True,True,True,True,True,0.0982579900611484,1.011256767937097,True,NORMAL,NORMAL,IN_CONTROL
1,8,3,200.45707561963164,0.9688004768127852,1.011256767937097,1.0141084707458683,4.804896481134616,0.0986351649358612,9.937003224369676,0.9680339116995502,48.47879023298447,2.9821264456803585,0.2097345212909789,5.569559043000891,11.635158200952198,309.40705212803925,-0.6299677563032446,True,True,True,True,True,True,True,0.0986351649358612,1.011256767937097,True,NORMAL,NORMAL,IN_CONTROL
1,8,4,200.45707561963164,0.9688004768127852,1.011256767937097,1.0141084707458683,4.804896481134616,0.0984302443191041,9.956728235044364,0.9680339116995502,48.47879023298447,2.9821264456803585,0.2097345212909789,5.569559043000891,11.635158200952198,309.40705212803925,-0.43271764955635555,True,True,True,True,True,True,True,0.0984302443191041,1.011256767937097,True,NORMAL,NORMAL,IN_CONTROL
1,8,5,200.45707561963164,0.9688004768127852,1.011256767937097,1.0141084707458683,4.804896481134616,0.0985126142312331,9.959731525404582,0.9680339116995502,48.47879023298447,2.9821264456803585,0.2097345212909789,5.569559043000891,11.635158200952198,309.40705212803925,-0.40268474595418263,True,True,True,True,True,True,True,0.0985126142312331,1.011256767937097,True,NORMAL,NORMAL,IN_CONTROL
1,9,1,200.45707561963164,0.9688004768127852,1.011256767937097,1.0141084707458683,4.804896481134616,0.0982114519501046,10.068870308265923,0.9699415475013528,48.91394277466132,2.9788309263628743,0.2073350560214083,5.377302824864945,11.635158200952198,309.40705212803925,0.6887030826592344,True,True,True,True,True,True,True,0.0982114519501046,1.011256767937097,True,NORMAL,NORMAL,IN_CONTROL
1,9,2,200.45707561963164,0.9688004768127852,1.011256767937097,1.0141084707458683,4.804896481134616,0.098022580914101,10.057042703334812,0.9699415475013528,48.91394277466132,2.9788309263628743,0.2073350560214083,5.377302824864945,11.635158200952198,309.40705212803925,0.5704270333481176,True,True,True,True,True,True,True,0.098022580914101,1.011256767937097,True,NORMAL,NORMAL,IN_CONTROL
1,9,3,200.45707561963164,0.9688004768127852,1.011256767937097,1.0141084707458683,4.804896481134616,0.0978828345649931,10.024390111889655,0.9699415475013528,48.91394277466132,2.9788309263628743,0.2073350560214083,5.377302824864945,11.635158200952198,309.40705212803925,0.2439011188965523,True,True,True,True,True,True,True,0.0978828345649931,1.011256767937097,True,NORMAL,NORMAL,IN_CONTROL
1,9,4,200.45707561963164,0.9688004768127852,1.011256767937097,1.0141084707458683,4.804896481134616,0.0988109105133933,10.031315004679971,0.9699415475013528,48.91394277466132,2.9788309263628743,0.2073350560214083,5.377302824864945,11.635158200952198,309.40705212803925,0.3131500467997128,True,True,True,True,True,True,True,0.0988109105133933,1.011256767937097,True,NORMAL,NORMAL,IN_CONTROL
1,9,5,200.45707561963164,0.9688004768127852,1.011256767937097,1.0141084707458683,4.804896481134616,0.0984239163547837,10.02986650281754,0.9699415475013528,48.91394277466132,2.9788309263628743,0.2073350560214083,5.377302824864945,11.635158200952198,309.40705212803925,0.29866502817540663,True,True,True,True,True,True,True,0.0984239163547837,1.011256767937097,True,NORMAL,NORMAL,IN_CONTROL
1,10,1,200.45707561963164,0.9688004768127852,1.011256767937097,1.0141084707458683,4.804896481134616,0.0984243074208757,9.97629848720479,0.9862491215956892,49.79295862982904,2.987000528455719,0.2068296166623401,5.485049435229526,11.635158200952198,309.40705212803925,-0.23701512795209823,True,True,True,True,True,True,True,0.0984243074208757,1.011256767937097,True,NORMAL,NORMAL,IN_CONTROL
1,10,2,200.45707561963164,0.9688004768127852,1.011256767937097,1.0141084707458683,4.804896481134616,0.0988437655253225,9.96397502322179,0.9862491215956892,49.79295862982904,2.987000528455719,0.2068296166623401,5.485049435229526,11.635158200952198,309.40705212803925,-0.36024976778209705,True,True,True,True,True,True,True,0.0988437655253225,1.011256767937097,True,NORMAL,NORMAL,IN_CONTROL
1,10,3,200.45707561963164,0.9688004768127852,1.011256767937097,1.0141084707458683,4.804896481134616,0.0988399866340779,10.006758080200903,0.9862491215956892,49.79295862982904,2.987000528455719,0.2068296166623401,5.485049435229526,11.635158200952198,309.40705212803925,0.06758080200903294,True,True,True,True,True,True,True,0.0988399866340779,1.011256767937097,True,NORMAL,NORMAL,IN_CONTROL
1,10,4,200.45707561963164,0.9688004768127852,1.011256767937097,1.0141084707458683,4.804896481134616,0.0988777369918866,9.9813351440783,0.9862491215956892,49.79295862982904,2.987000528455719,0.2068296166623401,5.485049435229526,11.635158200952198,309.40705212803925,-0.18664855921700862,True,True,True,True,True,True,True,0.0988777369918866,1.011256767937097,True,NORMAL,NORMAL,IN_CONTROL
1,10,5,200.45707561963164,0.9688004768127852,1.011256767937097,1.0141084707458683,4.804896481134616,0.098857803900415,10.002668655501267,0.9862491215956892,49.79295862982904,2.987000528455719,0.2068296166623401,5.485049435229526,11.635158200952198,309.40705212803925,0.026686555012673807,True,True,True,True,True,True,True,0.098857803900415,1.011256767937097,True,NORMAL,NORMAL,IN_CONTROL
2,1,1,199.3836091537494,1.0331886613017969,1.006431346576924,1.0230363398799398,5.01832344372219,0.0974746903093251,9.878511200787242,1.1513740384191713,54.776392039490304,2.9972816024671607,0.1956777980930666,5.808103983831857,12.066114573901244,298.35619228966425,-1.2148879921275757,True,True,True,True,True,True,True,0.0974746903093251,1.006431346576924,True,NORMAL,NORMAL,IN_CONTROL
2,1,2,199.3836091537494,1.0331886613017969,1.006431346576924,1.0230363398799398,5.01832344372219,0.0968324632069452,9.867221033720451,1.1513740384191713,54.776392039490304,2.9972816024671607,0.1956777980930666,5.808103983831857,12.066114573901244,298.35619228966425,-1.3277896627954888,True,True,True,True,True,True,True,0.0968324632069452,1.006431346576924,True,NORMAL,NORMAL,IN_CONTROL
2,1,3,199.3836091537494,1.0331886613017969,1.006431346576924,1.0230363398799398,5.01832344372219,0.0971945457561667,9.856979024092876,1.1513740384191713,54.776392039490304,2.9972816024671607,0.1956777980930666,5.808103983831857,12.066114573901244,298.35619228966425,-1.4302097590712393,True,True,True,True,True,True,True,0.0971945457561667,1.006431346576924,True,NORMAL,NORMAL,IN_CONTROL
2,1,4,199.3836091537494,1.0331886613017969,1.006431346576924,1.0230363398799398,5.01832344372219,0.0971840691271759,9.839677361971422,1.1513740384191713,54.776392039490304,2.9972816024671607,0.1956777980930666,5.808103983831857,12.066114573901244,298.35619228966425,-1.6032263802857827,True,True,True,True,True,True,True,0.0971840691271759,1.006431346576924,True,NORMAL,NORMAL,IN_CONTROL
2,1,5,199.3836091537494,1.0331886613017969,1.006431346576924,1.0230363398799398,5.01832344372219,0.0977222855999613,9.852758868473218,1.1513740384191713,54.776392039490304,2.9972816024671607,0.1956777980930666,5.808103983831857,12.066114573901244,298.35619228966425,-1.4724113152678164,True,True,True,True,True,True,True,0.0977222855999613,1.006431346576924,True,NORMAL,NORMAL,IN_CONTROL
2,2,1,199.3836091537494,1.0331886613017969,1.006431346576924,1.0230363398799398,5.01832344372219,0.0979790188629935,9.848907917025157,1.1175491515784926,54.84332406798793,3.0023210009272843,0.1977824730996519,6.037292424221205,12.066114573901244,298.35619228966425,-1.5109208297484322,True,True,True,True,True,True,True,0.0979790188629935,1.006431346576924,True,NORMAL,NORMAL,IN_CONTROL
2,2,2,199.3836091537494,1.0331886613017969,1.006431346576924,1.0230363398799398,5.01832344372219,0.0982605506838761,9.847883100515778,1.1175491515784926,54.84332406798793,3.0023210009272843,0.1977824730996519,6.037292424221205,12.066114573901244,298.35619228966425,-1.521168994842217,True,True,True,True,True,True,True,0.0982605506838761,1.006431346576924,True,NORMAL,NORMAL,IN_CONTROL
2,2,3,199.3836091537494,1.0331886613017969,1.006431346576924,1.0230363398799398,5.01832344372219,0.0978624852248247,9.85380020128711,1.1175491515784926,54.84332406798793,3.0023210009272843,0.1977824730996519,6.037292424221205,12.066114573901244,298.35619228966425,-1.4619979871289068,True,True,True,True,True,True,True,0.0978624852248247,1.006431346576924,True,NORMAL,NORMAL,IN_CONTROL
2,2,4,199.3836091537494,1.0331886613017969,1.006431346576924,1.0230363398799398,5.01832344372219,0.0982562701455364,9.85252816264933,1.1175491515784926,54.84332406798793,3.0023210009272843,0.1977824730996519,6.037292424221205,12.066114573901244,298.35619228966425,-1.4747183735067004,True,True,True,True,True,True,True,0.0982562701455364,1.006431346576924,True,NORMAL,NORMAL,IN_CONTROL
2,2,5,199.3836091537494,1.0331886613017969,1.006431346576924,1.0230363398799398,5.01832344372219,0.0987508550298792,9.88839119089037,1.1175491515784926,54.84332406798793,3.0023210009272843,0.1977824730996519,6.037292424221205,12.066114573901244,298.35619228966425,-1.1160880910962945,True,True,True,True,True,True,True,0.0987508550298792,1.006431346576924,True,NORMAL,NORMAL,IN_CONTROL
2,3,1,199.3836091537494,1.0331886613017969,1.006431346576924,1.0230363398799398,5.01832344372219,0.0972892030542583,9.855550175243076,1.0881709745233898,54.5802901483864,2.9988852368187127,0.1997856876513048,5.563595070307651,12.066114573901244,298.35619228966425,-1.4444982475692392,True,True,True,True,True,True,True,0.0972892030542583,1.006431346576924,True,NORMAL,NORMAL,IN_CONTROL
2,3,2,199.3836091537494,1.0331886613017969,1.006431346576924,1.0230363398799398,5.01832344372219,0.097614665439622,9.862823027889547,1.0881709745233898,54.5802901483864,2.9988852368187127,0.1997856876513048,5.563595070307651,12.066114573901244,298.35619228966425,-1.3717697211045277,True,True,True,True,True,True,True,0.097614665439622,1.006431346576924,True,NORMAL,NORMAL,IN_CONTROL
2,3,3,199.3836091537494,1.0331886613017969,1.006431346576924,1.0230363398799398,5.01832344372219,0.0976703315297296,9.85739557031233,1.0881709745233898,54.5802901483864,2.9988852368187127,0.1997856876513048,5.563595070307651,12.066114573901244,298.35619228966425,-1.4260442968767073,True,True,True,True,True,True,True,0.0976703315297296,1.006431346576924,True,NORMAL,NORMAL,IN_CONTROL
2,3,4,199.3836091537494,1.0331886613017969,1.006431346576924,1.0230363398799398,5.01832344372219,0.0974060712457729,9.863835250315065,1.0881709745233898,54.5802901483864,2.9988852368187127,0.1997856876513048,5.563595070307651,12.066114573901244,298.35619228966425,-1.3616474968493542,True,True,True,True,True,True,True,0.0974060712457729,1.006431346576924,True,NORMAL,NORMAL,IN_CONTROL
2,3,5,199.3836091537494,1.0331886613017969,1.006431346576924,1.0230363398799398,5.01832344372219,0.0985721638967884,9.843521024559044,1.0881709745233898,54.5802901483864,2.9988852368187127,0.1997856876513048,5.563595070307651,12.066114573901244,298.35619228966425,-1.5647897544095635,True,True,True,True,True,True,True,0.0985721638967884,1.006431346576924,True,NORMAL,NORMAL,IN_CONTROL
2,4,1,199.3836091537494,1.0331886613017969,1.006431346576924,1.0230363398799398,5.01832344372219,0.096989810866127,9.87789491680575,1.1871816404281397,58.076064331590295,2.9914493786566343,0.195063379918276,5.809016544517315,12.066114573901244,298.35619228966425,-1.2210508319424918,True,True,True,True,True,True,True,0.096989810866127,1.006431346576924,True,NORMAL,NORMAL,IN_CONTROL
2,4,2,199.3836091537494,1.0331886613017969,1.006431346576924,1.0230363398799398,5.01832344372219,0.097519069262474,9.848722478600552,1.1871816404281397,58.076064331590295,2.9914493786566343,0.195063379918276,5.809016544517315,12.066114573901244,298.35619228966425,-1.512775213994484,True,True,True,True,True,True,True,0.097519069262474,1.006431346576924,True,NORMAL,NORMAL,IN_CONTROL
2,4,3,199.3836091537494,1.0331886613017969,1.006431346576924,1.0230363398799398,5.01832344372219,0.0971730211682865,9.858772521948078,1.1871816404281397,58.076064331590295,2.9914493786566343,0.195063379918276,5.809016544517315,12.066114573901244,298.35619228966425,-1.4122747805192226,True,True,True,True,True,True,True,0.0971730211682865,1.006431346576924,True,NORMAL,NORMAL,IN_CONTROL
2,4,4,199.3836091537494,1.0331886613017969,1.006431346576924,1.0230363398799398,5.01832344372219,0.0968733992471445,9.850369616904432,1.1871816404281397,58.076064331590295,2.9914493786566343,0.195063379918276,5.809016544517315,12.066114573901244,298.35619228966425,-1.4963038309556786,True,True,True,True,True,True,True,0.0968733992471445,1.006431346576924,True,NORMAL,NORMAL,IN_CONTROL
2,4,5,199.3836091537494,1.0331886613017969,1.006431346576924,1.0230363398799398,5.01832344372219,0.0972059517426528,9.84882746672055,1.1871816404281397,58.076064331590295,2.9914493786566343,0.195063379918276,5.809016544517315,12.066114573901244,298.35619228966425,-1.511725332794498,True,True,True,True,True,True,True,0.0972059517426528,1.006431346576924,True,NORMAL,NORMAL,IN_CONTROL
2,5,1,199.3836091537494,1.0331886613017969,1.006431346576924,1.0230363398799398,5.01832344372219,0.0975025672673011,9.897437378773114,1.1462203902548542,56.18371298016972,2.9980843584391037,0.1972233960138377,5.742906887223071,12.066114573901244,298.35619228966425,-1.0256262122688575,True,True,True,True,True,True,True,0.0975025672673011,1.006431346576924,True,NORMAL,NORMAL,IN_CONTROL
2,5,2,199.3836091537494,1.0331886613017969,1.006431346576924,1.0230363398799398,5.01832344372219,0.0976898486978399,9.902134848468936,1.1462203902548542,56.18371298016972,2.9980843584391037,0.1972233960138377,5.742906887223071,12.066114573901244,298.35619228966425,-0.9786515153106379,True,True,True,True,True,True,True,0.0976898486978399,1.006431346576924,True,NORMAL,NORMAL,IN_CONTROL
2,5,3,199.3836091537494,1.0331886613017969,1.006431346576924,1.0230363398799398,5.01832344372219,0.0981910411481066,9.92851162531774,1.1462203902548542,56.18371298016972,2.9980843584391037,0.1972233960138377,5.742906887223071,12.066114573901244,298.35619228966425,-0.7148837468226077,True,True,True,True,True,True,True,0.0981910411481066,1.006431346576924,True,NORMAL,NORMAL,IN_CONTROL
2,5,4,199.3836091537494,1.0331886613017969,1.006431346576924,1.0230363398799398,5.01832344372219,0.0974901175144556,9.903164463272734,1.1462203902548542,56.18371298016972,2.9980843584391037,0.1972233960138377,5.742906887223071,12.066114573901244,298.35619228966425,-0.9683553672726575,True,True,True,True,True,True,True,0.0974901175144556,1.006431346576924,True,NORMAL,NORMAL,IN_CONTROL
2,5,5,199.3836091537494,1.0331886613017969,1.006431346576924,1.0230363398799398,5.01832344372219,0.0980763775632907,9.880921093625822,1.1462203902548542,56.18371298016972,2.9980843584391037,0.1972233960138377,5.742906887223071,12.066114573901244,298.35619228966425,-1.190789063741775,True,True,True,True,True,True,True,0.0980763775632907,1.006431346576924,True,NORMAL,NORMAL,IN_CONTROL
2,6,1,199.3836091537494,1.0331886613017969,1.006431346576924,1.0230363398799398,5.01832344372219,0.0985631512146394,9.902259010149592,1.0797366549692742,56.09843564390808,2.9995793134918327,0.1928368347353967,5.622635039861144,12.066114573901244,298.35619228966425,-0.977409898504078,True,True,True,True,True,True,True,0.0985631512146394,1.006431346576924,True,NORMAL,NORMAL,IN_CONTROL
2,6,2,199.3836091537494,1.0331886613017969,1.006431346576924,1.0230363398799398,5.01832344372219,0.0985163646947127,9.89400544882862,1.0797366549692742,56.09843564390808,2.9995793134918327,0.1928368347353967,5.622635039861144,12.066114573901244,298.35619228966425,-1.0599455117137957,True,True,True,True,True,True,True,0.0985163646947127,1.006431346576924,True,NORMAL,NORMAL,IN_CONTROL
2,6,3,199.3836091537494,1.0331886613017969,1.006431346576924,1.0230363398799398,5.01832344372219,0.0985931799287632,9.894602226997751,1.0797366549692742,56.09843564390808,2.9995793134918327,0.1928368347353967,5.622635039861144,12.066114573901244,298.35619228966425,-1.0539777300224884,True,True,True,True,True,True,True,0.0985931799287632,1.006431346576924,True,NORMAL,NORMAL,IN_CONTROL
2,6,4,199.3836091537494,1.0331886613017969,1.006431346576924,1.0230363398799398,5.01832344372219,0.0977774136428531,9.920191464381992,1.0797366549692742,56.09843564390808,2.9995793134918327,0.1928368347353967,5.622635039861144,12.066114573901244,298.35619228966425,-0.7980853561800848,True,True,True,True,True,True,True,0.0977774136428531,1.006431346576924,True,NORMAL,NORMAL,IN_CONTROL
2,6,5,199.3836091537494,1.0331886613017969,1.006431346576924,1.0230363398799398,5.01832344372219,0.0986003649015442,9.894826827048265,1.0797366549692742,56.09843564390808,2.9995793134918327,0.1928368347353967,5.622635039861144,12.066114573901244,298.35619228966425,-1.0517317295173534,True,True,True,True,True,True,True,0.0986003649015442,1.006431346576924,True,NORMAL,NORMAL,IN_CONTROL
2,7,1,199.3836091537494,1.0331886613017969,1.006431346576924,1.0230363398799398,5.01832344372219,0.0978473674836135,9.894451622352827,1.0793725811041426,55.498992646064,3.005943962871582,0.1915665425738917,5.928736479262701,12.066114573901244,298.35619228966425,-1.0554837764717284,True,True,True,True,True,True,True,0.0978473674836135,1.006431346576924,True,NORMAL,NORMAL,IN_CONTROL
2,7,2,199.3836091537494,1.0331886613017969,1.006431346576924,1.0230363398799398,5.01832344372219,0.0977654279356554,9.883695407145082,1.0793725811041426,55.498992646064,3.005943962871582,0.1915665425738917,5.928736479262701,12.066114573901244,298.35619228966425,-1.1630459285491845,True,True,True,True,True,True,True,0.0977654279356554,1.006431346576924,True,NORMAL,NORMAL,IN_CONTROL
2,7,3,199.3836091537494,1.0331886613017969,1.006431346576924,1.0230363398799398,5.01832344372219,0.0980405613599585,9.91863424717024,1.0793725811041426,55.498992646064,3.005943962871582,0.1915665425738917,5.928736479262701,12.066114573901244,298.35619228966425,-0.8136575282975933,True,True,True,True,True,True,True,0.0980405613599585,1.006431346576924,True,NORMAL,NORMAL,IN_CONTROL
2,7,4,199.3836091537494,1.0331886613017969,1.006431346576924,1.0230363398799398,5.01832344372219,0.0982189883540555,9.925052977780728,1.0793725811041426,55.498992646064,3.005943962871582,0.1915665425738917,5.928736479262701,12.066114573901244,298.35619228966425,-0.7494702221927163,True,True,True,True,True,True,True,0.0982189883540555,1.006431346576924,True,NORMAL,NORMAL,IN_CONTROL
2,7,5,199.3836091537494,1.0331886613017969,1.006431346576924,1.0230363398799398,5.01832344372219,0.0983889451452125,9.90584988752364,1.0793725811041426,55.498992646064,3.005943962871582,0.1915665425738917,5.928736479262701,12.066114573901244,298.35619228966425,-0.9415011247635974,True,True,True,True,True,True,True,0.0983889451452125,1.006431346576924,True,NORMAL,NORMAL,IN_CONTROL
2,8,1,199.3836091537494,1.0331886613017969,1.006431346576924,1.0230363398799398,5.01832344372219,0.0987684916766053,9.915195007303724,1.123177105972459,55.2375429782091,2.99382009268426,0.1991368785924246,5.460620919407537,12.066114573901244,298.35619228966425,-0.848049926962755,True,True,True,True,True,True,True,0.0987684916766053,1.006431346576924,True,NORMAL,NORMAL,IN_CONTROL
2,8,2,199.3836091537494,1.0331886613017969,1.006431346576924,1.0230363398799398,5.01832344372219,0.0990509476904762,9.920972208297506,1.123177105972459,55.2375429782091,2.99382009268426,0.1991368785924246,5.460620919407537,12.066114573901244,298.35619228966425,-0.7902779170249374,True,True,True,True,True,True,True,0.0990509476904762,1.006431346576924,True,NORMAL,NORMAL,IN_CONTROL
2,8,3,199.3836091537494,1.0331886613017969,1.006431346576924,1.0230363398799398,5.01832344372219,0.0990449194011984,9.930619264768955,1.123177105972459,55.2375429782091,2.99382009268426,0.1991368785924246,5.460620919407537,12.066114573901244,298.35619228966425,-0.6938073523104471,True,True,True,True,True,True,True,0.0990449194011984,1.006431346576924,True,NORMAL,NORMAL,IN_CONTROL
2,8,4,199.3836091537494,1.0331886613017969,1.006431346576924,1.0230363398799398,5.01832344372219,0.0988056010419874,9.880219688877393,1.123177105972459,55.2375429782091,2.99382009268426,0.1991368785924246,5.460620919407537,12.066114573901244,298.35619228966425,-1.1978031112260723,True,True,True,True,True,True,True,0.0988056010419874,1.006431346576924,True,NORMAL,NORMAL,IN_CONTROL
2,8,5,199.3836091537494,1.0331886613017969,1.006431346576924,1.0230363398799398,5.01832344372219,0.098670203041147,9.886162323788096,1.123177105972459,55.2375429782091,2.99382009268426,0.1991368785924246,5.460620919407537,12.066114573901244,298.35619228966425,-1.1383767621190444,True,True,True,True,True,True,True,0.098670203041147,1.006431346576924,True,NORMAL,NORMAL,IN_CONTROL
2,9,1,199.3836091537494,1.0331886613017969,1.006431346576924,1.0230363398799398,5.01832344372219,0.0990199171119694,9.940037795487823,1.1111063217211377,54.157279795909496,2.9974711222651425,0.1925184463404967,5.576877408087883,12.066114573901244,298.35619228966425,-0.599622045121766,True,True,True,True,True,True,True,0.0990199171119694,1.006431346576924,True,NORMAL,NORMAL,IN_CONTROL
2,9,2,199.3836091537494,1.0331886613017969,1.006431346576924,1.0230363398799398,5.01832344372219,0.0979859366485579,9.944460314839803,1.1111063217211377,54.157279795909496,2.9974711222651425,0.1925184463404967,5.576877408087883,12.066114573901244,298.35619228966425,-0.5553968516019658,True,True,True,True,True,True,True,0.0979859366485579,1.006431346576924,True,NORMAL,NORMAL,IN_CONTROL
2,9,3,199.3836091537494,1.0331886613017969,1.006431346576924,1.0230363398799398,5.01832344372219,0.0986949335731071,9.939923895070558,1.1111063217211377,54.157279795909496,2.9974711222651425,0.1925184463404967,5.576877408087883,12.066114573901244,298.35619228966425,-0.600761049294416,True,True,True,True,True,True,True,0.0986949335731071,1.006431346576924,True,NORMAL,NORMAL,IN_CONTROL
2,9,4,199.3836091537494,1.0331886613017969,1.006431346576924,1.0230363398799398,5.01832344372219,0.0991581864056327,9.94155613359405,1.1111063217211377,54.157279795909496,2.9974711222651425,0.1925184463404967,5.576877408087883,12.066114573901244,298.35619228966425,-0.5844386640595012,True,True,True,True,True,True,True,0.0991581864056327,1.006431346576924,True,NORMAL,NORMAL,IN_CONTROL
2,9,5,199.3836091537494,1.0331886613017969,1.006431346576924,1.0230363398799398,5.01832344372219,0.09849599247358,9.904639283905706,1.1111063217211377,54.157279795909496,2.9974711222651425,0.1925184463404967,5.576877408087883,12.066114573901244,298.35619228966425,-0.9536071609429441,True,True,True,True,True,True,True,0.09849599247358,1.006431346576924,True,NORMAL,NORMAL,IN_CONTROL
2,10,1,199.3836091537494,1.0331886613017969,1.006431346576924,1.0230363398799398,5.01832344372219,0.0969678843388972,9.923960177965537,1.176352706020105,55.53935377505055,3.001540131729978,0.1944552958040747,5.917260290113045,12.066114573901244,298.35619228966425,-0.7603982203446336,True,True,True,True,True,True,True,0.0969678843388972,1.006431346576924,True,NORMAL,NORMAL,IN_CONTROL
2,10,2,199.3836091537494,1.0331886613017969,1.006431346576924,1.0230363398799398,5.01832344372219,0.0969791239046406,9.911564119147762,1.176352706020105,55.53935377505055,3.001540131729978,0.1944552958040747,5.917260290113045,12.066114573901244,298.35619228966425,-0.8843588085223786,True,True,True,True,True,True,True,0.0969791239046406,1.006431346576924,True,NORMAL,NORMAL,IN_CONTROL
2,10,3,199.3836091537494,1.0331886613017969,1.006431346576924,1.0230363398799398,5.01832344372219,0.096853762328784,9.895249283326889,1.176352706020105,55.53935377505055,3.001540131729978,0.1944552958040747,5.917260290113045,12.066114573901244,298.35619228966425,-1.047507166731112,True,True,True,True,True,True,True,0.096853762328784,1.006431346576924,True,NORMAL,NORMAL,IN_CONTROL
2,10,4,199.3836091537494,1.0331886613017969,1.006431346576924,1.0230363398799398,5.01832344372219,0.0970130390921621,9.905813616525808,1.176352706020105,55.53935377505055,3.001540131729978,0.1944552958040747,5.917260290113045,12.066114573901244,298.35619228966425,-0.9418638347419162,True,True,True,True,True,True,True,0.0970130390921621,1.006431346576924,True,NORMAL,NORMAL,IN_CONTROL
2,10,5,199.3836091537494,1.0331886613017969,1.006431346576924,1.0230363398799398,5.01832344372219,0.0965804601082625,9.922939933376588,1.176352706020105,55.53935377505055,3.001540131729978,0.1944552958040747,5.917260290113045,12.066114573901244,298.35619228966425,-0.7706006662341203,True,True,True,True,True,True,True,0.0965804601082625,1.006431346576924,True,NORMAL,NORMAL,IN_CONTROL
3,1,1,199.81248645452064,1.0444436664297692,0.9888461765678116,0.9876662497406452,5.02023061918312,0.0991833765709391,9.975993803403888,1.1544444780804737,52.11268251674275,3.013166703225066,0.2094698170678225,5.768784554195159,12.016973664674696,299.5762577546976,-0.24006196596111803,True,True,True,True,True,True,True,0.0991833765709391,0.9888461765678116,True,NORMAL,NORMAL,IN_CONTROL
3,1,2,199.81248645452064,1.0444436664297692,0.9888461765678116,0.9876662497406452,5.02023061918312,0.0997956509338798,9.982852870317307,1.1544444780804737,52.11268251674275,3.013166703225066,0.2094698170678225,5.768784554195159,12.016973664674696,299.5762577546976,-0.17147129682692608,True,True,True,True,True,True,True,0.0997956509338798,0.9888461765678116,True,NORMAL,NORMAL,IN_CONTROL
3,1,3,199.81248645452064,1.0444436664297692,0.9888461765678116,0.9876662497406452,5.02023061918312,0.0997466422058733,10.00261736765446,1.1544444780804737,52.11268251674275,3.013166703225066,0.2094698170678225,5.768784554195159,12.016973664674696,299.5762577546976,0.02617367654460523,True,True,True,True,True,True,True,0.0997466422058733,0.9888461765678116,True,NORMAL,NORMAL,IN_CONTROL
3,1,4,199.81248645452064,1.0444436664297692,0.9888461765678116,0.9876662497406452,5.02023061918312,0.098970728921085,9.973578290070988,1.1544444780804737,52.11268251674275,3.013166703225066,0.2094698170678225,5.768784554195159,12.016973664674696,299.5762577546976,-0.26421709929012493,True,True,True,True,True,True,True,0.098970728921085,0.9888461765678116,True,NORMAL,NORMAL,IN_CONTROL
3,1,5,199.81248645452064,1.0444436664297692,0.9888461765678116,0.9876662497406452,5.02023061918312,0.0995222271419832,9.99557354762688,1.1544444780804737,52.11268251674275,3.013166703225066,0.2094698170678225,5.768784554195159,12.016973664674696,299.5762577546976,-0.04426452373120782,True,True,True,True,True,True,True,0.0995222271419832,0.9888461765678116,True,NORMAL,NORMAL,IN_CONTROL
3,2,1,199.81248645452064,1.0444436664297692,0.9888461765678116,0.9876662497406452,5.02023061918312,0.1018871735157021,10.011998786539886,1.1104640901967195,53.33051503307544,3.013773357873926,0.2071313591300453,5.990087199498065,12.016973664674696,299.5762577546976,0.11998786539885842,True,True,True,True,True,True,True,0.1018871735157021,0.9888461765678116,True,NORMAL,NORMAL,IN_CONTROL
3,2,2,199.81248645452064,1.0444436664297692,0.9888461765678116,0.9876662497406452,5.02023061918312,0.1017100183350376,10.027022933338554,1.1104640901967195,53.33051503307544,3.013773357873926,0.2071313591300453,5.990087199498065,12.016973664674696,299.5762577546976,0.27022933338553656,True,True,True,True,True,True,True,0.1017100183350376,0.9888461765678116,True,NORMAL,NORMAL,IN_CONTROL
3,2,3,199.81248645452064,1.0444436664297692,0.9888461765678116,0.9876662497406452,5.02023061918312,0.1017483890491304,10.02252591551262,1.1104640901967195,53.33051503307544,3.013773357873926,0.2071313591300453,5.990087199498065,12.016973664674696,299.5762577546976,0.22525915512620287,True,True,True,True,True,True,True,0.1017483890491304,0.9888461765678116,True,NORMAL,NORMAL,IN_CONTROL
3,2,4,199.81248645452064,1.0444436664297692,0.9888461765678116,0.9876662497406452,5.02023061918312,0.1020769963993122,10.012931193577314,1.1104640901967195,53.33051503307544,3.013773357873926,0.2071313591300453,5.990087199498065,12.016973664674696,299.5762577546976,0.12931193577314204,True,True,True,True,True,True,True,0.1020769963993122,0.9888461765678116,True,NORMAL,NORMAL,IN_CONTROL
3,2,5,199.81248645452064,1.0444436664297692,0.9888461765678116,0.9876662497406452,5.02023061918312,0.1014391989882825,9.984757074017386,1.1104640901967195,53.33051503307544,3.013773357873926,0.2071313591300453,5.990087199498065,12.016973664674696,299.5762577546976,-0.15242925982613897,True,True,True,True,True,True,True,0.1014391989882825,0.9888461765678116,True,NORMAL,NORMAL,IN_CONTROL
3,3,1,199.81248645452064,1.0444436664297692,0.9888461765678116,0.9876662497406452,5.02023061918312,0.0993789435094315,9.976273007844076,1.085968914030304,53.31981584742732,3.011202880671438,0.2061345352590665,6.432376459178602,12.016973664674696,299.5762577546976,-0.23726992155923554,True,True,True,True,True,True,True,0.0993789435094315,0.9888461765678116,True,NORMAL,NORMAL,IN_CONTROL
3,3,2,199.81248645452064,1.0444436664297692,0.9888461765678116,0.9876662497406452,5.02023061918312,0.0994273228873795,9.97665981208665,1.085968914030304,53.31981584742732,3.011202880671438,0.2061345352590665,6.432376459178602,12.016973664674696,299.5762577546976,-0.23340187913349908,True,True,True,True,True,True,True,0.0994273228873795,0.9888461765678116,True,NORMAL,NORMAL,IN_CONTROL
3,3,3,199.81248645452064,1.0444436664297692,0.9888461765678116,0.9876662497406452,5.02023061918312,0.0992213647841897,9.943938194636576,1.085968914030304,53.31981584742732,3.011202880671438,0.2061345352590665,6.432376459178602,12.016973664674696,299.5762577546976,-0.5606180536342364,True,True,True,True,True,True,True,0.0992213647841897,0.9888461765678116,True,NORMAL,NORMAL,IN_CONTROL
3,3,4,199.81248645452064,1.0444436664297692,0.9888461765678116,0.9876662497406452,5.02023061918312,0.0991332447337292,9.93433313866064,1.085968914030304,53.31981584742732,3.011202880671438,0.2061345352590665,6.432376459178602,12.016973664674696,299.5762577546976,-0.6566686133935917,True,True,True,True,True,True,True,0.0991332447337292,0.9888461765678116,True,NORMAL,NORMAL,IN_CONTROL
3,3,5,199.81248645452064,1.0444436664297692,0.9888461765678116,0.9876662497406452,5.02023061918312,0.0996407603956629,9.951097598088944,1.085968914030304,53.31981584742732,3.011202880671438,0.2061345352590665,6.432376459178602,12.016973664674696,299.5762577546976,-0.4890240191105555,True,True,True,True,True,True,True,0.0996407603956629,0.9888461765678116,True,NORMAL,NORMAL,IN_CONTROL
3,4,1,199.81248645452064,1.0444436664297692,0.9888461765678116,0.9876662497406452,5.02023061918312,0.0999793323595837,10.066539514769165,1.1181016712827567,51.52983800854204,3.015000786445667,0.2051479050611777,5.712411112564022,12.016973664674696,299.5762577546976,0.6653951476916475,True,True,True,True,True,True,True,0.0999793323595837,0.9888461765678116,True,NORMAL,NORMAL,IN_CONTROL
3,4,2,199.81248645452064,1.0444436664297692,0.9888461765678116,0.9876662497406452,5.02023061918312,0.0998399068500394,10.0444913163931,1.1181016712827567,51.52983800854204,3.015000786445667,0.2051479050611777,5.712411112564022,12.016973664674696,299.5762577546976,0.4449131639310089,True,True,True,True,True,True,True,0.0998399068500394,0.9888461765678116,True,NORMAL,NORMAL,IN_CONTROL
3,4,3,199.81248645452064,1.0444436664297692,0.9888461765678116,0.9876662497406452,5.02023061918312,0.1002891997056348,10.04267608308838,1.1181016712827567,51.52983800854204,3.015000786445667,0.2051479050611777,5.712411112564022,12.016973664674696,299.5762577546976,0.42676083088380773,True,True,True,True,True,True,True,0.1002891997056348,0.9888461765678116,True,NORMAL,NORMAL,IN_CONTROL
3,4,4,199.81248645452064,1.0444436664297692,0.9888461765678116,0.9876662497406452,5.02023061918312,0.1002594311741111,10.049688318167256,1.1181016712827567,51.52983800854204,3.015000786445667,0.2051479050611777,5.712411112564022,12.016973664674696,299.5762577546976,0.4968831816725583,True,True,True,True,True,True,True,0.1002594311741111,0.9888461765678116,True,NORMAL,NORMAL,IN_CONTROL
3,4,5,199.81248645452064,1.0444436664297692,0.9888461765678116,0.9876662497406452,5.02023061918312,0.1005570310700848,10.05799925006736,1.1181016712827567,51.52983800854204,3.015000786445667,0.2051479050611777,5.712411112564022,12.016973664674696,299.5762577546976,0.579992500673594,True,True,True,True,True,True,True,0.1005570310700848,0.9888461765678116,True,NORMAL,NORMAL,IN_CONTROL
3,5,1,199.81248645452064,1.0444436664297692,0.9888461765678116,0.9876662497406452,5.02023061918312,0.1006703953002893,9.99585629604772,1.1383335197321187,52.23889377560233,3.018200263226238,0.2066912963527883,6.131494190557382,12.016973664674696,299.5762577546976,-0.04143703952280475,True,True,True,True,True,True,True,0.1006703953002893,0.9888461765678116,True,NORMAL,NORMAL,IN_CONTROL
3,5,2,199.81248645452064,1.0444436664297692,0.9888461765678116,0.9876662497406452,5.02023061918312,0.1001059058727912,10.021755074515845,1.1383335197321187,52.23889377560233,3.018200263226238,0.2066912963527883,6.131494190557382,12.016973664674696,299.5762577546976,0.21755074515844797,True,True,True,True,True,True,True,0.1001059058727912,0.9888461765678116,True,NORMAL,NORMAL,IN_CONTROL
3,5,3,199.81248645452064,1.0444436664297692,0.9888461765678116,0.9876662497406452,5.02023061918312,0.1004079635794913,9.993030167227674,1.1383335197321187,52.23889377560233,3.018200263226238,0.2066912963527883,6.131494190557382,12.016973664674696,299.5762577546976,-0.06969832772325546,True,True,True,True,True,True,True,0.1004079635794913,0.9888461765678116,True,NORMAL,NORMAL,IN_CONTROL
3,5,4,199.81248645452064,1.0444436664297692,0.9888461765678116,0.9876662497406452,5.02023061918312,0.1001850126440368,9.977956530745008,1.1383335197321187,52.23889377560233,3.018200263226238,0.2066912963527883,6.131494190557382,12.016973664674696,299.5762577546976,-0.22043469254992232,True,True,True,True,True,True,True,0.1001850126440368,0.9888461765678116,True,NORMAL,NORMAL,IN_CONTROL
3,5,5,199.81248645452064,1.0444436664297692,0.9888461765678116,0.9876662497406452,5.02023061918312,0.1001792639956886,9.990241980712549,1.1383335197321187,52.23889377560233,3.018200263226238,0.2066912963527883,6.131494190557382,12.016973664674696,299.5762577546976,-0.09758019287451347,True,True,True,True,True,True,True,0.1001792639956886,0.9888461765678116,True,NORMAL,NORMAL,IN_CONTROL
3,6,1,199.81248645452064,1.0444436664297692,0.9888461765678116,0.9876662497406452,5.02023061918312,0.0997062964561783,9.992460671655458,1.0441273441552203,51.452997834709976,3.0103339245786542,0.2046615902532946,6.641456825085268,12.016973664674696,299.5762577546976,-0.07539328344542184,True,True,True,True,True,True,True,0.0997062964561783,0.9888461765678116,True,NORMAL,NORMAL,IN_CONTROL
3,6,2,199.81248645452064,1.0444436664297692,0.9888461765678116,0.9876662497406452,5.02023061918312,0.0998728003201757,9.981113797683143,1.0441273441552203,51.452997834709976,3.0103339245786542,0.2046615902532946,6.641456825085268,12.016973664674696,299.5762577546976,-0.18886202316856782,True,True,True,True,True,True,True,0.0998728003201757,0.9888461765678116,True,NORMAL,NORMAL,IN_CONTROL
3,6,3,199.81248645452064,1.0444436664297692,0.9888461765678116,0.9876662497406452,5.02023061918312,0.1000505214859054,9.971655552561174,1.0441273441552203,51.452997834709976,3.0103339245786542,0.2046615902532946,6.641456825085268,12.016973664674696,299.5762577546976,-0.28344447438826137,True,True,True,True,True,True,True,0.1000505214859054,0.9888461765678116,True,NORMAL,NORMAL,IN_CONTROL
3,6,4,199.81248645452064,1.0444436664297692,0.9888461765678116,0.9876662497406452,5.02023061918312,0.0998931462459156,9.985175928646898,1.0441273441552203,51.452997834709976,3.0103339245786542,0.2046615902532946,6.641456825085268,12.016973664674696,299.5762577546976,-0.14824071353102042,True,True,True,True,True,True,True,0.0998931462459156,0.9888461765678116,True,NORMAL,NORMAL,IN_CONTROL
3,6,5,199.81248645452064,1.0444436664297692,0.9888461765678116,0.9876662497406452,5.02023061918312,0.0996523423232381,9.99183006684669,1.0441273441552203,51.452997834709976,3.0103339245786542,0.2046615902532946,6.641456825085268,12.016973664674696,299.5762577546976,-0.08169933153309827,True,True,True,True,True,True,True,0.0996523423232381,0.9888461765678116,True,NORMAL,NORMAL,IN_CONTROL
3,7,1,199.81248645452064,1.0444436664297692,0.9888461765678116,0.9876662497406452,5.02023061918312,0.103110872047987,9.998547877716655,1.1130092395137174,54.00359645430575,3.0130849018942167,0.2072834962992303,6.1498264797249895,12.016973664674696,299.5762577546976,-0.014521222833447924,True,True,True,True,True,True,True,0.103110872047987,0.9888461765678116,True,NORMAL,NORMAL,IN_CONTROL
3,7,2,199.81248645452064,1.0444436664297692,0.9888461765678116,0.9876662497406452,5.02023061918312,0.1030892556102489,10.007559506839108,1.1130092395137174,54.00359645430575,3.0130849018942167,0.2072834962992303,6.1498264797249895,12.016973664674696,299.5762577546976,0.0755950683910811,True,True,True,True,True,True,True,0.1030892556102489,0.9888461765678116,True,NORMAL,NORMAL,IN_CONTROL
3,7,3,199.81248645452064,1.0444436664297692,0.9888461765678116,0.9876662497406452,5.02023061918312,0.1036703028683384,10.011089154726143,1.1130092395137174,54.00359645430575,3.0130849018942167,0.2072834962992303,6.1498264797249895,12.016973664674696,299.5762577546976,0.11089154726143136,True,True,True,True,True,True,True,0.1036703028683384,0.9888461765678116,True,NORMAL,NORMAL,IN_CONTROL
3,7,4,199.81248645452064,1.0444436664297692,0.9888461765678116,0.9876662497406452,5.02023061918312,0.1032588421469379,10.006602851934083,1.1130092395137174,54.00359645430575,3.0130849018942167,0.2072834962992303,6.1498264797249895,12.016973664674696,299.5762577546976,0.06602851934083276,True,True,True,True,True,True,True,0.1032588421469379,0.9888461765678116,True,NORMAL,NORMAL,IN_CONTROL
3,7,5,199.81248645452064,1.0444436664297692,0.9888461765678116,0.9876662497406452,5.02023061918312,0.1032521148503407,10.00791450934204,1.1130092395137174,54.00359645430575,3.0130849018942167,0.2072834962992303,6.1498264797249895,12.016973664674696,299.5762577546976,0.07914509342040077,True,True,True,True,True,True,True,0.1032521148503407,0.9888461765678116,True,NORMAL,NORMAL,IN_CONTROL
3,8,1,199.81248645452064,1.0444436664297692,0.9888461765678116,0.9876662497406452,5.02023061918312,0.0993507018815436,10.018159581104593,1.0962486261913995,50.57956995257558,3.0051519968522147,0.2096327517026826,6.3845371485407725,12.016973664674696,299.5762577546976,0.18159581104592704,True,True,True,True,True,True,True,0.0993507018815436,0.9888461765678116,True,NORMAL,NORMAL,IN_CONTROL
3,8,2,199.81248645452064,1.0444436664297692,0.9888461765678116,0.9876662497406452,5.02023061918312,0.0996384042659761,9.984386249456112,1.0962486261913995,50.57956995257558,3.0051519968522147,0.2096327517026826,6.3845371485407725,12.016973664674696,299.5762577546976,-0.15613750543888472,True,True,True,True,True,True,True,0.0996384042659761,0.9888461765678116,True,NORMAL,NORMAL,IN_CONTROL
3,8,3,199.81248645452064,1.0444436664297692,0.9888461765678116,0.9876662497406452,5.02023061918312,0.0999319181997949,10.06539451546352,1.0962486261913995,50.57956995257558,3.0051519968522147,0.2096327517026826,6.3845371485407725,12.016973664674696,299.5762577546976,0.6539451546352026,True,True,True,True,True,True,True,0.0999319181997949,0.9888461765678116,True,NORMAL,NORMAL,IN_CONTROL
3,8,4,199.81248645452064,1.0444436664297692,0.9888461765678116,0.9876662497406452,5.02023061918312,0.0999409769812059,10.020565152246457,1.0962486261913995,50.57956995257558,3.0051519968522147,0.2096327517026826,6.3845371485407725,12.016973664674696,299.5762577546976,0.2056515224645672,True,True,True,True,True,True,True,0.0999409769812059,0.9888461765678116,True,NORMAL,NORMAL,IN_CONTROL
3,8,5,199.81248645452064,1.0444436664297692,0.9888461765678116,0.9876662497406452,5.02023061918312,0.0997122559095466,10.005500826388008,1.0962486261913995,50.57956995257558,3.0051519968522147,0.2096327517026826,6.3845371485407725,12.016973664674696,299.5762577546976,0.055008263880083064,True,True,True,True,True,True,True,0.0997122559095466,0.9888461765678116,True,NORMAL,NORMAL,IN_CONTROL
3,9,1,199.81248645452064,1.0444436664297692,0.9888461765678116,0.9876662497406452,5.02023061918312,0.1009066524083757,10.028342261701452,1.1300410308856617,52.915027173935634,3.015968931093891,0.2034760481665486,6.3851856882336575,12.016973664674696,299.5762577546976,0.2834226170145193,True,True,True,True,True,True,True,0.1009066524083757,0.9888461765678116,True,NORMAL,NORMAL,IN_CONTROL
3,9,2,199.81248645452064,1.0444436664297692,0.9888461765678116,0.9876662497406452,5.02023061918312,0.1015984325651672,9.990578055328186,1.1300410308856617,52.915027173935634,3.015968931093891,0.2034760481665486,6.3851856882336575,12.016973664674696,299.5762577546976,-0.09421944671814231,True,True,True,True,True,True,True,0.1015984325651672,0.9888461765678116,True,NORMAL,NORMAL,IN_CONTROL
3,9,3,199.81248645452064,1.0444436664297692,0.9888461765678116,0.9876662497406452,5.02023061918312,0.1016188436818911,10.00102740264346,1.1300410308856617,52.915027173935634,3.015968931093891,0.2034760481665486,6.3851856882336575,12.016973664674696,299.5762577546976,0.010274026434604622,True,True,True,True,True,True,True,0.1016188436818911,0.9888461765678116,True,NORMAL,NORMAL,IN_CONTROL
3,9,4,199.81248645452064,1.0444436664297692,0.9888461765678116,0.9876662497406452,5.02023061918312,0.1016342109371523,9.99725805779073,1.1300410308856617,52.915027173935634,3.015968931093891,0.2034760481665486,6.3851856882336575,12.016973664674696,299.5762577546976,-0.02741942209269155,True,True,True,True,True,True,True,0.1016342109371523,0.9888461765678116,True,NORMAL,NORMAL,IN_CONTROL
3,9,5,199.81248645452064,1.0444436664297692,0.9888461765678116,0.9876662497406452,5.02023061918312,0.1012751659112679,10.005871737611804,1.1300410308856617,52.915027173935634,3.015968931093891,0.2034760481665486,6.3851856882336575,12.016973664674696,299.5762577546976,0.05871737611803596,True,True,True,True,True,True,True,0.1012751659112679,0.9888461765678116,True,NORMAL,NORMAL,IN_CONTROL
3,10,1,199.81248645452064,1.0444436664297692,0.9888461765678116,0.9876662497406452,5.02023061918312,0.1013215052019927,10.03973966785893,1.0780831843572103,52.12181773967123,3.0148889707565667,0.2008438877966994,6.320996953161993,12.016973664674696,299.5762577546976,0.397396678589299,True,True,True,True,True,True,True,0.1013215052019927,0.9888461765678116,True,NORMAL,NORMAL,IN_CONTROL
3,10,2,199.81248645452064,1.0444436664297692,0.9888461765678116,0.9876662497406452,5.02023061918312,0.1007411916712414,10.011774127729227,1.0780831843572103,52.12181773967123,3.0148889707565667,0.2008438877966994,6.320996953161993,12.016973664674696,299.5762577546976,0.11774127729227146,True,True,True,True,True,True,True,0.1007411916712414,0.9888461765678116,True,NORMAL,NORMAL,IN_CONTROL
3,10,3,199.81248645452064,1.0444436664297692,0.9888461765678116,0.9876662497406452,5.02023061918312,0.1007292925638634,10.022441822343698,1.0780831843572103,52.12181773967123,3.0148889707565667,0.2008438877966994,6.320996953161993,12.016973664674696,299.5762577546976,0.22441822343697734,True,True,True,True,True,True,True,0.1007292925638634,0.9888461765678116,True,NORMAL,NORMAL,IN_CONTROL
3,10,4,199.81248645452064,1.0444436664297692,0.9888461765678116,0.9876662497406452,5.02023061918312,0.1009233934161377,10.051592684368613,1.0780831843572103,52.12181773967123,3.0148889707565667,0.2008438877966994,6.320996953161993,12.016973664674696,299.5762577546976,0.5159268436861275,True,True,True,True,True,True,True,0.1009233934161377,0.9888461765678116,True,NORMAL,NORMAL,IN_CONTROL
3,10,5,199.81248645452064,1.0444436664297692,0.9888461765678116,0.9876662497406452,5.02023061918312,0.1009294059423586,10.04404106247021,1.0780831843572103,52.12181773967123,3.0148889707565667,0.2008438877966994,6.320996953161993,12.016973664674696,299.5762577546976,0.44041062470210335,True,True,True,True,True,True,True,0.1009294059423586,0.9888461765678116,True,NORMAL,NORMAL,IN_CONTROL
4,1,1,200.3050823609299,0.9697439187417068,1.0106027446134858,1.0099399895557823,5.03850379376561,0.1000758678213155,9.997366739214751,1.1606854527689232,50.07301261534018,2.995649462017742,0.1901681183641371,4.645321039073711,12.097550321700488,297.580907230644,-0.02633260785248837,True,True,True,True,True,True,True,0.1000758678213155,1.0106027446134858,True,NORMAL,NORMAL,IN_CONTROL
4,1,2,200.3050823609299,0.9697439187417068,1.0106027446134858,1.0099399895557823,5.03850379376561,0.1002882906897911,9.976510438627006,1.1606854527689232,50.07301261534018,2.995649462017742,0.1901681183641371,4.645321039073711,12.097550321700488,297.580907230644,-0.23489561372993958,True,True,True,True,True,True,True,0.1002882906897911,1.0106027446134858,True,NORMAL,NORMAL,IN_CONTROL
4,1,3,200.3050823609299,0.9697439187417068,1.0106027446134858,1.0099399895557823,5.03850379376561,0.0996893241357176,9.989106492663373,1.1606854527689232,50.07301261534018,2.995649462017742,0.1901681183641371,4.645321039073711,12.097550321700488,297.580907230644,-0.10893507336627195,True,True,True,True,True,True,True,0.0996893241357176,1.0106027446134858,True,NORMAL,NORMAL,IN_CONTROL
4,1,4,200.3050823609299,0.9697439187417068,1.0106027446134858,1.0099399895557823,5.03850379376561,0.1002023730571644,9.985272448412498,1.1606854527689232,50.07301261534018,2.995649462017742,0.1901681183641371,4.645321039073711,12.097550321700488,297.580907230644,-0.14727551587501608,True,True,True,True,True,True,True,0.1002023730571644,1.0106027446134858,True,NORMAL,NORMAL,IN_CONTROL
4,1,5,200.3050823609299,0.9697439187417068,1.0106027446134858,1.0099399895557823,5.03850379376561,0.1001807153313933,9.972813833723206,1.1606854527689232,50.07301261534018,2.995649462017742,0.1901681183641371,4.645321039073711,12.097550321700488,297.580907230644,-0.271861662767936,True,True,True,True,True,True,True,0.1001807153313933,1.0106027446134858,True,NORMAL,NORMAL,IN_CONTROL
4,2,1,200.3050823609299,0.9697439187417068,1.0106027446134858,1.0099399895557823,5.03850379376561,0.1015821091377085,9.975567413839723,1.2002443637702682,49.4862001525395,2.997211023414177,0.1852349582990266,4.276472223136054,12.097550321700488,297.580907230644,-0.2443258616027677,True,True,True,True,True,True,True,0.1015821091377085,1.0106027446134858,True,NORMAL,NORMAL,IN_CONTROL
4,2,2,200.3050823609299,0.9697439187417068,1.0106027446134858,1.0099399895557823,5.03850379376561,0.102502938003361,9.990659747096926,1.2002443637702682,49.4862001525395,2.997211023414177,0.1852349582990266,4.276472223136054,12.097550321700488,297.580907230644,-0.09340252903074386,True,True,True,True,True,True,True,0.102502938003361,1.0106027446134858,True,NORMAL,NORMAL,IN_CONTROL
4,2,3,200.3050823609299,0.9697439187417068,1.0106027446134858,1.0099399895557823,5.03850379376561,0.101652510022911,9.96235140791724,1.2002443637702682,49.4862001525395,2.997211023414177,0.1852349582990266,4.276472223136054,12.097550321700488,297.580907230644,-0.376485920827605,True,True,True,True,True,True,True,0.101652510022911,1.0106027446134858,True,NORMAL,NORMAL,IN_CONTROL
4,2,4,200.3050823609299,0.9697439187417068,1.0106027446134858,1.0099399895557823,5.03850379376561,0.1023870838886865,9.983489918777083,1.2002443637702682,49.4862001525395,2.997211023414177,0.1852349582990266,4.276472223136054,12.097550321700488,297.580907230644,-0.1651008122291664,True,True,True,True,True,True,True,0.1023870838886865,1.0106027446134858,True,NORMAL,NORMAL,IN_CONTROL
4,2,5,200.3050823609299,0.9697439187417068,1.0106027446134858,1.0099399895557823,5.03850379376561,0.1019784598808287,9.96166638919229,1.2002443637702682,49.4862001525395,2.997211023414177,0.1852349582990266,4.276472223136054,12.097550321700488,297.580907230644,-0.38333610807709917,True,True,True,True,True,True,True,0.1019784598808287,1.0106027446134858,True,NORMAL,NORMAL,IN_CONTROL
4,3,1,200.3050823609299,0.9697439187417068,1.0106027446134858,1.0099399895557823,5.03850379376561,0.0996680159664537,10.051648588690218,1.1243737880131104,49.31511088038163,2.992790809660704,0.1949025280596871,4.527211482520182,12.097550321700488,297.580907230644,0.5164858869021849,True,True,True,True,True,True,True,0.0996680159664537,1.0106027446134858,True,NORMAL,NORMAL,IN_CONTROL
4,3,2,200.3050823609299,0.9697439187417068,1.0106027446134858,1.0099399895557823,5.03850379376561,0.0998957270106658,10.0697509004748,1.1243737880131104,49.31511088038163,2.992790809660704,0.1949025280596871,4.527211482520182,12.097550321700488,297.580907230644,0.6975090047479959,True,True,True,True,True,True,True,0.0998957270106658,1.0106027446134858,True,NORMAL,NORMAL,IN_CONTROL
4,3,3,200.3050823609299,0.9697439187417068,1.0106027446134858,1.0099399895557823,5.03850379376561,0.0993224082606528,10.068994278863464,1.1243737880131104,49.31511088038163,2.992790809660704,0.1949025280596871,4.527211482520182,12.097550321700488,297.580907230644,0.6899427886346388,True,True,True,True,True,True,True,0.0993224082606528,1.0106027446134858,True,NORMAL,NORMAL,IN_CONTROL
4,3,4,200.3050823609299,0.9697439187417068,1.0106027446134858,1.0099399895557823,5.03850379376561,0.0997422707902845,10.086662651149576,1.1243737880131104,49.31511088038163,2.992790809660704,0.1949025280596871,4.527211482520182,12.097550321700488,297.580907230644,0.866626511495756,True,True,True,True,True,True,True,0.0997422707902845,1.0106027446134858,True,NORMAL,NORMAL,IN_CONTROL
4,3,5,200.3050823609299,0.9697439187417068,1.0106027446134858,1.0099399895557823,5.03850379376561,0.099007713650368,10.085256215415068,1.1243737880131104,49.31511088038163,2.992790809660704,0.1949025280596871,4.527211482520182,12.097550321700488,297.580907230644,0.8525621541506823,True,True,True,True,True,True,True,0.099007713650368,1.0106027446134858,True,NORMAL,NORMAL,IN_CONTROL
4,4,1,200.3050823609299,0.9697439187417068,1.0106027446134858,1.0099399895557823,5.03850379376561,0.1000798470792904,10.050642765623632,1.169864147566133,48.314983051443406,2.9976253624626965,0.1900449274835041,4.253822052048049,12.097550321700488,297.580907230644,0.506427656236319,True,True,True,True,True,True,True,0.1000798470792904,1.0106027446134858,True,NORMAL,NORMAL,IN_CONTROL
4,4,2,200.3050823609299,0.9697439187417068,1.0106027446134858,1.0099399895557823,5.03850379376561,0.1004427073774937,10.030646357350143,1.169864147566133,48.314983051443406,2.9976253624626965,0.1900449274835041,4.253822052048049,12.097550321700488,297.580907230644,0.30646357350143205,True,True,True,True,True,True,True,0.1004427073774937,1.0106027446134858,True,NORMAL,NORMAL,IN_CONTROL
4,4,3,200.3050823609299,0.9697439187417068,1.0106027446134858,1.0099399895557823,5.03850379376561,0.1000169860249786,10.033256594626517,1.169864147566133,48.314983051443406,2.9976253624626965,0.1900449274835041,4.253822052048049,12.097550321700488,297.580907230644,0.33256594626516645,True,True,True,True,True,True,True,0.1000169860249786,1.0106027446134858,True,NORMAL,NORMAL,IN_CONTROL
4,4,4,200.3050823609299,0.9697439187417068,1.0106027446134858,1.0099399895557823,5.03850379376561,0.0998214539425488,10.04394254246514,1.169864147566133,48.314983051443406,2.9976253624626965,0.1900449274835041,4.253822052048049,12.097550321700488,297.580907230644,0.4394254246514073,True,True,True,True,True,True,True,0.0998214539425488,1.0106027446134858,True,NORMAL,NORMAL,IN_CONTROL
4,4,5,200.3050823609299,0.9697439187417068,1.0106027446134858,1.0099399895557823,5.03850379376561,0.0998473180186379,10.046987985988862,1.169864147566133,48.314983051443406,2.9976253624626965,0.1900449274835041,4.253822052048049,12.097550321700488,297.580907230644,0.4698798598886178,True,True,True,True,True,True,True,0.0998473180186379,1.0106027446134858,True,NORMAL,NORMAL,IN_CONTROL
4,5,1,200.3050823609299,0.9697439187417068,1.0106027446134858,1.0099399895557823,5.03850379376561,0.1018317690831107,9.98224950459972,1.1315882826431125,47.325937155912975,3.0034484367000407,0.2001127080542472,4.411181698306333,12.097550321700488,297.580907230644,-0.17750495400280286,True,True,True,True,True,True,True,0.1018317690831107,1.0106027446134858,True,NORMAL,NORMAL,IN_CONTROL
4,5,2,200.3050823609299,0.9697439187417068,1.0106027446134858,1.0099399895557823,5.03850379376561,0.1018679371236628,10.007036795560134,1.1315882826431125,47.325937155912975,3.0034484367000407,0.2001127080542472,4.411181698306333,12.097550321700488,297.580907230644,0.07036795560134479,True,True,True,True,True,True,True,0.1018679371236628,1.0106027446134858,True,NORMAL,NORMAL,IN_CONTROL
4,5,3,200.3050823609299,0.9697439187417068,1.0106027446134858,1.0099399895557823,5.03850379376561,0.1020987826187125,9.9946152552966,1.1315882826431125,47.325937155912975,3.0034484367000407,0.2001127080542472,4.411181698306333,12.097550321700488,297.580907230644,-0.05384744703400557,True,True,True,True,True,True,True,0.1020987826187125,1.0106027446134858,True,NORMAL,NORMAL,IN_CONTROL
4,5,4,200.3050823609299,0.9697439187417068,1.0106027446134858,1.0099399895557823,5.03850379376561,0.1014765925900237,10.01921153488707,1.1315882826431125,47.325937155912975,3.0034484367000407,0.2001127080542472,4.411181698306333,12.097550321700488,297.580907230644,0.1921153488707006,True,True,True,True,True,True,True,0.1014765925900237,1.0106027446134858,True,NORMAL,NORMAL,IN_CONTROL
4,5,5,200.3050823609299,0.9697439187417068,1.0106027446134858,1.0099399895557823,5.03850379376561,0.1025407197705533,10.02183484539064,1.1315882826431125,47.325937155912975,3.0034484367000407,0.2001127080542472,4.411181698306333,12.097550321700488,297.580907230644,0.218348453906394,True,True,True,True,True,True,True,0.1025407197705533,1.0106027446134858,True,NORMAL,NORMAL,IN_CONTROL
4,6,1,200.3050823609299,0.9697439187417068,1.0106027446134858,1.0099399895557823,5.03850379376561,0.1005126882143306,10.056681918751488,1.1585457677862596,50.35397425381103,2.986740393697445,0.1929578963053581,4.4138371020032565,12.097550321700488,297.580907230644,0.5668191875148842,True,True,True,True,True,True,True,0.1005126882143306,1.0106027446134858,True,NORMAL,NORMAL,IN_CONTROL
4,6,2,200.3050823609299,0.9697439187417068,1.0106027446134858,1.0099399895557823,5.03850379376561,0.1002338178251374,10.053975061625607,1.1585457677862596,50.35397425381103,2.986740393697445,0.1929578963053581,4.4138371020032565,12.097550321700488,297.580907230644,0.5397506162560717,True,True,True,True,True,True,True,0.1002338178251374,1.0106027446134858,True,NORMAL,NORMAL,IN_CONTROL
4,6,3,200.3050823609299,0.9697439187417068,1.0106027446134858,1.0099399895557823,5.03850379376561,0.1006607601136094,10.037718814869397,1.1585457677862596,50.35397425381103,2.986740393697445,0.1929578963053581,4.4138371020032565,12.097550321700488,297.580907230644,0.37718814869396766,True,True,True,True,True,True,True,0.1006607601136094,1.0106027446134858,True,NORMAL,NORMAL,IN_CONTROL
4,6,4,200.3050823609299,0.9697439187417068,1.0106027446134858,1.0099399895557823,5.03850379376561,0.1006181588688631,10.0158111216618,1.1585457677862596,50.35397425381103,2.986740393697445,0.1929578963053581,4.4138371020032565,12.097550321700488,297.580907230644,0.15811121661799987,True,True,True,True,True,True,True,0.1006181588688631,1.0106027446134858,True,NORMAL,NORMAL,IN_CONTROL
4,6,5,200.3050823609299,0.9697439187417068,1.0106027446134858,1.0099399895557823,5.03850379376561,0.1004678025231861,10.047124800373622,1.1585457677862596,50.35397425381103,2.986740393697445,0.1929578963053581,4.4138371020032565,12.097550321700488,297.580907230644,0.47124800373621767,True,True,True,True,True,True,True,0.1004678025231861,1.0106027446134858,True,NORMAL,NORMAL,IN_CONTROL
4,7,1,200.3050823609299,0.9697439187417068,1.0106027446134858,1.0099399895557823,5.03850379376561,0.100663934294094,9.980045552756538,1.13573317137471,49.39637654817859,2.994985812876556,0.1873477675483797,4.194092672688717,12.097550321700488,297.580907230644,-0.1995444724346207,True,True,True,True,True,True,True,0.100663934294094,1.0106027446134858,True,NORMAL,NORMAL,IN_CONTROL
4,7,2,200.3050823609299,0.9697439187417068,1.0106027446134858,1.0099399895557823,5.03850379376561,0.1010562031139273,9.93446753871919,1.13573317137471,49.39637654817859,2.994985812876556,0.1873477675483797,4.194092672688717,12.097550321700488,297.580907230644,-0.6553246128081014,True,True,True,True,True,True,True,0.1010562031139273,1.0106027446134858,True,NORMAL,NORMAL,IN_CONTROL
4,7,3,200.3050823609299,0.9697439187417068,1.0106027446134858,1.0099399895557823,5.03850379376561,0.100606587455734,9.976908641438126,1.13573317137471,49.39637654817859,2.994985812876556,0.1873477675483797,4.194092672688717,12.097550321700488,297.580907230644,-0.23091358561874387,True,True,True,True,True,True,True,0.100606587455734,1.0106027446134858,True,NORMAL,NORMAL,IN_CONTROL
4,7,4,200.3050823609299,0.9697439187417068,1.0106027446134858,1.0099399895557823,5.03850379376561,0.1010714922718392,9.953135399790526,1.13573317137471,49.39637654817859,2.994985812876556,0.1873477675483797,4.194092672688717,12.097550321700488,297.580907230644,-0.46864600209474366,True,True,True,True,True,True,True,0.1010714922718392,1.0106027446134858,True,NORMAL,NORMAL,IN_CONTROL
4,7,5,200.3050823609299,0.9697439187417068,1.0106027446134858,1.0099399895557823,5.03850379376561,0.1015355305877501,9.978060217576438,1.13573317137471,49.39637654817859,2.994985812876556,0.1873477675483797,4.194092672688717,12.097550321700488,297.580907230644,-0.21939782423562093,True,True,True,True,True,True,True,0.1015355305877501,1.0106027446134858,True,NORMAL,NORMAL,IN_CONTROL
4,8,1,200.3050823609299,0.9697439187417068,1.0106027446134858,1.0099399895557823,5.03850379376561,0.1010012317258629,10.029794138350669,1.1577980263152283,50.55549335404326,2.998519177731222,0.1962198992221218,4.390366924748144,12.097550321700488,297.580907230644,0.29794138350668575,True,True,True,True,True,True,True,0.1010012317258629,1.0106027446134858,True,NORMAL,NORMAL,IN_CONTROL
4,8,2,200.3050823609299,0.9697439187417068,1.0106027446134858,1.0099399895557823,5.03850379376561,0.1015944750092255,10.04825413346181,1.1577980263152283,50.55549335404326,2.998519177731222,0.1962198992221218,4.390366924748144,12.097550321700488,297.580907230644,0.48254133461810517,True,True,True,True,True,True,True,0.1015944750092255,1.0106027446134858,True,NORMAL,NORMAL,IN_CONTROL
4,8,3,200.3050823609299,0.9697439187417068,1.0106027446134858,1.0099399895557823,5.03850379376561,0.1010175305587985,10.02944136539765,1.1577980263152283,50.55549335404326,2.998519177731222,0.1962198992221218,4.390366924748144,12.097550321700488,297.580907230644,0.2944136539765019,True,True,True,True,True,True,True,0.1010175305587985,1.0106027446134858,True,NORMAL,NORMAL,IN_CONTROL
4,8,4,200.3050823609299,0.9697439187417068,1.0106027446134858,1.0099399895557823,5.03850379376561,0.1010712342271326,10.041077273320925,1.1577980263152283,50.55549335404326,2.998519177731222,0.1962198992221218,4.390366924748144,12.097550321700488,297.580907230644,0.4107727332092459,True,True,True,True,True,True,True,0.1010712342271326,1.0106027446134858,True,NORMAL,NORMAL,IN_CONTROL
4,8,5,200.3050823609299,0.9697439187417068,1.0106027446134858,1.0099399895557823,5.03850379376561,0.1004694294899507,10.05068170445861,1.1577980263152283,50.55549335404326,2.998519177731222,0.1962198992221218,4.390366924748144,12.097550321700488,297.580907230644,0.5068170445860964,True,True,True,True,True,True,True,0.1004694294899507,1.0106027446134858,True,NORMAL,NORMAL,IN_CONTROL
4,9,1,200.3050823609299,0.9697439187417068,1.0106027446134858,1.0099399895557823,5.03850379376561,0.0998996229808764,9.99517798827924,1.093195183846901,48.77507904247366,2.990817971145752,0.1918614102328697,4.683484380171389,12.097550321700488,297.580907230644,-0.04822011720760244,True,True,True,True,True,True,True,0.0998996229808764,1.0106027446134858,True,NORMAL,NORMAL,IN_CONTROL
4,9,2,200.3050823609299,0.9697439187417068,1.0106027446134858,1.0099399895557823,5.03850379376561,0.1005236191833901,9.997999256426812,1.093195183846901,48.77507904247366,2.990817971145752,0.1918614102328697,4.683484380171389,12.097550321700488,297.580907230644,-0.02000743573187691,True,True,True,True,True,True,True,0.1005236191833901,1.0106027446134858,True,NORMAL,NORMAL,IN_CONTROL
4,9,3,200.3050823609299,0.9697439187417068,1.0106027446134858,1.0099399895557823,5.03850379376561,0.0999356946317813,9.984215772793156,1.093195183846901,48.77507904247366,2.990817971145752,0.1918614102328697,4.683484380171389,12.097550321700488,297.580907230644,-0.15784227206843582,True,True,True,True,True,True,True,0.0999356946317813,1.0106027446134858,True,NORMAL,NORMAL,IN_CONTROL
4,9,4,200.3050823609299,0.9697439187417068,1.0106027446134858,1.0099399895557823,5.03850379376561,0.1001424062622385,10.007230750400376,1.093195183846901,48.77507904247366,2.990817971145752,0.1918614102328697,4.683484380171389,12.097550321700488,297.580907230644,0.07230750400376351,True,True,True,True,True,True,True,0.1001424062622385,1.0106027446134858,True,NORMAL,NORMAL,IN_CONTROL
4,9,5,200.3050823609299,0.9697439187417068,1.0106027446134858,1.0099399895557823,5.03850379376561,0.1002047730594191,10.008564633421557,1.093195183846901,48.77507904247366,2.990817971145752,0.1918614102328697,4.683484380171389,12.097550321700488,297.580907230644,0.08564633421556778,True,True,True,True,True,True,True,0.1002047730594191,1.0106027446134858,True,NORMAL,NORMAL,IN_CONTROL
4,10,1,200.3050823609299,0.9697439187417068,1.0106027446134858,1.0099399895557823,5.03850379376561,0.0997000535884001,10.039525389366974,1.1624433246948374,49.52802747247931,2.989314297104461,0.1877742903528201,4.606861009156039,12.097550321700488,297.580907230644,0.3952538936697359,True,True,True,True,True,True,True,0.0997000535884001,1.0106027446134858,True,NORMAL,NORMAL,IN_CONTROL
4,10,2,200.3050823609299,0.9697439187417068,1.0106027446134858,1.0099399895557823,5.03850379376561,0.1003451433300991,10.043364116891686,1.1624433246948374,49.52802747247931,2.989314297104461,0.1877742903528201,4.606861009156039,12.097550321700488,297.580907230644,0.43364116891686066,True,True,True,True,True,True,True,0.1003451433300991,1.0106027446134858,True,NORMAL,NORMAL,IN_CONTROL
4,10,3,200.3050823609299,0.9697439187417068,1.0106027446134858,1.0099399895557823,5.03850379376561,0.0995577460659233,10.010448887435496,1.1624433246948374,49.52802747247931,2.989314297104461,0.1877742903528201,4.606861009156039,12.097550321700488,297.580907230644,0.10448887435495989,True,True,True,True,True,True,True,0.0995577460659233,1.0106027446134858,True,NORMAL,NORMAL,IN_CONTROL
4,10,4,200.3050823609299,0.9697439187417068,1.0106027446134858,1.0099399895557823,5.03850379376561,0.1004450913329104,10.030907933122016,1.1624433246948374,49.52802747247931,2.989314297104461,0.1877742903528201,4.606861009156039,12.097550321700488,297.580907230644,0.3090793312201612,True,True,True,True,True,True,True,0.1004450913329104,1.0106027446134858,True,NORMAL,NORMAL,IN_CONTROL
4,10,5,200.3050823609299,0.9697439187417068,1.0106027446134858,1.0099399895557823,5.03850379376561,0.1002369328450327,10.04907106629625,1.1624433246948374,49.52802747247931,2.989314297104461,0.1877742903528201,4.606861009156039,12.097550321700488,297.580907230644,0.49071066296249904,True,True,True,True,True,True,True,0.1002369328450327,1.0106027446134858,True,NORMAL,NORMAL,IN_CONTROL
5,1,1,198.28975862131065,0.9664139237418842,1.006717205750841,1.0008741149640317,5.0548738818864125,0.1005571585792411,10.060155752956865,0.9820308362070086,50.47346676070915,3.012600298334203,0.1865937947351339,4.155091073906043,12.117339084487696,297.09492941471177,0.6015575295686482,True,True,True,True,True,True,True,0.1005571585792411,1.006717205750841,True,NORMAL,NORMAL,IN_CONTROL
5,1,2,198.28975862131065,0.9664139237418842,1.006717205750841,1.0008741149640317,5.0548738818864125,0.100672108975718,10.03890361087426,0.9820308362070086,50.47346676070915,3.012600298334203,0.1865937947351339,4.155091073906043,12.117339084487696,297.09492941471177,0.38903610874260863,True,True,True,True,True,True,True,0.100672108975718,1.006717205750841,True,NORMAL,NORMAL,IN_CONTROL
5,1,3,198.28975862131065,0.9664139237418842,1.006717205750841,1.0008741149640317,5.0548738818864125,0.1003641532164982,10.047858251428142,0.9820308362070086,50.47346676070915,3.012600298334203,0.1865937947351339,4.155091073906043,12.117339084487696,297.09492941471177,0.47858251428142035,True,True,True,True,True,True,True,0.1003641532164982,1.006717205750841,True,NORMAL,NORMAL,IN_CONTROL
5,1,4,198.28975862131065,0.9664139237418842,1.006717205750841,1.0008741149640317,5.0548738818864125,0.1012042241088385,10.08326300806313,0.9820308362070086,50.47346676070915,3.012600298334203,0.1865937947351339,4.155091073906043,12.117339084487696,297.09492941471177,0.8326300806312936,True,True,True,True,True,True,True,0.1012042241088385,1.006717205750841,True,NORMAL,NORMAL,IN_CONTROL
5,1,5,198.28975862131065,0.9664139237418842,1.006717205750841,1.0008741149640317,5.0548738818864125,0.1003924184688741,10.06950070485684,0.9820308362070086,50.47346676070915,3.012600298334203,0.1865937947351339,4.155091073906043,12.117339084487696,297.09492941471177,0.6950070485683923,True,True,True,True,True,True,True,0.1003924184688741,1.006717205750841,True,NORMAL,NORMAL,IN_CONTROL
5,2,1,198.28975862131065,0.9664139237418842,1.006717205750841,1.0008741149640317,5.0548738818864125,0.0996951113022914,10.053095541449515,1.0259258955185302,53.58296743429855,3.0152819799434734,0.1860213227649953,3.975120989737587,12.117339084487696,297.09492941471177,0.5309554144951534,True,True,True,True,True,True,True,0.0996951113022914,1.006717205750841,True,NORMAL,NORMAL,IN_CONTROL
5,2,2,198.28975862131065,0.9664139237418842,1.006717205750841,1.0008741149640317,5.0548738818864125,0.1000633370535509,10.049219485983322,1.0259258955185302,53.58296743429855,3.0152819799434734,0.1860213227649953,3.975120989737587,12.117339084487696,297.09492941471177,0.49219485983321937,True,True,True,True,True,True,True,0.1000633370535509,1.006717205750841,True,NORMAL,NORMAL,IN_CONTROL
5,2,3,198.28975862131065,0.9664139237418842,1.006717205750841,1.0008741149640317,5.0548738818864125,0.1007347396269959,10.028669469728529,1.0259258955185302,53.58296743429855,3.0152819799434734,0.1860213227649953,3.975120989737587,12.117339084487696,297.09492941471177,0.28669469728528796,True,True,True,True,True,True,True,0.1007347396269959,1.006717205750841,True,NORMAL,NORMAL,IN_CONTROL
5,2,4,198.28975862131065,0.9664139237418842,1.006717205750841,1.0008741149640317,5.0548738818864125,0.1006379608212943,10.074018466072546,1.0259258955185302,53.58296743429855,3.0152819799434734,0.1860213227649953,3.975120989737587,12.117339084487696,297.09492941471177,0.7401846607254647,True,True,True,True,True,True,True,0.1006379608212943,1.006717205750841,True,NORMAL,NORMAL,IN_CONTROL
5,2,5,198.28975862131065,0.9664139237418842,1.006717205750841,1.0008741149640317,5.0548738818864125,0.1006353821774914,10.05180571521021,1.0259258955185302,53.58296743429855,3.0152819799434734,0.1860213227649953,3.975120989737587,12.117339084487696,297.09492941471177,0.5180571521020916,True,True,True,True,True,True,True,0.1006353821774914,1.006717205750841,True,NORMAL,NORMAL,IN_CONTROL
5,3,1,198.28975862131065,0.9664139237418842,1.006717205750841,1.0008741149640317,5.0548738818864125,0.1004199996851189,10.021415250186196,0.9798453856785492,52.73029347175362,3.0124070538712893,0.1798933237055789,3.868427373156447,12.117339084487696,297.09492941471177,0.21415250186196388,True,True,True,True,True,True,True,0.1004199996851189,1.006717205750841,True,NORMAL,NORMAL,IN_CONTROL
5,3,2,198.28975862131065,0.9664139237418842,1.006717205750841,1.0008741149640317,5.0548738818864125,0.099884164966853,10.03605743053979,0.9798453856785492,52.73029347175362,3.0124070538712893,0.1798933237055789,3.868427373156447,12.117339084487696,297.09492941471177,0.3605743053979005,True,True,True,True,True,True,True,0.099884164966853,1.006717205750841,True,NORMAL,NORMAL,IN_CONTROL
5,3,3,198.28975862131065,0.9664139237418842,1.006717205750841,1.0008741149640317,5.0548738818864125,0.0998939950485568,10.02635414686174,0.9798453856785492,52.73029347175362,3.0124070538712893,0.1798933237055789,3.868427373156447,12.117339084487696,297.09492941471177,0.2635414686174009,True,True,True,True,True,True,True,0.0998939950485568,1.006717205750841,True,NORMAL,NORMAL,IN_CONTROL
5,3,4,198.28975862131065,0.9664139237418842,1.006717205750841,1.0008741149640317,5.0548738818864125,0.099556003175909,10.019563305352191,0.9798453856785492,52.73029347175362,3.0124070538712893,0.1798933237055789,3.868427373156447,12.117339084487696,297.09492941471177,0.19563305352191307,True,True,True,True,True,True,True,0.099556003175909,1.006717205750841,True,NORMAL,NORMAL,IN_CONTROL
5,3,5,198.28975862131065,0.9664139237418842,1.006717205750841,1.0008741149640317,5.0548738818864125,0.0996569018581298,10.020342996166637,0.9798453856785492,52.73029347175362,3.0124070538712893,0.1798933237055789,3.868427373156447,12.117339084487696,297.09492941471177,0.20342996166636595,True,True,True,True,True,True,True,0.0996569018581298,1.006717205750841,True,NORMAL,NORMAL,IN_CONTROL
5,4,1,198.28975862131065,0.9664139237418842,1.006717205750841,1.0008741149640317,5.0548738818864125,0.1001391449273157,10.000022513700769,1.0243874665904058,50.5465946558867,3.0114917010416917,0.186788384213782,4.040603266078991,12.117339084487696,297.09492941471177,0.0002251370076855608,True,True,True,True,True,True,True,0.1001391449273157,1.006717205750841,True,NORMAL,NORMAL,IN_CONTROL
5,4,2,198.28975862131065,0.9664139237418842,1.006717205750841,1.0008741149640317,5.0548738818864125,0.0998023613170379,9.972002334156011,1.0243874665904058,50.5465946558867,3.0114917010416917,0.186788384213782,4.040603266078991,12.117339084487696,297.09492941471177,-0.27997665843988884,True,True,True,True,True,True,True,0.0998023613170379,1.006717205750841,True,NORMAL,NORMAL,IN_CONTROL
5,4,3,198.28975862131065,0.9664139237418842,1.006717205750841,1.0008741149640317,5.0548738818864125,0.1002412549755549,9.989819711239164,1.0243874665904058,50.5465946558867,3.0114917010416917,0.186788384213782,4.040603266078991,12.117339084487696,297.09492941471177,-0.10180288760835766,True,True,True,True,True,True,True,0.1002412549755549,1.006717205750841,True,NORMAL,NORMAL,IN_CONTROL
5,4,4,198.28975862131065,0.9664139237418842,1.006717205750841,1.0008741149640317,5.0548738818864125,0.1004574648603479,10.00393891018666,1.0243874665904058,50.5465946558867,3.0114917010416917,0.186788384213782,4.040603266078991,12.117339084487696,297.09492941471177,0.039389101866600384,True,True,True,True,True,True,True,0.1004574648603479,1.006717205750841,True,NORMAL,NORMAL,IN_CONTROL
5,4,5,198.28975862131065,0.9664139237418842,1.006717205750841,1.0008741149640317,5.0548738818864125,0.099754209201587,9.98267818078459,1.0243874665904058,50.5465946558867,3.0114917010416917,0.186788384213782,4.040603266078991,12.117339084487696,297.09492941471177,-0.17321819215409207,True,True,True,True,True,True,True,0.099754209201587,1.006717205750841,True,NORMAL,NORMAL,IN_CONTROL
5,5,1,198.28975862131065,0.9664139237418842,1.006717205750841,1.0008741149640317,5.0548738818864125,0.0997716806954169,10.017334704008109,1.0065870294307266,51.75540805917712,3.0133695483040164,0.1822894068318505,3.77898116879714,12.117339084487696,297.09492941471177,0.1733470400810866,True,True,True,True,True,True,True,0.0997716806954169,1.006717205750841,True,NORMAL,NORMAL,IN_CONTROL
5,5,2,198.28975862131065,0.9664139237418842,1.006717205750841,1.0008741149640317,5.0548738818864125,0.0999742396763113,10.016323198684486,1.0065870294307266,51.75540805917712,3.0133695483040164,0.1822894068318505,3.77898116879714,12.117339084487696,297.09492941471177,0.16323198684485618,True,True,True,True,True,True,True,0.0999742396763113,1.006717205750841,True,NORMAL,NORMAL,IN_CONTROL
5,5,3,198.28975862131065,0.9664139237418842,1.006717205750841,1.0008741149640317,5.0548738818864125,0.0997479061322961,9.995543930763564,1.0065870294307266,51.75540805917712,3.0133695483040164,0.1822894068318505,3.77898116879714,12.117339084487696,297.09492941471177,-0.044560692364363774,True,True,True,True,True,True,True,0.0997479061322961,1.006717205750841,True,NORMAL,NORMAL,IN_CONTROL
5,5,4,198.28975862131065,0.9664139237418842,1.006717205750841,1.0008741149640317,5.0548738818864125,0.0995436546156354,10.03425094941592,1.0065870294307266,51.75540805917712,3.0133695483040164,0.1822894068318505,3.77898116879714,12.117339084487696,297.09492941471177,0.3425094941592022,True,True,True,True,True,True,True,0.0995436546156354,1.006717205750841,True,NORMAL,NORMAL,IN_CONTROL
5,5,5,198.28975862131065,0.9664139237418842,1.006717205750841,1.0008741149640317,5.0548738818864125,0.099333724923483,9.980866995933976,1.0065870294307266,51.75540805917712,3.0133695483040164,0.1822894068318505,3.77898116879714,12.117339084487696,297.09492941471177,-0.19133004066024029,True,True,True,True,True,True,True,0.099333724923483,1.006717205750841,True,NORMAL,NORMAL,IN_CONTROL
5,6,1,198.28975862131065,0.9664139237418842,1.006717205750841,1.0008741149640317,5.0548738818864125,0.0996292853824965,10.00617090542172,1.009121201129655,53.54749199618328,2.998740952063652,0.1849890816793747,4.118473943249864,12.117339084487696,297.09492941471177,0.06170905421720718,True,True,True,True,True,True,True,0.0996292853824965,1.006717205750841,True,NORMAL,NORMAL,IN_CONTROL
5,6,2,198.28975862131065,0.9664139237418842,1.006717205750841,1.0008741149640317,5.0548738818864125,0.0994749235222102,10.01180724307188,1.009121201129655,53.54749199618328,2.998740952063652,0.1849890816793747,4.118473943249864,12.117339084487696,297.09492941471177,0.1180724307188008,True,True,True,True,True,True,True,0.0994749235222102,1.006717205750841,True,NORMAL,NORMAL,IN_CONTROL
5,6,3,198.28975862131065,0.9664139237418842,1.006717205750841,1.0008741149640317,5.0548738818864125,0.1001714729211388,10.018221491593376,1.009121201129655,53.54749199618328,2.998740952063652,0.1849890816793747,4.118473943249864,12.117339084487696,297.09492941471177,0.1822149159337627,True,True,True,True,True,True,True,0.1001714729211388,1.006717205750841,True,NORMAL,NORMAL,IN_CONTROL
5,6,4,198.28975862131065,0.9664139237418842,1.006717205750841,1.0008741149640317,5.0548738818864125,0.0996424455685214,10.050751279010898,1.009121201129655,53.54749199618328,2.998740952063652,0.1849890816793747,4.118473943249864,12.117339084487696,297.09492941471177,0.5075127901089793,True,True,True,True,True,True,True,0.0996424455685214,1.006717205750841,True,NORMAL,NORMAL,IN_CONTROL
5,6,5,198.28975862131065,0.9664139237418842,1.006717205750841,1.0008741149640317,5.0548738818864125,0.0997539002791288,10.051768729692023,1.009121201129655,53.54749199618328,2.998740952063652,0.1849890816793747,4.118473943249864,12.117339084487696,297.09492941471177,0.5176872969202329,True,True,True,True,True,True,True,0.0997539002791288,1.006717205750841,True,NORMAL,NORMAL,IN_CONTROL
5,7,1,198.28975862131065,0.9664139237418842,1.006717205750841,1.0008741149640317,5.0548738818864125,0.0995353048327592,10.089623245896007,1.016581261573793,52.698776639897616,3.0279993926260045,0.1863551367806167,3.7667010831086367,12.117339084487696,297.09492941471177,0.8962324589600713,True,True,True,True,True,True,True,0.0995353048327592,1.006717205750841,True,NORMAL,NORMAL,IN_CONTROL
5,7,2,198.28975862131065,0.9664139237418842,1.006717205750841,1.0008741149640317,5.0548738818864125,0.0999164350018521,10.06757796124596,1.016581261573793,52.698776639897616,3.0279993926260045,0.1863551367806167,3.7667010831086367,12.117339084487696,297.09492941471177,0.6757796124595927,True,True,True,True,True,True,True,0.0999164350018521,1.006717205750841,True,NORMAL,NORMAL,IN_CONTROL
5,7,3,198.28975862131065,0.9664139237418842,1.006717205750841,1.0008741149640317,5.0548738818864125,0.099727427368238,10.075449075654918,1.016581261573793,52.698776639897616,3.0279993926260045,0.1863551367806167,3.7667010831086367,12.117339084487696,297.09492941471177,0.7544907565491776,True,True,True,True,True,True,True,0.099727427368238,1.006717205750841,True,NORMAL,NORMAL,IN_CONTROL
5,7,4,198.28975862131065,0.9664139237418842,1.006717205750841,1.0008741149640317,5.0548738818864125,0.0997448295318661,10.075190646906242,1.016581261573793,52.698776639897616,3.0279993926260045,0.1863551367806167,3.7667010831086367,12.117339084487696,297.09492941471177,0.7519064690624155,True,True,True,True,True,True,True,0.0997448295318661,1.006717205750841,True,NORMAL,NORMAL,IN_CONTROL
5,7,5,198.28975862131065,0.9664139237418842,1.006717205750841,1.0008741149640317,5.0548738818864125,0.0990627645140729,10.081401579602192,1.016581261573793,52.698776639897616,3.0279993926260045,0.1863551367806167,3.7667010831086367,12.117339084487696,297.09492941471177,0.8140157960219163,True,True,True,True,True,True,True,0.0990627645140729,1.006717205750841,True,NORMAL,NORMAL,IN_CONTROL
5,8,1,198.28975862131065,0.9664139237418842,1.006717205750841,1.0008741149640317,5.0548738818864125,0.0988107948531113,10.022075400126957,0.9693805527256264,52.27489092339609,3.0125250292457397,0.1817207615623654,4.005221058618692,12.117339084487696,297.09492941471177,0.22075400126956524,True,True,True,True,True,True,True,0.0988107948531113,1.006717205750841,True,NORMAL,NORMAL,IN_CONTROL
5,8,2,198.28975862131065,0.9664139237418842,1.006717205750841,1.0008741149640317,5.0548738818864125,0.0989189017966412,10.03348295859598,0.9693805527256264,52.27489092339609,3.0125250292457397,0.1817207615623654,4.005221058618692,12.117339084487696,297.09492941471177,0.33482958595980605,True,True,True,True,True,True,True,0.0989189017966412,1.006717205750841,True,NORMAL,NORMAL,IN_CONTROL
5,8,3,198.28975862131065,0.9664139237418842,1.006717205750841,1.0008741149640317,5.0548738818864125,0.098630510092856,10.04649383024975,0.9693805527256264,52.27489092339609,3.0125250292457397,0.1817207615623654,4.005221058618692,12.117339084487696,297.09492941471177,0.46493830249749735,True,True,True,True,True,True,True,0.098630510092856,1.006717205750841,True,NORMAL,NORMAL,IN_CONTROL
5,8,4,198.28975862131065,0.9664139237418842,1.006717205750841,1.0008741149640317,5.0548738818864125,0.0989517786882435,10.053203363378868,0.9693805527256264,52.27489092339609,3.0125250292457397,0.1817207615623654,4.005221058618692,12.117339084487696,297.09492941471177,0.5320336337886822,True,True,True,True,True,True,True,0.0989517786882435,1.006717205750841,True,NORMAL,NORMAL,IN_CONTROL
5,8,5,198.28975862131065,0.9664139237418842,1.006717205750841,1.0008741149640317,5.0548738818864125,0.0983453005456239,10.01379395647574,0.9693805527256264,52.27489092339609,3.0125250292457397,0.1817207615623654,4.005221058618692,12.117339084487696,297.09492941471177,0.13793956475739222,True,True,True,True,True,True,True,0.0983453005456239,1.006717205750841,True,NORMAL,NORMAL,IN_CONTROL
5,9,1,198.28975862131065,0.9664139237418842,1.006717205750841,1.0008741149640317,5.0548738818864125,0.099213722502012,10.00426305703072,1.0095469233851695,52.30531971072456,3.0132329234267177,0.1866442288856272,3.7040837642564033,12.117339084487696,297.09492941471177,0.04263057030719608,True,True,True,True,True,True,True,0.099213722502012,1.006717205750841,True,NORMAL,NORMAL,IN_CONTROL
5,9,2,198.28975862131065,0.9664139237418842,1.006717205750841,1.0008741149640317,5.0548738818864125,0.0999152038729721,10.026224329688263,1.0095469233851695,52.30531971072456,3.0132329234267177,0.1866442288856272,3.7040837642564033,12.117339084487696,297.09492941471177,0.2622432968826338,True,True,True,True,True,True,True,0.0999152038729721,1.006717205750841,True,NORMAL,NORMAL,IN_CONTROL
5,9,3,198.28975862131065,0.9664139237418842,1.006717205750841,1.0008741149640317,5.0548738818864125,0.0987912097061303,10.01539684811662,1.0095469233851695,52.30531971072456,3.0132329234267177,0.1866442288856272,3.7040837642564033,12.117339084487696,297.09492941471177,0.15396848116619566,True,True,True,True,True,True,True,0.0987912097061303,1.006717205750841,True,NORMAL,NORMAL,IN_CONTROL
5,9,4,198.28975862131065,0.9664139237418842,1.006717205750841,1.0008741149640317,5.0548738818864125,0.0992918086425394,9.996265276171597,1.0095469233851695,52.30531971072456,3.0132329234267177,0.1866442288856272,3.7040837642564033,12.117339084487696,297.09492941471177,-0.03734723828403119,True,True,True,True,True,True,True,0.0992918086425394,1.006717205750841,True,NORMAL,NORMAL,IN_CONTROL
5,9,5,198.28975862131065,0.9664139237418842,1.006717205750841,1.0008741149640317,5.0548738818864125,0.0994192030712018,10.013496858068097,1.0095469233851695,52.30531971072456,3.0132329234267177,0.1866442288856272,3.7040837642564033,12.117339084487696,297.09492941471177,0.1349685806809653,True,True,True,True,True,True,True,0.0994192030712018,1.006717205750841,True,NORMAL,NORMAL,IN_CONTROL
5,10,1,198.28975862131065,0.9664139237418842,1.006717205750841,1.0008741149640317,5.0548738818864125,0.0994998624040672,10.029270567754242,1.044129715108711,51.65728486157341,3.007793534431789,0.1852379066716437,3.6382573110644185,12.117339084487696,297.09492941471177,0.29270567754242194,True,True,True,True,True,True,True,0.0994998624040672,1.006717205750841,True,NORMAL,NORMAL,IN_CONTROL
5,10,2,198.28975862131065,0.9664139237418842,1.006717205750841,1.0008741149640317,5.0548738818864125,0.0999455792810941,10.021194692143997,1.044129715108711,51.65728486157341,3.007793534431789,0.1852379066716437,3.6382573110644185,12.117339084487696,297.09492941471177,0.21194692143996718,True,True,True,True,True,True,True,0.0999455792810941,1.006717205750841,True,NORMAL,NORMAL,IN_CONTROL
5,10,3,198.28975862131065,0.9664139237418842,1.006717205750841,1.0008741149640317,5.0548738818864125,0.1000871859001066,10.014056545368542,1.044129715108711,51.65728486157341,3.007793534431789,0.1852379066716437,3.6382573110644185,12.117339084487696,297.09492941471177,0.14056545368541506,True,True,True,True,True,True,True,0.1000871859001066,1.006717205750841,True,NORMAL,NORMAL,IN_CONTROL
5,10,4,198.28975862131065,0.9664139237418842,1.006717205750841,1.0008741149640317,5.0548738818864125,0.0990859915154583,10.020022118995714,1.044129715108711,51.65728486157341,3.007793534431789,0.1852379066716437,3.6382573110644185,12.117339084487696,297.09492941471177,0.2002211899571371,True,True,True,True,True,True,True,0.0990859915154583,1.006717205750841,True,NORMAL,NORMAL,IN_CONTROL
5,10,5,198.28975862131065,0.9664139237418842,1.006717205750841,1.0008741149640317,5.0548738818864125,0.0991462228888537,10.024462756368244,1.044129715108711,51.65728486157341,3.007793534431789,0.1852379066716437,3.6382573110644185,12.117339084487696,297.09492941471177,0.24462756368244243,True,True,True,True,True,True,True,0.0991462228888537,1.006717205750841,True,NORMAL,NORMAL,IN_CONTROL
6,1,1,198.87236622827976,1.0119109990004649,1.0083337313297518,0.990667484496186,5.09874051450464,0.1012809072658051,10.119671174850716,1.037368337311566,55.972461016461146,2.970939424598287,0.198062311465286,4.52407108045198,12.196482244835217,295.16707586111346,1.1967117485071554,True,True,True,True,True,True,True,0.1012809072658051,1.0083337313297518,True,NORMAL,NORMAL,IN_CONTROL
6,1,2,198.87236622827976,1.0119109990004649,1.0083337313297518,0.990667484496186,5.09874051450464,0.1016286945223384,10.12532658039129,1.037368337311566,55.972461016461146,2.970939424598287,0.198062311465286,4.52407108045198,12.196482244835217,295.16707586111346,1.2532658039128997,True,True,True,True,True,True,True,0.1016286945223384,1.0083337313297518,True,NORMAL,NORMAL,IN_CONTROL
6,1,3,198.87236622827976,1.0119109990004649,1.0083337313297518,0.990667484496186,5.09874051450464,0.101371988286247,10.143525803642364,1.037368337311566,55.972461016461146,2.970939424598287,0.198062311465286,4.52407108045198,12.196482244835217,295.16707586111346,1.4352580364236367,True,True,True,True,True,True,True,0.101371988286247,1.0083337313297518,True,NORMAL,NORMAL,IN_CONTROL
6,1,4,198.87236622827976,1.0119109990004649,1.0083337313297518,0.990667484496186,5.09874051450464,0.1009338429089186,10.127470029712022,1.037368337311566,55.972461016461146,2.970939424598287,0.198062311465286,4.52407108045198,12.196482244835217,295.16707586111346,1.2747002971202193,True,True,True,True,True,True,True,0.1009338429089186,1.0083337313297518,True,NORMAL,NORMAL,IN_CONTROL
6,1,5,198.87236622827976,1.0119109990004649,1.0083337313297518,0.990667484496186,5.09874051450464,0.1015611891011394,10.11718824086508,1.037368337311566,55.972461016461146,2.970939424598287,0.198062311465286,4.52407108045198,12.196482244835217,295.16707586111346,1.171882408650795,True,True,True,True,True,True,True,0.1015611891011394,1.0083337313297518,True,NORMAL,NORMAL,IN_CONTROL
6,2,1,198.87236622827976,1.0119109990004649,1.0083337313297518,0.990667484496186,5.09874051450464,0.1010263711105119,10.146290450642256,1.0689448913570965,54.58105284525092,2.977789554871686,0.1976890119845867,4.501525554909389,12.196482244835217,295.16707586111346,1.4629045064225643,True,True,True,True,True,True,True,0.1010263711105119,1.0083337313297518,True,NORMAL,NORMAL,IN_CONTROL
6,2,2,198.87236622827976,1.0119109990004649,1.0083337313297518,0.990667484496186,5.09874051450464,0.1008110255757033,10.147006080564106,1.0689448913570965,54.58105284525092,2.977789554871686,0.1976890119845867,4.501525554909389,12.196482244835217,295.16707586111346,1.470060805641058,True,True,True,True,True,True,True,0.1008110255757033,1.0083337313297518,True,NORMAL,NORMAL,IN_CONTROL
6,2,3,198.87236622827976,1.0119109990004649,1.0083337313297518,0.990667484496186,5.09874051450464,0.10204108000355,10.114964776446838,1.0689448913570965,54.58105284525092,2.977789554871686,0.1976890119845867,4.501525554909389,12.196482244835217,295.16707586111346,1.14964776446838,True,True,True,True,True,True,True,0.10204108000355,1.0083337313297518,True,NORMAL,NORMAL,IN_CONTROL
6,2,4,198.87236622827976,1.0119109990004649,1.0083337313297518,0.990667484496186,5.09874051450464,0.1015568207892257,10.148445777495423,1.0689448913570965,54.58105284525092,2.977789554871686,0.1976890119845867,4.501525554909389,12.196482244835217,295.16707586111346,1.4844577749542331,True,True,True,True,True,True,True,0.1015568207892257,1.0083337313297518,True,NORMAL,NORMAL,IN_CONTROL
6,2,5,198.87236622827976,1.0119109990004649,1.0083337313297518,0.990667484496186,5.09874051450464,0.1023167117198519,10.130349375519987,1.0689448913570965,54.58105284525092,2.977789554871686,0.1976890119845867,4.501525554909389,12.196482244835217,295.16707586111346,1.3034937551998738,True,True,True,True,True,True,True,0.1023167117198519,1.0083337313297518,True,NORMAL,NORMAL,IN_CONTROL
6,3,1,198.87236622827976,1.0119109990004649,1.0083337313297518,0.990667484496186,5.09874051450464,0.103519914666097,10.09855397887082,1.0422954769747674,54.49832231313837,2.9798723955728823,0.1972140158622956,4.383409325698188,12.196482244835217,295.16707586111346,0.9855397887081985,True,True,True,True,True,True,True,0.103519914666097,1.0083337313297518,True,NORMAL,NORMAL,IN_CONTROL
6,3,2,198.87236622827976,1.0119109990004649,1.0083337313297518,0.990667484496186,5.09874051450464,0.1034538482655518,10.07954010638305,1.0422954769747674,54.49832231313837,2.9798723955728823,0.1972140158622956,4.383409325698188,12.196482244835217,295.16707586111346,0.7954010638304966,True,True,True,True,True,True,True,0.1034538482655518,1.0083337313297518,True,NORMAL,NORMAL,IN_CONTROL
6,3,3,198.87236622827976,1.0119109990004649,1.0083337313297518,0.990667484496186,5.09874051450464,0.1038079052141103,10.088971934255776,1.0422954769747674,54.49832231313837,2.9798723955728823,0.1972140158622956,4.383409325698188,12.196482244835217,295.16707586111346,0.8897193425577576,True,True,True,True,True,True,True,0.1038079052141103,1.0083337313297518,True,NORMAL,NORMAL,IN_CONTROL
6,3,4,198.87236622827976,1.0119109990004649,1.0083337313297518,0.990667484496186,5.09874051450464,0.1034457591622098,10.100740766507275,1.0422954769747674,54.49832231313837,2.9798723955728823,0.1972140158622956,4.383409325698188,12.196482244835217,295.16707586111346,1.0074076650727548,True,True,True,True,True,True,True,0.1034457591622098,1.0083337313297518,True,NORMAL,NORMAL,IN_CONTROL
6,3,5,198.87236622827976,1.0119109990004649,1.0083337313297518,0.990667484496186,5.09874051450464,0.1035975344924759,10.098607694665857,1.0422954769747674,54.49832231313837,2.9798723955728823,0.1972140158622956,4.383409325698188,12.196482244835217,295.16707586111346,0.9860769466585673,True,True,True,True,True,True,True,0.1035975344924759,1.0083337313297518,True,NORMAL,NORMAL,IN_CONTROL
6,4,1,198.87236622827976,1.0119109990004649,1.0083337313297518,0.990667484496186,5.09874051450464,0.1004772772769192,10.140664611160044,1.0111054435914195,55.194965351659626,2.9697263392193656,0.1925704082359247,4.647564154677742,12.196482244835217,295.16707586111346,1.4066461116004447,True,True,True,True,True,True,True,0.1004772772769192,1.0083337313297518,True,NORMAL,NORMAL,IN_CONTROL
6,4,2,198.87236622827976,1.0119109990004649,1.0083337313297518,0.990667484496186,5.09874051450464,0.1011571667818247,10.137109411194013,1.0111054435914195,55.194965351659626,2.9697263392193656,0.1925704082359247,4.647564154677742,12.196482244835217,295.16707586111346,1.3710941119401276,True,True,True,True,True,True,True,0.1011571667818247,1.0083337313297518,True,NORMAL,NORMAL,IN_CONTROL
6,4,3,198.87236622827976,1.0119109990004649,1.0083337313297518,0.990667484496186,5.09874051450464,0.1011260862992246,10.1393120257526,1.0111054435914195,55.194965351659626,2.9697263392193656,0.1925704082359247,4.647564154677742,12.196482244835217,295.16707586111346,1.3931202575260038,True,True,True,True,True,True,True,0.1011260862992246,1.0083337313297518,True,NORMAL,NORMAL,IN_CONTROL
6,4,4,198.87236622827976,1.0119109990004649,1.0083337313297518,0.990667484496186,5.09874051450464,0.101035803900595,10.112275693398812,1.0111054435914195,55.194965351659626,2.9697263392193656,0.1925704082359247,4.647564154677742,12.196482244835217,295.16707586111346,1.122756933988125,True,True,True,True,True,True,True,0.101035803900595,1.0083337313297518,True,NORMAL,NORMAL,IN_CONTROL
6,4,5,198.87236622827976,1.0119109990004649,1.0083337313297518,0.990667484496186,5.09874051450464,0.1007916548064788,10.129021239021554,1.0111054435914195,55.194965351659626,2.9697263392193656,0.1925704082359247,4.647564154677742,12.196482244835217,295.16707586111346,1.2902123902155438,True,True,True,True,True,True,True,0.1007916548064788,1.0083337313297518,True,NORMAL,NORMAL,IN_CONTROL
6,5,1,198.87236622827976,1.0119109990004649,1.0083337313297518,0.990667484496186,5.09874051450464,0.1029589105019445,10.143164256844694,1.096184174208069,55.405094007763005,2.9712393526722383,0.1978790950027944,4.706565156985016,12.196482244835217,295.16707586111346,1.4316425684469358,True,True,True,True,True,True,True,0.1029589105019445,1.0083337313297518,True,NORMAL,NORMAL,IN_CONTROL
6,5,2,198.87236622827976,1.0119109990004649,1.0083337313297518,0.990667484496186,5.09874051450464,0.1029018964517633,10.153851817419172,1.096184174208069,55.405094007763005,2.9712393526722383,0.1978790950027944,4.706565156985016,12.196482244835217,295.16707586111346,1.5385181741917187,True,True,True,True,True,True,True,0.1029018964517633,1.0083337313297518,True,NORMAL,NORMAL,IN_CONTROL
6,5,3,198.87236622827976,1.0119109990004649,1.0083337313297518,0.990667484496186,5.09874051450464,0.1027953393258203,10.130227000864826,1.096184174208069,55.405094007763005,2.9712393526722383,0.1978790950027944,4.706565156985016,12.196482244835217,295.16707586111346,1.3022700086482608,True,True,True,True,True,True,True,0.1027953393258203,1.0083337313297518,True,NORMAL,NORMAL,IN_CONTROL
6,5,4,198.87236622827976,1.0119109990004649,1.0083337313297518,0.990667484496186,5.09874051450464,0.102920579232931,10.150963932983684,1.096184174208069,55.405094007763005,2.9712393526722383,0.1978790950027944,4.706565156985016,12.196482244835217,295.16707586111346,1.5096393298368405,True,True,True,True,True,True,True,0.102920579232931,1.0083337313297518,True,NORMAL,NORMAL,IN_CONTROL
6,5,5,198.87236622827976,1.0119109990004649,1.0083337313297518,0.990667484496186,5.09874051450464,0.1031207050182317,10.14649616796317,1.096184174208069,55.405094007763005,2.9712393526722383,0.1978790950027944,4.706565156985016,12.196482244835217,295.16707586111346,1.4649616796316955,True,True,True,True,True,True,True,0.1031207050182317,1.0083337313297518,True,NORMAL,NORMAL,IN_CONTROL
6,6,1,198.87236622827976,1.0119109990004649,1.0083337313297518,0.990667484496186,5.09874051450464,0.102034946619732,10.087691738918224,1.0537183506738097,52.85547304934562,2.9789995475363207,0.1953187002824446,4.2641778304464095,12.196482244835217,295.16707586111346,0.876917389182239,True,True,True,True,True,True,True,0.102034946619732,1.0083337313297518,True,NORMAL,NORMAL,IN_CONTROL
6,6,2,198.87236622827976,1.0119109990004649,1.0083337313297518,0.990667484496186,5.09874051450464,0.1022591050162716,10.104320386140415,1.0537183506738097,52.85547304934562,2.9789995475363207,0.1953187002824446,4.2641778304464095,12.196482244835217,295.16707586111346,1.0432038614041517,True,True,True,True,True,True,True,0.1022591050162716,1.0083337313297518,True,NORMAL,NORMAL,IN_CONTROL
6,6,3,198.87236622827976,1.0119109990004649,1.0083337313297518,0.990667484496186,5.09874051450464,0.1025271707575803,10.098424896454322,1.0537183506738097,52.85547304934562,2.9789995475363207,0.1953187002824446,4.2641778304464095,12.196482244835217,295.16707586111346,0.9842489645432195,True,True,True,True,True,True,True,0.1025271707575803,1.0083337313297518,True,NORMAL,NORMAL,IN_CONTROL
6,6,4,198.87236622827976,1.0119109990004649,1.0083337313297518,0.990667484496186,5.09874051450464,0.1024360745291288,10.108680595330824,1.0537183506738097,52.85547304934562,2.9789995475363207,0.1953187002824446,4.2641778304464095,12.196482244835217,295.16707586111346,1.086805953308243,True,True,True,True,True,True,True,0.1024360745291288,1.0083337313297518,True,NORMAL,NORMAL,IN_CONTROL
6,6,5,198.87236622827976,1.0119109990004649,1.0083337313297518,0.990667484496186,5.09874051450464,0.1025261005683362,10.109740755105785,1.0537183506738097,52.85547304934562,2.9789995475363207,0.1953187002824446,4.2641778304464095,12.196482244835217,295.16707586111346,1.0974075510578452,True,True,True,True,True,True,True,0.1025261005683362,1.0083337313297518,True,NORMAL,NORMAL,IN_CONTROL
6,7,1,198.87236622827976,1.0119109990004649,1.0083337313297518,0.990667484496186,5.09874051450464,0.101294602712001,10.053996022002153,0.9769467706353736,54.126346063054896,2.9717648587192675,0.1999575313380844,4.7834305451609165,12.196482244835217,295.16707586111346,0.539960220021527,True,True,True,True,True,True,True,0.101294602712001,1.0083337313297518,True,NORMAL,NORMAL,IN_CONTROL
6,7,2,198.87236622827976,1.0119109990004649,1.0083337313297518,0.990667484496186,5.09874051450464,0.1012863357440228,10.058253389620878,0.9769467706353736,54.126346063054896,2.9717648587192675,0.1999575313380844,4.7834305451609165,12.196482244835217,295.16707586111346,0.5825338962087834,True,True,True,True,True,True,True,0.1012863357440228,1.0083337313297518,True,NORMAL,NORMAL,IN_CONTROL
6,7,3,198.87236622827976,1.0119109990004649,1.0083337313297518,0.990667484496186,5.09874051450464,0.1017405519303083,10.050917906388872,0.9769467706353736,54.126346063054896,2.9717648587192675,0.1999575313380844,4.7834305451609165,12.196482244835217,295.16707586111346,0.5091790638887161,True,True,True,True,True,True,True,0.1017405519303083,1.0083337313297518,True,NORMAL,NORMAL,IN_CONTROL
6,7,4,198.87236622827976,1.0119109990004649,1.0083337313297518,0.990667484496186,5.09874051450464,0.1016864146269928,10.042529713990511,0.9769467706353736,54.126346063054896,2.9717648587192675,0.1999575313380844,4.7834305451609165,12.196482244835217,295.16707586111346,0.425297139905112,True,True,True,True,True,True,True,0.1016864146269928,1.0083337313297518,True,NORMAL,NORMAL,IN_CONTROL
6,7,5,198.87236622827976,1.0119109990004649,1.0083337313297518,0.990667484496186,5.09874051450464,0.1011582734900809,10.061151682224594,0.9769467706353736,54.126346063054896,2.9717648587192675,0.1999575313380844,4.7834305451609165,12.196482244835217,295.16707586111346,0.6115168222459388,True,True,True,True,True,True,True,0.1011582734900809,1.0083337313297518,True,NORMAL,NORMAL,IN_CONTROL
6,8,1,198.87236622827976,1.0119109990004649,1.0083337313297518,0.990667484496186,5.09874051450464,0.1024263683879148,10.129915230608535,1.0454108491912375,53.32796267822945,2.9674919934875112,0.1952079467830063,4.665607619462157,12.196482244835217,295.16707586111346,1.2991523060853538,True,True,True,True,True,True,True,0.1024263683879148,1.0083337313297518,True,NORMAL,NORMAL,IN_CONTROL
6,8,2,198.87236622827976,1.0119109990004649,1.0083337313297518,0.990667484496186,5.09874051450464,0.1022338941379972,10.125561275024236,1.0454108491912375,53.32796267822945,2.9674919934875112,0.1952079467830063,4.665607619462157,12.196482244835217,295.16707586111346,1.2556127502423564,True,True,True,True,True,True,True,0.1022338941379972,1.0083337313297518,True,NORMAL,NORMAL,IN_CONTROL
6,8,3,198.87236622827976,1.0119109990004649,1.0083337313297518,0.990667484496186,5.09874051450464,0.1030286537568466,10.146125153119018,1.0454108491912375,53.32796267822945,2.9674919934875112,0.1952079467830063,4.665607619462157,12.196482244835217,295.16707586111346,1.4612515311901753,True,True,True,True,True,True,True,0.1030286537568466,1.0083337313297518,True,NORMAL,NORMAL,IN_CONTROL
6,8,4,198.87236622827976,1.0119109990004649,1.0083337313297518,0.990667484496186,5.09874051450464,0.1027367190832759,10.123498499276309,1.0454108491912375,53.32796267822945,2.9674919934875112,0.1952079467830063,4.665607619462157,12.196482244835217,295.16707586111346,1.2349849927630885,True,True,True,True,True,True,True,0.1027367190832759,1.0083337313297518,True,NORMAL,NORMAL,IN_CONTROL
6,8,5,198.87236622827976,1.0119109990004649,1.0083337313297518,0.990667484496186,5.09874051450464,0.1024184662887337,10.14673678259066,1.0454108491912375,53.32796267822945,2.9674919934875112,0.1952079467830063,4.665607619462157,12.196482244835217,295.16707586111346,1.4673678259065959,True,True,True,True,True,True,True,0.1024184662887337,1.0083337313297518,True,NORMAL,NORMAL,IN_CONTROL
6,9,1,198.87236622827976,1.0119109990004649,1.0083337313297518,0.990667484496186,5.09874051450464,0.1017704543259008,10.117580886878898,1.0377425194391974,55.54433631771456,2.969505667859265,0.2002176382302531,4.448797341400216,12.196482244835217,295.16707586111346,1.1758088687889767,True,True,True,True,True,True,True,0.1017704543259008,1.0083337313297518,True,NORMAL,NORMAL,IN_CONTROL
6,9,2,198.87236622827976,1.0119109990004649,1.0083337313297518,0.990667484496186,5.09874051450464,0.1025255808786658,10.125401607036563,1.0377425194391974,55.54433631771456,2.969505667859265,0.2002176382302531,4.448797341400216,12.196482244835217,295.16707586111346,1.2540160703656333,True,True,True,True,True,True,True,0.1025255808786658,1.0083337313297518,True,NORMAL,NORMAL,IN_CONTROL
6,9,3,198.87236622827976,1.0119109990004649,1.0083337313297518,0.990667484496186,5.09874051450464,0.1020329773819767,10.11732128170103,1.0377425194391974,55.54433631771456,2.969505667859265,0.2002176382302531,4.448797341400216,12.196482244835217,295.16707586111346,1.1732128170102918,True,True,True,True,True,True,True,0.1020329773819767,1.0083337313297518,True,NORMAL,NORMAL,IN_CONTROL
6,9,4,198.87236622827976,1.0119109990004649,1.0083337313297518,0.990667484496186,5.09874051450464,0.1020232552955222,10.101578004045772,1.0377425194391974,55.54433631771456,2.969505667859265,0.2002176382302531,4.448797341400216,12.196482244835217,295.16707586111346,1.0157800404577166,True,True,True,True,True,True,True,0.1020232552955222,1.0083337313297518,True,NORMAL,NORMAL,IN_CONTROL
6,9,5,198.87236622827976,1.0119109990004649,1.0083337313297518,0.990667484496186,5.09874051450464,0.1018181796955722,10.094320351899617,1.0377425194391974,55.54433631771456,2.969505667859265,0.2002176382302531,4.448797341400216,12.196482244835217,295.16707586111346,0.9432035189961673,True,True,True,True,True,True,True,0.1018181796955722,1.0083337313297518,True,NORMAL,NORMAL,IN_CONTROL
6,10,1,198.87236622827976,1.0119109990004649,1.0083337313297518,0.990667484496186,5.09874051450464,0.1028100471403288,10.128353840506945,1.1266293984069429,53.5037010511862,2.9789645243636165,0.1975521919549203,4.538870492583724,12.196482244835217,295.16707586111346,1.2835384050694465,True,True,True,True,True,True,True,0.1028100471403288,1.0083337313297518,True,NORMAL,NORMAL,IN_CONTROL
6,10,2,198.87236622827976,1.0119109990004649,1.0083337313297518,0.990667484496186,5.09874051450464,0.1026689722463768,10.123462000723505,1.1266293984069429,53.5037010511862,2.9789645243636165,0.1975521919549203,4.538870492583724,12.196482244835217,295.16707586111346,1.2346200072350477,True,True,True,True,True,True,True,0.1026689722463768,1.0083337313297518,True,NORMAL,NORMAL,IN_CONTROL
6,10,3,198.87236622827976,1.0119109990004649,1.0083337313297518,0.990667484496186,5.09874051450464,0.1023283846344682,10.100558847918116,1.1266293984069429,53.5037010511862,2.9789645243636165,0.1975521919549203,4.538870492583724,12.196482244835217,295.16707586111346,1.0055884791811565,True,True,True,True,True,True,True,0.1023283846344682,1.0083337313297518,True,NORMAL,NORMAL,IN_CONTROL
6,10,4,198.87236622827976,1.0119109990004649,1.0083337313297518,0.990667484496186,5.09874051450464,0.1027084621681991,10.131703905146654,1.1266293984069429,53.5037010511862,2.9789645243636165,0.1975521919549203,4.538870492583724,12.196482244835217,295.16707586111346,1.3170390514665442,True,True,True,True,True,True,True,0.1027084621681991,1.0083337313297518,True,NORMAL,NORMAL,IN_CONTROL
6,10,5,198.87236622827976,1.0119109990004649,1.0083337313297518,0.990667484496186,5.09874051450464,0.1027940238832417,10.11273567154784,1.1266293984069429,53.5037010511862,2.9789645243636165,0.1975521919549203,4.538870492583724,12.196482244835217,295.16707586111346,1.1273567154784025,True,True,True,True,True,True,True,0.1027940238832417,1.0083337313297518,True,NORMAL,NORMAL,IN_CONTROL
7,1,1,201.19239837937343,1.005410918290792,0.9901591759503856,1.0183943943347342,5.157918550298163,0.1009567388560889,10.040623187377197,1.058682380611308,52.59569849408849,3.0157293129957297,0.2085041309588314,5.57276878957068,12.324390670881446,292.1036906518744,0.40623187377196496,True,True,True,True,True,True,True,0.1009567388560889,0.9901591759503856,True,NORMAL,NORMAL,IN_CONTROL
7,1,2,201.19239837937343,1.005410918290792,0.9901591759503856,1.0183943943347342,5.157918550298163,0.1013330228976441,10.041093840404134,1.058682380611308,52.59569849408849,3.0157293129957297,0.2085041309588314,5.57276878957068,12.324390670881446,292.1036906518744,0.41093840404133886,True,True,True,True,True,True,True,0.1013330228976441,0.9901591759503856,True,NORMAL,NORMAL,IN_CONTROL
7,1,3,201.19239837937343,1.005410918290792,0.9901591759503856,1.0183943943347342,5.157918550298163,0.1016425176520989,10.045906654530857,1.058682380611308,52.59569849408849,3.0157293129957297,0.2085041309588314,5.57276878957068,12.324390670881446,292.1036906518744,0.4590665453085663,True,True,True,True,True,True,True,0.1016425176520989,0.9901591759503856,True,NORMAL,NORMAL,IN_CONTROL
7,1,4,201.19239837937343,1.005410918290792,0.9901591759503856,1.0183943943347342,5.157918550298163,0.1014080238500128,10.039273237121934,1.058682380611308,52.59569849408849,3.0157293129957297,0.2085041309588314,5.57276878957068,12.324390670881446,292.1036906518744,0.39273237121934207,True,True,True,True,True,True,True,0.1014080238500128,0.9901591759503856,True,NORMAL,NORMAL,IN_CONTROL
7,1,5,201.19239837937343,1.005410918290792,0.9901591759503856,1.0183943943347342,5.157918550298163,0.1014375086918851,10.029820806435891,1.058682380611308,52.59569849408849,3.0157293129957297,0.2085041309588314,5.57276878957068,12.324390670881446,292.1036906518744,0.29820806435891356,True,True,True,True,True,True,True,0.1014375086918851,0.9901591759503856,True,NORMAL,NORMAL,IN_CONTROL
7,2,1,201.19239837937343,1.005410918290792,0.9901591759503856,1.0183943943347342,5.157918550298163,0.0995127490250736,10.074300091051828,1.0922819188798591,53.20612220269832,3.007860712010004,0.2112974941975519,5.239117916091615,12.324390670881446,292.1036906518744,0.7430009105182833,True,True,True,True,True,True,True,0.0995127490250736,0.9901591759503856,True,NORMAL,NORMAL,IN_CONTROL
7,2,2,201.19239837937343,1.005410918290792,0.9901591759503856,1.0183943943347342,5.157918550298163,0.1000630622850197,10.064469348628322,1.0922819188798591,53.20612220269832,3.007860712010004,0.2112974941975519,5.239117916091615,12.324390670881446,292.1036906518744,0.6446934862832165,True,True,True,True,True,True,True,0.1000630622850197,0.9901591759503856,True,NORMAL,NORMAL,IN_CONTROL
7,2,3,201.19239837937343,1.005410918290792,0.9901591759503856,1.0183943943347342,5.157918550298163,0.10055649659037,10.06761904221946,1.0922819188798591,53.20612220269832,3.007860712010004,0.2112974941975519,5.239117916091615,12.324390670881446,292.1036906518744,0.6761904221946047,True,True,True,True,True,True,True,0.10055649659037,0.9901591759503856,True,NORMAL,NORMAL,IN_CONTROL
7,2,4,201.19239837937343,1.005410918290792,0.9901591759503856,1.0183943943347342,5.157918550298163,0.1005285175871521,10.075493702666584,1.0922819188798591,53.20612220269832,3.007860712010004,0.2112974941975519,5.239117916091615,12.324390670881446,292.1036906518744,0.7549370266658428,True,True,True,True,True,True,True,0.1005285175871521,0.9901591759503856,True,NORMAL,NORMAL,IN_CONTROL
7,2,5,201.19239837937343,1.005410918290792,0.9901591759503856,1.0183943943347342,5.157918550298163,0.1001531526632831,10.078919851572357,1.0922819188798591,53.20612220269832,3.007860712010004,0.2112974941975519,5.239117916091615,12.324390670881446,292.1036906518744,0.7891985157235659,True,True,True,True,True,True,True,0.1001531526632831,0.9901591759503856,True,NORMAL,NORMAL,IN_CONTROL
7,3,1,201.19239837937343,1.005410918290792,0.9901591759503856,1.0183943943347342,5.157918550298163,0.1008867981436896,10.085637856474296,1.1509206498366007,51.070687222462325,2.999203758934496,0.2043539579775805,5.262886854409909,12.324390670881446,292.1036906518744,0.856378564742961,True,True,True,True,True,True,True,0.1008867981436896,0.9901591759503856,True,NORMAL,NORMAL,IN_CONTROL
7,3,2,201.19239837937343,1.005410918290792,0.9901591759503856,1.0183943943347342,5.157918550298163,0.1010505850922539,10.069401401094147,1.1509206498366007,51.070687222462325,2.999203758934496,0.2043539579775805,5.262886854409909,12.324390670881446,292.1036906518744,0.6940140109414727,True,True,True,True,True,True,True,0.1010505850922539,0.9901591759503856,True,NORMAL,NORMAL,IN_CONTROL
7,3,3,201.19239837937343,1.005410918290792,0.9901591759503856,1.0183943943347342,5.157918550298163,0.1008000893336629,10.090777587716811,1.1509206498366007,51.070687222462325,2.999203758934496,0.2043539579775805,5.262886854409909,12.324390670881446,292.1036906518744,0.9077758771681133,True,True,True,True,True,True,True,0.1008000893336629,0.9901591759503856,True,NORMAL,NORMAL,IN_CONTROL
7,3,4,201.19239837937343,1.005410918290792,0.9901591759503856,1.0183943943347342,5.157918550298163,0.100826665563311,10.089756901134738,1.1509206498366007,51.070687222462325,2.999203758934496,0.2043539579775805,5.262886854409909,12.324390670881446,292.1036906518744,0.8975690113473789,True,True,True,True,True,True,True,0.100826665563311,0.9901591759503856,True,NORMAL,NORMAL,IN_CONTROL
7,3,5,201.19239837937343,1.005410918290792,0.9901591759503856,1.0183943943347342,5.157918550298163,0.1009542170359814,10.066722849795983,1.1509206498366007,51.070687222462325,2.999203758934496,0.2043539579775805,5.262886854409909,12.324390670881446,292.1036906518744,0.6672284979598331,True,True,True,True,True,True,True,0.1009542170359814,0.9901591759503856,True,NORMAL,NORMAL,IN_CONTROL
7,4,1,201.19239837937343,1.005410918290792,0.9901591759503856,1.0183943943347342,5.157918550298163,0.1002907091660559,10.07738717450009,1.143545406910792,50.939425820673456,3.002123066805892,0.2024222591916257,5.183402712431694,12.324390670881446,292.1036906518744,0.7738717450009069,True,True,True,True,True,True,True,0.1002907091660559,0.9901591759503856,True,NORMAL,NORMAL,IN_CONTROL
7,4,2,201.19239837937343,1.005410918290792,0.9901591759503856,1.0183943943347342,5.157918550298163,0.1004846543568308,10.066339904689656,1.143545406910792,50.939425820673456,3.002123066805892,0.2024222591916257,5.183402712431694,12.324390670881446,292.1036906518744,0.6633990468965578,True,True,True,True,True,True,True,0.1004846543568308,0.9901591759503856,True,NORMAL,NORMAL,IN_CONTROL
7,4,3,201.19239837937343,1.005410918290792,0.9901591759503856,1.0183943943347342,5.157918550298163,0.101283429444712,10.118398135787254,1.143545406910792,50.939425820673456,3.002123066805892,0.2024222591916257,5.183402712431694,12.324390670881446,292.1036906518744,1.1839813578725433,True,True,True,True,True,True,True,0.101283429444712,0.9901591759503856,True,NORMAL,NORMAL,IN_CONTROL
7,4,4,201.19239837937343,1.005410918290792,0.9901591759503856,1.0183943943347342,5.157918550298163,0.1006338318732958,10.07501090717994,1.143545406910792,50.939425820673456,3.002123066805892,0.2024222591916257,5.183402712431694,12.324390670881446,292.1036906518744,0.7501090717994074,True,True,True,True,True,True,True,0.1006338318732958,0.9901591759503856,True,NORMAL,NORMAL,IN_CONTROL
7,4,5,201.19239837937343,1.005410918290792,0.9901591759503856,1.0183943943347342,5.157918550298163,0.1001704677364202,10.063859225234046,1.143545406910792,50.939425820673456,3.002123066805892,0.2024222591916257,5.183402712431694,12.324390670881446,292.1036906518744,0.6385922523404552,True,True,True,True,True,True,True,0.1001704677364202,0.9901591759503856,True,NORMAL,NORMAL,IN_CONTROL
7,5,1,201.19239837937343,1.005410918290792,0.9901591759503856,1.0183943943347342,5.157918550298163,0.0995474067011419,10.080668006646237,1.0968112837952446,51.790092100170064,3.005401615365138,0.2064293517566573,5.336878300021027,12.324390670881446,292.1036906518744,0.8066800664623665,True,True,True,True,True,True,True,0.0995474067011419,0.9901591759503856,True,NORMAL,NORMAL,IN_CONTROL
7,5,2,201.19239837937343,1.005410918290792,0.9901591759503856,1.0183943943347342,5.157918550298163,0.0997034898874085,10.08727497962334,1.0968112837952446,51.790092100170064,3.005401615365138,0.2064293517566573,5.336878300021027,12.324390670881446,292.1036906518744,0.8727497962333963,True,True,True,True,True,True,True,0.0997034898874085,0.9901591759503856,True,NORMAL,NORMAL,IN_CONTROL
7,5,3,201.19239837937343,1.005410918290792,0.9901591759503856,1.0183943943347342,5.157918550298163,0.0999403617934036,10.08392281992788,1.0968112837952446,51.790092100170064,3.005401615365138,0.2064293517566573,5.336878300021027,12.324390670881446,292.1036906518744,0.8392281992787964,True,True,True,True,True,True,True,0.0999403617934036,0.9901591759503856,True,NORMAL,NORMAL,IN_CONTROL
7,5,4,201.19239837937343,1.005410918290792,0.9901591759503856,1.0183943943347342,5.157918550298163,0.0998486940850147,10.05356002940947,1.0968112837952446,51.790092100170064,3.005401615365138,0.2064293517566573,5.336878300021027,12.324390670881446,292.1036906518744,0.5356002940946958,True,True,True,True,True,True,True,0.0998486940850147,0.9901591759503856,True,NORMAL,NORMAL,IN_CONTROL
7,5,5,201.19239837937343,1.005410918290792,0.9901591759503856,1.0183943943347342,5.157918550298163,0.1001274430105314,10.079880571295377,1.0968112837952446,51.790092100170064,3.005401615365138,0.2064293517566573,5.336878300021027,12.324390670881446,292.1036906518744,0.7988057129537651,True,True,True,True,True,True,True,0.1001274430105314,0.9901591759503856,True,NORMAL,NORMAL,IN_CONTROL
7,6,1,201.19239837937343,1.005410918290792,0.9901591759503856,1.0183943943347342,5.157918550298163,0.1016892981621179,10.055074872462525,1.1295821228747016,53.13364383281379,3.012962096717374,0.2117848509263133,5.672302937863455,12.324390670881446,292.1036906518744,0.5507487246252474,True,True,True,True,True,True,True,0.1016892981621179,0.9901591759503856,True,NORMAL,NORMAL,IN_CONTROL
7,6,2,201.19239837937343,1.005410918290792,0.9901591759503856,1.0183943943347342,5.157918550298163,0.1016497737802138,10.096068282804817,1.1295821228747016,53.13364383281379,3.012962096717374,0.2117848509263133,5.672302937863455,12.324390670881446,292.1036906518744,0.9606828280481672,True,True,True,True,True,True,True,0.1016497737802138,0.9901591759503856,True,NORMAL,NORMAL,IN_CONTROL
7,6,3,201.19239837937343,1.005410918290792,0.9901591759503856,1.0183943943347342,5.157918550298163,0.1018213998562554,10.05364631199623,1.1295821228747016,53.13364383281379,3.012962096717374,0.2117848509263133,5.672302937863455,12.324390670881446,292.1036906518744,0.5364631199623027,True,True,True,True,True,True,True,0.1018213998562554,0.9901591759503856,True,NORMAL,NORMAL,IN_CONTROL
7,6,4,201.19239837937343,1.005410918290792,0.9901591759503856,1.0183943943347342,5.157918550298163,0.1019365390834818,10.079980310934069,1.1295821228747016,53.13364383281379,3.012962096717374,0.2117848509263133,5.672302937863455,12.324390670881446,292.1036906518744,0.7998031093406864,True,True,True,True,True,True,True,0.1019365390834818,0.9901591759503856,True,NORMAL,NORMAL,IN_CONTROL
7,6,5,201.19239837937343,1.005410918290792,0.9901591759503856,1.0183943943347342,5.157918550298163,0.1017649943569477,10.06380019174794,1.1295821228747016,53.13364383281379,3.012962096717374,0.2117848509263133,5.672302937863455,12.324390670881446,292.1036906518744,0.6380019174794072,True,True,True,True,True,True,True,0.1017649943569477,0.9901591759503856,True,NORMAL,NORMAL,IN_CONTROL
7,7,1,201.19239837937343,1.005410918290792,0.9901591759503856,1.0183943943347342,5.157918550298163,0.0992427147795813,10.045592880750055,1.1678057860633866,53.68780902039909,3.013645282928713,0.204516238066392,5.220706264166359,12.324390670881446,292.1036906518744,0.4559288075005519,True,True,True,True,True,True,True,0.0992427147795813,0.9901591759503856,True,NORMAL,NORMAL,IN_CONTROL
7,7,2,201.19239837937343,1.005410918290792,0.9901591759503856,1.0183943943347342,5.157918550298163,0.099495041676063,10.03556988174505,1.1678057860633866,53.68780902039909,3.013645282928713,0.204516238066392,5.220706264166359,12.324390670881446,292.1036906518744,0.3556988174504916,True,True,True,True,True,True,True,0.099495041676063,0.9901591759503856,True,NORMAL,NORMAL,IN_CONTROL
7,7,3,201.19239837937343,1.005410918290792,0.9901591759503856,1.0183943943347342,5.157918550298163,0.0996796195877676,10.022419568975138,1.1678057860633866,53.68780902039909,3.013645282928713,0.204516238066392,5.220706264166359,12.324390670881446,292.1036906518744,0.22419568975138304,True,True,True,True,True,True,True,0.0996796195877676,0.9901591759503856,True,NORMAL,NORMAL,IN_CONTROL
7,7,4,201.19239837937343,1.005410918290792,0.9901591759503856,1.0183943943347342,5.157918550298163,0.1000248964297458,10.07634285059826,1.1678057860633866,53.68780902039909,3.013645282928713,0.204516238066392,5.220706264166359,12.324390670881446,292.1036906518744,0.7634285059826063,True,True,True,True,True,True,True,0.1000248964297458,0.9901591759503856,True,NORMAL,NORMAL,IN_CONTROL
7,7,5,201.19239837937343,1.005410918290792,0.9901591759503856,1.0183943943347342,5.157918550298163,0.1001615220531273,10.075824064529694,1.1678057860633866,53.68780902039909,3.013645282928713,0.204516238066392,5.220706264166359,12.324390670881446,292.1036906518744,0.7582406452969437,True,True,True,True,True,True,True,0.1001615220531273,0.9901591759503856,True,NORMAL,NORMAL,IN_CONTROL
7,8,1,201.19239837937343,1.005410918290792,0.9901591759503856,1.0183943943347342,5.157918550298163,0.0996842868570593,10.093225711276036,1.115075328370885,54.119012183287886,3.0063282511955207,0.2076620915825973,5.378952347493073,12.324390670881446,292.1036906518744,0.9322571127603574,True,True,True,True,True,True,True,0.0996842868570593,0.9901591759503856,True,NORMAL,NORMAL,IN_CONTROL
7,8,2,201.19239837937343,1.005410918290792,0.9901591759503856,1.0183943943347342,5.157918550298163,0.100047069049317,10.083610411286552,1.115075328370885,54.119012183287886,3.0063282511955207,0.2076620915825973,5.378952347493073,12.324390670881446,292.1036906518744,0.8361041128655166,True,True,True,True,True,True,True,0.100047069049317,0.9901591759503856,True,NORMAL,NORMAL,IN_CONTROL
7,8,3,201.19239837937343,1.005410918290792,0.9901591759503856,1.0183943943347342,5.157918550298163,0.0997833596376032,10.106507674573844,1.115075328370885,54.119012183287886,3.0063282511955207,0.2076620915825973,5.378952347493073,12.324390670881446,292.1036906518744,1.0650767457384447,True,True,True,True,True,True,True,0.0997833596376032,0.9901591759503856,True,NORMAL,NORMAL,IN_CONTROL
7,8,4,201.19239837937343,1.005410918290792,0.9901591759503856,1.0183943943347342,5.157918550298163,0.1001922784975821,10.101955543272975,1.115075328370885,54.119012183287886,3.0063282511955207,0.2076620915825973,5.378952347493073,12.324390670881446,292.1036906518744,1.019555432729753,True,True,True,True,True,True,True,0.1001922784975821,0.9901591759503856,True,NORMAL,NORMAL,IN_CONTROL
7,8,5,201.19239837937343,1.005410918290792,0.9901591759503856,1.0183943943347342,5.157918550298163,0.1004866814227773,10.11091974256948,1.115075328370885,54.119012183287886,3.0063282511955207,0.2076620915825973,5.378952347493073,12.324390670881446,292.1036906518744,1.1091974256948056,True,True,True,True,True,True,True,0.1004866814227773,0.9901591759503856,True,NORMAL,NORMAL,IN_CONTROL
7,9,1,201.19239837937343,1.005410918290792,0.9901591759503856,1.0183943943347342,5.157918550298163,0.0998893324837141,10.089069559397508,1.1498643860312454,52.85932144465782,3.0144358517189613,0.2061874303489021,5.173116855335591,12.324390670881446,292.1036906518744,0.8906955939750817,True,True,True,True,True,True,True,0.0998893324837141,0.9901591759503856,True,NORMAL,NORMAL,IN_CONTROL
7,9,2,201.19239837937343,1.005410918290792,0.9901591759503856,1.0183943943347342,5.157918550298163,0.1002309916075318,10.092837656909293,1.1498643860312454,52.85932144465782,3.0144358517189613,0.2061874303489021,5.173116855335591,12.324390670881446,292.1036906518744,0.9283765690929258,True,True,True,True,True,True,True,0.1002309916075318,0.9901591759503856,True,NORMAL,NORMAL,IN_CONTROL
7,9,3,201.19239837937343,1.005410918290792,0.9901591759503856,1.0183943943347342,5.157918550298163,0.09970172853999,10.13951786123117,1.1498643860312454,52.85932144465782,3.0144358517189613,0.2061874303489021,5.173116855335591,12.324390670881446,292.1036906518744,1.395178612311696,True,True,True,True,True,True,True,0.09970172853999,0.9901591759503856,True,NORMAL,NORMAL,IN_CONTROL
7,9,4,201.19239837937343,1.005410918290792,0.9901591759503856,1.0183943943347342,5.157918550298163,0.0997231843801766,10.121083240724444,1.1498643860312454,52.85932144465782,3.0144358517189613,0.2061874303489021,5.173116855335591,12.324390670881446,292.1036906518744,1.2108324072444354,True,True,True,True,True,True,True,0.0997231843801766,0.9901591759503856,True,NORMAL,NORMAL,IN_CONTROL
7,9,5,201.19239837937343,1.005410918290792,0.9901591759503856,1.0183943943347342,5.157918550298163,0.1001731502479386,10.106963810270983,1.1498643860312454,52.85932144465782,3.0144358517189613,0.2061874303489021,5.173116855335591,12.324390670881446,292.1036906518744,1.0696381027098312,True,True,True,True,True,True,True,0.1001731502479386,0.9901591759503856,True,NORMAL,NORMAL,IN_CONTROL
7,10,1,201.19239837937343,1.005410918290792,0.9901591759503856,1.0183943943347342,5.157918550298163,0.1020989037527394,10.07597884107677,1.0848898253840171,54.38963428168803,3.0096985547214783,0.2083708044999815,5.165751351115575,12.324390670881446,292.1036906518744,0.7597884107677011,True,True,True,True,True,True,True,0.1020989037527394,0.9901591759503856,True,NORMAL,NORMAL,IN_CONTROL
7,10,2,201.19239837937343,1.005410918290792,0.9901591759503856,1.0183943943347342,5.157918550298163,0.1023321778769036,10.064090847343204,1.0848898253840171,54.38963428168803,3.0096985547214783,0.2083708044999815,5.165751351115575,12.324390670881446,292.1036906518744,0.640908473432038,True,True,True,True,True,True,True,0.1023321778769036,0.9901591759503856,True,NORMAL,NORMAL,IN_CONTROL
7,10,3,201.19239837937343,1.005410918290792,0.9901591759503856,1.0183943943347342,5.157918550298163,0.1023116198250007,10.086556500931854,1.0848898253840171,54.38963428168803,3.0096985547214783,0.2083708044999815,5.165751351115575,12.324390670881446,292.1036906518744,0.8655650093185409,True,True,True,True,True,True,True,0.1023116198250007,0.9901591759503856,True,NORMAL,NORMAL,IN_CONTROL
7,10,4,201.19239837937343,1.005410918290792,0.9901591759503856,1.0183943943347342,5.157918550298163,0.1025683568568999,10.099959304552952,1.0848898253840171,54.38963428168803,3.0096985547214783,0.2083708044999815,5.165751351115575,12.324390670881446,292.1036906518744,0.9995930455295187,True,True,True,True,True,True,True,0.1025683568568999,0.9901591759503856,True,NORMAL,NORMAL,IN_CONTROL
7,10,5,201.19239837937343,1.005410918290792,0.9901591759503856,1.0183943943347342,5.157918550298163,0.1022454691120593,10.071060604019198,1.0848898253840171,54.38963428168803,3.0096985547214783,0.2083708044999815,5.165751351115575,12.324390670881446,292.1036906518744,0.7106060401919834,True,True,True,True,True,True,True,0.1022454691120593,0.9901591759503856,True,NORMAL,NORMAL,IN_CONTROL
8,1,1,199.06459896611267,1.000700659483437,0.9910037582632172,1.0243010546370408,5.036369815034297,0.0997316614654394,10.023202990387594,0.8864560495284073,44.78189183519999,3.0127861125540107,0.1992875227508588,5.044332193537821,12.088044442968853,297.814920931564,0.2320299038759366,True,True,True,True,True,True,True,0.0997316614654394,0.9910037582632172,True,NORMAL,NORMAL,IN_CONTROL
8,1,2,199.06459896611267,1.000700659483437,0.9910037582632172,1.0243010546370408,5.036369815034297,0.0991816835410119,10.06807003381596,0.8864560495284073,44.78189183519999,3.0127861125540107,0.1992875227508588,5.044332193537821,12.088044442968853,297.814920931564,0.6807003381596033,True,True,True,True,True,True,True,0.0991816835410119,0.9910037582632172,True,NORMAL,NORMAL,IN_CONTROL
8,1,3,199.06459896611267,1.000700659483437,0.9910037582632172,1.0243010546370408,5.036369815034297,0.099307129949493,10.045341496594563,0.8864560495284073,44.78189183519999,3.0127861125540107,0.1992875227508588,5.044332193537821,12.088044442968853,297.814920931564,0.4534149659456333,True,True,True,True,True,True,True,0.099307129949493,0.9910037582632172,True,NORMAL,NORMAL,IN_CONTROL
8,1,4,199.06459896611267,1.000700659483437,0.9910037582632172,1.0243010546370408,5.036369815034297,0.0996704138272096,10.040757262668183,0.8864560495284073,44.78189183519999,3.0127861125540107,0.1992875227508588,5.044332193537821,12.088044442968853,297.814920931564,0.4075726266818336,True,True,True,True,True,True,True,0.0996704138272096,0.9910037582632172,True,NORMAL,NORMAL,IN_CONTROL
8,1,5,199.06459896611267,1.000700659483437,0.9910037582632172,1.0243010546370408,5.036369815034297,0.0998386504706702,10.023878643391678,0.8864560495284073,44.78189183519999,3.0127861125540107,0.1992875227508588,5.044332193537821,12.088044442968853,297.814920931564,0.23878643391677554,True,True,True,True,True,True,True,0.0998386504706702,0.9910037582632172,True,NORMAL,NORMAL,IN_CONTROL
8,2,1,199.06459896611267,1.000700659483437,0.9910037582632172,1.0243010546370408,5.036369815034297,0.0997134453278892,10.100411653394644,0.7519295119168308,42.96127358940174,3.01810208949881,0.1922707016389879,5.053977748634919,12.088044442968853,297.814920931564,1.0041165339464442,True,True,True,True,True,True,True,0.0997134453278892,0.9910037582632172,True,NORMAL,NORMAL,IN_CONTROL
8,2,2,199.06459896611267,1.000700659483437,0.9910037582632172,1.0243010546370408,5.036369815034297,0.0995932604436345,10.108074563931613,0.7519295119168308,42.96127358940174,3.01810208949881,0.1922707016389879,5.053977748634919,12.088044442968853,297.814920931564,1.0807456393161274,True,True,True,True,True,True,True,0.0995932604436345,0.9910037582632172,True,NORMAL,NORMAL,IN_CONTROL
8,2,3,199.06459896611267,1.000700659483437,0.9910037582632172,1.0243010546370408,5.036369815034297,0.1000229419893328,10.126903358675657,0.7519295119168308,42.96127358940174,3.01810208949881,0.1922707016389879,5.053977748634919,12.088044442968853,297.814920931564,1.2690335867565672,True,True,True,True,True,True,True,0.1000229419893328,0.9910037582632172,True,NORMAL,NORMAL,IN_CONTROL
8,2,4,199.06459896611267,1.000700659483437,0.9910037582632172,1.0243010546370408,5.036369815034297,0.0995848875483006,10.115240945921208,0.7519295119168308,42.96127358940174,3.01810208949881,0.1922707016389879,5.053977748634919,12.088044442968853,297.814920931564,1.1524094592120804,True,True,True,True,True,True,True,0.0995848875483006,0.9910037582632172,True,NORMAL,NORMAL,IN_CONTROL
8,2,5,199.06459896611267,1.000700659483437,0.9910037582632172,1.0243010546370408,5.036369815034297,0.0998291983064019,10.09578169127608,0.7519295119168308,42.96127358940174,3.01810208949881,0.1922707016389879,5.053977748634919,12.088044442968853,297.814920931564,0.957816912760805,True,True,True,True,True,True,True,0.0998291983064019,0.9910037582632172,True,NORMAL,NORMAL,IN_CONTROL
8,3,1,199.06459896611267,1.000700659483437,0.9910037582632172,1.0243010546370408,5.036369815034297,0.0991872101882742,10.04845020644994,0.8256833333708907,42.39480787006429,3.0130814299729414,0.2035070832999487,5.185277198676162,12.088044442968853,297.814920931564,0.48450206449940586,True,True,True,True,True,True,True,0.0991872101882742,0.9910037582632172,True,NORMAL,NORMAL,IN_CONTROL
8,3,2,199.06459896611267,1.000700659483437,0.9910037582632172,1.0243010546370408,5.036369815034297,0.0986609563467834,10.083667439122962,0.8256833333708907,42.39480787006429,3.0130814299729414,0.2035070832999487,5.185277198676162,12.088044442968853,297.814920931564,0.8366743912296215,True,True,True,True,True,True,True,0.0986609563467834,0.9910037582632172,True,NORMAL,NORMAL,IN_CONTROL
8,3,3,199.06459896611267,1.000700659483437,0.9910037582632172,1.0243010546370408,5.036369815034297,0.0994873160577976,10.056218057855258,0.8256833333708907,42.39480787006429,3.0130814299729414,0.2035070832999487,5.185277198676162,12.088044442968853,297.814920931564,0.562180578552578,True,True,True,True,True,True,True,0.0994873160577976,0.9910037582632172,True,NORMAL,NORMAL,IN_CONTROL
8,3,4,199.06459896611267,1.000700659483437,0.9910037582632172,1.0243010546370408,5.036369815034297,0.0993479444512112,10.076537145220318,0.8256833333708907,42.39480787006429,3.0130814299729414,0.2035070832999487,5.185277198676162,12.088044442968853,297.814920931564,0.7653714522031763,True,True,True,True,True,True,True,0.0993479444512112,0.9910037582632172,True,NORMAL,NORMAL,IN_CONTROL
8,3,5,199.06459896611267,1.000700659483437,0.9910037582632172,1.0243010546370408,5.036369815034297,0.099364918810125,10.100550878957932,0.8256833333708907,42.39480787006429,3.0130814299729414,0.2035070832999487,5.185277198676162,12.088044442968853,297.814920931564,1.0055087895793235,True,True,True,True,True,True,True,0.099364918810125,0.9910037582632172,True,NORMAL,NORMAL,IN_CONTROL
8,4,1,199.06459896611267,1.000700659483437,0.9910037582632172,1.0243010546370408,5.036369815034297,0.102534506056245,10.09974990441313,0.8199366304736523,43.159809451785634,3.0140765618195324,0.2019216575693403,5.017241793317072,12.088044442968853,297.814920931564,0.9974990441313025,True,True,True,True,True,True,True,0.102534506056245,0.9910037582632172,True,NORMAL,NORMAL,IN_CONTROL
8,4,2,199.06459896611267,1.000700659483437,0.9910037582632172,1.0243010546370408,5.036369815034297,0.1016218671151974,10.120373826038518,0.8199366304736523,43.159809451785634,3.0140765618195324,0.2019216575693403,5.017241793317072,12.088044442968853,297.814920931564,1.2037382603851832,True,True,True,True,True,True,True,0.1016218671151974,0.9910037582632172,True,NORMAL,NORMAL,IN_CONTROL
8,4,3,199.06459896611267,1.000700659483437,0.9910037582632172,1.0243010546370408,5.036369815034297,0.1018088091841496,10.129312112339855,0.8199366304736523,43.159809451785634,3.0140765618195324,0.2019216575693403,5.017241793317072,12.088044442968853,297.814920931564,1.293121123398553,True,True,True,True,True,True,True,0.1018088091841496,0.9910037582632172,True,NORMAL,NORMAL,IN_CONTROL
8,4,4,199.06459896611267,1.000700659483437,0.9910037582632172,1.0243010546370408,5.036369815034297,0.1020102345911923,10.111577589217374,0.8199366304736523,43.159809451785634,3.0140765618195324,0.2019216575693403,5.017241793317072,12.088044442968853,297.814920931564,1.1157758921737404,True,True,True,True,True,True,True,0.1020102345911923,0.9910037582632172,True,NORMAL,NORMAL,IN_CONTROL
8,4,5,199.06459896611267,1.000700659483437,0.9910037582632172,1.0243010546370408,5.036369815034297,0.1019473408907931,10.095812703107509,0.8199366304736523,43.159809451785634,3.0140765618195324,0.2019216575693403,5.017241793317072,12.088044442968853,297.814920931564,0.9581270310750867,True,True,True,True,True,True,True,0.1019473408907931,0.9910037582632172,True,NORMAL,NORMAL,IN_CONTROL
8,5,1,199.06459896611267,1.000700659483437,0.9910037582632172,1.0243010546370408,5.036369815034297,0.0995259357066385,10.167381681988193,0.8150644041028631,43.45058693497589,3.009885879961571,0.1998427964470303,5.047769438611853,12.088044442968853,297.814920931564,1.673816819881928,True,True,True,True,True,True,True,0.0995259357066385,0.9910037582632172,True,NORMAL,NORMAL,IN_CONTROL
8,5,2,199.06459896611267,1.000700659483437,0.9910037582632172,1.0243010546370408,5.036369815034297,0.0999319924800584,10.166554511948432,0.8150644041028631,43.45058693497589,3.009885879961571,0.1998427964470303,5.047769438611853,12.088044442968853,297.814920931564,1.6655451194843174,True,True,True,True,True,True,True,0.0999319924800584,0.9910037582632172,True,NORMAL,NORMAL,IN_CONTROL
8,5,3,199.06459896611267,1.000700659483437,0.9910037582632172,1.0243010546370408,5.036369815034297,0.0997078020645409,10.159167098439076,0.8150644041028631,43.45058693497589,3.009885879961571,0.1998427964470303,5.047769438611853,12.088044442968853,297.814920931564,1.5916709843907564,True,True,True,True,True,True,True,0.0997078020645409,0.9910037582632172,True,NORMAL,NORMAL,IN_CONTROL
8,5,4,199.06459896611267,1.000700659483437,0.9910037582632172,1.0243010546370408,5.036369815034297,0.1004195889256527,10.17366136728231,0.8150644041028631,43.45058693497589,3.009885879961571,0.1998427964470303,5.047769438611853,12.088044442968853,297.814920931564,1.7366136728231043,True,True,True,True,True,True,True,0.1004195889256527,0.9910037582632172,True,NORMAL,NORMAL,IN_CONTROL
8,5,5,199.06459896611267,1.000700659483437,0.9910037582632172,1.0243010546370408,5.036369815034297,0.0995914720048631,10.16804082847211,0.8150644041028631,43.45058693497589,3.009885879961571,0.1998427964470303,5.047769438611853,12.088044442968853,297.814920931564,1.6804082847211002,True,True,True,True,True,True,True,0.0995914720048631,0.9910037582632172,True,NORMAL,NORMAL,IN_CONTROL
8,6,1,199.06459896611267,1.000700659483437,0.9910037582632172,1.0243010546370408,5.036369815034297,0.1004389237956278,10.125021790207969,0.77819262980239,43.93339483163332,3.013760252273463,0.2022729103026431,5.161563312590782,12.088044442968853,297.814920931564,1.2502179020796866,True,True,True,True,True,True,True,0.1004389237956278,0.9910037582632172,True,NORMAL,NORMAL,IN_CONTROL
8,6,2,199.06459896611267,1.000700659483437,0.9910037582632172,1.0243010546370408,5.036369815034297,0.0991367238918171,10.139212934265194,0.77819262980239,43.93339483163332,3.013760252273463,0.2022729103026431,5.161563312590782,12.088044442968853,297.814920931564,1.3921293426519377,True,True,True,True,True,True,True,0.0991367238918171,0.9910037582632172,True,NORMAL,NORMAL,IN_CONTROL
8,6,3,199.06459896611267,1.000700659483437,0.9910037582632172,1.0243010546370408,5.036369815034297,0.0999474450696887,10.115781631655135,0.77819262980239,43.93339483163332,3.013760252273463,0.2022729103026431,5.161563312590782,12.088044442968853,297.814920931564,1.1578163165513544,True,True,True,True,True,True,True,0.0999474450696887,0.9910037582632172,True,NORMAL,NORMAL,IN_CONTROL
8,6,4,199.06459896611267,1.000700659483437,0.9910037582632172,1.0243010546370408,5.036369815034297,0.1000250952954216,10.09400220002323,0.77819262980239,43.93339483163332,3.013760252273463,0.2022729103026431,5.161563312590782,12.088044442968853,297.814920931564,0.9400220002322968,True,True,True,True,True,True,True,0.1000250952954216,0.9910037582632172,True,NORMAL,NORMAL,IN_CONTROL
8,6,5,199.06459896611267,1.000700659483437,0.9910037582632172,1.0243010546370408,5.036369815034297,0.0996708700200747,10.139557902971058,0.77819262980239,43.93339483163332,3.013760252273463,0.2022729103026431,5.161563312590782,12.088044442968853,297.814920931564,1.3955790297105786,True,True,True,True,True,True,True,0.0996708700200747,0.9910037582632172,True,NORMAL,NORMAL,IN_CONTROL
8,7,1,199.06459896611267,1.000700659483437,0.9910037582632172,1.0243010546370408,5.036369815034297,0.0991210932598981,10.133907854251769,0.8061934065059767,45.435085849574165,3.0092247907277376,0.2019913219482055,4.741606733835215,12.088044442968853,297.814920931564,1.3390785425176865,True,True,True,True,True,True,True,0.0991210932598981,0.9910037582632172,True,NORMAL,NORMAL,IN_CONTROL
8,7,2,199.06459896611267,1.000700659483437,0.9910037582632172,1.0243010546370408,5.036369815034297,0.0991129614790062,10.102911455232077,0.8061934065059767,45.435085849574165,3.0092247907277376,0.2019913219482055,4.741606733835215,12.088044442968853,297.814920931564,1.0291145523207668,True,True,True,True,True,True,True,0.0991129614790062,0.9910037582632172,True,NORMAL,NORMAL,IN_CONTROL
8,7,3,199.06459896611267,1.000700659483437,0.9910037582632172,1.0243010546370408,5.036369815034297,0.099295056748532,10.084307110635676,0.8061934065059767,45.435085849574165,3.0092247907277376,0.2019913219482055,4.741606733835215,12.088044442968853,297.814920931564,0.8430711063567565,True,True,True,True,True,True,True,0.099295056748532,0.9910037582632172,True,NORMAL,NORMAL,IN_CONTROL
8,7,4,199.06459896611267,1.000700659483437,0.9910037582632172,1.0243010546370408,5.036369815034297,0.0988790766714916,10.10076675349729,0.8061934065059767,45.435085849574165,3.0092247907277376,0.2019913219482055,4.741606733835215,12.088044442968853,297.814920931564,1.0076675349728959,True,True,True,True,True,True,True,0.0988790766714916,0.9910037582632172,True,NORMAL,NORMAL,IN_CONTROL
8,7,5,199.06459896611267,1.000700659483437,0.9910037582632172,1.0243010546370408,5.036369815034297,0.0987661021051825,10.09822511225643,0.8061934065059767,45.435085849574165,3.0092247907277376,0.2019913219482055,4.741606733835215,12.088044442968853,297.814920931564,0.9822511225642927,True,True,True,True,True,True,True,0.0987661021051825,0.9910037582632172,True,NORMAL,NORMAL,IN_CONTROL
8,8,1,199.06459896611267,1.000700659483437,0.9910037582632172,1.0243010546370408,5.036369815034297,0.1002559629849956,10.092735585952324,0.8459032114584583,43.94889752591856,3.0145035788836827,0.1993481382493985,5.582338080217383,12.088044442968853,297.814920931564,0.9273558595232424,True,True,True,True,True,True,True,0.1002559629849956,0.9910037582632172,True,NORMAL,NORMAL,IN_CONTROL
8,8,2,199.06459896611267,1.000700659483437,0.9910037582632172,1.0243010546370408,5.036369815034297,0.099622034146137,10.137286317597734,0.8459032114584583,43.94889752591856,3.0145035788836827,0.1993481382493985,5.582338080217383,12.088044442968853,297.814920931564,1.3728631759773435,True,True,True,True,True,True,True,0.099622034146137,0.9910037582632172,True,NORMAL,NORMAL,IN_CONTROL
8,8,3,199.06459896611267,1.000700659483437,0.9910037582632172,1.0243010546370408,5.036369815034297,0.1001763288728103,10.150357370691168,0.8459032114584583,43.94889752591856,3.0145035788836827,0.1993481382493985,5.582338080217383,12.088044442968853,297.814920931564,1.5035737069116806,True,True,True,True,True,True,True,0.1001763288728103,0.9910037582632172,True,NORMAL,NORMAL,IN_CONTROL
8,8,4,199.06459896611267,1.000700659483437,0.9910037582632172,1.0243010546370408,5.036369815034297,0.0998860884440345,10.131265438629162,0.8459032114584583,43.94889752591856,3.0145035788836827,0.1993481382493985,5.582338080217383,12.088044442968853,297.814920931564,1.312654386291623,True,True,True,True,True,True,True,0.0998860884440345,0.9910037582632172,True,NORMAL,NORMAL,IN_CONTROL
8,8,5,199.06459896611267,1.000700659483437,0.9910037582632172,1.0243010546370408,5.036369815034297,0.0998148591398148,10.113232243350607,0.8459032114584583,43.94889752591856,3.0145035788836827,0.1993481382493985,5.582338080217383,12.088044442968853,297.814920931564,1.1323224335060722,True,True,True,True,True,True,True,0.0998148591398148,0.9910037582632172,True,NORMAL,NORMAL,IN_CONTROL
8,9,1,199.06459896611267,1.000700659483437,0.9910037582632172,1.0243010546370408,5.036369815034297,0.1007126268888231,10.118619769303882,0.8317901937522096,43.04624859226684,3.016059715140221,0.203368136720358,5.2594341969565415,12.088044442968853,297.814920931564,1.1861976930388174,True,True,True,True,True,True,True,0.1007126268888231,0.9910037582632172,True,NORMAL,NORMAL,IN_CONTROL
8,9,2,199.06459896611267,1.000700659483437,0.9910037582632172,1.0243010546370408,5.036369815034297,0.1005334472986782,10.093232895945045,0.8317901937522096,43.04624859226684,3.016059715140221,0.203368136720358,5.2594341969565415,12.088044442968853,297.814920931564,0.932328959450448,True,True,True,True,True,True,True,0.1005334472986782,0.9910037582632172,True,NORMAL,NORMAL,IN_CONTROL
8,9,3,199.06459896611267,1.000700659483437,0.9910037582632172,1.0243010546370408,5.036369815034297,0.1008649899113342,10.0825220594117,0.8317901937522096,43.04624859226684,3.016059715140221,0.203368136720358,5.2594341969565415,12.088044442968853,297.814920931564,0.8252205941169954,True,True,True,True,True,True,True,0.1008649899113342,0.9910037582632172,True,NORMAL,NORMAL,IN_CONTROL
8,9,4,199.06459896611267,1.000700659483437,0.9910037582632172,1.0243010546370408,5.036369815034297,0.1006619090165115,10.106052113342688,0.8317901937522096,43.04624859226684,3.016059715140221,0.203368136720358,5.2594341969565415,12.088044442968853,297.814920931564,1.0605211334268816,True,True,True,True,True,True,True,0.1006619090165115,0.9910037582632172,True,NORMAL,NORMAL,IN_CONTROL
8,9,5,199.06459896611267,1.000700659483437,0.9910037582632172,1.0243010546370408,5.036369815034297,0.1004197100869622,10.062507212518316,0.8317901937522096,43.04624859226684,3.016059715140221,0.203368136720358,5.2594341969565415,12.088044442968853,297.814920931564,0.6250721251831592,True,True,True,True,True,True,True,0.1004197100869622,0.9910037582632172,True,NORMAL,NORMAL,IN_CONTROL
8,10,1,199.06459896611267,1.000700659483437,0.9910037582632172,1.0243010546370408,5.036369815034297,0.0995961875379696,10.16477404638088,0.8371685175460722,42.56700678542887,3.0191311072400926,0.2001726015010096,5.184684020311597,12.088044442968853,297.814920931564,1.647740463808791,True,True,True,True,True,True,True,0.0995961875379696,0.9910037582632172,True,NORMAL,NORMAL,IN_CONTROL
8,10,2,199.06459896611267,1.000700659483437,0.9910037582632172,1.0243010546370408,5.036369815034297,0.0989632894523317,10.124777785618097,0.8371685175460722,42.56700678542887,3.0191311072400926,0.2001726015010096,5.184684020311597,12.088044442968853,297.814920931564,1.2477778561809671,True,True,True,True,True,True,True,0.0989632894523317,0.9910037582632172,True,NORMAL,NORMAL,IN_CONTROL
8,10,3,199.06459896611267,1.000700659483437,0.9910037582632172,1.0243010546370408,5.036369815034297,0.0992942249823358,10.124489409846037,0.8371685175460722,42.56700678542887,3.0191311072400926,0.2001726015010096,5.184684020311597,12.088044442968853,297.814920931564,1.2448940984603674,True,True,True,True,True,True,True,0.0992942249823358,0.9910037582632172,True,NORMAL,NORMAL,IN_CONTROL
8,10,4,199.06459896611267,1.000700659483437,0.9910037582632172,1.0243010546370408,5.036369815034297,0.0990226822642918,10.127836999115528,0.8371685175460722,42.56700678542887,3.0191311072400926,0.2001726015010096,5.184684020311597,12.088044442968853,297.814920931564,1.2783699911552837,True,True,True,True,True,True,True,0.0990226822642918,0.9910037582632172,True,NORMAL,NORMAL,IN_CONTROL
8,10,5,199.06459896611267,1.000700659483437,0.9910037582632172,1.0243010546370408,5.036369815034297,0.0991069925402595,10.151728368191575,0.8371685175460722,42.56700678542887,3.0191311072400926,0.2001726015010096,5.184684020311597,12.088044442968853,297.814920931564,1.5172836819157531,True,True,True,True,True,True,True,0.0991069925402595,0.9910037582632172,True,NORMAL,NORMAL,IN_CONTROL
9,1,1,203.449383639556,1.0027222769125652,1.026779775913371,1.0053597913406591,5.0962960573249445,0.0981277853574395,9.886762671250455,1.0400610371846115,54.09070364910397,3.0005367685953828,0.1803548223771494,4.286908395030972,12.224731681903918,294.4849910553885,-1.1323732874954473,True,True,True,True,True,True,True,0.0981277853574395,1.026779775913371,True,NORMAL,NORMAL,IN_CONTROL
9,1,2,203.449383639556,1.0027222769125652,1.026779775913371,1.0053597913406591,5.0962960573249445,0.0973817824515921,9.86756275013638,1.0400610371846115,54.09070364910397,3.0005367685953828,0.1803548223771494,4.286908395030972,12.224731681903918,294.4849910553885,-1.3243724986362082,True,True,True,True,True,True,True,0.0973817824515921,1.026779775913371,True,NORMAL,NORMAL,IN_CONTROL
9,1,3,203.449383639556,1.0027222769125652,1.026779775913371,1.0053597913406591,5.0962960573249445,0.0976339792347758,9.91448181369455,1.0400610371846115,54.09070364910397,3.0005367685953828,0.1803548223771494,4.286908395030972,12.224731681903918,294.4849910553885,-0.8551818630544972,True,True,True,True,True,True,True,0.0976339792347758,1.026779775913371,True,NORMAL,NORMAL,IN_CONTROL
9,1,4,203.449383639556,1.0027222769125652,1.026779775913371,1.0053597913406591,5.0962960573249445,0.097533361063479,9.897533648072226,1.0400610371846115,54.09070364910397,3.0005367685953828,0.1803548223771494,4.286908395030972,12.224731681903918,294.4849910553885,-1.0246635192777376,True,True,True,True,True,True,True,0.097533361063479,1.026779775913371,True,NORMAL,NORMAL,IN_CONTROL
9,1,5,203.449383639556,1.0027222769125652,1.026779775913371,1.0053597913406591,5.0962960573249445,0.0977322685914554,9.894071898909512,1.0400610371846115,54.09070364910397,3.0005367685953828,0.1803548223771494,4.286908395030972,12.224731681903918,294.4849910553885,-1.0592810109048756,True,True,True,True,True,True,True,0.0977322685914554,1.026779775913371,True,NORMAL,NORMAL,IN_CONTROL
9,2,1,203.449383639556,1.0027222769125652,1.026779775913371,1.0053597913406591,5.0962960573249445,0.0992940198877914,9.898328738113538,0.9955863858946328,53.29402770022748,3.0014975523464384,0.1852871873845867,4.315950918501272,12.224731681903918,294.4849910553885,-1.0167126188646236,True,True,True,True,True,True,True,0.0992940198877914,1.026779775913371,True,NORMAL,NORMAL,IN_CONTROL
9,2,2,203.449383639556,1.0027222769125652,1.026779775913371,1.0053597913406591,5.0962960573249445,0.0992843336952385,9.902325338366673,0.9955863858946328,53.29402770022748,3.0014975523464384,0.1852871873845867,4.315950918501272,12.224731681903918,294.4849910553885,-0.9767466163332729,True,True,True,True,True,True,True,0.0992843336952385,1.026779775913371,True,NORMAL,NORMAL,IN_CONTROL
9,2,3,203.449383639556,1.0027222769125652,1.026779775913371,1.0053597913406591,5.0962960573249445,0.0992705046376042,9.912377750974228,0.9955863858946328,53.29402770022748,3.0014975523464384,0.1852871873845867,4.315950918501272,12.224731681903918,294.4849910553885,-0.876222490257721,True,True,True,True,True,True,True,0.0992705046376042,1.026779775913371,True,NORMAL,NORMAL,IN_CONTROL
9,2,4,203.449383639556,1.0027222769125652,1.026779775913371,1.0053597913406591,5.0962960573249445,0.0992610865654713,9.91816149270961,0.9955863858946328,53.29402770022748,3.0014975523464384,0.1852871873845867,4.315950918501272,12.224731681903918,294.4849910553885,-0.8183850729039044,True,True,True,True,True,True,True,0.0992610865654713,1.026779775913371,True,NORMAL,NORMAL,IN_CONTROL
9,2,5,203.449383639556,1.0027222769125652,1.026779775913371,1.0053597913406591,5.0962960573249445,0.0994281492633854,9.899164619437991,0.9955863858946328,53.29402770022748,3.0014975523464384,0.1852871873845867,4.315950918501272,12.224731681903918,294.4849910553885,-1.0083538056200858,True,True,True,True,True,True,True,0.0994281492633854,1.026779775913371,True,NORMAL,NORMAL,IN_CONTROL
9,3,1,203.449383639556,1.0027222769125652,1.026779775913371,1.0053597913406591,5.0962960573249445,0.0991976893299675,9.973161615242512,1.0304244623248673,53.46437916846567,2.9900678857933585,0.1870066658802403,4.665030944973479,12.224731681903918,294.4849910553885,-0.2683838475748779,True,True,True,True,True,True,True,0.0991976893299675,1.026779775913371,True,NORMAL,NORMAL,IN_CONTROL
9,3,2,203.449383639556,1.0027222769125652,1.026779775913371,1.0053597913406591,5.0962960573249445,0.099445996952211,9.979380370424488,1.0304244623248673,53.46437916846567,2.9900678857933585,0.1870066658802403,4.665030944973479,12.224731681903918,294.4849910553885,-0.20619629575511664,True,True,True,True,True,True,True,0.099445996952211,1.026779775913371,True,NORMAL,NORMAL,IN_CONTROL
9,3,3,203.449383639556,1.0027222769125652,1.026779775913371,1.0053597913406591,5.0962960573249445,0.0986726174346794,9.941306482245626,1.0304244623248673,53.46437916846567,2.9900678857933585,0.1870066658802403,4.665030944973479,12.224731681903918,294.4849910553885,-0.5869351775437437,True,True,True,True,True,True,True,0.0986726174346794,1.026779775913371,True,NORMAL,NORMAL,IN_CONTROL
9,3,4,203.449383639556,1.0027222769125652,1.026779775913371,1.0053597913406591,5.0962960573249445,0.0989628524106474,9.974327417709755,1.0304244623248673,53.46437916846567,2.9900678857933585,0.1870066658802403,4.665030944973479,12.224731681903918,294.4849910553885,-0.25672582290244605,True,True,True,True,True,True,True,0.0989628524106474,1.026779775913371,True,NORMAL,NORMAL,IN_CONTROL
9,3,5,203.449383639556,1.0027222769125652,1.026779775913371,1.0053597913406591,5.0962960573249445,0.0990827630622511,9.99080580285138,1.0304244623248673,53.46437916846567,2.9900678857933585,0.1870066658802403,4.665030944973479,12.224731681903918,294.4849910553885,-0.0919419714862002,True,True,True,True,True,True,True,0.0990827630622511,1.026779775913371,True,NORMAL,NORMAL,IN_CONTROL
9,4,1,203.449383639556,1.0027222769125652,1.026779775913371,1.0053597913406591,5.0962960573249445,0.0978475557622414,9.891811114430878,0.9542861958122818,52.73153419011303,2.999661926893685,0.1858626785198173,4.506295539880196,12.224731681903918,294.4849910553885,-1.081888855691222,True,True,True,True,True,True,True,0.0978475557622414,1.026779775913371,True,NORMAL,NORMAL,IN_CONTROL
9,4,2,203.449383639556,1.0027222769125652,1.026779775913371,1.0053597913406591,5.0962960573249445,0.0980838567633959,9.84244259058521,0.9542861958122818,52.73153419011303,2.999661926893685,0.1858626785198173,4.506295539880196,12.224731681903918,294.4849910553885,-1.5755740941479068,True,True,True,True,True,True,True,0.0980838567633959,1.026779775913371,True,NORMAL,NORMAL,IN_CONTROL
9,4,3,203.449383639556,1.0027222769125652,1.026779775913371,1.0053597913406591,5.0962960573249445,0.0979914897602953,9.882285219853024,0.9542861958122818,52.73153419011303,2.999661926893685,0.1858626785198173,4.506295539880196,12.224731681903918,294.4849910553885,-1.1771478014697578,True,True,True,True,True,True,True,0.0979914897602953,1.026779775913371,True,NORMAL,NORMAL,IN_CONTROL
9,4,4,203.449383639556,1.0027222769125652,1.026779775913371,1.0053597913406591,5.0962960573249445,0.0975492238603099,9.888596514253608,0.9542861958122818,52.73153419011303,2.999661926893685,0.1858626785198173,4.506295539880196,12.224731681903918,294.4849910553885,-1.114034857463917,True,True,True,True,True,True,True,0.0975492238603099,1.026779775913371,True,NORMAL,NORMAL,IN_CONTROL
9,4,5,203.449383639556,1.0027222769125652,1.026779775913371,1.0053597913406591,5.0962960573249445,0.0976108439633056,9.90381158574977,0.9542861958122818,52.73153419011303,2.999661926893685,0.1858626785198173,4.506295539880196,12.224731681903918,294.4849910553885,-0.9618841425023028,True,True,True,True,True,True,True,0.0976108439633056,1.026779775913371,True,NORMAL,NORMAL,IN_CONTROL
9,5,1,203.449383639556,1.0027222769125652,1.026779775913371,1.0053597913406591,5.0962960573249445,0.0979723603646725,9.952455298813945,1.0088685357830975,54.48202837412128,2.999299348415003,0.1896558344645614,4.360815483600331,12.224731681903918,294.4849910553885,-0.4754470118605525,True,True,True,True,True,True,True,0.0979723603646725,1.026779775913371,True,NORMAL,NORMAL,IN_CONTROL
9,5,2,203.449383639556,1.0027222769125652,1.026779775913371,1.0053597913406591,5.0962960573249445,0.0970289838349237,9.950488871698727,1.0088685357830975,54.48202837412128,2.999299348415003,0.1896558344645614,4.360815483600331,12.224731681903918,294.4849910553885,-0.4951112830127257,True,True,True,True,True,True,True,0.0970289838349237,1.026779775913371,True,NORMAL,NORMAL,IN_CONTROL
9,5,3,203.449383639556,1.0027222769125652,1.026779775913371,1.0053597913406591,5.0962960573249445,0.0977285627858032,9.94202922773186,1.0088685357830975,54.48202837412128,2.999299348415003,0.1896558344645614,4.360815483600331,12.224731681903918,294.4849910553885,-0.5797077226814018,True,True,True,True,True,True,True,0.0977285627858032,1.026779775913371,True,NORMAL,NORMAL,IN_CONTROL
9,5,4,203.449383639556,1.0027222769125652,1.026779775913371,1.0053597913406591,5.0962960573249445,0.0970930877921221,9.959927792348433,1.0088685357830975,54.48202837412128,2.999299348415003,0.1896558344645614,4.360815483600331,12.224731681903918,294.4849910553885,-0.4007220765156738,True,True,True,True,True,True,True,0.0970930877921221,1.026779775913371,True,NORMAL,NORMAL,IN_CONTROL
9,5,5,203.449383639556,1.0027222769125652,1.026779775913371,1.0053597913406591,5.0962960573249445,0.097388688862432,9.94320725004232,1.0088685357830975,54.48202837412128,2.999299348415003,0.1896558344645614,4.360815483600331,12.224731681903918,294.4849910553885,-0.5679274995767969,True,True,True,True,True,True,True,0.097388688862432,1.026779775913371,True,NORMAL,NORMAL,IN_CONTROL
9,6,1,203.449383639556,1.0027222769125652,1.026779775913371,1.0053597913406591,5.0962960573249445,0.0978543298454539,9.91497603137222,1.0179253431576147,52.237049242136415,3.0044615138288164,0.1895634305821338,4.2946755231477285,12.224731681903918,294.4849910553885,-0.8502396862778029,True,True,True,True,True,True,True,0.0978543298454539,1.026779775913371,True,NORMAL,NORMAL,IN_CONTROL
9,6,2,203.449383639556,1.0027222769125652,1.026779775913371,1.0053597913406591,5.0962960573249445,0.0974683029271919,9.908658430087293,1.0179253431576147,52.237049242136415,3.0044615138288164,0.1895634305821338,4.2946755231477285,12.224731681903918,294.4849910553885,-0.9134156991270714,True,True,True,True,True,True,True,0.0974683029271919,1.026779775913371,True,NORMAL,NORMAL,IN_CONTROL
9,6,3,203.449383639556,1.0027222769125652,1.026779775913371,1.0053597913406591,5.0962960573249445,0.0976219086026507,9.906818425856292,1.0179253431576147,52.237049242136415,3.0044615138288164,0.1895634305821338,4.2946755231477285,12.224731681903918,294.4849910553885,-0.9318157414370809,True,True,True,True,True,True,True,0.0976219086026507,1.026779775913371,True,NORMAL,NORMAL,IN_CONTROL
9,6,4,203.449383639556,1.0027222769125652,1.026779775913371,1.0053597913406591,5.0962960573249445,0.097860970419561,9.903496156032242,1.0179253431576147,52.237049242136415,3.0044615138288164,0.1895634305821338,4.2946755231477285,12.224731681903918,294.4849910553885,-0.9650384396775813,True,True,True,True,True,True,True,0.097860970419561,1.026779775913371,True,NORMAL,NORMAL,IN_CONTROL
9,6,5,203.449383639556,1.0027222769125652,1.026779775913371,1.0053597913406591,5.0962960573249445,0.0973362230616027,9.93166911579436,1.0179253431576147,52.237049242136415,3.0044615138288164,0.1895634305821338,4.2946755231477285,12.224731681903918,294.4849910553885,-0.6833088420563982,True,True,True,True,True,True,True,0.0973362230616027,1.026779775913371,True,NORMAL,NORMAL,IN_CONTROL
9,7,1,203.449383639556,1.0027222769125652,1.026779775913371,1.0053597913406591,5.0962960573249445,0.0980728785751974,9.947775444044892,1.0470217369673032,52.95272095929236,2.993335851130349,0.1833488987525915,4.324955058675219,12.224731681903918,294.4849910553885,-0.5222455595510844,True,True,True,True,True,True,True,0.0980728785751974,1.026779775913371,True,NORMAL,NORMAL,IN_CONTROL
9,7,2,203.449383639556,1.0027222769125652,1.026779775913371,1.0053597913406591,5.0962960573249445,0.0990940213880966,9.937598841501917,1.0470217369673032,52.95272095929236,2.993335851130349,0.1833488987525915,4.324955058675219,12.224731681903918,294.4849910553885,-0.6240115849808348,True,True,True,True,True,True,True,0.0990940213880966,1.026779775913371,True,NORMAL,NORMAL,IN_CONTROL
9,7,3,203.449383639556,1.0027222769125652,1.026779775913371,1.0053597913406591,5.0962960573249445,0.0989021955353182,9.93016809226966,1.0470217369673032,52.95272095929236,2.993335851130349,0.1833488987525915,4.324955058675219,12.224731681903918,294.4849910553885,-0.6983190773033954,True,True,True,True,True,True,True,0.0989021955353182,1.026779775913371,True,NORMAL,NORMAL,IN_CONTROL
9,7,4,203.449383639556,1.0027222769125652,1.026779775913371,1.0053597913406591,5.0962960573249445,0.0987013249267273,9.921973178998089,1.0470217369673032,52.95272095929236,2.993335851130349,0.1833488987525915,4.324955058675219,12.224731681903918,294.4849910553885,-0.7802682100191127,True,True,True,True,True,True,True,0.0987013249267273,1.026779775913371,True,NORMAL,NORMAL,IN_CONTROL
9,7,5,203.449383639556,1.0027222769125652,1.026779775913371,1.0053597913406591,5.0962960573249445,0.0980338317939847,9.908298515813057,1.0470217369673032,52.95272095929236,2.993335851130349,0.1833488987525915,4.324955058675219,12.224731681903918,294.4849910553885,-0.9170148418694346,True,True,True,True,True,True,True,0.0980338317939847,1.026779775913371,True,NORMAL,NORMAL,IN_CONTROL
9,8,1,203.449383639556,1.0027222769125652,1.026779775913371,1.0053597913406591,5.0962960573249445,0.0982608490062377,9.965435828547404,1.0231106410510962,51.57921747412575,2.9935539990145874,0.1866145535488792,4.193803647671745,12.224731681903918,294.4849910553885,-0.34564171452595716,True,True,True,True,True,True,True,0.0982608490062377,1.026779775913371,True,NORMAL,NORMAL,IN_CONTROL
9,8,2,203.449383639556,1.0027222769125652,1.026779775913371,1.0053597913406591,5.0962960573249445,0.0981966677178224,9.9645824536271,1.0231106410510962,51.57921747412575,2.9935539990145874,0.1866145535488792,4.193803647671745,12.224731681903918,294.4849910553885,-0.3541754637289962,True,True,True,True,True,True,True,0.0981966677178224,1.026779775913371,True,NORMAL,NORMAL,IN_CONTROL
9,8,3,203.449383639556,1.0027222769125652,1.026779775913371,1.0053597913406591,5.0962960573249445,0.0978048093498304,9.983360419193788,1.0231106410510962,51.57921747412575,2.9935539990145874,0.1866145535488792,4.193803647671745,12.224731681903918,294.4849910553885,-0.1663958080621164,True,True,True,True,True,True,True,0.0978048093498304,1.026779775913371,True,NORMAL,NORMAL,IN_CONTROL
9,8,4,203.449383639556,1.0027222769125652,1.026779775913371,1.0053597913406591,5.0962960573249445,0.0984648944266997,9.958968351911109,1.0231106410510962,51.57921747412575,2.9935539990145874,0.1866145535488792,4.193803647671745,12.224731681903918,294.4849910553885,-0.4103164808889126,True,True,True,True,True,True,True,0.0984648944266997,1.026779775913371,True,NORMAL,NORMAL,IN_CONTROL
9,8,5,203.449383639556,1.0027222769125652,1.026779775913371,1.0053597913406591,5.0962960573249445,0.0976985583857405,9.97868088607154,1.0231106410510962,51.57921747412575,2.9935539990145874,0.1866145535488792,4.193803647671745,12.224731681903918,294.4849910553885,-0.21319113928459643,True,True,True,True,True,True,True,0.0976985583857405,1.026779775913371,True,NORMAL,NORMAL,IN_CONTROL
9,9,1,203.449383639556,1.0027222769125652,1.026779775913371,1.0053597913406591,5.0962960573249445,0.0999868067131038,9.918636368538955,1.052018849557171,53.16092275887572,2.999515424062834,0.1859846638720398,4.369673581635547,12.224731681903918,294.4849910553885,-0.8136363146104487,True,True,True,True,True,True,True,0.0999868067131038,1.026779775913371,True,NORMAL,NORMAL,IN_CONTROL
9,9,2,203.449383639556,1.0027222769125652,1.026779775913371,1.0053597913406591,5.0962960573249445,0.0997961588408691,9.923562432094736,1.052018849557171,53.16092275887572,2.999515424062834,0.1859846638720398,4.369673581635547,12.224731681903918,294.4849910553885,-0.7643756790526446,True,True,True,True,True,True,True,0.0997961588408691,1.026779775913371,True,NORMAL,NORMAL,IN_CONTROL
9,9,3,203.449383639556,1.0027222769125652,1.026779775913371,1.0053597913406591,5.0962960573249445,0.1008738536939418,9.930312596108177,1.052018849557171,53.16092275887572,2.999515424062834,0.1859846638720398,4.369673581635547,12.224731681903918,294.4849910553885,-0.6968740389182315,True,True,True,True,True,True,True,0.1008738536939418,1.026779775913371,True,NORMAL,NORMAL,IN_CONTROL
9,9,4,203.449383639556,1.0027222769125652,1.026779775913371,1.0053597913406591,5.0962960573249445,0.1000967840566742,9.895944662640808,1.052018849557171,53.16092275887572,2.999515424062834,0.1859846638720398,4.369673581635547,12.224731681903918,294.4849910553885,-1.0405533735919192,True,True,True,True,True,True,True,0.1000967840566742,1.026779775913371,True,NORMAL,NORMAL,IN_CONTROL
9,9,5,203.449383639556,1.0027222769125652,1.026779775913371,1.0053597913406591,5.0962960573249445,0.100172801072673,9.9110782444984,1.052018849557171,53.16092275887572,2.999515424062834,0.1859846638720398,4.369673581635547,12.224731681903918,294.4849910553885,-0.8892175550159997,True,True,True,True,True,True,True,0.100172801072673,1.026779775913371,True,NORMAL,NORMAL,IN_CONTROL
9,10,1,203.449383639556,1.0027222769125652,1.026779775913371,1.0053597913406591,5.0962960573249445,0.0998459202486809,9.938674733829934,1.0720416736964624,53.15808084516413,3.006264108972078,0.180103172967797,4.594692755550054,12.224731681903918,294.4849910553885,-0.6132526617006562,True,True,True,True,True,True,True,0.0998459202486809,1.026779775913371,True,NORMAL,NORMAL,IN_CONTROL
9,10,2,203.449383639556,1.0027222769125652,1.026779775913371,1.0053597913406591,5.0962960573249445,0.0992733362774758,9.914910749821958,1.0720416736964624,53.15808084516413,3.006264108972078,0.180103172967797,4.594692755550054,12.224731681903918,294.4849910553885,-0.8508925017804181,True,True,True,True,True,True,True,0.0992733362774758,1.026779775913371,True,NORMAL,NORMAL,IN_CONTROL
9,10,3,203.449383639556,1.0027222769125652,1.026779775913371,1.0053597913406591,5.0962960573249445,0.0995174558751561,9.935260873200937,1.0720416736964624,53.15808084516413,3.006264108972078,0.180103172967797,4.594692755550054,12.224731681903918,294.4849910553885,-0.6473912679906313,True,True,True,True,True,True,True,0.0995174558751561,1.026779775913371,True,NORMAL,NORMAL,IN_CONTROL
9,10,4,203.449383639556,1.0027222769125652,1.026779775913371,1.0053597913406591,5.0962960573249445,0.0998479217902363,9.937304063796065,1.0720416736964624,53.15808084516413,3.006264108972078,0.180103172967797,4.594692755550054,12.224731681903918,294.4849910553885,-0.6269593620393543,True,True,True,True,True,True,True,0.0998479217902363,1.026779775913371,True,NORMAL,NORMAL,IN_CONTROL
9,10,5,203.449383639556,1.0027222769125652,1.026779775913371,1.0053597913406591,5.0962960573249445,0.0998147129634725,9.906785317679542,1.0720416736964624,53.15808084516413,3.006264108972078,0.180103172967797,4.594692755550054,12.224731681903918,294.4849910553885,-0.9321468232045761,True,True,True,True,True,True,True,0.0998147129634725,1.026779775913371,True,NORMAL,NORMAL,IN_CONTROL
10,1,1,200.0124228649369,0.9938865441662637,0.9779332714842266,1.007545730025653,4.7585892148968965,0.1022164361716124,9.839572373424383,1.0203655420848248,49.25686350649308,3.0163608401095856,0.1935119170381047,4.725232461141049,11.502657431303671,312.9711565783793,-1.604276265756166,True,True,True,True,True,True,True,0.1022164361716124,0.9779332714842266,True,NORMAL,NORMAL,IN_CONTROL
10,1,2,200.0124228649369,0.9938865441662637,0.9779332714842266,1.007545730025653,4.7585892148968965,0.1027069827717339,9.867518266087488,1.0203655420848248,49.25686350649308,3.0163608401095856,0.1935119170381047,4.725232461141049,11.502657431303671,312.9711565783793,-1.324817339125115,True,True,True,True,True,True,True,0.1027069827717339,0.9779332714842266,True,NORMAL,NORMAL,IN_CONTROL
10,1,3,200.0124228649369,0.9938865441662637,0.9779332714842266,1.007545730025653,4.7585892148968965,0.1019600986045496,9.849334598928523,1.0203655420848248,49.25686350649308,3.0163608401095856,0.1935119170381047,4.725232461141049,11.502657431303671,312.9711565783793,-1.5066540107147652,True,True,True,True,True,True,True,0.1019600986045496,0.9779332714842266,True,NORMAL,NORMAL,IN_CONTROL
10,1,4,200.0124228649369,0.9938865441662637,0.9779332714842266,1.007545730025653,4.7585892148968965,0.1023483141239492,9.892226690267014,1.0203655420848248,49.25686350649308,3.0163608401095856,0.1935119170381047,4.725232461141049,11.502657431303671,312.9711565783793,-1.0777330973298582,True,True,True,True,True,True,True,0.1023483141239492,0.9779332714842266,True,NORMAL,NORMAL,IN_CONTROL
10,1,5,200.0124228649369,0.9938865441662637,0.9779332714842266,1.007545730025653,4.7585892148968965,0.1020580874603738,9.855312029491836,1.0203655420848248,49.25686350649308,3.0163608401095856,0.1935119170381047,4.725232461141049,11.502657431303671,312.9711565783793,-1.4468797050816384,True,True,True,True,True,True,True,0.1020580874603738,0.9779332714842266,True,NORMAL,NORMAL,IN_CONTROL
10,2,1,200.0124228649369,0.9938865441662637,0.9779332714842266,1.007545730025653,4.7585892148968965,0.1007136404435979,9.877320206527632,0.9833162199298532,49.5531730853155,3.0095528103330245,0.1986188186654653,4.736687320056837,11.502657431303671,312.9711565783793,-1.2267979347236846,True,True,True,True,True,True,True,0.1007136404435979,0.9779332714842266,True,NORMAL,NORMAL,IN_CONTROL
10,2,2,200.0124228649369,0.9938865441662637,0.9779332714842266,1.007545730025653,4.7585892148968965,0.1013075132221712,9.895341864395306,0.9833162199298532,49.5531730853155,3.0095528103330245,0.1986188186654653,4.736687320056837,11.502657431303671,312.9711565783793,-1.0465813560469428,True,True,True,True,True,True,True,0.1013075132221712,0.9779332714842266,True,NORMAL,NORMAL,IN_CONTROL
10,2,3,200.0124228649369,0.9938865441662637,0.9779332714842266,1.007545730025653,4.7585892148968965,0.1011139755767219,9.869930501831826,0.9833162199298532,49.5531730853155,3.0095528103330245,0.1986188186654653,4.736687320056837,11.502657431303671,312.9711565783793,-1.3006949816817404,True,True,True,True,True,True,True,0.1011139755767219,0.9779332714842266,True,NORMAL,NORMAL,IN_CONTROL
10,2,4,200.0124228649369,0.9938865441662637,0.9779332714842266,1.007545730025653,4.7585892148968965,0.10089053267244,9.858449322336206,0.9833162199298532,49.5531730853155,3.0095528103330245,0.1986188186654653,4.736687320056837,11.502657431303671,312.9711565783793,-1.4155067766379403,True,True,True,True,True,True,True,0.10089053267244,0.9779332714842266,True,NORMAL,NORMAL,IN_CONTROL
10,2,5,200.0124228649369,0.9938865441662637,0.9779332714842266,1.007545730025653,4.7585892148968965,0.1015666819544574,9.872719876442869,0.9833162199298532,49.5531730853155,3.0095528103330245,0.1986188186654653,4.736687320056837,11.502657431303671,312.9711565783793,-1.2728012355713147,True,True,True,True,True,True,True,0.1015666819544574,0.9779332714842266,True,NORMAL,NORMAL,IN_CONTROL
10,3,1,200.0124228649369,0.9938865441662637,0.9779332714842266,1.007545730025653,4.7585892148968965,0.1010701772349119,9.838413796218342,0.9881271469235504,49.89044104886811,3.016836094698689,0.2008326181101393,4.553393115239364,11.502657431303671,312.9711565783793,-1.61586203781658,True,True,True,True,True,True,True,0.1010701772349119,0.9779332714842266,True,NORMAL,NORMAL,IN_CONTROL
10,3,2,200.0124228649369,0.9938865441662637,0.9779332714842266,1.007545730025653,4.7585892148968965,0.1011100439531176,9.853807636223964,0.9881271469235504,49.89044104886811,3.016836094698689,0.2008326181101393,4.553393115239364,11.502657431303671,312.9711565783793,-1.4619236377603606,True,True,True,True,True,True,True,0.1011100439531176,0.9779332714842266,True,NORMAL,NORMAL,IN_CONTROL
10,3,3,200.0124228649369,0.9938865441662637,0.9779332714842266,1.007545730025653,4.7585892148968965,0.1013450314948636,9.867743507694438,0.9881271469235504,49.89044104886811,3.016836094698689,0.2008326181101393,4.553393115239364,11.502657431303671,312.9711565783793,-1.3225649230556158,True,True,True,True,True,True,True,0.1013450314948636,0.9779332714842266,True,NORMAL,NORMAL,IN_CONTROL
10,3,4,200.0124228649369,0.9938865441662637,0.9779332714842266,1.007545730025653,4.7585892148968965,0.1009634475657799,9.8968018396983,0.9881271469235504,49.89044104886811,3.016836094698689,0.2008326181101393,4.553393115239364,11.502657431303671,312.9711565783793,-1.0319816030169982,True,True,True,True,True,True,True,0.1009634475657799,0.9779332714842266,True,NORMAL,NORMAL,IN_CONTROL
10,3,5,200.0124228649369,0.9938865441662637,0.9779332714842266,1.007545730025653,4.7585892148968965,0.1011463760372693,9.86468768752966,0.9881271469235504,49.89044104886811,3.016836094698689,0.2008326181101393,4.553393115239364,11.502657431303671,312.9711565783793,-1.3531231247034015,True,True,True,True,True,True,True,0.1011463760372693,0.9779332714842266,True,NORMAL,NORMAL,IN_CONTROL
10,4,1,200.0124228649369,0.9938865441662637,0.9779332714842266,1.007545730025653,4.7585892148968965,0.1010365405455224,9.88117400827693,0.9345154917631694,49.879319604804266,3.027057609520779,0.1968531334147553,4.701285437750323,11.502657431303671,312.9711565783793,-1.1882599172306918,True,True,True,True,True,True,True,0.1010365405455224,0.9779332714842266,True,NORMAL,NORMAL,IN_CONTROL
10,4,2,200.0124228649369,0.9938865441662637,0.9779332714842266,1.007545730025653,4.7585892148968965,0.1004030056744139,9.857408547417418,0.9345154917631694,49.879319604804266,3.027057609520779,0.1968531334147553,4.701285437750323,11.502657431303671,312.9711565783793,-1.4259145258258243,True,True,True,True,True,True,True,0.1004030056744139,0.9779332714842266,True,NORMAL,NORMAL,IN_CONTROL
10,4,3,200.0124228649369,0.9938865441662637,0.9779332714842266,1.007545730025653,4.7585892148968965,0.1010517760726118,9.875492210236136,0.9345154917631694,49.879319604804266,3.027057609520779,0.1968531334147553,4.701285437750323,11.502657431303671,312.9711565783793,-1.2450778976386445,True,True,True,True,True,True,True,0.1010517760726118,0.9779332714842266,True,NORMAL,NORMAL,IN_CONTROL
10,4,4,200.0124228649369,0.9938865441662637,0.9779332714842266,1.007545730025653,4.7585892148968965,0.1011237056086138,9.851019464927017,0.9345154917631694,49.879319604804266,3.027057609520779,0.1968531334147553,4.701285437750323,11.502657431303671,312.9711565783793,-1.4898053507298314,True,True,True,True,True,True,True,0.1011237056086138,0.9779332714842266,True,NORMAL,NORMAL,IN_CONTROL
10,4,5,200.0124228649369,0.9938865441662637,0.9779332714842266,1.007545730025653,4.7585892148968965,0.1009271987561958,9.857368291621894,0.9345154917631694,49.879319604804266,3.027057609520779,0.1968531334147553,4.701285437750323,11.502657431303671,312.9711565783793,-1.4263170837810613,True,True,True,True,True,True,True,0.1009271987561958,0.9779332714842266,True,NORMAL,NORMAL,IN_CONTROL
10,5,1,200.0124228649369,0.9938865441662637,0.9779332714842266,1.007545730025653,4.7585892148968965,0.0996197260231486,9.900052366489737,1.0356960915916107,48.24480732489784,3.014229565167632,0.2039822868920608,4.862750863512709,11.502657431303671,312.9711565783793,-0.9994763351026315,True,True,True,True,True,True,True,0.0996197260231486,0.9779332714842266,True,NORMAL,NORMAL,IN_CONTROL
10,5,2,200.0124228649369,0.9938865441662637,0.9779332714842266,1.007545730025653,4.7585892148968965,0.0999238676821747,9.89074456692332,1.0356960915916107,48.24480732489784,3.014229565167632,0.2039822868920608,4.862750863512709,11.502657431303671,312.9711565783793,-1.092554330766795,True,True,True,True,True,True,True,0.0999238676821747,0.9779332714842266,True,NORMAL,NORMAL,IN_CONTROL
10,5,3,200.0124228649369,0.9938865441662637,0.9779332714842266,1.007545730025653,4.7585892148968965,0.0998746238089112,9.899160293086984,1.0356960915916107,48.24480732489784,3.014229565167632,0.2039822868920608,4.862750863512709,11.502657431303671,312.9711565783793,-1.008397069130158,True,True,True,True,True,True,True,0.0998746238089112,0.9779332714842266,True,NORMAL,NORMAL,IN_CONTROL
10,5,4,200.0124228649369,0.9938865441662637,0.9779332714842266,1.007545730025653,4.7585892148968965,0.0998375725548874,9.898145353476504,1.0356960915916107,48.24480732489784,3.014229565167632,0.2039822868920608,4.862750863512709,11.502657431303671,312.9711565783793,-1.0185464652349552,True,True,True,True,True,True,True,0.0998375725548874,0.9779332714842266,True,NORMAL,NORMAL,IN_CONTROL
10,5,5,200.0124228649369,0.9938865441662637,0.9779332714842266,1.007545730025653,4.7585892148968965,0.0997469318651507,9.877192788822182,1.0356960915916107,48.24480732489784,3.014229565167632,0.2039822868920608,4.862750863512709,11.502657431303671,312.9711565783793,-1.2280721117781823,True,True,True,True,True,True,True,0.0997469318651507,0.9779332714842266,True,NORMAL,NORMAL,IN_CONTROL
10,6,1,200.0124228649369,0.9938865441662637,0.9779332714842266,1.007545730025653,4.7585892148968965,0.099484382629084,9.915271366307854,0.9985899676632196,48.82273955924539,3.0180998243563986,0.1970475487666606,4.927899134165076,11.502657431303671,312.9711565783793,-0.84728633692146,True,True,True,True,True,True,True,0.099484382629084,0.9779332714842266,True,NORMAL,NORMAL,IN_CONTROL
10,6,2,200.0124228649369,0.9938865441662637,0.9779332714842266,1.007545730025653,4.7585892148968965,0.0996455280219385,9.91771825463987,0.9985899676632196,48.82273955924539,3.0180998243563986,0.1970475487666606,4.927899134165076,11.502657431303671,312.9711565783793,-0.8228174536012923,True,True,True,True,True,True,True,0.0996455280219385,0.9779332714842266,True,NORMAL,NORMAL,IN_CONTROL
10,6,3,200.0124228649369,0.9938865441662637,0.9779332714842266,1.007545730025653,4.7585892148968965,0.0999720692848493,9.899167625569053,0.9985899676632196,48.82273955924539,3.0180998243563986,0.1970475487666606,4.927899134165076,11.502657431303671,312.9711565783793,-1.0083237443094717,True,True,True,True,True,True,True,0.0999720692848493,0.9779332714842266,True,NORMAL,NORMAL,IN_CONTROL
10,6,4,200.0124228649369,0.9938865441662637,0.9779332714842266,1.007545730025653,4.7585892148968965,0.100145780323714,9.90043456258954,0.9985899676632196,48.82273955924539,3.0180998243563986,0.1970475487666606,4.927899134165076,11.502657431303671,312.9711565783793,-0.9956543741045997,True,True,True,True,True,True,True,0.100145780323714,0.9779332714842266,True,NORMAL,NORMAL,IN_CONTROL
10,6,5,200.0124228649369,0.9938865441662637,0.9779332714842266,1.007545730025653,4.7585892148968965,0.0996922396130397,9.896232253329856,0.9985899676632196,48.82273955924539,3.0180998243563986,0.1970475487666606,4.927899134165076,11.502657431303671,312.9711565783793,-1.0376774667014388,True,True,True,True,True,True,True,0.0996922396130397,0.9779332714842266,True,NORMAL,NORMAL,IN_CONTROL
10,7,1,200.0124228649369,0.9938865441662637,0.9779332714842266,1.007545730025653,4.7585892148968965,0.100167219923181,9.86221707937252,1.0372523796758324,50.271289781626535,3.0260927919794685,0.2050163809215588,4.461096521790576,11.502657431303671,312.9711565783793,-1.3778292062747965,True,True,True,True,True,True,True,0.100167219923181,0.9779332714842266,True,NORMAL,NORMAL,IN_CONTROL
10,7,2,200.0124228649369,0.9938865441662637,0.9779332714842266,1.007545730025653,4.7585892148968965,0.1003310552650973,9.84967329358334,1.0372523796758324,50.271289781626535,3.0260927919794685,0.2050163809215588,4.461096521790576,11.502657431303671,312.9711565783793,-1.5032670641666002,True,True,True,True,True,True,True,0.1003310552650973,0.9779332714842266,True,NORMAL,NORMAL,IN_CONTROL
10,7,3,200.0124228649369,0.9938865441662637,0.9779332714842266,1.007545730025653,4.7585892148968965,0.1002045138363045,9.845538271769868,1.0372523796758324,50.271289781626535,3.0260927919794685,0.2050163809215588,4.461096521790576,11.502657431303671,312.9711565783793,-1.5446172823013171,True,True,True,True,True,True,True,0.1002045138363045,0.9779332714842266,True,NORMAL,NORMAL,IN_CONTROL
10,7,4,200.0124228649369,0.9938865441662637,0.9779332714842266,1.007545730025653,4.7585892148968965,0.1001550644926581,9.859041235959143,1.0372523796758324,50.271289781626535,3.0260927919794685,0.2050163809215588,4.461096521790576,11.502657431303671,312.9711565783793,-1.4095876404085672,True,True,True,True,True,True,True,0.1001550644926581,0.9779332714842266,True,NORMAL,NORMAL,IN_CONTROL
10,7,5,200.0124228649369,0.9938865441662637,0.9779332714842266,1.007545730025653,4.7585892148968965,0.1002447539569487,9.873631998868264,1.0372523796758324,50.271289781626535,3.0260927919794685,0.2050163809215588,4.461096521790576,11.502657431303671,312.9711565783793,-1.2636800113173585,True,True,True,True,True,True,True,0.1002447539569487,0.9779332714842266,True,NORMAL,NORMAL,IN_CONTROL
10,8,1,200.0124228649369,0.9938865441662637,0.9779332714842266,1.007545730025653,4.7585892148968965,0.1006746835194039,9.943783346357028,1.0064371622669095,48.3471523035502,3.0260735310000464,0.2015719503522698,4.708191878468509,11.502657431303671,312.9711565783793,-0.5621665364297179,True,True,True,True,True,True,True,0.1006746835194039,0.9779332714842266,True,NORMAL,NORMAL,IN_CONTROL
10,8,2,200.0124228649369,0.9938865441662637,0.9779332714842266,1.007545730025653,4.7585892148968965,0.1010501900351285,9.947151719250693,1.0064371622669095,48.3471523035502,3.0260735310000464,0.2015719503522698,4.708191878468509,11.502657431303671,312.9711565783793,-0.5284828074930736,True,True,True,True,True,True,True,0.1010501900351285,0.9779332714842266,True,NORMAL,NORMAL,IN_CONTROL
10,8,3,200.0124228649369,0.9938865441662637,0.9779332714842266,1.007545730025653,4.7585892148968965,0.1006401151676328,9.976006598675475,1.0064371622669095,48.3471523035502,3.0260735310000464,0.2015719503522698,4.708191878468509,11.502657431303671,312.9711565783793,-0.23993401324524655,True,True,True,True,True,True,True,0.1006401151676328,0.9779332714842266,True,NORMAL,NORMAL,IN_CONTROL
10,8,4,200.0124228649369,0.9938865441662637,0.9779332714842266,1.007545730025653,4.7585892148968965,0.1003164586624888,9.927498729626627,1.0064371622669095,48.3471523035502,3.0260735310000464,0.2015719503522698,4.708191878468509,11.502657431303671,312.9711565783793,-0.7250127037337251,True,True,True,True,True,True,True,0.1003164586624888,0.9779332714842266,True,NORMAL,NORMAL,IN_CONTROL
10,8,5,200.0124228649369,0.9938865441662637,0.9779332714842266,1.007545730025653,4.7585892148968965,0.1009753485636035,9.974191668027814,1.0064371622669095,48.3471523035502,3.0260735310000464,0.2015719503522698,4.708191878468509,11.502657431303671,312.9711565783793,-0.2580833197218624,True,True,True,True,True,True,True,0.1009753485636035,0.9779332714842266,True,NORMAL,NORMAL,IN_CONTROL
10,9,1,200.0124228649369,0.9938865441662637,0.9779332714842266,1.007545730025653,4.7585892148968965,0.0991433320584445,9.9090369789862,1.013323202213785,50.65800870449917,3.0092513943814967,0.1981897347637413,4.703897507722008,11.502657431303671,312.9711565783793,-0.9096302101380082,True,True,True,True,True,True,True,0.0991433320584445,0.9779332714842266,True,NORMAL,NORMAL,IN_CONTROL
10,9,2,200.0124228649369,0.9938865441662637,0.9779332714842266,1.007545730025653,4.7585892148968965,0.0996007889859884,9.90866621088009,1.013323202213785,50.65800870449917,3.0092513943814967,0.1981897347637413,4.703897507722008,11.502657431303671,312.9711565783793,-0.9133378911990953,True,True,True,True,True,True,True,0.0996007889859884,0.9779332714842266,True,NORMAL,NORMAL,IN_CONTROL
10,9,3,200.0124228649369,0.9938865441662637,0.9779332714842266,1.007545730025653,4.7585892148968965,0.0995299391874373,9.91130755203962,1.013323202213785,50.65800870449917,3.0092513943814967,0.1981897347637413,4.703897507722008,11.502657431303671,312.9711565783793,-0.8869244796037989,True,True,True,True,True,True,True,0.0995299391874373,0.9779332714842266,True,NORMAL,NORMAL,IN_CONTROL
10,9,4,200.0124228649369,0.9938865441662637,0.9779332714842266,1.007545730025653,4.7585892148968965,0.0996870687303608,9.906921720070654,1.013323202213785,50.65800870449917,3.0092513943814967,0.1981897347637413,4.703897507722008,11.502657431303671,312.9711565783793,-0.9307827992934569,True,True,True,True,True,True,True,0.0996870687303608,0.9779332714842266,True,NORMAL,NORMAL,IN_CONTROL
10,9,5,200.0124228649369,0.9938865441662637,0.9779332714842266,1.007545730025653,4.7585892148968965,0.0996076525862079,9.92008884465396,1.013323202213785,50.65800870449917,3.0092513943814967,0.1981897347637413,4.703897507722008,11.502657431303671,312.9711565783793,-0.799111553460392,True,True,True,True,True,True,True,0.0996076525862079,0.9779332714842266,True,NORMAL,NORMAL,IN_CONTROL
10,10,1,200.0124228649369,0.9938865441662637,0.9779332714842266,1.007545730025653,4.7585892148968965,0.1004543240865039,9.839581755633516,0.9466491552325426,50.11952861524269,3.017540256723793,0.1983325288896537,4.831739926347722,11.502657431303671,312.9711565783793,-1.6041824436648433,True,True,True,True,True,True,True,0.1004543240865039,0.9779332714842266,True,NORMAL,NORMAL,IN_CONTROL
10,10,2,200.0124228649369,0.9938865441662637,0.9779332714842266,1.007545730025653,4.7585892148968965,0.101044339190923,9.872541808060866,0.9466491552325426,50.11952861524269,3.017540256723793,0.1983325288896537,4.831739926347722,11.502657431303671,312.9711565783793,-1.2745819193913377,True,True,True,True,True,True,True,0.101044339190923,0.9779332714842266,True,NORMAL,NORMAL,IN_CONTROL
10,10,3,200.0124228649369,0.9938865441662637,0.9779332714842266,1.007545730025653,4.7585892148968965,0.1009078361249099,9.871007846682051,0.9466491552325426,50.11952861524269,3.017540256723793,0.1983325288896537,4.831739926347722,11.502657431303671,312.9711565783793,-1.2899215331794878,True,True,True,True,True,True,True,0.1009078361249099,0.9779332714842266,True,NORMAL,NORMAL,IN_CONTROL
10,10,4,200.0124228649369,0.9938865441662637,0.9779332714842266,1.007545730025653,4.7585892148968965,0.1013262659003589,9.878323012957832,0.9466491552325426,50.11952861524269,3.017540256723793,0.1983325288896537,4.831739926347722,11.502657431303671,312.9711565783793,-1.216769870421679,True,True,True,True,True,True,True,0.1013262659003589,0.9779332714842266,True,NORMAL,NORMAL,IN_CONTROL
10,10,5,200.0124228649369,0.9938865441662637,0.9779332714842266,1.007545730025653,4.7585892148968965,0.1009682257099402,9.87565302354857,0.9466491552325426,50.11952861524269,3.017540256723793,0.1983325288896537,4.831739926347722,11.502657431303671,312.9711565783793,-1.2434697645142911,True,True,True,True,True,True,True,0.1009682257099402,0.9779332714842266,True,NORMAL,NORMAL,IN_CONTROL
11,1,1,196.8384659185784,1.0230770862411138,1.018325929993264,1.0096683761797598,4.912035757263249,0.1011661883896938,10.021533997005266,1.142065148838382,47.45963312364713,2.9977011058677374,0.2066966028063773,5.326058184848391,11.852065820699522,303.7445163114631,0.215339970052657,True,True,True,True,True,True,True,0.1011661883896938,1.018325929993264,True,NORMAL,NORMAL,IN_CONTROL
11,1,2,196.8384659185784,1.0230770862411138,1.018325929993264,1.0096683761797598,4.912035757263249,0.1016060708268332,10.035257151067473,1.142065148838382,47.45963312364713,2.9977011058677374,0.2066966028063773,5.326058184848391,11.852065820699522,303.7445163114631,0.35257151067472847,True,True,True,True,True,True,True,0.1016060708268332,1.018325929993264,True,NORMAL,NORMAL,IN_CONTROL
11,1,3,196.8384659185784,1.0230770862411138,1.018325929993264,1.0096683761797598,4.912035757263249,0.1009492955935933,10.012552374303633,1.142065148838382,47.45963312364713,2.9977011058677374,0.2066966028063773,5.326058184848391,11.852065820699522,303.7445163114631,0.12552374303632874,True,True,True,True,True,True,True,0.1009492955935933,1.018325929993264,True,NORMAL,NORMAL,IN_CONTROL
11,1,4,196.8384659185784,1.0230770862411138,1.018325929993264,1.0096683761797598,4.912035757263249,0.1013521931860989,10.004418601184886,1.142065148838382,47.45963312364713,2.9977011058677374,0.2066966028063773,5.326058184848391,11.852065820699522,303.7445163114631,0.044186011848861284,True,True,True,True,True,True,True,0.1013521931860989,1.018325929993264,True,NORMAL,NORMAL,IN_CONTROL
11,1,5,196.8384659185784,1.0230770862411138,1.018325929993264,1.0096683761797598,4.912035757263249,0.1012270195855176,10.01825833782493,1.142065148838382,47.45963312364713,2.9977011058677374,0.2066966028063773,5.326058184848391,11.852065820699522,303.7445163114631,0.18258337824930138,True,True,True,True,True,True,True,0.1012270195855176,1.018325929993264,True,NORMAL,NORMAL,IN_CONTROL
11,2,1,196.8384659185784,1.0230770862411138,1.018325929993264,1.0096683761797598,4.912035757263249,0.1008105804331915,10.086268069019242,1.1316437605062275,47.07233231956441,2.99996375280732,0.2088981047134785,4.8895238172256,11.852065820699522,303.7445163114631,0.8626806901924234,True,True,True,True,True,True,True,0.1008105804331915,1.018325929993264,True,NORMAL,NORMAL,IN_CONTROL
11,2,2,196.8384659185784,1.0230770862411138,1.018325929993264,1.0096683761797598,4.912035757263249,0.10007836879655,10.094773377713045,1.1316437605062275,47.07233231956441,2.99996375280732,0.2088981047134785,4.8895238172256,11.852065820699522,303.7445163114631,0.9477337771304485,True,True,True,True,True,True,True,0.10007836879655,1.018325929993264,True,NORMAL,NORMAL,IN_CONTROL
11,2,3,196.8384659185784,1.0230770862411138,1.018325929993264,1.0096683761797598,4.912035757263249,0.1001720742271445,10.098741934094528,1.1316437605062275,47.07233231956441,2.99996375280732,0.2088981047134785,4.8895238172256,11.852065820699522,303.7445163114631,0.9874193409452836,True,True,True,True,True,True,True,0.1001720742271445,1.018325929993264,True,NORMAL,NORMAL,IN_CONTROL
11,2,4,196.8384659185784,1.0230770862411138,1.018325929993264,1.0096683761797598,4.912035757263249,0.1008046870658276,10.11019620070588,1.1316437605062275,47.07233231956441,2.99996375280732,0.2088981047134785,4.8895238172256,11.852065820699522,303.7445163114631,1.1019620070588054,True,True,True,True,True,True,True,0.1008046870658276,1.018325929993264,True,NORMAL,NORMAL,IN_CONTROL
11,2,5,196.8384659185784,1.0230770862411138,1.018325929993264,1.0096683761797598,4.912035757263249,0.1005446272669062,10.09320721859066,1.1316437605062275,47.07233231956441,2.99996375280732,0.2088981047134785,4.8895238172256,11.852065820699522,303.7445163114631,0.9320721859065983,True,True,True,True,True,True,True,0.1005446272669062,1.018325929993264,True,NORMAL,NORMAL,IN_CONTROL
11,3,1,196.8384659185784,1.0230770862411138,1.018325929993264,1.0096683761797598,4.912035757263249,0.1012341689277838,10.04450073355955,1.113581954740065,47.60724009795602,3.000962853064435,0.2057873008808577,4.904758974336489,11.852065820699522,303.7445163114631,0.44500733559550193,True,True,True,True,True,True,True,0.1012341689277838,1.018325929993264,True,NORMAL,NORMAL,IN_CONTROL
11,3,2,196.8384659185784,1.0230770862411138,1.018325929993264,1.0096683761797598,4.912035757263249,0.1017724593883263,10.034930818946446,1.113581954740065,47.60724009795602,3.000962853064435,0.2057873008808577,4.904758974336489,11.852065820699522,303.7445163114631,0.34930818946445896,True,True,True,True,True,True,True,0.1017724593883263,1.018325929993264,True,NORMAL,NORMAL,IN_CONTROL
11,3,3,196.8384659185784,1.0230770862411138,1.018325929993264,1.0096683761797598,4.912035757263249,0.1019811094346627,10.089831618614287,1.113581954740065,47.60724009795602,3.000962853064435,0.2057873008808577,4.904758974336489,11.852065820699522,303.7445163114631,0.8983161861428713,True,True,True,True,True,True,True,0.1019811094346627,1.018325929993264,True,NORMAL,NORMAL,IN_CONTROL
11,3,4,196.8384659185784,1.0230770862411138,1.018325929993264,1.0096683761797598,4.912035757263249,0.1017709671530885,10.037984456497629,1.113581954740065,47.60724009795602,3.000962853064435,0.2057873008808577,4.904758974336489,11.852065820699522,303.7445163114631,0.37984456497628827,True,True,True,True,True,True,True,0.1017709671530885,1.018325929993264,True,NORMAL,NORMAL,IN_CONTROL
11,3,5,196.8384659185784,1.0230770862411138,1.018325929993264,1.0096683761797598,4.912035757263249,0.1014164677574,10.08399321607978,1.113581954740065,47.60724009795602,3.000962853064435,0.2057873008808577,4.904758974336489,11.852065820699522,303.7445163114631,0.8399321607977939,True,True,True,True,True,True,True,0.1014164677574,1.018325929993264,True,NORMAL,NORMAL,IN_CONTROL
11,4,1,196.8384659185784,1.0230770862411138,1.018325929993264,1.0096683761797598,4.912035757263249,0.0991694231913433,10.08738494540159,1.132707384863226,46.308110497881415,2.9976013563213955,0.2027891117448679,5.137899991203558,11.852065820699522,303.7445163114631,0.8738494540159004,True,True,True,True,True,True,True,0.0991694231913433,1.018325929993264,True,NORMAL,NORMAL,IN_CONTROL
11,4,2,196.8384659185784,1.0230770862411138,1.018325929993264,1.0096683761797598,4.912035757263249,0.0987575702370929,10.054730283868151,1.132707384863226,46.308110497881415,2.9976013563213955,0.2027891117448679,5.137899991203558,11.852065820699522,303.7445163114631,0.5473028386815137,True,True,True,True,True,True,True,0.0987575702370929,1.018325929993264,True,NORMAL,NORMAL,IN_CONTROL
11,4,3,196.8384659185784,1.0230770862411138,1.018325929993264,1.0096683761797598,4.912035757263249,0.0992298989695734,10.06788181279441,1.132707384863226,46.308110497881415,2.9976013563213955,0.2027891117448679,5.137899991203558,11.852065820699522,303.7445163114631,0.6788181279440941,True,True,True,True,True,True,True,0.0992298989695734,1.018325929993264,True,NORMAL,NORMAL,IN_CONTROL
11,4,4,196.8384659185784,1.0230770862411138,1.018325929993264,1.0096683761797598,4.912035757263249,0.0995402827767515,10.048474166867392,1.132707384863226,46.308110497881415,2.9976013563213955,0.2027891117448679,5.137899991203558,11.852065820699522,303.7445163114631,0.4847416686739159,True,True,True,True,True,True,True,0.0995402827767515,1.018325929993264,True,NORMAL,NORMAL,IN_CONTROL
11,4,5,196.8384659185784,1.0230770862411138,1.018325929993264,1.0096683761797598,4.912035757263249,0.0990816563622643,10.065108661612689,1.132707384863226,46.308110497881415,2.9976013563213955,0.2027891117448679,5.137899991203558,11.852065820699522,303.7445163114631,0.6510866161268858,True,True,True,True,True,True,True,0.0990816563622643,1.018325929993264,True,NORMAL,NORMAL,IN_CONTROL
11,5,1,196.8384659185784,1.0230770862411138,1.018325929993264,1.0096683761797598,4.912035757263249,0.1017267842690957,10.054312016356134,1.1427934081365836,47.24164416581764,2.9996987063241622,0.2039899846422743,5.035216223260389,11.852065820699522,303.7445163114631,0.543120163561337,True,True,True,True,True,True,True,0.1017267842690957,1.018325929993264,True,NORMAL,NORMAL,IN_CONTROL
11,5,2,196.8384659185784,1.0230770862411138,1.018325929993264,1.0096683761797598,4.912035757263249,0.101633605185252,10.05865657023466,1.1427934081365836,47.24164416581764,2.9996987063241622,0.2039899846422743,5.035216223260389,11.852065820699522,303.7445163114631,0.5865657023466042,True,True,True,True,True,True,True,0.101633605185252,1.018325929993264,True,NORMAL,NORMAL,IN_CONTROL
11,5,3,196.8384659185784,1.0230770862411138,1.018325929993264,1.0096683761797598,4.912035757263249,0.1020332928531047,10.05977781619062,1.1427934081365836,47.24164416581764,2.9996987063241622,0.2039899846422743,5.035216223260389,11.852065820699522,303.7445163114631,0.597778161906195,True,True,True,True,True,True,True,0.1020332928531047,1.018325929993264,True,NORMAL,NORMAL,IN_CONTROL
11,5,4,196.8384659185784,1.0230770862411138,1.018325929993264,1.0096683761797598,4.912035757263249,0.1022248269326983,10.008105336789992,1.1427934081365836,47.24164416581764,2.9996987063241622,0.2039899846422743,5.035216223260389,11.852065820699522,303.7445163114631,0.08105336789991924,True,True,True,True,True,True,True,0.1022248269326983,1.018325929993264,True,NORMAL,NORMAL,IN_CONTROL
11,5,5,196.8384659185784,1.0230770862411138,1.018325929993264,1.0096683761797598,4.912035757263249,0.1016829205139785,10.006138051905774,1.1427934081365836,47.24164416581764,2.9996987063241622,0.2039899846422743,5.035216223260389,11.852065820699522,303.7445163114631,0.06138051905773878,True,True,True,True,True,True,True,0.1016829205139785,1.018325929993264,True,NORMAL,NORMAL,IN_CONTROL
11,6,1,196.8384659185784,1.0230770862411138,1.018325929993264,1.0096683761797598,4.912035757263249,0.1003991436111669,10.09897979837639,1.0807197203498409,46.27793316559946,3.001737709963441,0.2017082069197886,5.255799565106668,11.852065820699522,303.7445163114631,0.989797983763907,True,True,True,True,True,True,True,0.1003991436111669,1.018325929993264,True,NORMAL,NORMAL,IN_CONTROL
11,6,2,196.8384659185784,1.0230770862411138,1.018325929993264,1.0096683761797598,4.912035757263249,0.1004516949079692,10.09098054868786,1.0807197203498409,46.27793316559946,3.001737709963441,0.2017082069197886,5.255799565106668,11.852065820699522,303.7445163114631,0.9098054868785964,True,True,True,True,True,True,True,0.1004516949079692,1.018325929993264,True,NORMAL,NORMAL,IN_CONTROL
11,6,3,196.8384659185784,1.0230770862411138,1.018325929993264,1.0096683761797598,4.912035757263249,0.1009765905532285,10.11293765072092,1.0807197203498409,46.27793316559946,3.001737709963441,0.2017082069197886,5.255799565106668,11.852065820699522,303.7445163114631,1.1293765072091944,True,True,True,True,True,True,True,0.1009765905532285,1.018325929993264,True,NORMAL,NORMAL,IN_CONTROL
11,6,4,196.8384659185784,1.0230770862411138,1.018325929993264,1.0096683761797598,4.912035757263249,0.1006357845747439,10.073769766823771,1.0807197203498409,46.27793316559946,3.001737709963441,0.2017082069197886,5.255799565106668,11.852065820699522,303.7445163114631,0.7376976682377112,True,True,True,True,True,True,True,0.1006357845747439,1.018325929993264,True,NORMAL,NORMAL,IN_CONTROL
11,6,5,196.8384659185784,1.0230770862411138,1.018325929993264,1.0096683761797598,4.912035757263249,0.1011449152008375,10.086737557144827,1.0807197203498409,46.27793316559946,3.001737709963441,0.2017082069197886,5.255799565106668,11.852065820699522,303.7445163114631,0.8673755714482746,True,True,True,True,True,True,True,0.1011449152008375,1.018325929993264,True,NORMAL,NORMAL,IN_CONTROL
11,7,1,196.8384659185784,1.0230770862411138,1.018325929993264,1.0096683761797598,4.912035757263249,0.1019257002090421,10.02948696523686,1.1237064576384188,46.20973582093604,2.9932168103117918,0.2050678639891292,4.772317836645655,11.852065820699522,303.7445163114631,0.29486965236859675,True,True,True,True,True,True,True,0.1019257002090421,1.018325929993264,True,NORMAL,NORMAL,IN_CONTROL
11,7,2,196.8384659185784,1.0230770862411138,1.018325929993264,1.0096683761797598,4.912035757263249,0.1021801719329952,9.995263304384888,1.1237064576384188,46.20973582093604,2.9932168103117918,0.2050678639891292,4.772317836645655,11.852065820699522,303.7445163114631,-0.04736695615111586,True,True,True,True,True,True,True,0.1021801719329952,1.018325929993264,True,NORMAL,NORMAL,IN_CONTROL
11,7,3,196.8384659185784,1.0230770862411138,1.018325929993264,1.0096683761797598,4.912035757263249,0.1020684266138294,10.000941844289446,1.1237064576384188,46.20973582093604,2.9932168103117918,0.2050678639891292,4.772317836645655,11.852065820699522,303.7445163114631,0.009418442894464363,True,True,True,True,True,True,True,0.1020684266138294,1.018325929993264,True,NORMAL,NORMAL,IN_CONTROL
11,7,4,196.8384659185784,1.0230770862411138,1.018325929993264,1.0096683761797598,4.912035757263249,0.1020327100526419,10.014385762748889,1.1237064576384188,46.20973582093604,2.9932168103117918,0.2050678639891292,4.772317836645655,11.852065820699522,303.7445163114631,0.14385762748888808,True,True,True,True,True,True,True,0.1020327100526419,1.018325929993264,True,NORMAL,NORMAL,IN_CONTROL
11,7,5,196.8384659185784,1.0230770862411138,1.018325929993264,1.0096683761797598,4.912035757263249,0.1023109983444005,10.058159239771776,1.1237064576384188,46.20973582093604,2.9932168103117918,0.2050678639891292,4.772317836645655,11.852065820699522,303.7445163114631,0.5815923977177562,True,True,True,True,True,True,True,0.1023109983444005,1.018325929993264,True,NORMAL,NORMAL,IN_CONTROL
11,8,1,196.8384659185784,1.0230770862411138,1.018325929993264,1.0096683761797598,4.912035757263249,0.0994137574614351,10.071925935715592,1.105086405814819,47.58697285725764,2.991480536667273,0.2101969090419885,4.7867847806005726,11.852065820699522,303.7445163114631,0.7192593571559236,True,True,True,True,True,True,True,0.0994137574614351,1.018325929993264,True,NORMAL,NORMAL,IN_CONTROL
11,8,2,196.8384659185784,1.0230770862411138,1.018325929993264,1.0096683761797598,4.912035757263249,0.0993974259318711,10.078737787774122,1.105086405814819,47.58697285725764,2.991480536667273,0.2101969090419885,4.7867847806005726,11.852065820699522,303.7445163114631,0.7873778777412178,True,True,True,True,True,True,True,0.0993974259318711,1.018325929993264,True,NORMAL,NORMAL,IN_CONTROL
11,8,3,196.8384659185784,1.0230770862411138,1.018325929993264,1.0096683761797598,4.912035757263249,0.0995187339258944,10.072159793112776,1.105086405814819,47.58697285725764,2.991480536667273,0.2101969090419885,4.7867847806005726,11.852065820699522,303.7445163114631,0.7215979311277643,True,True,True,True,True,True,True,0.0995187339258944,1.018325929993264,True,NORMAL,NORMAL,IN_CONTROL
11,8,4,196.8384659185784,1.0230770862411138,1.018325929993264,1.0096683761797598,4.912035757263249,0.0997351011139769,10.065154366108844,1.105086405814819,47.58697285725764,2.991480536667273,0.2101969090419885,4.7867847806005726,11.852065820699522,303.7445163114631,0.6515436610884429,True,True,True,True,True,True,True,0.0997351011139769,1.018325929993264,True,NORMAL,NORMAL,IN_CONTROL
11,8,5,196.8384659185784,1.0230770862411138,1.018325929993264,1.0096683761797598,4.912035757263249,0.0995629887698518,10.079857275465612,1.105086405814819,47.58697285725764,2.991480536667273,0.2101969090419885,4.7867847806005726,11.852065820699522,303.7445163114631,0.7985727546561173,True,True,True,True,True,True,True,0.0995629887698518,1.018325929993264,True,NORMAL,NORMAL,IN_CONTROL
11,9,1,196.8384659185784,1.0230770862411138,1.018325929993264,1.0096683761797598,4.912035757263249,0.1010799754665462,10.067452061600886,1.1176302725095015,47.06497293949019,2.9971266313812785,0.2125624805603471,4.759094795201737,11.852065820699522,303.7445163114631,0.6745206160088557,True,True,True,True,True,True,True,0.1010799754665462,1.018325929993264,True,NORMAL,NORMAL,IN_CONTROL
11,9,2,196.8384659185784,1.0230770862411138,1.018325929993264,1.0096683761797598,4.912035757263249,0.1021204516632002,10.05911702139254,1.1176302725095015,47.06497293949019,2.9971266313812785,0.2125624805603471,4.759094795201737,11.852065820699522,303.7445163114631,0.5911702139253983,True,True,True,True,True,True,True,0.1021204516632002,1.018325929993264,True,NORMAL,NORMAL,IN_CONTROL
11,9,3,196.8384659185784,1.0230770862411138,1.018325929993264,1.0096683761797598,4.912035757263249,0.1016991143384795,10.063210683850173,1.1176302725095015,47.06497293949019,2.9971266313812785,0.2125624805603471,4.759094795201737,11.852065820699522,303.7445163114631,0.632106838501727,True,True,True,True,True,True,True,0.1016991143384795,1.018325929993264,True,NORMAL,NORMAL,IN_CONTROL
11,9,4,196.8384659185784,1.0230770862411138,1.018325929993264,1.0096683761797598,4.912035757263249,0.1016572409750642,10.047386040260276,1.1176302725095015,47.06497293949019,2.9971266313812785,0.2125624805603471,4.759094795201737,11.852065820699522,303.7445163114631,0.4738604026027637,True,True,True,True,True,True,True,0.1016572409750642,1.018325929993264,True,NORMAL,NORMAL,IN_CONTROL
11,9,5,196.8384659185784,1.0230770862411138,1.018325929993264,1.0096683761797598,4.912035757263249,0.1014121338325382,10.052037670400292,1.1176302725095015,47.06497293949019,2.9971266313812785,0.2125624805603471,4.759094795201737,11.852065820699522,303.7445163114631,0.5203767040029206,True,True,True,True,True,True,True,0.1014121338325382,1.018325929993264,True,NORMAL,NORMAL,IN_CONTROL
11,10,1,196.8384659185784,1.0230770862411138,1.018325929993264,1.0096683761797598,4.912035757263249,0.1014589476668214,10.063582027065245,1.1016887877680075,46.56538840663145,2.989801964043877,0.2086448955897012,5.13839582906102,11.852065820699522,303.7445163114631,0.6358202706524452,True,True,True,True,True,True,True,0.1014589476668214,1.018325929993264,True,NORMAL,NORMAL,IN_CONTROL
11,10,2,196.8384659185784,1.0230770862411138,1.018325929993264,1.0096683761797598,4.912035757263249,0.1012869998002125,10.06141217500401,1.1016887877680075,46.56538840663145,2.989801964043877,0.2086448955897012,5.13839582906102,11.852065820699522,303.7445163114631,0.6141217500401019,True,True,True,True,True,True,True,0.1012869998002125,1.018325929993264,True,NORMAL,NORMAL,IN_CONTROL
11,10,3,196.8384659185784,1.0230770862411138,1.018325929993264,1.0096683761797598,4.912035757263249,0.1011419345131773,10.064671187051507,1.1016887877680075,46.56538840663145,2.989801964043877,0.2086448955897012,5.13839582906102,11.852065820699522,303.7445163114631,0.6467118705150732,True,True,True,True,True,True,True,0.1011419345131773,1.018325929993264,True,NORMAL,NORMAL,IN_CONTROL
11,10,4,196.8384659185784,1.0230770862411138,1.018325929993264,1.0096683761797598,4.912035757263249,0.1018336423037403,10.052076070939394,1.1016887877680075,46.56538840663145,2.989801964043877,0.2086448955897012,5.13839582906102,11.852065820699522,303.7445163114631,0.5207607093939437,True,True,True,True,True,True,True,0.1018336423037403,1.018325929993264,True,NORMAL,NORMAL,IN_CONTROL
11,10,5,196.8384659185784,1.0230770862411138,1.018325929993264,1.0096683761797598,4.912035757263249,0.1009696332056666,10.053266242242731,1.1016887877680075,46.56538840663145,2.989801964043877,0.2086448955897012,5.13839582906102,11.852065820699522,303.7445163114631,0.5326624224273147,True,True,True,True,True,True,True,0.1009696332056666,1.018325929993264,True,NORMAL,NORMAL,IN_CONTROL
12,1,1,200.65101473517515,1.0075556324588502,0.9789281267858452,1.016840173818456,4.990580542464917,0.0985000205404899,10.131243436736524,1.0492115534745714,45.54607390813428,3.029566994800401,0.2080177825856339,4.997834976557345,11.976929385534136,300.57787635853634,1.3124343673652383,True,True,True,True,True,True,True,0.0985000205404899,0.9789281267858452,True,NORMAL,NORMAL,IN_CONTROL
12,1,2,200.65101473517515,1.0075556324588502,0.9789281267858452,1.016840173818456,4.990580542464917,0.0980609992886198,10.14220101460088,1.0492115534745714,45.54607390813428,3.029566994800401,0.2080177825856339,4.997834976557345,11.976929385534136,300.57787635853634,1.4220101460088053,True,True,True,True,True,True,True,0.0980609992886198,0.9789281267858452,True,NORMAL,NORMAL,IN_CONTROL
12,1,3,200.65101473517515,1.0075556324588502,0.9789281267858452,1.016840173818456,4.990580542464917,0.098630587597883,10.1208695261222,1.0492115534745714,45.54607390813428,3.029566994800401,0.2080177825856339,4.997834976557345,11.976929385534136,300.57787635853634,1.208695261222008,True,True,True,True,True,True,True,0.098630587597883,0.9789281267858452,True,NORMAL,NORMAL,IN_CONTROL
12,1,4,200.65101473517515,1.0075556324588502,0.9789281267858452,1.016840173818456,4.990580542464917,0.0985226647423285,10.103675539564282,1.0492115534745714,45.54607390813428,3.029566994800401,0.2080177825856339,4.997834976557345,11.976929385534136,300.57787635853634,1.036755395642821,True,True,True,True,True,True,True,0.0985226647423285,0.9789281267858452,True,NORMAL,NORMAL,IN_CONTROL
12,1,5,200.65101473517515,1.0075556324588502,0.9789281267858452,1.016840173818456,4.990580542464917,0.0988535155663041,10.135989012479111,1.0492115534745714,45.54607390813428,3.029566994800401,0.2080177825856339,4.997834976557345,11.976929385534136,300.57787635853634,1.3598901247911144,True,True,True,True,True,True,True,0.0988535155663041,0.9789281267858452,True,NORMAL,NORMAL,IN_CONTROL
12,2,1,200.65101473517515,1.0075556324588502,0.9789281267858452,1.016840173818456,4.990580542464917,0.0989495685813454,10.065132945105583,1.0381466304905589,46.3201221776424,3.030341925258466,0.2052003065346882,5.194009699310576,11.976929385534136,300.57787635853634,0.6513294510558332,True,True,True,True,True,True,True,0.0989495685813454,0.9789281267858452,True,NORMAL,NORMAL,IN_CONTROL
12,2,2,200.65101473517515,1.0075556324588502,0.9789281267858452,1.016840173818456,4.990580542464917,0.099059201976115,10.094108423478566,1.0381466304905589,46.3201221776424,3.030341925258466,0.2052003065346882,5.194009699310576,11.976929385534136,300.57787635853634,0.9410842347856629,True,True,True,True,True,True,True,0.099059201976115,0.9789281267858452,True,NORMAL,NORMAL,IN_CONTROL
12,2,3,200.65101473517515,1.0075556324588502,0.9789281267858452,1.016840173818456,4.990580542464917,0.0986321589333847,10.109134992777603,1.0381466304905589,46.3201221776424,3.030341925258466,0.2052003065346882,5.194009699310576,11.976929385534136,300.57787635853634,1.091349927776033,True,True,True,True,True,True,True,0.0986321589333847,0.9789281267858452,True,NORMAL,NORMAL,IN_CONTROL
12,2,4,200.65101473517515,1.0075556324588502,0.9789281267858452,1.016840173818456,4.990580542464917,0.0985628901960294,10.059304829037307,1.0381466304905589,46.3201221776424,3.030341925258466,0.2052003065346882,5.194009699310576,11.976929385534136,300.57787635853634,0.5930482903730727,True,True,True,True,True,True,True,0.0985628901960294,0.9789281267858452,True,NORMAL,NORMAL,IN_CONTROL
12,2,5,200.65101473517515,1.0075556324588502,0.9789281267858452,1.016840173818456,4.990580542464917,0.0990105676088587,10.090143940377835,1.0381466304905589,46.3201221776424,3.030341925258466,0.2052003065346882,5.194009699310576,11.976929385534136,300.57787635853634,0.9014394037783545,True,True,True,True,True,True,True,0.0990105676088587,0.9789281267858452,True,NORMAL,NORMAL,IN_CONTROL
12,3,1,200.65101473517515,1.0075556324588502,0.9789281267858452,1.016840173818456,4.990580542464917,0.097287379787222,10.107032117116484,1.073060064527564,44.98166924650572,3.03245249051575,0.2151602889530815,5.06811744393656,11.976929385534136,300.57787635853634,1.0703211711648386,True,True,True,True,True,True,True,0.097287379787222,0.9789281267858452,True,NORMAL,NORMAL,IN_CONTROL
12,3,2,200.65101473517515,1.0075556324588502,0.9789281267858452,1.016840173818456,4.990580542464917,0.0972544219089816,10.070779760437809,1.073060064527564,44.98166924650572,3.03245249051575,0.2151602889530815,5.06811744393656,11.976929385534136,300.57787635853634,0.7077976043780865,True,True,True,True,True,True,True,0.0972544219089816,0.9789281267858452,True,NORMAL,NORMAL,IN_CONTROL
12,3,3,200.65101473517515,1.0075556324588502,0.9789281267858452,1.016840173818456,4.990580542464917,0.0970011363449662,10.081645192164292,1.073060064527564,44.98166924650572,3.03245249051575,0.2151602889530815,5.06811744393656,11.976929385534136,300.57787635853634,0.8164519216429156,True,True,True,True,True,True,True,0.0970011363449662,0.9789281267858452,True,NORMAL,NORMAL,IN_CONTROL
12,3,4,200.65101473517515,1.0075556324588502,0.9789281267858452,1.016840173818456,4.990580542464917,0.0975170964732984,10.124288705325228,1.073060064527564,44.98166924650572,3.03245249051575,0.2151602889530815,5.06811744393656,11.976929385534136,300.57787635853634,1.242887053252275,True,True,True,True,True,True,True,0.0975170964732984,0.9789281267858452,True,NORMAL,NORMAL,IN_CONTROL
12,3,5,200.65101473517515,1.0075556324588502,0.9789281267858452,1.016840173818456,4.990580542464917,0.0973425310083318,10.103950845064023,1.073060064527564,44.98166924650572,3.03245249051575,0.2151602889530815,5.06811744393656,11.976929385534136,300.57787635853634,1.0395084506402341,True,True,True,True,True,True,True,0.0973425310083318,0.9789281267858452,True,NORMAL,NORMAL,IN_CONTROL
12,4,1,200.65101473517515,1.0075556324588502,0.9789281267858452,1.016840173818456,4.990580542464917,0.0990267753326479,10.059934436825587,1.049083932166836,46.737067962180994,3.0256777211146404,0.2055615150114658,4.713806010257245,11.976929385534136,300.57787635853634,0.5993443682558741,True,True,True,True,True,True,True,0.0990267753326479,0.9789281267858452,True,NORMAL,NORMAL,IN_CONTROL
12,4,2,200.65101473517515,1.0075556324588502,0.9789281267858452,1.016840173818456,4.990580542464917,0.0987194048919552,10.090722341325357,1.049083932166836,46.737067962180994,3.0256777211146404,0.2055615150114658,4.713806010257245,11.976929385534136,300.57787635853634,0.9072234132535684,True,True,True,True,True,True,True,0.0987194048919552,0.9789281267858452,True,NORMAL,NORMAL,IN_CONTROL
12,4,3,200.65101473517515,1.0075556324588502,0.9789281267858452,1.016840173818456,4.990580542464917,0.099121369671865,10.089345504921022,1.049083932166836,46.737067962180994,3.0256777211146404,0.2055615150114658,4.713806010257245,11.976929385534136,300.57787635853634,0.8934550492102211,True,True,True,True,True,True,True,0.099121369671865,0.9789281267858452,True,NORMAL,NORMAL,IN_CONTROL
12,4,4,200.65101473517515,1.0075556324588502,0.9789281267858452,1.016840173818456,4.990580542464917,0.098830706505124,10.057236523201896,1.049083932166836,46.737067962180994,3.0256777211146404,0.2055615150114658,4.713806010257245,11.976929385534136,300.57787635853634,0.5723652320189565,True,True,True,True,True,True,True,0.098830706505124,0.9789281267858452,True,NORMAL,NORMAL,IN_CONTROL
12,4,5,200.65101473517515,1.0075556324588502,0.9789281267858452,1.016840173818456,4.990580542464917,0.0992213615217866,10.096031133090436,1.049083932166836,46.737067962180994,3.0256777211146404,0.2055615150114658,4.713806010257245,11.976929385534136,300.57787635853634,0.9603113309043643,True,True,True,True,True,True,True,0.0992213615217866,0.9789281267858452,True,NORMAL,NORMAL,IN_CONTROL
12,5,1,200.65101473517515,1.0075556324588502,0.9789281267858452,1.016840173818456,4.990580542464917,0.098518892989519,10.06722284389376,1.0807262624885066,46.98344698314716,3.026181313668796,0.205184044743689,4.869161382703181,11.976929385534136,300.57787635853634,0.6722284389375943,True,True,True,True,True,True,True,0.098518892989519,0.9789281267858452,True,NORMAL,NORMAL,IN_CONTROL
12,5,2,200.65101473517515,1.0075556324588502,0.9789281267858452,1.016840173818456,4.990580542464917,0.0984999239415125,10.069661189408762,1.0807262624885066,46.98344698314716,3.026181313668796,0.205184044743689,4.869161382703181,11.976929385534136,300.57787635853634,0.6966118940876243,True,True,True,True,True,True,True,0.0984999239415125,0.9789281267858452,True,NORMAL,NORMAL,IN_CONTROL
12,5,3,200.65101473517515,1.0075556324588502,0.9789281267858452,1.016840173818456,4.990580542464917,0.0984887395574635,10.072518677359309,1.0807262624885066,46.98344698314716,3.026181313668796,0.205184044743689,4.869161382703181,11.976929385534136,300.57787635853634,0.7251867735930873,True,True,True,True,True,True,True,0.0984887395574635,0.9789281267858452,True,NORMAL,NORMAL,IN_CONTROL
12,5,4,200.65101473517515,1.0075556324588502,0.9789281267858452,1.016840173818456,4.990580542464917,0.0987216086286862,10.072004473726794,1.0807262624885066,46.98344698314716,3.026181313668796,0.205184044743689,4.869161382703181,11.976929385534136,300.57787635853634,0.7200447372679442,True,True,True,True,True,True,True,0.0987216086286862,0.9789281267858452,True,NORMAL,NORMAL,IN_CONTROL
12,5,5,200.65101473517515,1.0075556324588502,0.9789281267858452,1.016840173818456,4.990580542464917,0.097917918583515,10.048022824803423,1.0807262624885066,46.98344698314716,3.026181313668796,0.205184044743689,4.869161382703181,11.976929385534136,300.57787635853634,0.48022824803423353,True,True,True,True,True,True,True,0.097917918583515,0.9789281267858452,True,NORMAL,NORMAL,IN_CONTROL
12,6,1,200.65101473517515,1.0075556324588502,0.9789281267858452,1.016840173818456,4.990580542464917,0.0982247441978311,10.16315918207811,0.9986194688628088,45.49255452693755,3.030517114065715,0.2057489431902632,4.892594079072421,11.976929385534136,300.57787635853634,1.631591820781093,True,True,True,True,True,True,True,0.0982247441978311,0.9789281267858452,True,NORMAL,NORMAL,IN_CONTROL
12,6,2,200.65101473517515,1.0075556324588502,0.9789281267858452,1.016840173818456,4.990580542464917,0.0986023462842607,10.129705761061782,0.9986194688628088,45.49255452693755,3.030517114065715,0.2057489431902632,4.892594079072421,11.976929385534136,300.57787635853634,1.29705761061782,True,True,True,True,True,True,True,0.0986023462842607,0.9789281267858452,True,NORMAL,NORMAL,IN_CONTROL
12,6,3,200.65101473517515,1.0075556324588502,0.9789281267858452,1.016840173818456,4.990580542464917,0.0986878332520484,10.14778778776866,0.9986194688628088,45.49255452693755,3.030517114065715,0.2057489431902632,4.892594079072421,11.976929385534136,300.57787635853634,1.477877877686602,True,True,True,True,True,True,True,0.0986878332520484,0.9789281267858452,True,NORMAL,NORMAL,IN_CONTROL
12,6,4,200.65101473517515,1.0075556324588502,0.9789281267858452,1.016840173818456,4.990580542464917,0.0985985039279506,10.155710342431732,0.9986194688628088,45.49255452693755,3.030517114065715,0.2057489431902632,4.892594079072421,11.976929385534136,300.57787635853634,1.5571034243173187,True,True,True,True,True,True,True,0.0985985039279506,0.9789281267858452,True,NORMAL,NORMAL,IN_CONTROL
12,6,5,200.65101473517515,1.0075556324588502,0.9789281267858452,1.016840173818456,4.990580542464917,0.0984611675639517,10.14929277217766,0.9986194688628088,45.49255452693755,3.030517114065715,0.2057489431902632,4.892594079072421,11.976929385534136,300.57787635853634,1.4929277217765957,True,True,True,True,True,True,True,0.0984611675639517,0.9789281267858452,True,NORMAL,NORMAL,IN_CONTROL
12,7,1,200.65101473517515,1.0075556324588502,0.9789281267858452,1.016840173818456,4.990580542464917,0.0984112253657506,10.098026481782671,1.0565069898022634,46.97891383173902,3.02943347101359,0.2067206246923625,4.833241744041223,11.976929385534136,300.57787635853634,0.9802648178267148,True,True,True,True,True,True,True,0.0984112253657506,0.9789281267858452,True,NORMAL,NORMAL,IN_CONTROL
12,7,2,200.65101473517515,1.0075556324588502,0.9789281267858452,1.016840173818456,4.990580542464917,0.0990815882933614,10.099927398655678,1.0565069898022634,46.97891383173902,3.02943347101359,0.2067206246923625,4.833241744041223,11.976929385534136,300.57787635853634,0.9992739865567835,True,True,True,True,True,True,True,0.0990815882933614,0.9789281267858452,True,NORMAL,NORMAL,IN_CONTROL
12,7,3,200.65101473517515,1.0075556324588502,0.9789281267858452,1.016840173818456,4.990580542464917,0.0985463174069569,10.089068764736467,1.0565069898022634,46.97891383173902,3.02943347101359,0.2067206246923625,4.833241744041223,11.976929385534136,300.57787635853634,0.8906876473646719,True,True,True,True,True,True,True,0.0985463174069569,0.9789281267858452,True,NORMAL,NORMAL,IN_CONTROL
12,7,4,200.65101473517515,1.0075556324588502,0.9789281267858452,1.016840173818456,4.990580542464917,0.0984490312754491,10.113183961334869,1.0565069898022634,46.97891383173902,3.02943347101359,0.2067206246923625,4.833241744041223,11.976929385534136,300.57787635853634,1.1318396133486885,True,True,True,True,True,True,True,0.0984490312754491,0.9789281267858452,True,NORMAL,NORMAL,IN_CONTROL
12,7,5,200.65101473517515,1.0075556324588502,0.9789281267858452,1.016840173818456,4.990580542464917,0.0983062189136999,10.132409405330735,1.0565069898022634,46.97891383173902,3.02943347101359,0.2067206246923625,4.833241744041223,11.976929385534136,300.57787635853634,1.324094053307352,True,True,True,True,True,True,True,0.0983062189136999,0.9789281267858452,True,NORMAL,NORMAL,IN_CONTROL
12,8,1,200.65101473517515,1.0075556324588502,0.9789281267858452,1.016840173818456,4.990580542464917,0.0975949082023103,10.103478446130286,1.0395083036733936,46.45530793455292,3.0308892629154043,0.2075452581857326,5.246468150442643,11.976929385534136,300.57787635853634,1.0347844613028556,True,True,True,True,True,True,True,0.0975949082023103,0.9789281267858452,True,NORMAL,NORMAL,IN_CONTROL
12,8,2,200.65101473517515,1.0075556324588502,0.9789281267858452,1.016840173818456,4.990580542464917,0.0978128300560946,10.145903192277212,1.0395083036733936,46.45530793455292,3.0308892629154043,0.2075452581857326,5.246468150442643,11.976929385534136,300.57787635853634,1.459031922772116,True,True,True,True,True,True,True,0.0978128300560946,0.9789281267858452,True,NORMAL,NORMAL,IN_CONTROL
12,8,3,200.65101473517515,1.0075556324588502,0.9789281267858452,1.016840173818456,4.990580542464917,0.0974862796325876,10.094012418228646,1.0395083036733936,46.45530793455292,3.0308892629154043,0.2075452581857326,5.246468150442643,11.976929385534136,300.57787635853634,0.9401241822864569,True,True,True,True,True,True,True,0.0974862796325876,0.9789281267858452,True,NORMAL,NORMAL,IN_CONTROL
12,8,4,200.65101473517515,1.0075556324588502,0.9789281267858452,1.016840173818456,4.990580542464917,0.097975529568019,10.090629316453851,1.0395083036733936,46.45530793455292,3.0308892629154043,0.2075452581857326,5.246468150442643,11.976929385534136,300.57787635853634,0.906293164538514,True,True,True,True,True,True,True,0.097975529568019,0.9789281267858452,True,NORMAL,NORMAL,IN_CONTROL
12,8,5,200.65101473517515,1.0075556324588502,0.9789281267858452,1.016840173818456,4.990580542464917,0.0977327675039589,10.09939486719832,1.0395083036733936,46.45530793455292,3.0308892629154043,0.2075452581857326,5.246468150442643,11.976929385534136,300.57787635853634,0.9939486719832047,True,True,True,True,True,True,True,0.0977327675039589,0.9789281267858452,True,NORMAL,NORMAL,IN_CONTROL
12,9,1,200.65101473517515,1.0075556324588502,0.9789281267858452,1.016840173818456,4.990580542464917,0.0991220427361565,10.08092440687618,1.0246517229411718,45.13080173801325,3.0277792291397736,0.2083908515377616,5.061340594048737,11.976929385534136,300.57787635853634,0.809244068761803,True,True,True,True,True,True,True,0.0991220427361565,0.9789281267858452,True,NORMAL,NORMAL,IN_CONTROL
12,9,2,200.65101473517515,1.0075556324588502,0.9789281267858452,1.016840173818456,4.990580542464917,0.0987623356900932,10.081917466748124,1.0246517229411718,45.13080173801325,3.0277792291397736,0.2083908515377616,5.061340594048737,11.976929385534136,300.57787635853634,0.819174667481235,True,True,True,True,True,True,True,0.0987623356900932,0.9789281267858452,True,NORMAL,NORMAL,IN_CONTROL
12,9,3,200.65101473517515,1.0075556324588502,0.9789281267858452,1.016840173818456,4.990580542464917,0.0993091447881247,10.078888111036637,1.0246517229411718,45.13080173801325,3.0277792291397736,0.2083908515377616,5.061340594048737,11.976929385534136,300.57787635853634,0.7888811103663684,True,True,True,True,True,True,True,0.0993091447881247,0.9789281267858452,True,NORMAL,NORMAL,IN_CONTROL
12,9,4,200.65101473517515,1.0075556324588502,0.9789281267858452,1.016840173818456,4.990580542464917,0.0991002952962328,10.102769205196386,1.0246517229411718,45.13080173801325,3.0277792291397736,0.2083908515377616,5.061340594048737,11.976929385534136,300.57787635853634,1.0276920519638644,True,True,True,True,True,True,True,0.0991002952962328,0.9789281267858452,True,NORMAL,NORMAL,IN_CONTROL
12,9,5,200.65101473517515,1.0075556324588502,0.9789281267858452,1.016840173818456,4.990580542464917,0.0997625920580008,10.112061842210633,1.0246517229411718,45.13080173801325,3.0277792291397736,0.2083908515377616,5.061340594048737,11.976929385534136,300.57787635853634,1.1206184221063253,True,True,True,True,True,True,True,0.0997625920580008,0.9789281267858452,True,NORMAL,NORMAL,IN_CONTROL
12,10,1,200.65101473517515,1.0075556324588502,0.9789281267858452,1.016840173818456,4.990580542464917,0.0977584115889033,10.048385705587272,1.0315687932024566,45.35555440177357,3.021269826365847,0.2056890144914958,4.751829291772615,11.976929385534136,300.57787635853634,0.4838570558727185,True,True,True,True,True,True,True,0.0977584115889033,0.9789281267858452,True,NORMAL,NORMAL,IN_CONTROL
12,10,2,200.65101473517515,1.0075556324588502,0.9789281267858452,1.016840173818456,4.990580542464917,0.0978952206279662,10.050584990240356,1.0315687932024566,45.35555440177357,3.021269826365847,0.2056890144914958,4.751829291772615,11.976929385534136,300.57787635853634,0.5058499024035612,True,True,True,True,True,True,True,0.0978952206279662,0.9789281267858452,True,NORMAL,NORMAL,IN_CONTROL
12,10,3,200.65101473517515,1.0075556324588502,0.9789281267858452,1.016840173818456,4.990580542464917,0.0976308794114275,10.05242259255944,1.0315687932024566,45.35555440177357,3.021269826365847,0.2056890144914958,4.751829291772615,11.976929385534136,300.57787635853634,0.5242259255943971,True,True,True,True,True,True,True,0.0976308794114275,0.9789281267858452,True,NORMAL,NORMAL,IN_CONTROL
12,10,4,200.65101473517515,1.0075556324588502,0.9789281267858452,1.016840173818456,4.990580542464917,0.0978132314274193,10.0752933309602,1.0315687932024566,45.35555440177357,3.021269826365847,0.2056890144914958,4.751829291772615,11.976929385534136,300.57787635853634,0.7529333096019997,True,True,True,True,True,True,True,0.0978132314274193,0.9789281267858452,True,NORMAL,NORMAL,IN_CONTROL
12,10,5,200.65101473517515,1.0075556324588502,0.9789281267858452,1.016840173818456,4.990580542464917,0.0974421893687448,10.015279943183977,1.0315687932024566,45.35555440177357,3.021269826365847,0.2056890144914958,4.751829291772615,11.976929385534136,300.57787635853634,0.1527994318397674,True,True,True,True,True,True,True,0.0974421893687448,0.9789281267858452,True,NORMAL,NORMAL,IN_CONTROL
13,1,1,197.3892455164583,1.0005200388745392,0.9981729216392,0.992973614531508,5.201092611240052,0.1011589888388994,10.06176687192528,0.9190596459914978,46.18917491366029,2.997854406576849,0.2011994938158038,4.08663315848235,12.393331758650811,290.4787889251107,0.6176687192528085,True,True,True,True,True,True,True,0.1011589888388994,0.9981729216392,True,NORMAL,NORMAL,IN_CONTROL
13,1,2,197.3892455164583,1.0005200388745392,0.9981729216392,0.992973614531508,5.201092611240052,0.1006978851185795,10.048208776533524,0.9190596459914978,46.18917491366029,2.997854406576849,0.2011994938158038,4.08663315848235,12.393331758650811,290.4787889251107,0.482087765335244,True,True,True,True,True,True,True,0.1006978851185795,0.9981729216392,True,NORMAL,NORMAL,IN_CONTROL
13,1,3,197.3892455164583,1.0005200388745392,0.9981729216392,0.992973614531508,5.201092611240052,0.1010179854523374,10.059246634424246,0.9190596459914978,46.18917491366029,2.997854406576849,0.2011994938158038,4.08663315848235,12.393331758650811,290.4787889251107,0.5924663442424638,True,True,True,True,True,True,True,0.1010179854523374,0.9981729216392,True,NORMAL,NORMAL,IN_CONTROL
13,1,4,197.3892455164583,1.0005200388745392,0.9981729216392,0.992973614531508,5.201092611240052,0.101071850020504,10.046099941599358,0.9190596459914978,46.18917491366029,2.997854406576849,0.2011994938158038,4.08663315848235,12.393331758650811,290.4787889251107,0.46099941599358374,True,True,True,True,True,True,True,0.101071850020504,0.9981729216392,True,NORMAL,NORMAL,IN_CONTROL
13,1,5,197.3892455164583,1.0005200388745392,0.9981729216392,0.992973614531508,5.201092611240052,0.1012222379171117,10.067418376088272,0.9190596459914978,46.18917491366029,2.997854406576849,0.2011994938158038,4.08663315848235,12.393331758650811,290.4787889251107,0.6741837608827161,True,True,True,True,True,True,True,0.1012222379171117,0.9981729216392,True,NORMAL,NORMAL,IN_CONTROL
13,2,1,197.3892455164583,1.0005200388745392,0.9981729216392,0.992973614531508,5.201092611240052,0.0998998347023234,10.113153119452576,0.925931067244607,47.01384302262563,3.000061714643792,0.1997822826376918,3.829885134401828,12.393331758650811,290.4787889251107,1.1315311945257633,True,True,True,True,True,True,True,0.0998998347023234,0.9981729216392,True,NORMAL,NORMAL,IN_CONTROL
13,2,2,197.3892455164583,1.0005200388745392,0.9981729216392,0.992973614531508,5.201092611240052,0.0998921283376781,10.113051709264573,0.925931067244607,47.01384302262563,3.000061714643792,0.1997822826376918,3.829885134401828,12.393331758650811,290.4787889251107,1.1305170926457286,True,True,True,True,True,True,True,0.0998921283376781,0.9981729216392,True,NORMAL,NORMAL,IN_CONTROL
13,2,3,197.3892455164583,1.0005200388745392,0.9981729216392,0.992973614531508,5.201092611240052,0.1002006309083008,10.095068191615228,0.925931067244607,47.01384302262563,3.000061714643792,0.1997822826376918,3.829885134401828,12.393331758650811,290.4787889251107,0.9506819161522805,True,True,True,True,True,True,True,0.1002006309083008,0.9981729216392,True,NORMAL,NORMAL,IN_CONTROL
13,2,4,197.3892455164583,1.0005200388745392,0.9981729216392,0.992973614531508,5.201092611240052,0.100304125991584,10.114036513265248,0.925931067244607,47.01384302262563,3.000061714643792,0.1997822826376918,3.829885134401828,12.393331758650811,290.4787889251107,1.1403651326524766,True,True,True,True,True,True,True,0.100304125991584,0.9981729216392,True,NORMAL,NORMAL,IN_CONTROL
13,2,5,197.3892455164583,1.0005200388745392,0.9981729216392,0.992973614531508,5.201092611240052,0.100213528259551,10.144901746093872,0.925931067244607,47.01384302262563,3.000061714643792,0.1997822826376918,3.829885134401828,12.393331758650811,290.4787889251107,1.4490174609387196,True,True,True,True,True,True,True,0.100213528259551,0.9981729216392,True,NORMAL,NORMAL,IN_CONTROL
13,3,1,197.3892455164583,1.0005200388745392,0.9981729216392,0.992973614531508,5.201092611240052,0.0996906732960885,10.07136212898012,0.8869068977485405,48.5853947727803,2.995934683586788,0.1985982391821163,4.065476027793781,12.393331758650811,290.4787889251107,0.7136212898011962,True,True,True,True,True,True,True,0.0996906732960885,0.9981729216392,True,NORMAL,NORMAL,IN_CONTROL
13,3,2,197.3892455164583,1.0005200388745392,0.9981729216392,0.992973614531508,5.201092611240052,0.1003302379633165,10.068116987046013,0.8869068977485405,48.5853947727803,2.995934683586788,0.1985982391821163,4.065476027793781,12.393331758650811,290.4787889251107,0.6811698704601277,True,True,True,True,True,True,True,0.1003302379633165,0.9981729216392,True,NORMAL,NORMAL,IN_CONTROL
13,3,3,197.3892455164583,1.0005200388745392,0.9981729216392,0.992973614531508,5.201092611240052,0.0995433235027116,10.060547026242128,0.8869068977485405,48.5853947727803,2.995934683586788,0.1985982391821163,4.065476027793781,12.393331758650811,290.4787889251107,0.6054702624212815,True,True,True,True,True,True,True,0.0995433235027116,0.9981729216392,True,NORMAL,NORMAL,IN_CONTROL
13,3,4,197.3892455164583,1.0005200388745392,0.9981729216392,0.992973614531508,5.201092611240052,0.1001091143216029,10.086966583314652,0.8869068977485405,48.5853947727803,2.995934683586788,0.1985982391821163,4.065476027793781,12.393331758650811,290.4787889251107,0.8696658331465202,True,True,True,True,True,True,True,0.1001091143216029,0.9981729216392,True,NORMAL,NORMAL,IN_CONTROL
13,3,5,197.3892455164583,1.0005200388745392,0.9981729216392,0.992973614531508,5.201092611240052,0.0994867751431834,10.063349384027036,0.8869068977485405,48.5853947727803,2.995934683586788,0.1985982391821163,4.065476027793781,12.393331758650811,290.4787889251107,0.6334938402703649,True,True,True,True,True,True,True,0.0994867751431834,0.9981729216392,True,NORMAL,NORMAL,IN_CONTROL
13,4,1,197.3892455164583,1.0005200388745392,0.9981729216392,0.992973614531508,5.201092611240052,0.100424975589974,10.051181434266002,0.9604842836611462,45.96598335113731,3.000129483078897,0.2037555053762069,3.683998230575592,12.393331758650811,290.4787889251107,0.5118143426600241,True,True,True,True,True,True,True,0.100424975589974,0.9981729216392,True,NORMAL,NORMAL,IN_CONTROL
13,4,2,197.3892455164583,1.0005200388745392,0.9981729216392,0.992973614531508,5.201092611240052,0.1008537157065191,10.040617078096782,0.9604842836611462,45.96598335113731,3.000129483078897,0.2037555053762069,3.683998230575592,12.393331758650811,290.4787889251107,0.40617078096781606,True,True,True,True,True,True,True,0.1008537157065191,0.9981729216392,True,NORMAL,NORMAL,IN_CONTROL
13,4,3,197.3892455164583,1.0005200388745392,0.9981729216392,0.992973614531508,5.201092611240052,0.100944988075904,10.051946151829668,0.9604842836611462,45.96598335113731,3.000129483078897,0.2037555053762069,3.683998230575592,12.393331758650811,290.4787889251107,0.51946151829668,True,True,True,True,True,True,True,0.100944988075904,0.9981729216392,True,NORMAL,NORMAL,IN_CONTROL
13,4,4,197.3892455164583,1.0005200388745392,0.9981729216392,0.992973614531508,5.201092611240052,0.1005442769874891,9.999833033576786,0.9604842836611462,45.96598335113731,3.000129483078897,0.2037555053762069,3.683998230575592,12.393331758650811,290.4787889251107,-0.0016696642321356592,True,True,True,True,True,True,True,0.1005442769874891,0.9981729216392,True,NORMAL,NORMAL,IN_CONTROL
13,4,5,197.3892455164583,1.0005200388745392,0.9981729216392,0.992973614531508,5.201092611240052,0.1007212167958,10.037699868588312,0.9604842836611462,45.96598335113731,3.000129483078897,0.2037555053762069,3.683998230575592,12.393331758650811,290.4787889251107,0.37699868588312313,True,True,True,True,True,True,True,0.1007212167958,0.9981729216392,True,NORMAL,NORMAL,IN_CONTROL
13,5,1,197.3892455164583,1.0005200388745392,0.9981729216392,0.992973614531508,5.201092611240052,0.1016443499746876,10.056024126996917,0.943767673057522,46.7882903834525,2.991320397430852,0.2003636276499578,4.139659665879195,12.393331758650811,290.4787889251107,0.5602412699691683,True,True,True,True,True,True,True,0.1016443499746876,0.9981729216392,True,NORMAL,NORMAL,IN_CONTROL
13,5,2,197.3892455164583,1.0005200388745392,0.9981729216392,0.992973614531508,5.201092611240052,0.1014930276485398,10.086224107417912,0.943767673057522,46.7882903834525,2.991320397430852,0.2003636276499578,4.139659665879195,12.393331758650811,290.4787889251107,0.8622410741791242,True,True,True,True,True,True,True,0.1014930276485398,0.9981729216392,True,NORMAL,NORMAL,IN_CONTROL
13,5,3,197.3892455164583,1.0005200388745392,0.9981729216392,0.992973614531508,5.201092611240052,0.1010715410468375,10.026209539582648,0.943767673057522,46.7882903834525,2.991320397430852,0.2003636276499578,4.139659665879195,12.393331758650811,290.4787889251107,0.2620953958264849,True,True,True,True,True,True,True,0.1010715410468375,0.9981729216392,True,NORMAL,NORMAL,IN_CONTROL
13,5,4,197.3892455164583,1.0005200388745392,0.9981729216392,0.992973614531508,5.201092611240052,0.1012910062177426,10.100997379787913,0.943767673057522,46.7882903834525,2.991320397430852,0.2003636276499578,4.139659665879195,12.393331758650811,290.4787889251107,1.0099737978791268,True,True,True,True,True,True,True,0.1012910062177426,0.9981729216392,True,NORMAL,NORMAL,IN_CONTROL
13,5,5,197.3892455164583,1.0005200388745392,0.9981729216392,0.992973614531508,5.201092611240052,0.1018255417721442,10.042521498777644,0.943767673057522,46.7882903834525,2.991320397430852,0.2003636276499578,4.139659665879195,12.393331758650811,290.4787889251107,0.42521498777643885,True,True,True,True,True,True,True,0.1018255417721442,0.9981729216392,True,NORMAL,NORMAL,IN_CONTROL
13,6,1,197.3892455164583,1.0005200388745392,0.9981729216392,0.992973614531508,5.201092611240052,0.1012333249069278,10.073141151594347,0.9338228812212128,47.46112446221913,3.002367128725027,0.2038225363322852,4.442777896454925,12.393331758650811,290.4787889251107,0.7314115159434742,True,True,True,True,True,True,True,0.1012333249069278,0.9981729216392,True,NORMAL,NORMAL,IN_CONTROL
13,6,2,197.3892455164583,1.0005200388745392,0.9981729216392,0.992973614531508,5.201092611240052,0.1020498709327125,10.065229975211706,0.9338228812212128,47.46112446221913,3.002367128725027,0.2038225363322852,4.442777896454925,12.393331758650811,290.4787889251107,0.6522997521170559,True,True,True,True,True,True,True,0.1020498709327125,0.9981729216392,True,NORMAL,NORMAL,IN_CONTROL
13,6,3,197.3892455164583,1.0005200388745392,0.9981729216392,0.992973614531508,5.201092611240052,0.1015794452073638,10.076636896667674,0.9338228812212128,47.46112446221913,3.002367128725027,0.2038225363322852,4.442777896454925,12.393331758650811,290.4787889251107,0.7663689666767404,True,True,True,True,True,True,True,0.1015794452073638,0.9981729216392,True,NORMAL,NORMAL,IN_CONTROL
13,6,4,197.3892455164583,1.0005200388745392,0.9981729216392,0.992973614531508,5.201092611240052,0.1019857494221469,10.076067238644155,0.9338228812212128,47.46112446221913,3.002367128725027,0.2038225363322852,4.442777896454925,12.393331758650811,290.4787889251107,0.7606723864415521,True,True,True,True,True,True,True,0.1019857494221469,0.9981729216392,True,NORMAL,NORMAL,IN_CONTROL
13,6,5,197.3892455164583,1.0005200388745392,0.9981729216392,0.992973614531508,5.201092611240052,0.1014824261814069,10.097304328761645,0.9338228812212128,47.46112446221913,3.002367128725027,0.2038225363322852,4.442777896454925,12.393331758650811,290.4787889251107,0.9730432876164485,True,True,True,True,True,True,True,0.1014824261814069,0.9981729216392,True,NORMAL,NORMAL,IN_CONTROL
13,7,1,197.3892455164583,1.0005200388745392,0.9981729216392,0.992973614531508,5.201092611240052,0.1011591934274061,10.035347454342014,0.9108074564634684,46.112544576243366,2.9867387049580856,0.2004259729753528,4.1320029556101945,12.393331758650811,290.4787889251107,0.3534745434201447,True,True,True,True,True,True,True,0.1011591934274061,0.9981729216392,True,NORMAL,NORMAL,IN_CONTROL
13,7,2,197.3892455164583,1.0005200388745392,0.9981729216392,0.992973614531508,5.201092611240052,0.1009658877889026,10.042978925634264,0.9108074564634684,46.112544576243366,2.9867387049580856,0.2004259729753528,4.1320029556101945,12.393331758650811,290.4787889251107,0.4297892563426409,True,True,True,True,True,True,True,0.1009658877889026,0.9981729216392,True,NORMAL,NORMAL,IN_CONTROL
13,7,3,197.3892455164583,1.0005200388745392,0.9981729216392,0.992973614531508,5.201092611240052,0.1008265012653153,10.04671551070031,0.9108074564634684,46.112544576243366,2.9867387049580856,0.2004259729753528,4.1320029556101945,12.393331758650811,290.4787889251107,0.4671551070030944,True,True,True,True,True,True,True,0.1008265012653153,0.9981729216392,True,NORMAL,NORMAL,IN_CONTROL
13,7,4,197.3892455164583,1.0005200388745392,0.9981729216392,0.992973614531508,5.201092611240052,0.1009892144619184,10.0469839713323,0.9108074564634684,46.112544576243366,2.9867387049580856,0.2004259729753528,4.1320029556101945,12.393331758650811,290.4787889251107,0.46983971332300817,True,True,True,True,True,True,True,0.1009892144619184,0.9981729216392,True,NORMAL,NORMAL,IN_CONTROL
13,7,5,197.3892455164583,1.0005200388745392,0.9981729216392,0.992973614531508,5.201092611240052,0.100727415284774,10.043620109833636,0.9108074564634684,46.112544576243366,2.9867387049580856,0.2004259729753528,4.1320029556101945,12.393331758650811,290.4787889251107,0.4362010983363617,True,True,True,True,True,True,True,0.100727415284774,0.9981729216392,True,NORMAL,NORMAL,IN_CONTROL
13,8,1,197.3892455164583,1.0005200388745392,0.9981729216392,0.992973614531508,5.201092611240052,0.1005963608699293,10.086363753205244,0.937663590532372,49.236951572204646,2.999200097775977,0.202988466075082,4.276703414309219,12.393331758650811,290.4787889251107,0.8636375320524436,True,True,True,True,True,True,True,0.1005963608699293,0.9981729216392,True,NORMAL,NORMAL,IN_CONTROL
13,8,2,197.3892455164583,1.0005200388745392,0.9981729216392,0.992973614531508,5.201092611240052,0.100747856790208,10.03314367757547,0.937663590532372,49.236951572204646,2.999200097775977,0.202988466075082,4.276703414309219,12.393331758650811,290.4787889251107,0.3314367757547032,True,True,True,True,True,True,True,0.100747856790208,0.9981729216392,True,NORMAL,NORMAL,IN_CONTROL
13,8,3,197.3892455164583,1.0005200388745392,0.9981729216392,0.992973614531508,5.201092611240052,0.1010338271138958,10.035619394224364,0.937663590532372,49.236951572204646,2.999200097775977,0.202988466075082,4.276703414309219,12.393331758650811,290.4787889251107,0.3561939422436389,True,True,True,True,True,True,True,0.1010338271138958,0.9981729216392,True,NORMAL,NORMAL,IN_CONTROL
13,8,4,197.3892455164583,1.0005200388745392,0.9981729216392,0.992973614531508,5.201092611240052,0.1008927481505751,10.07170138005757,0.937663590532372,49.236951572204646,2.999200097775977,0.202988466075082,4.276703414309219,12.393331758650811,290.4787889251107,0.7170138005757032,True,True,True,True,True,True,True,0.1008927481505751,0.9981729216392,True,NORMAL,NORMAL,IN_CONTROL
13,8,5,197.3892455164583,1.0005200388745392,0.9981729216392,0.992973614531508,5.201092611240052,0.1001270937026235,10.055516468110447,0.937663590532372,49.236951572204646,2.999200097775977,0.202988466075082,4.276703414309219,12.393331758650811,290.4787889251107,0.5551646811044719,True,True,True,True,True,True,True,0.1001270937026235,0.9981729216392,True,NORMAL,NORMAL,IN_CONTROL
13,9,1,197.3892455164583,1.0005200388745392,0.9981729216392,0.992973614531508,5.201092611240052,0.1012404302023061,10.078698487789728,0.9107678961799168,47.087226606739726,3.014389261946616,0.2042336480386294,4.242780009580744,12.393331758650811,290.4787889251107,0.7869848778972788,True,True,True,True,True,True,True,0.1012404302023061,0.9981729216392,True,NORMAL,NORMAL,IN_CONTROL
13,9,2,197.3892455164583,1.0005200388745392,0.9981729216392,0.992973614531508,5.201092611240052,0.1001801631668478,10.06308606081198,0.9107678961799168,47.087226606739726,3.014389261946616,0.2042336480386294,4.242780009580744,12.393331758650811,290.4787889251107,0.6308606081197965,True,True,True,True,True,True,True,0.1001801631668478,0.9981729216392,True,NORMAL,NORMAL,IN_CONTROL
13,9,3,197.3892455164583,1.0005200388745392,0.9981729216392,0.992973614531508,5.201092611240052,0.1010401122721494,10.063108490880673,0.9107678961799168,47.087226606739726,3.014389261946616,0.2042336480386294,4.242780009580744,12.393331758650811,290.4787889251107,0.6310849088067272,True,True,True,True,True,True,True,0.1010401122721494,0.9981729216392,True,NORMAL,NORMAL,IN_CONTROL
13,9,4,197.3892455164583,1.0005200388745392,0.9981729216392,0.992973614531508,5.201092611240052,0.1007436817740036,10.051312988367023,0.9107678961799168,47.087226606739726,3.014389261946616,0.2042336480386294,4.242780009580744,12.393331758650811,290.4787889251107,0.5131298836702314,True,True,True,True,True,True,True,0.1007436817740036,0.9981729216392,True,NORMAL,NORMAL,IN_CONTROL
13,9,5,197.3892455164583,1.0005200388745392,0.9981729216392,0.992973614531508,5.201092611240052,0.1012472003347033,10.05551095480841,0.9107678961799168,47.087226606739726,3.014389261946616,0.2042336480386294,4.242780009580744,12.393331758650811,290.4787889251107,0.5551095480841006,True,True,True,True,True,True,True,0.1012472003347033,0.9981729216392,True,NORMAL,NORMAL,IN_CONTROL
13,10,1,197.3892455164583,1.0005200388745392,0.9981729216392,0.992973614531508,5.201092611240052,0.1014419038845121,10.082971567227831,0.9441621603582608,46.96531607345484,3.001539863899092,0.1981745176549253,3.715730171412244,12.393331758650811,290.4787889251107,0.8297156722783149,True,True,True,True,True,True,True,0.1014419038845121,0.9981729216392,True,NORMAL,NORMAL,IN_CONTROL
13,10,2,197.3892455164583,1.0005200388745392,0.9981729216392,0.992973614531508,5.201092611240052,0.1018161075524552,10.098987536421657,0.9441621603582608,46.96531607345484,3.001539863899092,0.1981745176549253,3.715730171412244,12.393331758650811,290.4787889251107,0.9898753642165659,True,True,True,True,True,True,True,0.1018161075524552,0.9981729216392,True,NORMAL,NORMAL,IN_CONTROL
13,10,3,197.3892455164583,1.0005200388745392,0.9981729216392,0.992973614531508,5.201092611240052,0.1010452997296423,10.104442213191792,0.9441621603582608,46.96531607345484,3.001539863899092,0.1981745176549253,3.715730171412244,12.393331758650811,290.4787889251107,1.0444221319179192,True,True,True,True,True,True,True,0.1010452997296423,0.9981729216392,True,NORMAL,NORMAL,IN_CONTROL
13,10,4,197.3892455164583,1.0005200388745392,0.9981729216392,0.992973614531508,5.201092611240052,0.1014888070963949,10.075375564100575,0.9441621603582608,46.96531607345484,3.001539863899092,0.1981745176549253,3.715730171412244,12.393331758650811,290.4787889251107,0.7537556410057533,True,True,True,True,True,True,True,0.1014888070963949,0.9981729216392,True,NORMAL,NORMAL,IN_CONTROL
13,10,5,197.3892455164583,1.0005200388745392,0.9981729216392,0.992973614531508,5.201092611240052,0.1017887365687447,10.118987247976555,0.9441621603582608,46.96531607345484,3.001539863899092,0.1981745176549253,3.715730171412244,12.393331758650811,290.4787889251107,1.1898724797655547,True,True,True,True,True,True,True,0.1017887365687447,0.9981729216392,True,NORMAL,NORMAL,IN_CONTROL
14,1,1,201.6790957429976,0.9883663613335212,0.9867520055326732,1.0118336182507486,4.889933873576564,0.0990903397000748,9.982891529869248,1.1192218472552915,49.72624867290567,2.955746931029648,0.2034934038017616,4.7777335070791,11.77845337093655,305.64284517040545,-0.1710847013075245,True,True,True,True,True,True,True,0.0990903397000748,0.9867520055326732,True,NORMAL,NORMAL,IN_CONTROL
14,1,2,201.6790957429976,0.9883663613335212,0.9867520055326732,1.0118336182507486,4.889933873576564,0.0999099101019883,10.00211592374442,1.1192218472552915,49.72624867290567,2.955746931029648,0.2034934038017616,4.7777335070791,11.77845337093655,305.64284517040545,0.0211592374441949,True,True,True,True,True,True,True,0.0999099101019883,0.9867520055326732,True,NORMAL,NORMAL,IN_CONTROL
14,1,3,201.6790957429976,0.9883663613335212,0.9867520055326732,1.0118336182507486,4.889933873576564,0.098984728033315,9.99142112584951,1.1192218472552915,49.72624867290567,2.955746931029648,0.2034934038017616,4.7777335070791,11.77845337093655,305.64284517040545,-0.08578874150490634,True,True,True,True,True,True,True,0.098984728033315,0.9867520055326732,True,NORMAL,NORMAL,IN_CONTROL
14,1,4,201.6790957429976,0.9883663613335212,0.9867520055326732,1.0118336182507486,4.889933873576564,0.0990750153484299,10.002676696183972,1.1192218472552915,49.72624867290567,2.955746931029648,0.2034934038017616,4.7777335070791,11.77845337093655,305.64284517040545,0.026766961839719272,True,True,True,True,True,True,True,0.0990750153484299,0.9867520055326732,True,NORMAL,NORMAL,IN_CONTROL
14,1,5,201.6790957429976,0.9883663613335212,0.9867520055326732,1.0118336182507486,4.889933873576564,0.0993067425654332,9.996723848274986,1.1192218472552915,49.72624867290567,2.955746931029648,0.2034934038017616,4.7777335070791,11.77845337093655,305.64284517040545,-0.03276151725014387,True,True,True,True,True,True,True,0.0993067425654332,0.9867520055326732,True,NORMAL,NORMAL,IN_CONTROL
14,2,1,201.6790957429976,0.9883663613335212,0.9867520055326732,1.0118336182507486,4.889933873576564,0.0990795502978869,9.960253598317188,1.1219340404370068,48.29169984073452,2.9663547718124867,0.2037062383412482,4.83282375099217,11.77845337093655,305.64284517040545,-0.39746401682812404,True,True,True,True,True,True,True,0.0990795502978869,0.9867520055326732,True,NORMAL,NORMAL,IN_CONTROL
14,2,2,201.6790957429976,0.9883663613335212,0.9867520055326732,1.0118336182507486,4.889933873576564,0.0987945685701515,9.943122518199154,1.1219340404370068,48.29169984073452,2.9663547718124867,0.2037062383412482,4.83282375099217,11.77845337093655,305.64284517040545,-0.568774818008464,True,True,True,True,True,True,True,0.0987945685701515,0.9867520055326732,True,NORMAL,NORMAL,IN_CONTROL
14,2,3,201.6790957429976,0.9883663613335212,0.9867520055326732,1.0118336182507486,4.889933873576564,0.0991824411956903,9.960396368321767,1.1219340404370068,48.29169984073452,2.9663547718124867,0.2037062383412482,4.83282375099217,11.77845337093655,305.64284517040545,-0.39603631678232887,True,True,True,True,True,True,True,0.0991824411956903,0.9867520055326732,True,NORMAL,NORMAL,IN_CONTROL
14,2,4,201.6790957429976,0.9883663613335212,0.9867520055326732,1.0118336182507486,4.889933873576564,0.0991281029980349,9.920627973192138,1.1219340404370068,48.29169984073452,2.9663547718124867,0.2037062383412482,4.83282375099217,11.77845337093655,305.64284517040545,-0.7937202680786192,True,True,True,True,True,True,True,0.0991281029980349,0.9867520055326732,True,NORMAL,NORMAL,IN_CONTROL
14,2,5,201.6790957429976,0.9883663613335212,0.9867520055326732,1.0118336182507486,4.889933873576564,0.099761520737517,9.942598419360609,1.1219340404370068,48.29169984073452,2.9663547718124867,0.2037062383412482,4.83282375099217,11.77845337093655,305.64284517040545,-0.5740158063939127,True,True,True,True,True,True,True,0.099761520737517,0.9867520055326732,True,NORMAL,NORMAL,IN_CONTROL
14,3,1,201.6790957429976,0.9883663613335212,0.9867520055326732,1.0118336182507486,4.889933873576564,0.0979309067283906,9.905085017059754,1.1607320564229957,50.29267124858493,2.959686340727783,0.2031481890081979,4.765120912581761,11.77845337093655,305.64284517040545,-0.949149829402458,True,True,True,True,True,True,True,0.0979309067283906,0.9867520055326732,True,NORMAL,NORMAL,IN_CONTROL
14,3,2,201.6790957429976,0.9883663613335212,0.9867520055326732,1.0118336182507486,4.889933873576564,0.098954232003581,9.935595668750844,1.1607320564229957,50.29267124858493,2.959686340727783,0.2031481890081979,4.765120912581761,11.77845337093655,305.64284517040545,-0.6440433124915579,True,True,True,True,True,True,True,0.098954232003581,0.9867520055326732,True,NORMAL,NORMAL,IN_CONTROL
14,3,3,201.6790957429976,0.9883663613335212,0.9867520055326732,1.0118336182507486,4.889933873576564,0.0985195458712628,9.933284718986911,1.1607320564229957,50.29267124858493,2.959686340727783,0.2031481890081979,4.765120912581761,11.77845337093655,305.64284517040545,-0.6671528101308866,True,True,True,True,True,True,True,0.0985195458712628,0.9867520055326732,True,NORMAL,NORMAL,IN_CONTROL
14,3,4,201.6790957429976,0.9883663613335212,0.9867520055326732,1.0118336182507486,4.889933873576564,0.0991213302537257,9.95668573780205,1.1607320564229957,50.29267124858493,2.959686340727783,0.2031481890081979,4.765120912581761,11.77845337093655,305.64284517040545,-0.43314262197949205,True,True,True,True,True,True,True,0.0991213302537257,0.9867520055326732,True,NORMAL,NORMAL,IN_CONTROL
14,3,5,201.6790957429976,0.9883663613335212,0.9867520055326732,1.0118336182507486,4.889933873576564,0.0984842138166222,9.931180690158254,1.1607320564229957,50.29267124858493,2.959686340727783,0.2031481890081979,4.765120912581761,11.77845337093655,305.64284517040545,-0.6881930984174645,True,True,True,True,True,True,True,0.0984842138166222,0.9867520055326732,True,NORMAL,NORMAL,IN_CONTROL
14,4,1,201.6790957429976,0.9883663613335212,0.9867520055326732,1.0118336182507486,4.889933873576564,0.0985075103626525,10.030615707838503,1.1582603992464393,47.91759255875971,2.9639236172569268,0.2043165893344238,4.472280174196136,11.77845337093655,305.64284517040545,0.30615707838503425,True,True,True,True,True,True,True,0.0985075103626525,0.9867520055326732,True,NORMAL,NORMAL,IN_CONTROL
14,4,2,201.6790957429976,0.9883663613335212,0.9867520055326732,1.0118336182507486,4.889933873576564,0.0983856651924198,10.060430158896189,1.1582603992464393,47.91759255875971,2.9639236172569268,0.2043165893344238,4.472280174196136,11.77845337093655,305.64284517040545,0.6043015889618886,True,True,True,True,True,True,True,0.0983856651924198,0.9867520055326732,True,NORMAL,NORMAL,IN_CONTROL
14,4,3,201.6790957429976,0.9883663613335212,0.9867520055326732,1.0118336182507486,4.889933873576564,0.0985959382732637,10.04648570425855,1.1582603992464393,47.91759255875971,2.9639236172569268,0.2043165893344238,4.472280174196136,11.77845337093655,305.64284517040545,0.4648570425855069,True,True,True,True,True,True,True,0.0985959382732637,0.9867520055326732,True,NORMAL,NORMAL,IN_CONTROL
14,4,4,201.6790957429976,0.9883663613335212,0.9867520055326732,1.0118336182507486,4.889933873576564,0.0986464938059002,10.03078873766448,1.1582603992464393,47.91759255875971,2.9639236172569268,0.2043165893344238,4.472280174196136,11.77845337093655,305.64284517040545,0.3078873766447998,True,True,True,True,True,True,True,0.0986464938059002,0.9867520055326732,True,NORMAL,NORMAL,IN_CONTROL
14,4,5,201.6790957429976,0.9883663613335212,0.9867520055326732,1.0118336182507486,4.889933873576564,0.0992056739430015,10.05777520874122,1.1582603992464393,47.91759255875971,2.9639236172569268,0.2043165893344238,4.472280174196136,11.77845337093655,305.64284517040545,0.5777520874121933,True,True,True,True,True,True,True,0.0992056739430015,0.9867520055326732,True,NORMAL,NORMAL,IN_CONTROL
14,5,1,201.6790957429976,0.9883663613335212,0.9867520055326732,1.0118336182507486,4.889933873576564,0.0991527198357905,9.967156627539223,1.150501943277037,49.75501226003311,2.9607358196545275,0.2038349584458345,4.751149995465588,11.77845337093655,305.64284517040545,-0.3284337246077662,True,True,True,True,True,True,True,0.0991527198357905,0.9867520055326732,True,NORMAL,NORMAL,IN_CONTROL
14,5,2,201.6790957429976,0.9883663613335212,0.9867520055326732,1.0118336182507486,4.889933873576564,0.0995746616376417,9.980886141375564,1.150501943277037,49.75501226003311,2.9607358196545275,0.2038349584458345,4.751149995465588,11.77845337093655,305.64284517040545,-0.19113858624436375,True,True,True,True,True,True,True,0.0995746616376417,0.9867520055326732,True,NORMAL,NORMAL,IN_CONTROL
14,5,3,201.6790957429976,0.9883663613335212,0.9867520055326732,1.0118336182507486,4.889933873576564,0.0987231646935858,9.970494570150723,1.150501943277037,49.75501226003311,2.9607358196545275,0.2038349584458345,4.751149995465588,11.77845337093655,305.64284517040545,-0.2950542984927651,True,True,True,True,True,True,True,0.0987231646935858,0.9867520055326732,True,NORMAL,NORMAL,IN_CONTROL
14,5,4,201.6790957429976,0.9883663613335212,0.9867520055326732,1.0118336182507486,4.889933873576564,0.0988980561121832,9.950854842787772,1.150501943277037,49.75501226003311,2.9607358196545275,0.2038349584458345,4.751149995465588,11.77845337093655,305.64284517040545,-0.49145157212228346,True,True,True,True,True,True,True,0.0988980561121832,0.9867520055326732,True,NORMAL,NORMAL,IN_CONTROL
14,5,5,201.6790957429976,0.9883663613335212,0.9867520055326732,1.0118336182507486,4.889933873576564,0.099229496804609,9.959887774293172,1.150501943277037,49.75501226003311,2.9607358196545275,0.2038349584458345,4.751149995465588,11.77845337093655,305.64284517040545,-0.4011222570682804,True,True,True,True,True,True,True,0.099229496804609,0.9867520055326732,True,NORMAL,NORMAL,IN_CONTROL
14,6,1,201.6790957429976,0.9883663613335212,0.9867520055326732,1.0118336182507486,4.889933873576564,0.0989501717086857,9.948299706952524,1.104210390580363,48.49540023027297,2.9700237770790268,0.2070302892449162,4.6534894602281245,11.77845337093655,305.64284517040545,-0.5170029304747636,True,True,True,True,True,True,True,0.0989501717086857,0.9867520055326732,True,NORMAL,NORMAL,IN_CONTROL
14,6,2,201.6790957429976,0.9883663613335212,0.9867520055326732,1.0118336182507486,4.889933873576564,0.0992553922276782,9.960078273880342,1.104210390580363,48.49540023027297,2.9700237770790268,0.2070302892449162,4.6534894602281245,11.77845337093655,305.64284517040545,-0.39921726119658274,True,True,True,True,True,True,True,0.0992553922276782,0.9867520055326732,True,NORMAL,NORMAL,IN_CONTROL
14,6,3,201.6790957429976,0.9883663613335212,0.9867520055326732,1.0118336182507486,4.889933873576564,0.0990910857323568,9.941630860145116,1.104210390580363,48.49540023027297,2.9700237770790268,0.2070302892449162,4.6534894602281245,11.77845337093655,305.64284517040545,-0.5836913985488401,True,True,True,True,True,True,True,0.0990910857323568,0.9867520055326732,True,NORMAL,NORMAL,IN_CONTROL
14,6,4,201.6790957429976,0.9883663613335212,0.9867520055326732,1.0118336182507486,4.889933873576564,0.0991436556409237,9.924846388937212,1.104210390580363,48.49540023027297,2.9700237770790268,0.2070302892449162,4.6534894602281245,11.77845337093655,305.64284517040545,-0.7515361106278817,True,True,True,True,True,True,True,0.0991436556409237,0.9867520055326732,True,NORMAL,NORMAL,IN_CONTROL
14,6,5,201.6790957429976,0.9883663613335212,0.9867520055326732,1.0118336182507486,4.889933873576564,0.0989961209176083,9.966565113239657,1.104210390580363,48.49540023027297,2.9700237770790268,0.2070302892449162,4.6534894602281245,11.77845337093655,305.64284517040545,-0.3343488676034312,True,True,True,True,True,True,True,0.0989961209176083,0.9867520055326732,True,NORMAL,NORMAL,IN_CONTROL
14,7,1,201.6790957429976,0.9883663613335212,0.9867520055326732,1.0118336182507486,4.889933873576564,0.0993506755864631,10.058040488192622,1.1339561795889226,48.90008334445501,2.9629097670841937,0.2047014799726104,4.670412704318852,11.77845337093655,305.64284517040545,0.5804048819262242,True,True,True,True,True,True,True,0.0993506755864631,0.9867520055326732,True,NORMAL,NORMAL,IN_CONTROL
14,7,2,201.6790957429976,0.9883663613335212,0.9867520055326732,1.0118336182507486,4.889933873576564,0.0991819495372322,10.045229628177156,1.1339561795889226,48.90008334445501,2.9629097670841937,0.2047014799726104,4.670412704318852,11.77845337093655,305.64284517040545,0.45229628177155584,True,True,True,True,True,True,True,0.0991819495372322,0.9867520055326732,True,NORMAL,NORMAL,IN_CONTROL
14,7,3,201.6790957429976,0.9883663613335212,0.9867520055326732,1.0118336182507486,4.889933873576564,0.0991671413513985,10.03468938375304,1.1339561795889226,48.90008334445501,2.9629097670841937,0.2047014799726104,4.670412704318852,11.77845337093655,305.64284517040545,0.34689383753040204,True,True,True,True,True,True,True,0.0991671413513985,0.9867520055326732,True,NORMAL,NORMAL,IN_CONTROL
14,7,4,201.6790957429976,0.9883663613335212,0.9867520055326732,1.0118336182507486,4.889933873576564,0.0992645526964071,10.033781926123758,1.1339561795889226,48.90008334445501,2.9629097670841937,0.2047014799726104,4.670412704318852,11.77845337093655,305.64284517040545,0.3378192612375841,True,True,True,True,True,True,True,0.0992645526964071,0.9867520055326732,True,NORMAL,NORMAL,IN_CONTROL
14,7,5,201.6790957429976,0.9883663613335212,0.9867520055326732,1.0118336182507486,4.889933873576564,0.0989007295491893,10.078573239916496,1.1339561795889226,48.90008334445501,2.9629097670841937,0.2047014799726104,4.670412704318852,11.77845337093655,305.64284517040545,0.7857323991649601,True,True,True,True,True,True,True,0.0989007295491893,0.9867520055326732,True,NORMAL,NORMAL,IN_CONTROL
14,8,1,201.6790957429976,0.9883663613335212,0.9867520055326732,1.0118336182507486,4.889933873576564,0.0994797142299278,9.94323092648882,1.164389221158504,49.48898487814621,2.964655823414786,0.2080704515444892,4.740606890480802,11.77845337093655,305.64284517040545,-0.5676907351118032,True,True,True,True,True,True,True,0.0994797142299278,0.9867520055326732,True,NORMAL,NORMAL,IN_CONTROL
14,8,2,201.6790957429976,0.9883663613335212,0.9867520055326732,1.0118336182507486,4.889933873576564,0.0993115259521055,9.947756404693642,1.164389221158504,49.48898487814621,2.964655823414786,0.2080704515444892,4.740606890480802,11.77845337093655,305.64284517040545,-0.522435953063578,True,True,True,True,True,True,True,0.0993115259521055,0.9867520055326732,True,NORMAL,NORMAL,IN_CONTROL
14,8,3,201.6790957429976,0.9883663613335212,0.9867520055326732,1.0118336182507486,4.889933873576564,0.0991117490050079,9.938579044360276,1.164389221158504,49.48898487814621,2.964655823414786,0.2080704515444892,4.740606890480802,11.77845337093655,305.64284517040545,-0.6142095563972383,True,True,True,True,True,True,True,0.0991117490050079,0.9867520055326732,True,NORMAL,NORMAL,IN_CONTROL
14,8,4,201.6790957429976,0.9883663613335212,0.9867520055326732,1.0118336182507486,4.889933873576564,0.0997159174190594,9.916147516984104,1.164389221158504,49.48898487814621,2.964655823414786,0.2080704515444892,4.740606890480802,11.77845337093655,305.64284517040545,-0.8385248301589598,True,True,True,True,True,True,True,0.0997159174190594,0.9867520055326732,True,NORMAL,NORMAL,IN_CONTROL
14,8,5,201.6790957429976,0.9883663613335212,0.9867520055326732,1.0118336182507486,4.889933873576564,0.0994453512966924,9.928320636862017,1.164389221158504,49.48898487814621,2.964655823414786,0.2080704515444892,4.740606890480802,11.77845337093655,305.64284517040545,-0.7167936313798329,True,True,True,True,True,True,True,0.0994453512966924,0.9867520055326732,True,NORMAL,NORMAL,IN_CONTROL
14,9,1,201.6790957429976,0.9883663613335212,0.9867520055326732,1.0118336182507486,4.889933873576564,0.0991089938942386,10.02124632984453,1.1277624539072968,50.37190210888868,2.966187455792808,0.1999100269974333,4.6104493937109305,11.77845337093655,305.64284517040545,0.2124632984453001,True,True,True,True,True,True,True,0.0991089938942386,0.9867520055326732,True,NORMAL,NORMAL,IN_CONTROL
14,9,2,201.6790957429976,0.9883663613335212,0.9867520055326732,1.0118336182507486,4.889933873576564,0.0997410476184203,9.967534157735416,1.1277624539072968,50.37190210888868,2.966187455792808,0.1999100269974333,4.6104493937109305,11.77845337093655,305.64284517040545,-0.324658422645836,True,True,True,True,True,True,True,0.0997410476184203,0.9867520055326732,True,NORMAL,NORMAL,IN_CONTROL
14,9,3,201.6790957429976,0.9883663613335212,0.9867520055326732,1.0118336182507486,4.889933873576564,0.0991521290951497,10.004756840973462,1.1277624539072968,50.37190210888868,2.966187455792808,0.1999100269974333,4.6104493937109305,11.77845337093655,305.64284517040545,0.04756840973461962,True,True,True,True,True,True,True,0.0991521290951497,0.9867520055326732,True,NORMAL,NORMAL,IN_CONTROL
14,9,4,201.6790957429976,0.9883663613335212,0.9867520055326732,1.0118336182507486,4.889933873576564,0.0994978385317311,9.988958339242275,1.1277624539072968,50.37190210888868,2.966187455792808,0.1999100269974333,4.6104493937109305,11.77845337093655,305.64284517040545,-0.11041660757724614,True,True,True,True,True,True,True,0.0994978385317311,0.9867520055326732,True,NORMAL,NORMAL,IN_CONTROL
14,9,5,201.6790957429976,0.9883663613335212,0.9867520055326732,1.0118336182507486,4.889933873576564,0.0995176098801483,9.98640125465256,1.1277624539072968,50.37190210888868,2.966187455792808,0.1999100269974333,4.6104493937109305,11.77845337093655,305.64284517040545,-0.13598745347440655,True,True,True,True,True,True,True,0.0995176098801483,0.9867520055326732,True,NORMAL,NORMAL,IN_CONTROL
14,10,1,201.6790957429976,0.9883663613335212,0.9867520055326732,1.0118336182507486,4.889933873576564,0.1000274625123395,10.0162918037272,1.1317984112898924,48.76094005440679,2.968639456022457,0.2024484179803192,4.348779270237049,11.77845337093655,305.64284517040545,0.16291803727199294,True,True,True,True,True,True,True,0.1000274625123395,0.9867520055326732,True,NORMAL,NORMAL,IN_CONTROL
14,10,2,201.6790957429976,0.9883663613335212,0.9867520055326732,1.0118336182507486,4.889933873576564,0.0999604095248048,10.01427739625572,1.1317984112898924,48.76094005440679,2.968639456022457,0.2024484179803192,4.348779270237049,11.77845337093655,305.64284517040545,0.14277396255719665,True,True,True,True,True,True,True,0.0999604095248048,0.9867520055326732,True,NORMAL,NORMAL,IN_CONTROL
14,10,3,201.6790957429976,0.9883663613335212,0.9867520055326732,1.0118336182507486,4.889933873576564,0.1000743358252351,10.00225718258204,1.1317984112898924,48.76094005440679,2.968639456022457,0.2024484179803192,4.348779270237049,11.77845337093655,305.64284517040545,0.02257182582040329,True,True,True,True,True,True,True,0.1000743358252351,0.9867520055326732,True,NORMAL,NORMAL,IN_CONTROL
14,10,4,201.6790957429976,0.9883663613335212,0.9867520055326732,1.0118336182507486,4.889933873576564,0.0996919569456748,10.006384832000968,1.1317984112898924,48.76094005440679,2.968639456022457,0.2024484179803192,4.348779270237049,11.77845337093655,305.64284517040545,0.06384832000968288,True,True,True,True,True,True,True,0.0996919569456748,0.9867520055326732,True,NORMAL,NORMAL,IN_CONTROL
14,10,5,201.6790957429976,0.9883663613335212,0.9867520055326732,1.0118336182507486,4.889933873576564,0.1004442829235521,10.00238701027958,1.1317984112898924,48.76094005440679,2.968639456022457,0.2024484179803192,4.348779270237049,11.77845337093655,305.64284517040545,0.02387010279580437,True,True,True,True,True,True,True,0.1004442829235521,0.9867520055326732,True,NORMAL,NORMAL,IN_CONTROL
15,1,1,197.39753587693184,1.014993643128874,0.9748133435856442,0.9983764999251554,4.956637251484581,0.0963664189751667,10.048545598244154,1.0094416536514983,45.38476455765637,3.018261364875992,0.2115254489731999,5.791331719130705,11.886464346479965,302.8655027317772,0.4854559824415361,True,True,True,True,True,True,True,0.0963664189751667,0.9748133435856442,True,NORMAL,NORMAL,IN_CONTROL
15,1,2,197.39753587693184,1.014993643128874,0.9748133435856442,0.9983764999251554,4.956637251484581,0.0975912016136357,10.048995142830714,1.0094416536514983,45.38476455765637,3.018261364875992,0.2115254489731999,5.791331719130705,11.886464346479965,302.8655027317772,0.48995142830714045,True,True,True,True,True,True,True,0.0975912016136357,0.9748133435856442,True,NORMAL,NORMAL,IN_CONTROL
15,1,3,197.39753587693184,1.014993643128874,0.9748133435856442,0.9983764999251554,4.956637251484581,0.0973513279902744,10.051564502545792,1.0094416536514983,45.38476455765637,3.018261364875992,0.2115254489731999,5.791331719130705,11.886464346479965,302.8655027317772,0.5156450254579248,True,True,True,True,True,True,True,0.0973513279902744,0.9748133435856442,True,NORMAL,NORMAL,IN_CONTROL
15,1,4,197.39753587693184,1.014993643128874,0.9748133435856442,0.9983764999251554,4.956637251484581,0.0968873385686467,10.044680439927191,1.0094416536514983,45.38476455765637,3.018261364875992,0.2115254489731999,5.791331719130705,11.886464346479965,302.8655027317772,0.44680439927191173,True,True,True,True,True,True,True,0.0968873385686467,0.9748133435856442,True,NORMAL,NORMAL,IN_CONTROL
15,1,5,197.39753587693184,1.014993643128874,0.9748133435856442,0.9983764999251554,4.956637251484581,0.0966645560714465,10.047668264045155,1.0094416536514983,45.38476455765637,3.018261364875992,0.2115254489731999,5.791331719130705,11.886464346479965,302.8655027317772,0.4766826404515534,True,True,True,True,True,True,True,0.0966645560714465,0.9748133435856442,True,NORMAL,NORMAL,IN_CONTROL
15,2,1,197.39753587693184,1.014993643128874,0.9748133435856442,0.9983764999251554,4.956637251484581,0.098183806341153,10.009024507795775,1.01076722531062,42.71127465672892,3.017433515384383,0.2140891818530713,5.823151026617758,11.886464346479965,302.8655027317772,0.0902450779577535,True,True,True,True,True,True,True,0.098183806341153,0.9748133435856442,True,NORMAL,NORMAL,IN_CONTROL
15,2,2,197.39753587693184,1.014993643128874,0.9748133435856442,0.9983764999251554,4.956637251484581,0.0983085497993062,10.00336080091395,1.01076722531062,42.71127465672892,3.017433515384383,0.2140891818530713,5.823151026617758,11.886464346479965,302.8655027317772,0.03360800913949191,True,True,True,True,True,True,True,0.0983085497993062,0.9748133435856442,True,NORMAL,NORMAL,IN_CONTROL
15,2,3,197.39753587693184,1.014993643128874,0.9748133435856442,0.9983764999251554,4.956637251484581,0.0980727564824565,10.006761941291396,1.01076722531062,42.71127465672892,3.017433515384383,0.2140891818530713,5.823151026617758,11.886464346479965,302.8655027317772,0.06761941291395956,True,True,True,True,True,True,True,0.0980727564824565,0.9748133435856442,True,NORMAL,NORMAL,IN_CONTROL
15,2,4,197.39753587693184,1.014993643128874,0.9748133435856442,0.9983764999251554,4.956637251484581,0.0985330989039271,9.98961817651708,1.01076722531062,42.71127465672892,3.017433515384383,0.2140891818530713,5.823151026617758,11.886464346479965,302.8655027317772,-0.10381823482919829,True,True,True,True,True,True,True,0.0985330989039271,0.9748133435856442,True,NORMAL,NORMAL,IN_CONTROL
15,2,5,197.39753587693184,1.014993643128874,0.9748133435856442,0.9983764999251554,4.956637251484581,0.0980994004283192,10.00916863259692,1.01076722531062,42.71127465672892,3.017433515384383,0.2140891818530713,5.823151026617758,11.886464346479965,302.8655027317772,0.09168632596919579,True,True,True,True,True,True,True,0.0980994004283192,0.9748133435856442,True,NORMAL,NORMAL,IN_CONTROL
15,3,1,197.39753587693184,1.014993643128874,0.9748133435856442,0.9983764999251554,4.956637251484581,0.0961879452329358,10.003860467022012,1.0067334656621862,43.98927209060887,3.003024622687469,0.2174649315668408,5.620099530403976,11.886464346479965,302.8655027317772,0.03860467022011704,True,True,True,True,True,True,True,0.0961879452329358,0.9748133435856442,True,NORMAL,NORMAL,IN_CONTROL
15,3,2,197.39753587693184,1.014993643128874,0.9748133435856442,0.9983764999251554,4.956637251484581,0.0965679823100944,9.985792574690285,1.0067334656621862,43.98927209060887,3.003024622687469,0.2174649315668408,5.620099530403976,11.886464346479965,302.8655027317772,-0.14207425309715305,True,True,True,True,True,True,True,0.0965679823100944,0.9748133435856442,True,NORMAL,NORMAL,IN_CONTROL
15,3,3,197.39753587693184,1.014993643128874,0.9748133435856442,0.9983764999251554,4.956637251484581,0.0959164418941667,9.969288136819278,1.0067334656621862,43.98927209060887,3.003024622687469,0.2174649315668408,5.620099530403976,11.886464346479965,302.8655027317772,-0.3071186318072172,True,True,True,True,True,True,True,0.0959164418941667,0.9748133435856442,True,NORMAL,NORMAL,IN_CONTROL
15,3,4,197.39753587693184,1.014993643128874,0.9748133435856442,0.9983764999251554,4.956637251484581,0.0964624477764032,9.979784892950306,1.0067334656621862,43.98927209060887,3.003024622687469,0.2174649315668408,5.620099530403976,11.886464346479965,302.8655027317772,-0.2021510704969387,True,True,True,True,True,True,True,0.0964624477764032,0.9748133435856442,True,NORMAL,NORMAL,IN_CONTROL
15,3,5,197.39753587693184,1.014993643128874,0.9748133435856442,0.9983764999251554,4.956637251484581,0.0957138855565501,9.962798601182117,1.0067334656621862,43.98927209060887,3.003024622687469,0.2174649315668408,5.620099530403976,11.886464346479965,302.8655027317772,-0.372013988178832,True,True,True,True,True,True,True,0.0957138855565501,0.9748133435856442,True,NORMAL,NORMAL,IN_CONTROL
15,4,1,197.39753587693184,1.014993643128874,0.9748133435856442,0.9983764999251554,4.956637251484581,0.0968872877409963,10.04427841156432,0.9578301746370158,41.8455705703761,3.0091986247898537,0.2143273598899959,5.958865316536418,11.886464346479965,302.8655027317772,0.44278411564320663,True,True,True,True,True,True,True,0.0968872877409963,0.9748133435856442,True,NORMAL,NORMAL,IN_CONTROL
15,4,2,197.39753587693184,1.014993643128874,0.9748133435856442,0.9983764999251554,4.956637251484581,0.096185147364451,10.045585792822942,0.9578301746370158,41.8455705703761,3.0091986247898537,0.2143273598899959,5.958865316536418,11.886464346479965,302.8655027317772,0.45585792822942395,True,True,True,True,True,True,True,0.096185147364451,0.9748133435856442,True,NORMAL,NORMAL,IN_CONTROL
15,4,3,197.39753587693184,1.014993643128874,0.9748133435856442,0.9983764999251554,4.956637251484581,0.0964535129506357,10.07910084239566,0.9578301746370158,41.8455705703761,3.0091986247898537,0.2143273598899959,5.958865316536418,11.886464346479965,302.8655027317772,0.791008423956594,True,True,True,True,True,True,True,0.0964535129506357,0.9748133435856442,True,NORMAL,NORMAL,IN_CONTROL
15,4,4,197.39753587693184,1.014993643128874,0.9748133435856442,0.9983764999251554,4.956637251484581,0.0963435349655724,10.047584877294687,0.9578301746370158,41.8455705703761,3.0091986247898537,0.2143273598899959,5.958865316536418,11.886464346479965,302.8655027317772,0.47584877294687183,True,True,True,True,True,True,True,0.0963435349655724,0.9748133435856442,True,NORMAL,NORMAL,IN_CONTROL
15,4,5,197.39753587693184,1.014993643128874,0.9748133435856442,0.9983764999251554,4.956637251484581,0.0968299357508143,10.07632112737772,0.9578301746370158,41.8455705703761,3.0091986247898537,0.2143273598899959,5.958865316536418,11.886464346479965,302.8655027317772,0.7632112737771912,True,True,True,True,True,True,True,0.0968299357508143,0.9748133435856442,True,NORMAL,NORMAL,IN_CONTROL
15,5,1,197.39753587693184,1.014993643128874,0.9748133435856442,0.9983764999251554,4.956637251484581,0.0967397476874092,10.024666174281164,0.9723016598546514,42.71614086179967,3.012315096098364,0.2143660303612444,6.007085144933253,11.886464346479965,302.8655027317772,0.24666174281163578,True,True,True,True,True,True,True,0.0967397476874092,0.9748133435856442,True,NORMAL,NORMAL,IN_CONTROL
15,5,2,197.39753587693184,1.014993643128874,0.9748133435856442,0.9983764999251554,4.956637251484581,0.0970377981975336,10.003331551691938,0.9723016598546514,42.71614086179967,3.012315096098364,0.2143660303612444,6.007085144933253,11.886464346479965,302.8655027317772,0.03331551691937662,True,True,True,True,True,True,True,0.0970377981975336,0.9748133435856442,True,NORMAL,NORMAL,IN_CONTROL
15,5,3,197.39753587693184,1.014993643128874,0.9748133435856442,0.9983764999251554,4.956637251484581,0.0970151025524381,9.997759378655624,0.9723016598546514,42.71614086179967,3.012315096098364,0.2143660303612444,6.007085144933253,11.886464346479965,302.8655027317772,-0.022406213443755263,True,True,True,True,True,True,True,0.0970151025524381,0.9748133435856442,True,NORMAL,NORMAL,IN_CONTROL
15,5,4,197.39753587693184,1.014993643128874,0.9748133435856442,0.9983764999251554,4.956637251484581,0.0965476909335953,10.00522348861452,0.9723016598546514,42.71614086179967,3.012315096098364,0.2143660303612444,6.007085144933253,11.886464346479965,302.8655027317772,0.05223488614520377,True,True,True,True,True,True,True,0.0965476909335953,0.9748133435856442,True,NORMAL,NORMAL,IN_CONTROL
15,5,5,197.39753587693184,1.014993643128874,0.9748133435856442,0.9983764999251554,4.956637251484581,0.0972726281157262,9.992181007183058,0.9723016598546514,42.71614086179967,3.012315096098364,0.2143660303612444,6.007085144933253,11.886464346479965,302.8655027317772,-0.07818992816941872,True,True,True,True,True,True,True,0.0972726281157262,0.9748133435856442,True,NORMAL,NORMAL,IN_CONTROL
15,6,1,197.39753587693184,1.014993643128874,0.9748133435856442,0.9983764999251554,4.956637251484581,0.0979366980984809,10.045765589289443,0.9541878672031768,43.99358617344777,3.024556904976705,0.2111779015458995,5.3089396794990495,11.886464346479965,302.8655027317772,0.457655892894433,True,True,True,True,True,True,True,0.0979366980984809,0.9748133435856442,True,NORMAL,NORMAL,IN_CONTROL
15,6,2,197.39753587693184,1.014993643128874,0.9748133435856442,0.9983764999251554,4.956637251484581,0.0980089653669633,10.026104342016874,0.9541878672031768,43.99358617344777,3.024556904976705,0.2111779015458995,5.3089396794990495,11.886464346479965,302.8655027317772,0.26104342016873616,True,True,True,True,True,True,True,0.0980089653669633,0.9748133435856442,True,NORMAL,NORMAL,IN_CONTROL
15,6,3,197.39753587693184,1.014993643128874,0.9748133435856442,0.9983764999251554,4.956637251484581,0.0978995799679431,10.030448825238915,0.9541878672031768,43.99358617344777,3.024556904976705,0.2111779015458995,5.3089396794990495,11.886464346479965,302.8655027317772,0.30448825238915234,True,True,True,True,True,True,True,0.0978995799679431,0.9748133435856442,True,NORMAL,NORMAL,IN_CONTROL
15,6,4,197.39753587693184,1.014993643128874,0.9748133435856442,0.9983764999251554,4.956637251484581,0.0983196854280658,10.023709526740964,0.9541878672031768,43.99358617344777,3.024556904976705,0.2111779015458995,5.3089396794990495,11.886464346479965,302.8655027317772,0.23709526740963938,True,True,True,True,True,True,True,0.0983196854280658,0.9748133435856442,True,NORMAL,NORMAL,IN_CONTROL
15,6,5,197.39753587693184,1.014993643128874,0.9748133435856442,0.9983764999251554,4.956637251484581,0.097974715621205,10.011251171780604,0.9541878672031768,43.99358617344777,3.024556904976705,0.2111779015458995,5.3089396794990495,11.886464346479965,302.8655027317772,0.11251171780603642,True,True,True,True,True,True,True,0.097974715621205,0.9748133435856442,True,NORMAL,NORMAL,IN_CONTROL
15,7,1,197.39753587693184,1.014993643128874,0.9748133435856442,0.9983764999251554,4.956637251484581,0.0959367239773592,10.010812605066494,0.956920125540662,43.82117751221917,3.0105957766536715,0.2135359323010942,5.740488717681564,11.886464346479965,302.8655027317772,0.10812605066494285,True,True,True,True,True,True,True,0.0959367239773592,0.9748133435856442,True,NORMAL,NORMAL,IN_CONTROL
15,7,2,197.39753587693184,1.014993643128874,0.9748133435856442,0.9983764999251554,4.956637251484581,0.0955900910899405,10.042253279839558,0.956920125540662,43.82117751221917,3.0105957766536715,0.2135359323010942,5.740488717681564,11.886464346479965,302.8655027317772,0.42253279839558294,True,True,True,True,True,True,True,0.0955900910899405,0.9748133435856442,True,NORMAL,NORMAL,IN_CONTROL
15,7,3,197.39753587693184,1.014993643128874,0.9748133435856442,0.9983764999251554,4.956637251484581,0.0956575200609687,10.027962103810582,0.956920125540662,43.82117751221917,3.0105957766536715,0.2135359323010942,5.740488717681564,11.886464346479965,302.8655027317772,0.2796210381058195,True,True,True,True,True,True,True,0.0956575200609687,0.9748133435856442,True,NORMAL,NORMAL,IN_CONTROL
15,7,4,197.39753587693184,1.014993643128874,0.9748133435856442,0.9983764999251554,4.956637251484581,0.0961991390669601,10.026162729041827,0.956920125540662,43.82117751221917,3.0105957766536715,0.2135359323010942,5.740488717681564,11.886464346479965,302.8655027317772,0.2616272904182715,True,True,True,True,True,True,True,0.0961991390669601,0.9748133435856442,True,NORMAL,NORMAL,IN_CONTROL
15,7,5,197.39753587693184,1.014993643128874,0.9748133435856442,0.9983764999251554,4.956637251484581,0.0951973808459562,10.028314750869535,0.956920125540662,43.82117751221917,3.0105957766536715,0.2135359323010942,5.740488717681564,11.886464346479965,302.8655027317772,0.2831475086953539,True,True,True,True,True,True,True,0.0951973808459562,0.9748133435856442,True,NORMAL,NORMAL,IN_CONTROL
15,8,1,197.39753587693184,1.014993643128874,0.9748133435856442,0.9983764999251554,4.956637251484581,0.0977868172457593,10.018320118080966,0.9629490699246812,44.698015778434105,3.009142943655854,0.2098934443013225,5.777503162741627,11.886464346479965,302.8655027317772,0.18320118080966452,True,True,True,True,True,True,True,0.0977868172457593,0.9748133435856442,True,NORMAL,NORMAL,IN_CONTROL
15,8,2,197.39753587693184,1.014993643128874,0.9748133435856442,0.9983764999251554,4.956637251484581,0.0972858196779035,10.064174346603966,0.9629490699246812,44.698015778434105,3.009142943655854,0.2098934443013225,5.777503162741627,11.886464346479965,302.8655027317772,0.6417434660396637,True,True,True,True,True,True,True,0.0972858196779035,0.9748133435856442,True,NORMAL,NORMAL,IN_CONTROL
15,8,3,197.39753587693184,1.014993643128874,0.9748133435856442,0.9983764999251554,4.956637251484581,0.0975491388760789,10.02550685946217,0.9629490699246812,44.698015778434105,3.009142943655854,0.2098934443013225,5.777503162741627,11.886464346479965,302.8655027317772,0.25506859462170794,True,True,True,True,True,True,True,0.0975491388760789,0.9748133435856442,True,NORMAL,NORMAL,IN_CONTROL
15,8,4,197.39753587693184,1.014993643128874,0.9748133435856442,0.9983764999251554,4.956637251484581,0.0977490335139335,10.043831213715336,0.9629490699246812,44.698015778434105,3.009142943655854,0.2098934443013225,5.777503162741627,11.886464346479965,302.8655027317772,0.4383121371533604,True,True,True,True,True,True,True,0.0977490335139335,0.9748133435856442,True,NORMAL,NORMAL,IN_CONTROL
15,8,5,197.39753587693184,1.014993643128874,0.9748133435856442,0.9983764999251554,4.956637251484581,0.0981450530483549,10.065866302072596,0.9629490699246812,44.698015778434105,3.009142943655854,0.2098934443013225,5.777503162741627,11.886464346479965,302.8655027317772,0.6586630207259603,True,True,True,True,True,True,True,0.0981450530483549,0.9748133435856442,True,NORMAL,NORMAL,IN_CONTROL
15,9,1,197.39753587693184,1.014993643128874,0.9748133435856442,0.9983764999251554,4.956637251484581,0.0970522211870817,10.06390146895107,0.9813938483341692,42.8403986170029,3.0168795731293967,0.2110139290168117,5.937033881800898,11.886464346479965,302.8655027317772,0.6390146895106952,True,True,True,True,True,True,True,0.0970522211870817,0.9748133435856442,True,NORMAL,NORMAL,IN_CONTROL
15,9,2,197.39753587693184,1.014993643128874,0.9748133435856442,0.9983764999251554,4.956637251484581,0.0971090547789482,10.043372076929108,0.9813938483341692,42.8403986170029,3.0168795731293967,0.2110139290168117,5.937033881800898,11.886464346479965,302.8655027317772,0.43372076929108166,True,True,True,True,True,True,True,0.0971090547789482,0.9748133435856442,True,NORMAL,NORMAL,IN_CONTROL
15,9,3,197.39753587693184,1.014993643128874,0.9748133435856442,0.9983764999251554,4.956637251484581,0.0970796392720009,10.002907100673358,0.9813938483341692,42.8403986170029,3.0168795731293967,0.2110139290168117,5.937033881800898,11.886464346479965,302.8655027317772,0.02907100673358087,True,True,True,True,True,True,True,0.0970796392720009,0.9748133435856442,True,NORMAL,NORMAL,IN_CONTROL
15,9,4,197.39753587693184,1.014993643128874,0.9748133435856442,0.9983764999251554,4.956637251484581,0.0969737733725382,10.04431930270832,0.9813938483341692,42.8403986170029,3.0168795731293967,0.2110139290168117,5.937033881800898,11.886464346479965,302.8655027317772,0.44319302708320407,True,True,True,True,True,True,True,0.0969737733725382,0.9748133435856442,True,NORMAL,NORMAL,IN_CONTROL
15,9,5,197.39753587693184,1.014993643128874,0.9748133435856442,0.9983764999251554,4.956637251484581,0.0969665311299858,10.056674206283638,0.9813938483341692,42.8403986170029,3.0168795731293967,0.2110139290168117,5.937033881800898,11.886464346479965,302.8655027317772,0.5667420628363828,True,True,True,True,True,True,True,0.0969665311299858,0.9748133435856442,True,NORMAL,NORMAL,IN_CONTROL
15,10,1,197.39753587693184,1.014993643128874,0.9748133435856442,0.9983764999251554,4.956637251484581,0.0971463143279053,9.999445007742224,0.971623619547049,43.81731488389728,3.013403118198039,0.217468168914645,5.49548873006043,11.886464346479965,302.8655027317772,-0.005549922577756661,True,True,True,True,True,True,True,0.0971463143279053,0.9748133435856442,True,NORMAL,NORMAL,IN_CONTROL
15,10,2,197.39753587693184,1.014993643128874,0.9748133435856442,0.9983764999251554,4.956637251484581,0.0968132294225539,9.970799468309728,0.971623619547049,43.81731488389728,3.013403118198039,0.217468168914645,5.49548873006043,11.886464346479965,302.8655027317772,-0.292005316902717,True,True,True,True,True,True,True,0.0968132294225539,0.9748133435856442,True,NORMAL,NORMAL,IN_CONTROL
15,10,3,197.39753587693184,1.014993643128874,0.9748133435856442,0.9983764999251554,4.956637251484581,0.0966481223029779,9.988032464743064,0.971623619547049,43.81731488389728,3.013403118198039,0.217468168914645,5.49548873006043,11.886464346479965,302.8655027317772,-0.11967535256935946,True,True,True,True,True,True,True,0.0966481223029779,0.9748133435856442,True,NORMAL,NORMAL,IN_CONTROL
15,10,4,197.39753587693184,1.014993643128874,0.9748133435856442,0.9983764999251554,4.956637251484581,0.0967084702036097,9.98324255802857,0.971623619547049,43.81731488389728,3.013403118198039,0.217468168914645,5.49548873006043,11.886464346479965,302.8655027317772,-0.16757441971430254,True,True,True,True,True,True,True,0.0967084702036097,0.9748133435856442,True,NORMAL,NORMAL,IN_CONTROL
15,10,5,197.39753587693184,1.014993643128874,0.9748133435856442,0.9983764999251554,4.956637251484581,0.0963800063099667,10.024420366287991,0.971623619547049,43.81731488389728,3.013403118198039,0.217468168914645,5.49548873006043,11.886464346479965,302.8655027317772,0.2442036628799116,True,True,True,True,True,True,True,0.0963800063099667,0.9748133435856442,True,NORMAL,NORMAL,IN_CONTROL
16,1,1,198.24558499628176,0.9609419628950948,1.0259112742994214,0.9930649044171806,4.9974360939652325,0.0980921802884681,9.9108226294011,1.011773275800784,58.53482366385323,3.026111325069853,0.1900610260744185,5.28827191180327,12.013848366647068,299.65418990923393,-0.8917737059890029,True,True,True,True,True,True,True,0.0980921802884681,1.0259112742994214,True,NORMAL,NORMAL,IN_CONTROL
16,1,2,198.24558499628176,0.9609419628950948,1.0259112742994214,0.9930649044171806,4.9974360939652325,0.0974890099312282,9.893843627945364,1.011773275800784,58.53482366385323,3.026111325069853,0.1900610260744185,5.28827191180327,12.013848366647068,299.65418990923393,-1.0615637205463635,True,True,True,True,True,True,True,0.0974890099312282,1.0259112742994214,True,NORMAL,NORMAL,IN_CONTROL
16,1,3,198.24558499628176,0.9609419628950948,1.0259112742994214,0.9930649044171806,4.9974360939652325,0.0982984343690345,9.901379954242588,1.011773275800784,58.53482366385323,3.026111325069853,0.1900610260744185,5.28827191180327,12.013848366647068,299.65418990923393,-0.9862004575741246,True,True,True,True,True,True,True,0.0982984343690345,1.0259112742994214,True,NORMAL,NORMAL,IN_CONTROL
16,1,4,198.24558499628176,0.9609419628950948,1.0259112742994214,0.9930649044171806,4.9974360939652325,0.0981663592917664,9.88190533339237,1.011773275800784,58.53482366385323,3.026111325069853,0.1900610260744185,5.28827191180327,12.013848366647068,299.65418990923393,-1.1809466660763057,True,True,True,True,True,True,True,0.0981663592917664,1.0259112742994214,True,NORMAL,NORMAL,IN_CONTROL
16,1,5,198.24558499628176,0.9609419628950948,1.0259112742994214,0.9930649044171806,4.9974360939652325,0.0981997759562333,9.904612200228073,1.011773275800784,58.53482366385323,3.026111325069853,0.1900610260744185,5.28827191180327,12.013848366647068,299.65418990923393,-0.9538779977192746,True,True,True,True,True,True,True,0.0981997759562333,1.0259112742994214,True,NORMAL,NORMAL,IN_CONTROL
16,2,1,198.24558499628176,0.9609419628950948,1.0259112742994214,0.9930649044171806,4.9974360939652325,0.0993660476611656,9.923223023502723,0.9326791662658968,56.8412112915268,3.025326700402249,0.1898446101114994,5.1759894971006535,12.013848366647068,299.65418990923393,-0.7677697649727655,True,True,True,True,True,True,True,0.0993660476611656,1.0259112742994214,True,NORMAL,NORMAL,IN_CONTROL
16,2,2,198.24558499628176,0.9609419628950948,1.0259112742994214,0.9930649044171806,4.9974360939652325,0.0990712221891828,9.962732072629322,0.9326791662658968,56.8412112915268,3.025326700402249,0.1898446101114994,5.1759894971006535,12.013848366647068,299.65418990923393,-0.37267927370677967,True,True,True,True,True,True,True,0.0990712221891828,1.0259112742994214,True,NORMAL,NORMAL,IN_CONTROL
16,2,3,198.24558499628176,0.9609419628950948,1.0259112742994214,0.9930649044171806,4.9974360939652325,0.0990132659032633,9.964851684795496,0.9326791662658968,56.8412112915268,3.025326700402249,0.1898446101114994,5.1759894971006535,12.013848366647068,299.65418990923393,-0.3514831520450379,True,True,True,True,True,True,True,0.0990132659032633,1.0259112742994214,True,NORMAL,NORMAL,IN_CONTROL
16,2,4,198.24558499628176,0.9609419628950948,1.0259112742994214,0.9930649044171806,4.9974360939652325,0.0987911241635637,9.94676103383622,0.9326791662658968,56.8412112915268,3.025326700402249,0.1898446101114994,5.1759894971006535,12.013848366647068,299.65418990923393,-0.5323896616378043,True,True,True,True,True,True,True,0.0987911241635637,1.0259112742994214,True,NORMAL,NORMAL,IN_CONTROL
16,2,5,198.24558499628176,0.9609419628950948,1.0259112742994214,0.9930649044171806,4.9974360939652325,0.0996306756211248,9.944026131775423,0.9326791662658968,56.8412112915268,3.025326700402249,0.1898446101114994,5.1759894971006535,12.013848366647068,299.65418990923393,-0.5597386822457651,True,True,True,True,True,True,True,0.0996306756211248,1.0259112742994214,True,NORMAL,NORMAL,IN_CONTROL
16,3,1,198.24558499628176,0.9609419628950948,1.0259112742994214,0.9930649044171806,4.9974360939652325,0.0991402157985209,9.956892848288335,0.9951528514958335,56.36386189935337,3.02840359740756,0.1894874145346559,5.430493937047092,12.013848366647068,299.65418990923393,-0.43107151711664576,True,True,True,True,True,True,True,0.0991402157985209,1.0259112742994214,True,NORMAL,NORMAL,IN_CONTROL
16,3,2,198.24558499628176,0.9609419628950948,1.0259112742994214,0.9930649044171806,4.9974360939652325,0.0990280258607163,9.942406215749516,0.9951528514958335,56.36386189935337,3.02840359740756,0.1894874145346559,5.430493937047092,12.013848366647068,299.65418990923393,-0.5759378425048389,True,True,True,True,True,True,True,0.0990280258607163,1.0259112742994214,True,NORMAL,NORMAL,IN_CONTROL
16,3,3,198.24558499628176,0.9609419628950948,1.0259112742994214,0.9930649044171806,4.9974360939652325,0.0988517756885812,9.94015590561011,0.9951528514958335,56.36386189935337,3.02840359740756,0.1894874145346559,5.430493937047092,12.013848366647068,299.65418990923393,-0.5984409438988969,True,True,True,True,True,True,True,0.0988517756885812,1.0259112742994214,True,NORMAL,NORMAL,IN_CONTROL
16,3,4,198.24558499628176,0.9609419628950948,1.0259112742994214,0.9930649044171806,4.9974360939652325,0.0994686623473547,9.93429505632143,0.9951528514958335,56.36386189935337,3.02840359740756,0.1894874145346559,5.430493937047092,12.013848366647068,299.65418990923393,-0.6570494367857016,True,True,True,True,True,True,True,0.0994686623473547,1.0259112742994214,True,NORMAL,NORMAL,IN_CONTROL
16,3,5,198.24558499628176,0.9609419628950948,1.0259112742994214,0.9930649044171806,4.9974360939652325,0.0987890463544446,9.93937908322132,0.9951528514958335,56.36386189935337,3.02840359740756,0.1894874145346559,5.430493937047092,12.013848366647068,299.65418990923393,-0.6062091677867976,True,True,True,True,True,True,True,0.0987890463544446,1.0259112742994214,True,NORMAL,NORMAL,IN_CONTROL
16,4,1,198.24558499628176,0.9609419628950948,1.0259112742994214,0.9930649044171806,4.9974360939652325,0.1005670634791159,9.90521546452903,1.0014561472657797,57.93505999544194,3.019593457820065,0.1931907092325961,5.186739756175608,12.013848366647068,299.65418990923393,-0.9478453547096954,True,True,True,True,True,True,True,0.1005670634791159,1.0259112742994214,True,NORMAL,NORMAL,IN_CONTROL
16,4,2,198.24558499628176,0.9609419628950948,1.0259112742994214,0.9930649044171806,4.9974360939652325,0.0999815491791131,9.922069190279984,1.0014561472657797,57.93505999544194,3.019593457820065,0.1931907092325961,5.186739756175608,12.013848366647068,299.65418990923393,-0.7793080972001576,True,True,True,True,True,True,True,0.0999815491791131,1.0259112742994214,True,NORMAL,NORMAL,IN_CONTROL
16,4,3,198.24558499628176,0.9609419628950948,1.0259112742994214,0.9930649044171806,4.9974360939652325,0.1003087327787424,9.896358053866544,1.0014561472657797,57.93505999544194,3.019593457820065,0.1931907092325961,5.186739756175608,12.013848366647068,299.65418990923393,-1.0364194613345568,True,True,True,True,True,True,True,0.1003087327787424,1.0259112742994214,True,NORMAL,NORMAL,IN_CONTROL
16,4,4,198.24558499628176,0.9609419628950948,1.0259112742994214,0.9930649044171806,4.9974360939652325,0.0997014525835577,9.934730827446804,1.0014561472657797,57.93505999544194,3.019593457820065,0.1931907092325961,5.186739756175608,12.013848366647068,299.65418990923393,-0.6526917255319553,True,True,True,True,True,True,True,0.0997014525835577,1.0259112742994214,True,NORMAL,NORMAL,IN_CONTROL
16,4,5,198.24558499628176,0.9609419628950948,1.0259112742994214,0.9930649044171806,4.9974360939652325,0.0998633091334264,9.913211299258489,1.0014561472657797,57.93505999544194,3.019593457820065,0.1931907092325961,5.186739756175608,12.013848366647068,299.65418990923393,-0.8678870074151135,True,True,True,True,True,True,True,0.0998633091334264,1.0259112742994214,True,NORMAL,NORMAL,IN_CONTROL
16,5,1,198.24558499628176,0.9609419628950948,1.0259112742994214,0.9930649044171806,4.9974360939652325,0.0993301445040339,9.917147586210625,0.9685726979677384,56.84093487755048,3.020917099116496,0.1898648551221855,5.012354583974755,12.013848366647068,299.65418990923393,-0.8285241378937513,True,True,True,True,True,True,True,0.0993301445040339,1.0259112742994214,True,NORMAL,NORMAL,IN_CONTROL
16,5,2,198.24558499628176,0.9609419628950948,1.0259112742994214,0.9930649044171806,4.9974360939652325,0.09864206250501,9.918088188931415,0.9685726979677384,56.84093487755048,3.020917099116496,0.1898648551221855,5.012354583974755,12.013848366647068,299.65418990923393,-0.8191181106858458,True,True,True,True,True,True,True,0.09864206250501,1.0259112742994214,True,NORMAL,NORMAL,IN_CONTROL
16,5,3,198.24558499628176,0.9609419628950948,1.0259112742994214,0.9930649044171806,4.9974360939652325,0.0993070765106313,9.910001445882136,0.9685726979677384,56.84093487755048,3.020917099116496,0.1898648551221855,5.012354583974755,12.013848366647068,299.65418990923393,-0.8999855411786406,True,True,True,True,True,True,True,0.0993070765106313,1.0259112742994214,True,NORMAL,NORMAL,IN_CONTROL
16,5,4,198.24558499628176,0.9609419628950948,1.0259112742994214,0.9930649044171806,4.9974360939652325,0.0991070348283438,9.890238067360718,0.9685726979677384,56.84093487755048,3.020917099116496,0.1898648551221855,5.012354583974755,12.013848366647068,299.65418990923393,-1.0976193263928202,True,True,True,True,True,True,True,0.0991070348283438,1.0259112742994214,True,NORMAL,NORMAL,IN_CONTROL
16,5,5,198.24558499628176,0.9609419628950948,1.0259112742994214,0.9930649044171806,4.9974360939652325,0.0996569280514597,9.903832488980772,0.9685726979677384,56.84093487755048,3.020917099116496,0.1898648551221855,5.012354583974755,12.013848366647068,299.65418990923393,-0.9616751101922816,True,True,True,True,True,True,True,0.0996569280514597,1.0259112742994214,True,NORMAL,NORMAL,IN_CONTROL
16,6,1,198.24558499628176,0.9609419628950948,1.0259112742994214,0.9930649044171806,4.9974360939652325,0.0980320803503966,9.989130351582403,1.056005758442685,56.459505096056354,3.025784430286251,0.1943821157646685,5.111753342050995,12.013848366647068,299.65418990923393,-0.10869648417596521,True,True,True,True,True,True,True,0.0980320803503966,1.0259112742994214,True,NORMAL,NORMAL,IN_CONTROL
16,6,2,198.24558499628176,0.9609419628950948,1.0259112742994214,0.9930649044171806,4.9974360939652325,0.0981335421643906,9.990044612693817,1.056005758442685,56.459505096056354,3.025784430286251,0.1943821157646685,5.111753342050995,12.013848366647068,299.65418990923393,-0.09955387306183282,True,True,True,True,True,True,True,0.0981335421643906,1.0259112742994214,True,NORMAL,NORMAL,IN_CONTROL
16,6,3,198.24558499628176,0.9609419628950948,1.0259112742994214,0.9930649044171806,4.9974360939652325,0.0980869603366203,9.99965717492783,1.056005758442685,56.459505096056354,3.025784430286251,0.1943821157646685,5.111753342050995,12.013848366647068,299.65418990923393,-0.0034282507217042735,True,True,True,True,True,True,True,0.0980869603366203,1.0259112742994214,True,NORMAL,NORMAL,IN_CONTROL
16,6,4,198.24558499628176,0.9609419628950948,1.0259112742994214,0.9930649044171806,4.9974360939652325,0.0983931597435936,9.979231327507485,1.056005758442685,56.459505096056354,3.025784430286251,0.1943821157646685,5.111753342050995,12.013848366647068,299.65418990923393,-0.20768672492515347,True,True,True,True,True,True,True,0.0983931597435936,1.0259112742994214,True,NORMAL,NORMAL,IN_CONTROL
16,6,5,198.24558499628176,0.9609419628950948,1.0259112742994214,0.9930649044171806,4.9974360939652325,0.0982838844919727,9.990434888339864,1.056005758442685,56.459505096056354,3.025784430286251,0.1943821157646685,5.111753342050995,12.013848366647068,299.65418990923393,-0.09565111660135628,True,True,True,True,True,True,True,0.0982838844919727,1.0259112742994214,True,NORMAL,NORMAL,IN_CONTROL
16,7,1,198.24558499628176,0.9609419628950948,1.0259112742994214,0.9930649044171806,4.9974360939652325,0.0989701561813514,9.925918353614662,0.964156283973264,56.753909431529095,3.0248120601578785,0.1943985739729594,5.29075182646233,12.013848366647068,299.65418990923393,-0.7408164638533776,True,True,True,True,True,True,True,0.0989701561813514,1.0259112742994214,True,NORMAL,NORMAL,IN_CONTROL
16,7,2,198.24558499628176,0.9609419628950948,1.0259112742994214,0.9930649044171806,4.9974360939652325,0.0983130478317589,9.908275380742907,0.964156283973264,56.753909431529095,3.0248120601578785,0.1943985739729594,5.29075182646233,12.013848366647068,299.65418990923393,-0.9172461925709285,True,True,True,True,True,True,True,0.0983130478317589,1.0259112742994214,True,NORMAL,NORMAL,IN_CONTROL
16,7,3,198.24558499628176,0.9609419628950948,1.0259112742994214,0.9930649044171806,4.9974360939652325,0.0985413101579133,9.928064559015978,0.964156283973264,56.753909431529095,3.0248120601578785,0.1943985739729594,5.29075182646233,12.013848366647068,299.65418990923393,-0.7193544098402249,True,True,True,True,True,True,True,0.0985413101579133,1.0259112742994214,True,NORMAL,NORMAL,IN_CONTROL
16,7,4,198.24558499628176,0.9609419628950948,1.0259112742994214,0.9930649044171806,4.9974360939652325,0.0984577338555399,9.906533640677322,0.964156283973264,56.753909431529095,3.0248120601578785,0.1943985739729594,5.29075182646233,12.013848366647068,299.65418990923393,-0.9346635932267765,True,True,True,True,True,True,True,0.0984577338555399,1.0259112742994214,True,NORMAL,NORMAL,IN_CONTROL
16,7,5,198.24558499628176,0.9609419628950948,1.0259112742994214,0.9930649044171806,4.9974360939652325,0.0981190235341272,9.891439600846065,0.964156283973264,56.753909431529095,3.0248120601578785,0.1943985739729594,5.29075182646233,12.013848366647068,299.65418990923393,-1.0856039915393545,True,True,True,True,True,True,True,0.0981190235341272,1.0259112742994214,True,NORMAL,NORMAL,IN_CONTROL
16,8,1,198.24558499628176,0.9609419628950948,1.0259112742994214,0.9930649044171806,4.9974360939652325,0.0989407774712795,9.944252122972824,1.07297388514075,56.2886572345972,3.0145941514397068,0.1930010379689176,5.64945662341315,12.013848366647068,299.65418990923393,-0.5574787702717643,True,True,True,True,True,True,True,0.0989407774712795,1.0259112742994214,True,NORMAL,NORMAL,IN_CONTROL
16,8,2,198.24558499628176,0.9609419628950948,1.0259112742994214,0.9930649044171806,4.9974360939652325,0.0985658512815158,9.915792386050224,1.07297388514075,56.2886572345972,3.0145941514397068,0.1930010379689176,5.64945662341315,12.013848366647068,299.65418990923393,-0.842076139497756,True,True,True,True,True,True,True,0.0985658512815158,1.0259112742994214,True,NORMAL,NORMAL,IN_CONTROL
16,8,3,198.24558499628176,0.9609419628950948,1.0259112742994214,0.9930649044171806,4.9974360939652325,0.0982005909902389,9.927275865718403,1.07297388514075,56.2886572345972,3.0145941514397068,0.1930010379689176,5.64945662341315,12.013848366647068,299.65418990923393,-0.7272413428159652,True,True,True,True,True,True,True,0.0982005909902389,1.0259112742994214,True,NORMAL,NORMAL,IN_CONTROL
16,8,4,198.24558499628176,0.9609419628950948,1.0259112742994214,0.9930649044171806,4.9974360939652325,0.0980962564587402,9.945033524928135,1.07297388514075,56.2886572345972,3.0145941514397068,0.1930010379689176,5.64945662341315,12.013848366647068,299.65418990923393,-0.5496647507186481,True,True,True,True,True,True,True,0.0980962564587402,1.0259112742994214,True,NORMAL,NORMAL,IN_CONTROL
16,8,5,198.24558499628176,0.9609419628950948,1.0259112742994214,0.9930649044171806,4.9974360939652325,0.0986079466070193,9.92356830809969,1.07297388514075,56.2886572345972,3.0145941514397068,0.1930010379689176,5.64945662341315,12.013848366647068,299.65418990923393,-0.7643169190031074,True,True,True,True,True,True,True,0.0986079466070193,1.0259112742994214,True,NORMAL,NORMAL,IN_CONTROL
16,9,1,198.24558499628176,0.9609419628950948,1.0259112742994214,0.9930649044171806,4.9974360939652325,0.099866406500682,9.904202360239204,0.9903553540279196,58.26852956314514,3.024642982478177,0.1948930601901614,5.323378525405729,12.013848366647068,299.65418990923393,-0.9579763976079647,True,True,True,True,True,True,True,0.099866406500682,1.0259112742994214,True,NORMAL,NORMAL,IN_CONTROL
16,9,2,198.24558499628176,0.9609419628950948,1.0259112742994214,0.9930649044171806,4.9974360939652325,0.0995937940971311,9.90179955250011,0.9903553540279196,58.26852956314514,3.024642982478177,0.1948930601901614,5.323378525405729,12.013848366647068,299.65418990923393,-0.9820044749988988,True,True,True,True,True,True,True,0.0995937940971311,1.0259112742994214,True,NORMAL,NORMAL,IN_CONTROL
16,9,3,198.24558499628176,0.9609419628950948,1.0259112742994214,0.9930649044171806,4.9974360939652325,0.0994676848706073,9.894759395087394,0.9903553540279196,58.26852956314514,3.024642982478177,0.1948930601901614,5.323378525405729,12.013848366647068,299.65418990923393,-1.0524060491260556,True,True,True,True,True,True,True,0.0994676848706073,1.0259112742994214,True,NORMAL,NORMAL,IN_CONTROL
16,9,4,198.24558499628176,0.9609419628950948,1.0259112742994214,0.9930649044171806,4.9974360939652325,0.0996847478378807,9.905956832812551,0.9903553540279196,58.26852956314514,3.024642982478177,0.1948930601901614,5.323378525405729,12.013848366647068,299.65418990923393,-0.9404316718744887,True,True,True,True,True,True,True,0.0996847478378807,1.0259112742994214,True,NORMAL,NORMAL,IN_CONTROL
16,9,5,198.24558499628176,0.9609419628950948,1.0259112742994214,0.9930649044171806,4.9974360939652325,0.0995142789443089,9.88984818733131,0.9903553540279196,58.26852956314514,3.024642982478177,0.1948930601901614,5.323378525405729,12.013848366647068,299.65418990923393,-1.1015181266868979,True,True,True,True,True,True,True,0.0995142789443089,1.0259112742994214,True,NORMAL,NORMAL,IN_CONTROL
16,10,1,198.24558499628176,0.9609419628950948,1.0259112742994214,0.9930649044171806,4.9974360939652325,0.1000177695644605,9.903555953511928,0.9835464783567988,56.51193079763641,3.024923802562624,0.1897892753926942,5.0242706584885335,12.013848366647068,299.65418990923393,-0.9644404648807203,True,True,True,True,True,True,True,0.1000177695644605,1.0259112742994214,True,NORMAL,NORMAL,IN_CONTROL
16,10,2,198.24558499628176,0.9609419628950948,1.0259112742994214,0.9930649044171806,4.9974360939652325,0.1001912526674351,9.88234351677951,0.9835464783567988,56.51193079763641,3.024923802562624,0.1897892753926942,5.0242706584885335,12.013848366647068,299.65418990923393,-1.176564832204896,True,True,True,True,True,True,True,0.1001912526674351,1.0259112742994214,True,NORMAL,NORMAL,IN_CONTROL
16,10,3,198.24558499628176,0.9609419628950948,1.0259112742994214,0.9930649044171806,4.9974360939652325,0.1001849098485903,9.905356142248923,0.9835464783567988,56.51193079763641,3.024923802562624,0.1897892753926942,5.0242706584885335,12.013848366647068,299.65418990923393,-0.9464385775107687,True,True,True,True,True,True,True,0.1001849098485903,1.0259112742994214,True,NORMAL,NORMAL,IN_CONTROL
16,10,4,198.24558499628176,0.9609419628950948,1.0259112742994214,0.9930649044171806,4.9974360939652325,0.100342061762564,9.870622518594852,0.9835464783567988,56.51193079763641,3.024923802562624,0.1897892753926942,5.0242706584885335,12.013848366647068,299.65418990923393,-1.2937748140514849,True,True,True,True,True,True,True,0.100342061762564,1.0259112742994214,True,NORMAL,NORMAL,IN_CONTROL
16,10,5,198.24558499628176,0.9609419628950948,1.0259112742994214,0.9930649044171806,4.9974360939652325,0.1007452758527892,9.881214893864003,0.9835464783567988,56.51193079763641,3.024923802562624,0.1897892753926942,5.0242706584885335,12.013848366647068,299.65418990923393,-1.187851061359968,True,True,True,True,True,True,True,0.1007452758527892,1.0259112742994214,True,NORMAL,NORMAL,IN_CONTROL
17,1,1,199.9983204170032,0.93294893506304,0.9253604745823351,1.0291689668839037,5.157592028854539,0.0934368580017847,8.920088778867793,1.096993765328232,48.11083611012068,2.996612233900977,0.1863355574107535,4.538165602344225,12.349713499175316,291.5047381658205,-10.799112211322068,False,True,True,True,True,True,True,0.1038187311130941,1.005360474582335,False,EXCURSION,DETECTED,OUT_OF_CONTROL
17,1,2,199.9983204170032,0.93294893506304,0.9253604745823351,1.0291689668839037,5.157592028854539,0.09291483884828143,8.922583726554866,1.096993765328232,48.11083611012068,2.996612233900977,0.1863355574107535,4.538165602344225,12.349713499175316,291.5047381658205,-10.774162734451345,False,True,True,True,True,True,True,0.1032387098314238,1.005360474582335,False,EXCURSION,DETECTED,OUT_OF_CONTROL
17,1,3,199.9983204170032,0.93294893506304,0.9253604745823351,1.0291689668839037,5.157592028854539,0.0926416683790289,8.871859998536314,1.096993765328232,48.11083611012068,2.996612233900977,0.1863355574107535,4.538165602344225,12.349713499175316,291.5047381658205,-11.281400014636862,False,True,True,True,True,True,True,0.1029351870878099,1.005360474582335,False,EXCURSION,DETECTED,OUT_OF_CONTROL
17,1,4,199.9983204170032,0.93294893506304,0.9253604745823351,1.0291689668839037,5.157592028854539,0.09301040925790771,8.927464338194659,1.096993765328232,48.11083611012068,2.996612233900977,0.1863355574107535,4.538165602344225,12.349713499175316,291.5047381658205,-10.725356618053414,False,True,True,True,True,True,True,0.103344899175453,1.005360474582335,False,EXCURSION,DETECTED,OUT_OF_CONTROL
17,1,5,199.9983204170032,0.93294893506304,0.9253604745823351,1.0291689668839037,5.157592028854539,0.09356226637075182,8.898435852602418,1.096993765328232,48.11083611012068,2.996612233900977,0.1863355574107535,4.538165602344225,12.349713499175316,291.5047381658205,-11.015641473975819,False,True,True,True,True,True,True,0.1039580737452798,1.005360474582335,False,EXCURSION,DETECTED,OUT_OF_CONTROL
17,2,1,199.9983204170032,0.93294893506304,0.9253604745823351,1.0291689668839037,5.157592028854539,0.09280509429905252,8.970216239565476,1.064170098946223,47.701915167976736,3.004500154983192,0.1920706175565615,4.756820371065591,12.349713499175316,291.5047381658205,-10.297837604345244,False,True,True,True,True,True,True,0.1031167714433917,1.005360474582335,False,EXCURSION,DETECTED,OUT_OF_CONTROL
17,2,2,199.9983204170032,0.93294893506304,0.9253604745823351,1.0291689668839037,5.157592028854539,0.09269320408057152,8.944736661812298,1.064170098946223,47.701915167976736,3.004500154983192,0.1920706175565615,4.756820371065591,12.349713499175316,291.5047381658205,-10.552633381877019,False,True,True,True,True,True,True,0.1029924489784128,1.005360474582335,False,EXCURSION,DETECTED,OUT_OF_CONTROL
17,2,3,199.9983204170032,0.93294893506304,0.9253604745823351,1.0291689668839037,5.157592028854539,0.09181004566674492,8.956498704284842,1.064170098946223,47.701915167976736,3.004500154983192,0.1920706175565615,4.756820371065591,12.349713499175316,291.5047381658205,-10.435012957151582,False,True,True,True,True,True,True,0.1020111618519388,1.005360474582335,False,EXCURSION,DETECTED,OUT_OF_CONTROL
17,2,4,199.9983204170032,0.93294893506304,0.9253604745823351,1.0291689668839037,5.157592028854539,0.0922144996144935,8.93185385026514,1.064170098946223,47.701915167976736,3.004500154983192,0.1920706175565615,4.756820371065591,12.349713499175316,291.5047381658205,-10.681461497348597,False,True,True,True,True,True,True,0.102460555127215,1.005360474582335,False,EXCURSION,DETECTED,OUT_OF_CONTROL
17,2,5,199.9983204170032,0.93294893506304,0.9253604745823351,1.0291689668839037,5.157592028854539,0.09252011725224543,8.967597915748227,1.064170098946223,47.701915167976736,3.004500154983192,0.1920706175565615,4.756820371065591,12.349713499175316,291.5047381658205,-10.32402084251773,False,True,True,True,True,True,True,0.1028001302802727,1.005360474582335,False,EXCURSION,DETECTED,OUT_OF_CONTROL
17,3,1,199.9983204170032,0.93294893506304,0.9253604745823351,1.0291689668839037,5.157592028854539,0.09425714227602003,8.91007960147029,1.034899503232348,47.80658302660614,3.004886518605323,0.1850616563629877,4.683072359891849,12.349713499175316,291.5047381658205,-10.899203985297099,False,True,True,True,True,True,True,0.1047301580844667,1.005360474582335,False,EXCURSION,DETECTED,OUT_OF_CONTROL
17,3,2,199.9983204170032,0.93294893506304,0.9253604745823351,1.0291689668839037,5.157592028854539,0.09442494564184593,8.92238278217562,1.034899503232348,47.80658302660614,3.004886518605323,0.1850616563629877,4.683072359891849,12.349713499175316,291.5047381658205,-10.776172178243808,False,True,True,True,True,True,True,0.1049166062687177,1.005360474582335,False,EXCURSION,DETECTED,OUT_OF_CONTROL
17,3,3,199.9983204170032,0.93294893506304,0.9253604745823351,1.0291689668839037,5.157592028854539,0.09415404206001352,8.931079490278313,1.034899503232348,47.80658302660614,3.004886518605323,0.1850616563629877,4.683072359891849,12.349713499175316,291.5047381658205,-10.689205097216874,False,True,True,True,True,True,True,0.1046156022889039,1.005360474582335,False,EXCURSION,DETECTED,OUT_OF_CONTROL
17,3,4,199.9983204170032,0.93294893506304,0.9253604745823351,1.0291689668839037,5.157592028854539,0.0938681667626454,8.930800444598002,1.034899503232348,47.80658302660614,3.004886518605323,0.1850616563629877,4.683072359891849,12.349713499175316,291.5047381658205,-10.691995554019975,False,True,True,True,True,True,True,0.104297963069606,1.005360474582335,False,EXCURSION,DETECTED,OUT_OF_CONTROL
17,3,5,199.9983204170032,0.93294893506304,0.9253604745823351,1.0291689668839037,5.157592028854539,0.0939086310582846,8.923690157885915,1.034899503232348,47.80658302660614,3.004886518605323,0.1850616563629877,4.683072359891849,12.349713499175316,291.5047381658205,-10.763098421140853,False,True,True,True,True,True,True,0.104342923398094,1.005360474582335,False,EXCURSION,DETECTED,OUT_OF_CONTROL
17,4,1,199.9983204170032,0.93294893506304,0.9253604745823351,1.0291689668839037,5.157592028854539,0.0919771298266168,8.932471330769019,1.0692208592023458,47.22391751473275,3.014862661339328,0.1870012834028678,4.966901872533094,12.349713499175316,291.5047381658205,-10.675286692309811,False,True,True,True,True,True,True,0.1021968109184631,1.005360474582335,False,EXCURSION,DETECTED,OUT_OF_CONTROL
17,4,2,199.9983204170032,0.93294893506304,0.9253604745823351,1.0291689668839037,5.157592028854539,0.09178641256359808,8.917383419731708,1.0692208592023458,47.22391751473275,3.014862661339328,0.1870012834028678,4.966901872533094,12.349713499175316,291.5047381658205,-10.826165802682919,False,True,True,True,True,True,True,0.1019849028484423,1.005360474582335,False,EXCURSION,DETECTED,OUT_OF_CONTROL
17,4,3,199.9983204170032,0.93294893506304,0.9253604745823351,1.0291689668839037,5.157592028854539,0.09233534319776154,8.937914906755385,1.0692208592023458,47.22391751473275,3.014862661339328,0.1870012834028678,4.966901872533094,12.349713499175316,291.5047381658205,-10.620850932446153,False,True,True,True,True,True,True,0.1025948257752906,1.005360474582335,False,EXCURSION,DETECTED,OUT_OF_CONTROL
17,4,4,199.9983204170032,0.93294893506304,0.9253604745823351,1.0291689668839037,5.157592028854539,0.09228072666092454,8.938068341608151,1.0692208592023458,47.22391751473275,3.014862661339328,0.1870012834028678,4.966901872533094,12.349713499175316,291.5047381658205,-10.61931658391849,False,True,True,True,True,True,True,0.1025341407343606,1.005360474582335,False,EXCURSION,DETECTED,OUT_OF_CONTROL
17,4,5,199.9983204170032,0.93294893506304,0.9253604745823351,1.0291689668839037,5.157592028854539,0.0923465205250579,8.943680647862035,1.0692208592023458,47.22391751473275,3.014862661339328,0.1870012834028678,4.966901872533094,12.349713499175316,291.5047381658205,-10.563193521379652,False,True,True,True,True,True,True,0.1026072450278421,1.005360474582335,False,EXCURSION,DETECTED,OUT_OF_CONTROL
17,5,1,199.9983204170032,0.93294893506304,0.9253604745823351,1.0291689668839037,5.157592028854539,0.09452998476964647,8.920523092528716,1.0584103055907186,47.06755454659219,2.997314076742809,0.1942635497272769,4.831099677838367,12.349713499175316,291.5047381658205,-10.794769074712836,False,True,True,True,True,True,True,0.1050333164107183,1.005360474582335,False,EXCURSION,DETECTED,OUT_OF_CONTROL
17,5,2,199.9983204170032,0.93294893506304,0.9253604745823351,1.0291689668839037,5.157592028854539,0.09472360305876201,8.934202607046412,1.0584103055907186,47.06755454659219,2.997314076742809,0.1942635497272769,4.831099677838367,12.349713499175316,291.5047381658205,-10.657973929535878,False,True,True,True,True,True,True,0.1052484478430689,1.005360474582335,False,EXCURSION,DETECTED,OUT_OF_CONTROL
17,5,3,199.9983204170032,0.93294893506304,0.9253604745823351,1.0291689668839037,5.157592028854539,0.0941211014122458,8.904274528840665,1.0584103055907186,47.06755454659219,2.997314076742809,0.1942635497272769,4.831099677838367,12.349713499175316,291.5047381658205,-10.957254711593354,False,True,True,True,True,True,True,0.104579001569162,1.005360474582335,False,EXCURSION,DETECTED,OUT_OF_CONTROL
17,5,4,199.9983204170032,0.93294893506304,0.9253604745823351,1.0291689668839037,5.157592028854539,0.09365985431886033,8.918804129564307,1.0584103055907186,47.06755454659219,2.997314076742809,0.1942635497272769,4.831099677838367,12.349713499175316,291.5047381658205,-10.811958704356925,False,True,True,True,True,True,True,0.1040665047987337,1.005360474582335,False,EXCURSION,DETECTED,OUT_OF_CONTROL
17,5,5,199.9983204170032,0.93294893506304,0.9253604745823351,1.0291689668839037,5.157592028854539,0.09411974157142368,8.939191256210055,1.0584103055907186,47.06755454659219,2.997314076742809,0.1942635497272769,4.831099677838367,12.349713499175316,291.5047381658205,-10.60808743789945,False,True,True,True,True,True,True,0.1045774906349152,1.005360474582335,False,EXCURSION,DETECTED,OUT_OF_CONTROL
17,6,1,199.9983204170032,0.93294893506304,0.9253604745823351,1.0291689668839037,5.157592028854539,0.09445626518550382,8.9379171544762,1.062374880923314,47.41286339813271,3.003957661839874,0.1902322177715529,4.571733942020517,12.349713499175316,291.5047381658205,-10.620828455238005,False,True,True,True,True,True,True,0.1049514057616709,1.005360474582335,False,EXCURSION,DETECTED,OUT_OF_CONTROL
17,6,2,199.9983204170032,0.93294893506304,0.9253604745823351,1.0291689668839037,5.157592028854539,0.0936187474515273,8.951465571358403,1.062374880923314,47.41286339813271,3.003957661839874,0.1902322177715529,4.571733942020517,12.349713499175316,291.5047381658205,-10.48534428641597,False,True,True,True,True,True,True,0.104020830501697,1.005360474582335,False,EXCURSION,DETECTED,OUT_OF_CONTROL
17,6,3,199.9983204170032,0.93294893506304,0.9253604745823351,1.0291689668839037,5.157592028854539,0.09457615776577204,8.929940152849758,1.062374880923314,47.41286339813271,3.003957661839874,0.1902322177715529,4.571733942020517,12.349713499175316,291.5047381658205,-10.70059847150242,False,True,True,True,True,True,True,0.1050846197397467,1.005360474582335,False,EXCURSION,DETECTED,OUT_OF_CONTROL
17,6,4,199.9983204170032,0.93294893506304,0.9253604745823351,1.0291689668839037,5.157592028854539,0.09396503118115856,8.951778099330589,1.062374880923314,47.41286339813271,3.003957661839874,0.1902322177715529,4.571733942020517,12.349713499175316,291.5047381658205,-10.482219006694109,False,True,True,True,True,True,True,0.1044055902012873,1.005360474582335,False,EXCURSION,DETECTED,OUT_OF_CONTROL
17,6,5,199.9983204170032,0.93294893506304,0.9253604745823351,1.0291689668839037,5.157592028854539,0.0941743979841951,8.944097566506368,1.062374880923314,47.41286339813271,3.003957661839874,0.1902322177715529,4.571733942020517,12.349713499175316,291.5047381658205,-10.559024334936318,False,True,True,True,True,True,True,0.104638219982439,1.005360474582335,False,EXCURSION,DETECTED,OUT_OF_CONTROL
17,7,1,199.9983204170032,0.93294893506304,0.9253604745823351,1.0291689668839037,5.157592028854539,0.0917885662227549,8.951072468422717,1.0477437175180286,48.10697213565325,3.002865168088777,0.1889860532605128,4.447717900690609,12.349713499175316,291.5047381658205,-10.489275315772826,False,True,True,True,True,True,True,0.101987295803061,1.005360474582335,False,EXCURSION,DETECTED,OUT_OF_CONTROL
17,7,2,199.9983204170032,0.93294893506304,0.9253604745823351,1.0291689668839037,5.157592028854539,0.09153139881525858,8.952812831271473,1.0477437175180286,48.10697213565325,3.002865168088777,0.1889860532605128,4.447717900690609,12.349713499175316,291.5047381658205,-10.471871687285272,False,True,True,True,True,True,True,0.1017015542391762,1.005360474582335,False,EXCURSION,DETECTED,OUT_OF_CONTROL
17,7,3,199.9983204170032,0.93294893506304,0.9253604745823351,1.0291689668839037,5.157592028854539,0.09126842883427468,8.944993306381923,1.0477437175180286,48.10697213565325,3.002865168088777,0.1889860532605128,4.447717900690609,12.349713499175316,291.5047381658205,-10.550066936180773,False,True,True,True,True,True,True,0.1014093653714163,1.005360474582335,False,EXCURSION,DETECTED,OUT_OF_CONTROL
17,7,4,199.9983204170032,0.93294893506304,0.9253604745823351,1.0291689668839037,5.157592028854539,0.09183395922580072,8.94531382936482,1.0477437175180286,48.10697213565325,3.002865168088777,0.1889860532605128,4.447717900690609,12.349713499175316,291.5047381658205,-10.546861706351809,False,True,True,True,True,True,True,0.1020377324731119,1.005360474582335,False,EXCURSION,DETECTED,OUT_OF_CONTROL
17,7,5,199.9983204170032,0.93294893506304,0.9253604745823351,1.0291689668839037,5.157592028854539,0.09125359156839888,8.944682715193524,1.0477437175180286,48.10697213565325,3.002865168088777,0.1889860532605128,4.447717900690609,12.349713499175316,291.5047381658205,-10.553172848064758,False,True,True,True,True,True,True,0.1013928795204432,1.005360474582335,False,EXCURSION,DETECTED,OUT_OF_CONTROL
17,8,1,199.9983204170032,0.93294893506304,0.9253604745823351,1.0291689668839037,5.157592028854539,0.09236415595654007,8.926709744930198,1.0617667717627168,48.319319663853,3.005978559794999,0.1899374252538166,4.944135589840557,12.349713499175316,291.5047381658205,-10.732902550698018,False,True,True,True,True,True,True,0.1026268399517112,1.005360474582335,False,EXCURSION,DETECTED,OUT_OF_CONTROL
17,8,2,199.9983204170032,0.93294893506304,0.9253604745823351,1.0291689668839037,5.157592028854539,0.09259594220521584,8.901314682479104,1.0617667717627168,48.319319663853,3.005978559794999,0.1899374252538166,4.944135589840557,12.349713499175316,291.5047381658205,-10.986853175208964,False,True,True,True,True,True,True,0.1028843802280176,1.005360474582335,False,EXCURSION,DETECTED,OUT_OF_CONTROL
17,8,3,199.9983204170032,0.93294893506304,0.9253604745823351,1.0291689668839037,5.157592028854539,0.09230905228758057,8.907362765361436,1.0617667717627168,48.319319663853,3.005978559794999,0.1899374252538166,4.944135589840557,12.349713499175316,291.5047381658205,-10.926372346385644,False,True,True,True,True,True,True,0.1025656136528673,1.005360474582335,False,EXCURSION,DETECTED,OUT_OF_CONTROL
17,8,4,199.9983204170032,0.93294893506304,0.9253604745823351,1.0291689668839037,5.157592028854539,0.09248828201178282,8.90748956147717,1.0617667717627168,48.319319663853,3.005978559794999,0.1899374252538166,4.944135589840557,12.349713499175316,291.5047381658205,-10.925104385228295,False,True,True,True,True,True,True,0.1027647577908698,1.005360474582335,False,EXCURSION,DETECTED,OUT_OF_CONTROL
17,8,5,199.9983204170032,0.93294893506304,0.9253604745823351,1.0291689668839037,5.157592028854539,0.0925311373425981,8.90441235518776,1.0617667717627168,48.319319663853,3.005978559794999,0.1899374252538166,4.944135589840557,12.349713499175316,291.5047381658205,-10.955876448122392,False,True,True,True,True,True,True,0.102812374825109,1.005360474582335,False,EXCURSION,DETECTED,OUT_OF_CONTROL
17,9,1,199.9983204170032,0.93294893506304,0.9253604745823351,1.0291689668839037,5.157592028854539,0.0931759517375027,8.963984460489254,1.1471264639598064,48.00452456680951,3.0019140121215675,0.1872828743605673,4.725764558564268,12.349713499175316,291.5047381658205,-10.360155395107462,False,True,True,True,True,True,True,0.1035288352638919,1.005360474582335,False,EXCURSION,DETECTED,OUT_OF_CONTROL
17,9,2,199.9983204170032,0.93294893506304,0.9253604745823351,1.0291689668839037,5.157592028854539,0.09284718211522876,8.946777121002198,1.1471264639598064,48.00452456680951,3.0019140121215675,0.1872828743605673,4.725764558564268,12.349713499175316,291.5047381658205,-10.532228789978024,False,True,True,True,True,True,True,0.1031635356835875,1.005360474582335,False,EXCURSION,DETECTED,OUT_OF_CONTROL
17,9,3,199.9983204170032,0.93294893506304,0.9253604745823351,1.0291689668839037,5.157592028854539,0.09219104328902669,8.960927451482487,1.1471264639598064,48.00452456680951,3.0019140121215675,0.1872828743605673,4.725764558564268,12.349713499175316,291.5047381658205,-10.390725485175132,False,True,True,True,True,True,True,0.102434492543363,1.005360474582335,False,EXCURSION,DETECTED,OUT_OF_CONTROL
17,9,4,199.9983204170032,0.93294893506304,0.9253604745823351,1.0291689668839037,5.157592028854539,0.09295749804093786,8.96849190096425,1.1471264639598064,48.00452456680951,3.0019140121215675,0.1872828743605673,4.725764558564268,12.349713499175316,291.5047381658205,-10.315080990357508,False,True,True,True,True,True,True,0.1032861089343754,1.005360474582335,False,EXCURSION,DETECTED,OUT_OF_CONTROL
17,9,5,199.9983204170032,0.93294893506304,0.9253604745823351,1.0291689668839037,5.157592028854539,0.09261282753518994,8.946617810336345,1.1471264639598064,48.00452456680951,3.0019140121215675,0.1872828743605673,4.725764558564268,12.349713499175316,291.5047381658205,-10.533821896636546,False,True,True,True,True,True,True,0.1029031417057666,1.005360474582335,False,EXCURSION,DETECTED,OUT_OF_CONTROL
17,10,1,199.9983204170032,0.93294893506304,0.9253604745823351,1.0291689668839037,5.157592028854539,0.09176506566578081,8.874101134531793,1.10441307900666,47.36759987478243,2.9978203261165635,0.187958856805978,4.580023065334079,12.349713499175316,291.5047381658205,-11.258988654682067,False,True,True,True,True,True,True,0.1019611840730898,1.005360474582335,False,EXCURSION,DETECTED,OUT_OF_CONTROL
17,10,2,199.9983204170032,0.93294893506304,0.9253604745823351,1.0291689668839037,5.157592028854539,0.09132099903142453,8.864897804374381,1.10441307900666,47.36759987478243,2.9978203261165635,0.187958856805978,4.580023065334079,12.349713499175316,291.5047381658205,-11.351021956256186,False,True,True,True,True,True,True,0.1014677767015828,1.005360474582335,False,EXCURSION,DETECTED,OUT_OF_CONTROL
17,10,3,199.9983204170032,0.93294893506304,0.9253604745823351,1.0291689668839037,5.157592028854539,0.09182718828235062,8.882425173899664,1.10441307900666,47.36759987478243,2.9978203261165635,0.187958856805978,4.580023065334079,12.349713499175316,291.5047381658205,-11.17574826100336,False,True,True,True,True,True,True,0.1020302092026118,1.005360474582335,False,EXCURSION,DETECTED,OUT_OF_CONTROL
17,10,4,199.9983204170032,0.93294893506304,0.9253604745823351,1.0291689668839037,5.157592028854539,0.091385880974351,8.896865729743897,1.10441307900666,47.36759987478243,2.9978203261165635,0.187958856805978,4.580023065334079,12.349713499175316,291.5047381658205,-11.031342702561027,False,True,True,True,True,True,True,0.1015398677492789,1.005360474582335,False,EXCURSION,DETECTED,OUT_OF_CONTROL
17,10,5,199.9983204170032,0.93294893506304,0.9253604745823351,1.0291689668839037,5.157592028854539,0.09135372921961159,8.892859127555433,1.10441307900666,47.36759987478243,2.9978203261165635,0.187958856805978,4.580023065334079,12.349713499175316,291.5047381658205,-11.071408724445675,False,True,True,True,True,True,True,0.1015041435773462,1.005360474582335,False,EXCURSION,DETECTED,OUT_OF_CONTROL
18,1,1,202.7393140203602,0.9659868692374082,1.019927182161876,0.9901527083977192,5.20132464547946,0.1010786070631983,9.952908634259988,0.9194157758564482,51.53056959103104,3.016965265979992,0.2029392913322484,5.346968965256748,12.412729181518516,290.02485652873906,-0.4709136574001249,True,True,True,True,True,True,True,0.1010786070631983,1.019927182161876,True,NORMAL,NORMAL,IN_CONTROL
18,1,2,202.7393140203602,0.9659868692374082,1.019927182161876,0.9901527083977192,5.20132464547946,0.1007923945798253,9.952450606462094,0.9194157758564482,51.53056959103104,3.016965265979992,0.2029392913322484,5.346968965256748,12.412729181518516,290.02485652873906,-0.47549393537906326,True,True,True,True,True,True,True,0.1007923945798253,1.019927182161876,True,NORMAL,NORMAL,IN_CONTROL
18,1,3,202.7393140203602,0.9659868692374082,1.019927182161876,0.9901527083977192,5.20132464547946,0.1007451806184855,9.938999379994302,0.9194157758564482,51.53056959103104,3.016965265979992,0.2029392913322484,5.346968965256748,12.412729181518516,290.02485652873906,-0.6100062000569828,True,True,True,True,True,True,True,0.1007451806184855,1.019927182161876,True,NORMAL,NORMAL,IN_CONTROL
18,1,4,202.7393140203602,0.9659868692374082,1.019927182161876,0.9901527083977192,5.20132464547946,0.1010924845383782,9.922663190757463,0.9194157758564482,51.53056959103104,3.016965265979992,0.2029392913322484,5.346968965256748,12.412729181518516,290.02485652873906,-0.7733680924253683,True,True,True,True,True,True,True,0.1010924845383782,1.019927182161876,True,NORMAL,NORMAL,IN_CONTROL
18,1,5,202.7393140203602,0.9659868692374082,1.019927182161876,0.9901527083977192,5.20132464547946,0.10119871558024,9.944050709611624,0.9194157758564482,51.53056959103104,3.016965265979992,0.2029392913322484,5.346968965256748,12.412729181518516,290.02485652873906,-0.5594929038837648,True,True,True,True,True,True,True,0.10119871558024,1.019927182161876,True,NORMAL,NORMAL,IN_CONTROL
18,2,1,202.7393140203602,0.9659868692374082,1.019927182161876,0.9901527083977192,5.20132464547946,0.1008801920819161,9.944929929838514,0.974919421606926,52.30086051944375,3.0178541232403453,0.1971144108746963,5.09660053423158,12.412729181518516,290.02485652873906,-0.5507007016148613,True,True,True,True,True,True,True,0.1008801920819161,1.019927182161876,True,NORMAL,NORMAL,IN_CONTROL
18,2,2,202.7393140203602,0.9659868692374082,1.019927182161876,0.9901527083977192,5.20132464547946,0.100894015757449,9.935741291933482,0.974919421606926,52.30086051944375,3.0178541232403453,0.1971144108746963,5.09660053423158,12.412729181518516,290.02485652873906,-0.6425870806651801,True,True,True,True,True,True,True,0.100894015757449,1.019927182161876,True,NORMAL,NORMAL,IN_CONTROL
18,2,3,202.7393140203602,0.9659868692374082,1.019927182161876,0.9901527083977192,5.20132464547946,0.1007436177038071,9.927122625041978,0.974919421606926,52.30086051944375,3.0178541232403453,0.1971144108746963,5.09660053423158,12.412729181518516,290.02485652873906,-0.7287737495802205,True,True,True,True,True,True,True,0.1007436177038071,1.019927182161876,True,NORMAL,NORMAL,IN_CONTROL
18,2,4,202.7393140203602,0.9659868692374082,1.019927182161876,0.9901527083977192,5.20132464547946,0.1014008020627538,9.9538320182091,0.974919421606926,52.30086051944375,3.0178541232403453,0.1971144108746963,5.09660053423158,12.412729181518516,290.02485652873906,-0.46167981790899754,True,True,True,True,True,True,True,0.1014008020627538,1.019927182161876,True,NORMAL,NORMAL,IN_CONTROL
18,2,5,202.7393140203602,0.9659868692374082,1.019927182161876,0.9901527083977192,5.20132464547946,0.1016727552959209,9.94297794941314,0.974919421606926,52.30086051944375,3.0178541232403453,0.1971144108746963,5.09660053423158,12.412729181518516,290.02485652873906,-0.5702205058686083,True,True,True,True,True,True,True,0.1016727552959209,1.019927182161876,True,NORMAL,NORMAL,IN_CONTROL
18,3,1,202.7393140203602,0.9659868692374082,1.019927182161876,0.9901527083977192,5.20132464547946,0.1038454069795025,9.911393558421665,0.9513950391757028,52.59873696742724,3.0138007766945325,0.2004098207629362,5.190198468583518,12.412729181518516,290.02485652873906,-0.8860644157833519,True,True,True,True,True,True,True,0.1038454069795025,1.019927182161876,True,NORMAL,NORMAL,IN_CONTROL
18,3,2,202.7393140203602,0.9659868692374082,1.019927182161876,0.9901527083977192,5.20132464547946,0.1033935366412002,9.916643514831094,0.9513950391757028,52.59873696742724,3.0138007766945325,0.2004098207629362,5.190198468583518,12.412729181518516,290.02485652873906,-0.8335648516890615,True,True,True,True,True,True,True,0.1033935366412002,1.019927182161876,True,NORMAL,NORMAL,IN_CONTROL
18,3,3,202.7393140203602,0.9659868692374082,1.019927182161876,0.9901527083977192,5.20132464547946,0.1034379407477323,9.899570992711022,0.9513950391757028,52.59873696742724,3.0138007766945325,0.2004098207629362,5.190198468583518,12.412729181518516,290.02485652873906,-1.0042900728897841,True,True,True,True,True,True,True,0.1034379407477323,1.019927182161876,True,NORMAL,NORMAL,IN_CONTROL
18,3,4,202.7393140203602,0.9659868692374082,1.019927182161876,0.9901527083977192,5.20132464547946,0.103129919106566,9.911094517830207,0.9513950391757028,52.59873696742724,3.0138007766945325,0.2004098207629362,5.190198468583518,12.412729181518516,290.02485652873906,-0.8890548216979256,True,True,True,True,True,True,True,0.103129919106566,1.019927182161876,True,NORMAL,NORMAL,IN_CONTROL
18,3,5,202.7393140203602,0.9659868692374082,1.019927182161876,0.9901527083977192,5.20132464547946,0.1041139200392942,9.901541565102004,0.9513950391757028,52.59873696742724,3.0138007766945325,0.2004098207629362,5.190198468583518,12.412729181518516,290.02485652873906,-0.9845843489799577,True,True,True,True,True,True,True,0.1041139200392942,1.019927182161876,True,NORMAL,NORMAL,IN_CONTROL
18,4,1,202.7393140203602,0.9659868692374082,1.019927182161876,0.9901527083977192,5.20132464547946,0.0998235248897041,9.901291909153088,0.9372742778446224,52.29197577619501,3.018523001427316,0.2009572336479313,5.158256379692182,12.412729181518516,290.02485652873906,-0.9870809084691244,True,True,True,True,True,True,True,0.0998235248897041,1.019927182161876,True,NORMAL,NORMAL,IN_CONTROL
18,4,2,202.7393140203602,0.9659868692374082,1.019927182161876,0.9901527083977192,5.20132464547946,0.0995354998617495,9.897854828977284,0.9372742778446224,52.29197577619501,3.018523001427316,0.2009572336479313,5.158256379692182,12.412729181518516,290.02485652873906,-1.0214517102271614,True,True,True,True,True,True,True,0.0995354998617495,1.019927182161876,True,NORMAL,NORMAL,IN_CONTROL
18,4,3,202.7393140203602,0.9659868692374082,1.019927182161876,0.9901527083977192,5.20132464547946,0.0993648761002742,9.897235654114985,0.9372742778446224,52.29197577619501,3.018523001427316,0.2009572336479313,5.158256379692182,12.412729181518516,290.02485652873906,-1.0276434588501537,True,True,True,True,True,True,True,0.0993648761002742,1.019927182161876,True,NORMAL,NORMAL,IN_CONTROL
18,4,4,202.7393140203602,0.9659868692374082,1.019927182161876,0.9901527083977192,5.20132464547946,0.0999279762669473,9.926699484065386,0.9372742778446224,52.29197577619501,3.018523001427316,0.2009572336479313,5.158256379692182,12.412729181518516,290.02485652873906,-0.7330051593461384,True,True,True,True,True,True,True,0.0999279762669473,1.019927182161876,True,NORMAL,NORMAL,IN_CONTROL
18,4,5,202.7393140203602,0.9659868692374082,1.019927182161876,0.9901527083977192,5.20132464547946,0.099733186676461,9.92539802536286,0.9372742778446224,52.29197577619501,3.018523001427316,0.2009572336479313,5.158256379692182,12.412729181518516,290.02485652873906,-0.7460197463714024,True,True,True,True,True,True,True,0.099733186676461,1.019927182161876,True,NORMAL,NORMAL,IN_CONTROL
18,5,1,202.7393140203602,0.9659868692374082,1.019927182161876,0.9901527083977192,5.20132464547946,0.0992643333197098,9.919493595732687,0.98411354717796,52.520663445676256,3.0189252142649794,0.2004329139799012,4.824036505846001,12.412729181518516,290.02485652873906,-0.8050640426731269,True,True,True,True,True,True,True,0.0992643333197098,1.019927182161876,True,NORMAL,NORMAL,IN_CONTROL
18,5,2,202.7393140203602,0.9659868692374082,1.019927182161876,0.9901527083977192,5.20132464547946,0.0996849769941173,9.950257959060355,0.98411354717796,52.520663445676256,3.0189252142649794,0.2004329139799012,4.824036505846001,12.412729181518516,290.02485652873906,-0.4974204093964474,True,True,True,True,True,True,True,0.0996849769941173,1.019927182161876,True,NORMAL,NORMAL,IN_CONTROL
18,5,3,202.7393140203602,0.9659868692374082,1.019927182161876,0.9901527083977192,5.20132464547946,0.0991836197593242,9.921433707226452,0.98411354717796,52.520663445676256,3.0189252142649794,0.2004329139799012,4.824036505846001,12.412729181518516,290.02485652873906,-0.78566292773548,True,True,True,True,True,True,True,0.0991836197593242,1.019927182161876,True,NORMAL,NORMAL,IN_CONTROL
18,5,4,202.7393140203602,0.9659868692374082,1.019927182161876,0.9901527083977192,5.20132464547946,0.0993707580514846,9.931048055598254,0.98411354717796,52.520663445676256,3.0189252142649794,0.2004329139799012,4.824036505846001,12.412729181518516,290.02485652873906,-0.6895194440174635,True,True,True,True,True,True,True,0.0993707580514846,1.019927182161876,True,NORMAL,NORMAL,IN_CONTROL
18,5,5,202.7393140203602,0.9659868692374082,1.019927182161876,0.9901527083977192,5.20132464547946,0.0990513340397226,9.921521564897054,0.98411354717796,52.520663445676256,3.0189252142649794,0.2004329139799012,4.824036505846001,12.412729181518516,290.02485652873906,-0.7847843510294615,True,True,True,True,True,True,True,0.0990513340397226,1.019927182161876,True,NORMAL,NORMAL,IN_CONTROL
18,6,1,202.7393140203602,0.9659868692374082,1.019927182161876,0.9901527083977192,5.20132464547946,0.1008305036451495,9.909472838851505,0.9228030914439947,52.22774010569945,3.0210824303449426,0.1953875048705148,4.980855598545968,12.412729181518516,290.02485652873906,-0.9052716114849525,True,True,True,True,True,True,True,0.1008305036451495,1.019927182161876,True,NORMAL,NORMAL,IN_CONTROL
18,6,2,202.7393140203602,0.9659868692374082,1.019927182161876,0.9901527083977192,5.20132464547946,0.1013050329065506,9.885749959263055,0.9228030914439947,52.22774010569945,3.0210824303449426,0.1953875048705148,4.980855598545968,12.412729181518516,290.02485652873906,-1.1425004073694467,True,True,True,True,True,True,True,0.1013050329065506,1.019927182161876,True,NORMAL,NORMAL,IN_CONTROL
18,6,3,202.7393140203602,0.9659868692374082,1.019927182161876,0.9901527083977192,5.20132464547946,0.1012873326698203,9.8897195520156,0.9228030914439947,52.22774010569945,3.0210824303449426,0.1953875048705148,4.980855598545968,12.412729181518516,290.02485652873906,-1.1028044798439929,True,True,True,True,True,True,True,0.1012873326698203,1.019927182161876,True,NORMAL,NORMAL,IN_CONTROL
18,6,4,202.7393140203602,0.9659868692374082,1.019927182161876,0.9901527083977192,5.20132464547946,0.1008531307663857,9.900630463585872,0.9228030914439947,52.22774010569945,3.0210824303449426,0.1953875048705148,4.980855598545968,12.412729181518516,290.02485652873906,-0.9936953641412848,True,True,True,True,True,True,True,0.1008531307663857,1.019927182161876,True,NORMAL,NORMAL,IN_CONTROL
18,6,5,202.7393140203602,0.9659868692374082,1.019927182161876,0.9901527083977192,5.20132464547946,0.1010521190164125,9.901383295469302,0.9228030914439947,52.22774010569945,3.0210824303449426,0.1953875048705148,4.980855598545968,12.412729181518516,290.02485652873906,-0.9861670453069848,True,True,True,True,True,True,True,0.1010521190164125,1.019927182161876,True,NORMAL,NORMAL,IN_CONTROL
18,7,1,202.7393140203602,0.9659868692374082,1.019927182161876,0.9901527083977192,5.20132464547946,0.1000532271408968,9.956055550901468,0.959457103640048,52.28202793606658,3.019310406972432,0.1962173064994228,5.226632879064376,12.412729181518516,290.02485652873906,-0.43944449098532345,True,True,True,True,True,True,True,0.1000532271408968,1.019927182161876,True,NORMAL,NORMAL,IN_CONTROL
18,7,2,202.7393140203602,0.9659868692374082,1.019927182161876,0.9901527083977192,5.20132464547946,0.101118532587226,9.96712791083624,0.959457103640048,52.28202793606658,3.019310406972432,0.1962173064994228,5.226632879064376,12.412729181518516,290.02485652873906,-0.32872089163760165,True,True,True,True,True,True,True,0.101118532587226,1.019927182161876,True,NORMAL,NORMAL,IN_CONTROL
18,7,3,202.7393140203602,0.9659868692374082,1.019927182161876,0.9901527083977192,5.20132464547946,0.1008764000931546,9.964047240008968,0.959457103640048,52.28202793606658,3.019310406972432,0.1962173064994228,5.226632879064376,12.412729181518516,290.02485652873906,-0.3595275999103187,True,True,True,True,True,True,True,0.1008764000931546,1.019927182161876,True,NORMAL,NORMAL,IN_CONTROL
18,7,4,202.7393140203602,0.9659868692374082,1.019927182161876,0.9901527083977192,5.20132464547946,0.0999498531870651,9.950370278296228,0.959457103640048,52.28202793606658,3.019310406972432,0.1962173064994228,5.226632879064376,12.412729181518516,290.02485652873906,-0.4962972170377178,True,True,True,True,True,True,True,0.0999498531870651,1.019927182161876,True,NORMAL,NORMAL,IN_CONTROL
18,7,5,202.7393140203602,0.9659868692374082,1.019927182161876,0.9901527083977192,5.20132464547946,0.100524829276147,9.921575228428498,0.959457103640048,52.28202793606658,3.019310406972432,0.1962173064994228,5.226632879064376,12.412729181518516,290.02485652873906,-0.7842477157150186,True,True,True,True,True,True,True,0.100524829276147,1.019927182161876,True,NORMAL,NORMAL,IN_CONTROL
18,8,1,202.7393140203602,0.9659868692374082,1.019927182161876,0.9901527083977192,5.20132464547946,0.1004162484267663,9.885133851294636,0.9563385211175393,52.95912890353251,3.0085258785304227,0.1979462112219142,5.325651841689503,12.412729181518516,290.02485652873906,-1.1486614870536371,True,True,True,True,True,True,True,0.1004162484267663,1.019927182161876,True,NORMAL,NORMAL,IN_CONTROL
18,8,2,202.7393140203602,0.9659868692374082,1.019927182161876,0.9901527083977192,5.20132464547946,0.1003190581985718,9.893904609597584,0.9563385211175393,52.95912890353251,3.0085258785304227,0.1979462112219142,5.325651841689503,12.412729181518516,290.02485652873906,-1.06095390402416,True,True,True,True,True,True,True,0.1003190581985718,1.019927182161876,True,NORMAL,NORMAL,IN_CONTROL
18,8,3,202.7393140203602,0.9659868692374082,1.019927182161876,0.9901527083977192,5.20132464547946,0.1003777046007123,9.917400793979391,0.9563385211175393,52.95912890353251,3.0085258785304227,0.1979462112219142,5.325651841689503,12.412729181518516,290.02485652873906,-0.8259920602060867,True,True,True,True,True,True,True,0.1003777046007123,1.019927182161876,True,NORMAL,NORMAL,IN_CONTROL
18,8,4,202.7393140203602,0.9659868692374082,1.019927182161876,0.9901527083977192,5.20132464547946,0.0998098420105944,9.914606189079128,0.9563385211175393,52.95912890353251,3.0085258785304227,0.1979462112219142,5.325651841689503,12.412729181518516,290.02485652873906,-0.8539381092087162,True,True,True,True,True,True,True,0.0998098420105944,1.019927182161876,True,NORMAL,NORMAL,IN_CONTROL
18,8,5,202.7393140203602,0.9659868692374082,1.019927182161876,0.9901527083977192,5.20132464547946,0.0998995121362263,9.917643354180424,0.9563385211175393,52.95912890353251,3.0085258785304227,0.1979462112219142,5.325651841689503,12.412729181518516,290.02485652873906,-0.8235664581957635,True,True,True,True,True,True,True,0.0998995121362263,1.019927182161876,True,NORMAL,NORMAL,IN_CONTROL
18,9,1,202.7393140203602,0.9659868692374082,1.019927182161876,0.9901527083977192,5.20132464547946,0.1014383910951638,9.929208657054224,0.9727745984026868,52.68050029173141,3.0115706163716096,0.1952432418458682,5.197578028323044,12.412729181518516,290.02485652873906,-0.7079134294577649,True,True,True,True,True,True,True,0.1014383910951638,1.019927182161876,True,NORMAL,NORMAL,IN_CONTROL
18,9,2,202.7393140203602,0.9659868692374082,1.019927182161876,0.9901527083977192,5.20132464547946,0.1006720287346734,9.925775584629656,0.9727745984026868,52.68050029173141,3.0115706163716096,0.1952432418458682,5.197578028323044,12.412729181518516,290.02485652873906,-0.7422441537034352,True,True,True,True,True,True,True,0.1006720287346734,1.019927182161876,True,NORMAL,NORMAL,IN_CONTROL
18,9,3,202.7393140203602,0.9659868692374082,1.019927182161876,0.9901527083977192,5.20132464547946,0.1009824668599781,9.940826987767728,0.9727745984026868,52.68050029173141,3.0115706163716096,0.1952432418458682,5.197578028323044,12.412729181518516,290.02485652873906,-0.5917301223227156,True,True,True,True,True,True,True,0.1009824668599781,1.019927182161876,True,NORMAL,NORMAL,IN_CONTROL
18,9,4,202.7393140203602,0.9659868692374082,1.019927182161876,0.9901527083977192,5.20132464547946,0.1008993402143326,9.931533958963406,0.9727745984026868,52.68050029173141,3.0115706163716096,0.1952432418458682,5.197578028323044,12.412729181518516,290.02485652873906,-0.684660410365936,True,True,True,True,True,True,True,0.1008993402143326,1.019927182161876,True,NORMAL,NORMAL,IN_CONTROL
18,9,5,202.7393140203602,0.9659868692374082,1.019927182161876,0.9901527083977192,5.20132464547946,0.1008306085956215,9.95092474037574,0.9727745984026868,52.68050029173141,3.0115706163716096,0.1952432418458682,5.197578028323044,12.412729181518516,290.02485652873906,-0.4907525962426007,True,True,True,True,True,True,True,0.1008306085956215,1.019927182161876,True,NORMAL,NORMAL,IN_CONTROL
18,10,1,202.7393140203602,0.9659868692374082,1.019927182161876,0.9901527083977192,5.20132464547946,0.1009612612952911,9.867813160081871,0.9254554518239908,52.67406314425882,3.023849218651571,0.1978214576006742,5.101710632268738,12.412729181518516,290.02485652873906,-1.3218683991812874,True,True,True,True,True,True,True,0.1009612612952911,1.019927182161876,True,NORMAL,NORMAL,IN_CONTROL
18,10,2,202.7393140203602,0.9659868692374082,1.019927182161876,0.9901527083977192,5.20132464547946,0.1007273907747134,9.90402531238593,0.9254554518239908,52.67406314425882,3.023849218651571,0.1978214576006742,5.101710632268738,12.412729181518516,290.02485652873906,-0.9597468761407056,True,True,True,True,True,True,True,0.1007273907747134,1.019927182161876,True,NORMAL,NORMAL,IN_CONTROL
18,10,3,202.7393140203602,0.9659868692374082,1.019927182161876,0.9901527083977192,5.20132464547946,0.1008750669509494,9.92475168205457,0.9254554518239908,52.67406314425882,3.023849218651571,0.1978214576006742,5.101710632268738,12.412729181518516,290.02485652873906,-0.7524831794543019,True,True,True,True,True,True,True,0.1008750669509494,1.019927182161876,True,NORMAL,NORMAL,IN_CONTROL
18,10,4,202.7393140203602,0.9659868692374082,1.019927182161876,0.9901527083977192,5.20132464547946,0.1008597821929998,9.906040214308844,0.9254554518239908,52.67406314425882,3.023849218651571,0.1978214576006742,5.101710632268738,12.412729181518516,290.02485652873906,-0.9395978569115648,True,True,True,True,True,True,True,0.1008597821929998,1.019927182161876,True,NORMAL,NORMAL,IN_CONTROL
18,10,5,202.7393140203602,0.9659868692374082,1.019927182161876,0.9901527083977192,5.20132464547946,0.1006333441234134,9.880188398158523,0.9254554518239908,52.67406314425882,3.023849218651571,0.1978214576006742,5.101710632268738,12.412729181518516,290.02485652873906,-1.1981160184147654,True,True,True,True,True,True,True,0.1006333441234134,1.019927182161876,True,NORMAL,NORMAL,IN_CONTROL
19,1,1,201.44164022918036,0.9367014805936008,0.9885052697557644,0.9940041991556536,5.174362186729157,0.1004627688741025,9.95254947716502,1.0978467873769546,48.05579671821686,3.0126627549033818,0.1880730880587558,5.407516084131212,12.331233842369732,291.9415888157528,-0.4745052283498019,True,True,True,True,True,True,True,0.1004627688741025,0.9885052697557644,True,NORMAL,NORMAL,IN_CONTROL
19,1,2,201.44164022918036,0.9367014805936008,0.9885052697557644,0.9940041991556536,5.174362186729157,0.1001976875617817,9.942387993029651,1.0978467873769546,48.05579671821686,3.0126627549033818,0.1880730880587558,5.407516084131212,12.331233842369732,291.9415888157528,-0.5761200697034852,True,True,True,True,True,True,True,0.1001976875617817,0.9885052697557644,True,NORMAL,NORMAL,IN_CONTROL
19,1,3,201.44164022918036,0.9367014805936008,0.9885052697557644,0.9940041991556536,5.174362186729157,0.1004951783784016,9.945556879670882,1.0978467873769546,48.05579671821686,3.0126627549033818,0.1880730880587558,5.407516084131212,12.331233842369732,291.9415888157528,-0.5444312032911824,True,True,True,True,True,True,True,0.1004951783784016,0.9885052697557644,True,NORMAL,NORMAL,IN_CONTROL
19,1,4,201.44164022918036,0.9367014805936008,0.9885052697557644,0.9940041991556536,5.174362186729157,0.100611928382031,9.974048277973235,1.0978467873769546,48.05579671821686,3.0126627549033818,0.1880730880587558,5.407516084131212,12.331233842369732,291.9415888157528,-0.25951722026764656,True,True,True,True,True,True,True,0.100611928382031,0.9885052697557644,True,NORMAL,NORMAL,IN_CONTROL
19,1,5,201.44164022918036,0.9367014805936008,0.9885052697557644,0.9940041991556536,5.174362186729157,0.1012566559139496,9.957853493446937,1.0978467873769546,48.05579671821686,3.0126627549033818,0.1880730880587558,5.407516084131212,12.331233842369732,291.9415888157528,-0.42146506553063284,True,True,True,True,True,True,True,0.1012566559139496,0.9885052697557644,True,NORMAL,NORMAL,IN_CONTROL
19,2,1,201.44164022918036,0.9367014805936008,0.9885052697557644,0.9940041991556536,5.174362186729157,0.1015820874849362,9.968231118669577,1.1254815479988936,46.76948656090839,3.012916988873916,0.1848927197406928,5.6800528467990326,12.331233842369732,291.9415888157528,-0.31768881330423326,True,True,True,True,True,True,True,0.1015820874849362,0.9885052697557644,True,NORMAL,NORMAL,IN_CONTROL
19,2,2,201.44164022918036,0.9367014805936008,0.9885052697557644,0.9940041991556536,5.174362186729157,0.1017995656789051,9.987100365397636,1.1254815479988936,46.76948656090839,3.012916988873916,0.1848927197406928,5.6800528467990326,12.331233842369732,291.9415888157528,-0.1289963460236443,True,True,True,True,True,True,True,0.1017995656789051,0.9885052697557644,True,NORMAL,NORMAL,IN_CONTROL
19,2,3,201.44164022918036,0.9367014805936008,0.9885052697557644,0.9940041991556536,5.174362186729157,0.1013396219282304,9.968417377266071,1.1254815479988936,46.76948656090839,3.012916988873916,0.1848927197406928,5.6800528467990326,12.331233842369732,291.9415888157528,-0.31582622733928645,True,True,True,True,True,True,True,0.1013396219282304,0.9885052697557644,True,NORMAL,NORMAL,IN_CONTROL
19,2,4,201.44164022918036,0.9367014805936008,0.9885052697557644,0.9940041991556536,5.174362186729157,0.1017727878115668,9.98781557514005,1.1254815479988936,46.76948656090839,3.012916988873916,0.1848927197406928,5.6800528467990326,12.331233842369732,291.9415888157528,-0.12184424859949416,True,True,True,True,True,True,True,0.1017727878115668,0.9885052697557644,True,NORMAL,NORMAL,IN_CONTROL
19,2,5,201.44164022918036,0.9367014805936008,0.9885052697557644,0.9940041991556536,5.174362186729157,0.1014466742756214,9.946812532446016,1.1254815479988936,46.76948656090839,3.012916988873916,0.1848927197406928,5.6800528467990326,12.331233842369732,291.9415888157528,-0.5318746755398429,True,True,True,True,True,True,True,0.1014466742756214,0.9885052697557644,True,NORMAL,NORMAL,IN_CONTROL
19,3,1,201.44164022918036,0.9367014805936008,0.9885052697557644,0.9940041991556536,5.174362186729157,0.1017816667779334,9.956466253933383,1.1316641406174373,48.06235853967212,3.0180627347128044,0.1866036379479043,5.387394246222384,12.331233842369732,291.9415888157528,-0.43533746066616535,True,True,True,True,True,True,True,0.1017816667779334,0.9885052697557644,True,NORMAL,NORMAL,IN_CONTROL
19,3,2,201.44164022918036,0.9367014805936008,0.9885052697557644,0.9940041991556536,5.174362186729157,0.1012102975506083,9.95985156158925,1.1316641406174373,48.06235853967212,3.0180627347128044,0.1866036379479043,5.387394246222384,12.331233842369732,291.9415888157528,-0.40148438410749776,True,True,True,True,True,True,True,0.1012102975506083,0.9885052697557644,True,NORMAL,NORMAL,IN_CONTROL
19,3,3,201.44164022918036,0.9367014805936008,0.9885052697557644,0.9940041991556536,5.174362186729157,0.1017928311178681,9.954431067373765,1.1316641406174373,48.06235853967212,3.0180627347128044,0.1866036379479043,5.387394246222384,12.331233842369732,291.9415888157528,-0.45568932626235176,True,True,True,True,True,True,True,0.1017928311178681,0.9885052697557644,True,NORMAL,NORMAL,IN_CONTROL
19,3,4,201.44164022918036,0.9367014805936008,0.9885052697557644,0.9940041991556536,5.174362186729157,0.1017019222832879,9.956165865107245,1.1316641406174373,48.06235853967212,3.0180627347128044,0.1866036379479043,5.387394246222384,12.331233842369732,291.9415888157528,-0.43834134892755117,True,True,True,True,True,True,True,0.1017019222832879,0.9885052697557644,True,NORMAL,NORMAL,IN_CONTROL
19,3,5,201.44164022918036,0.9367014805936008,0.9885052697557644,0.9940041991556536,5.174362186729157,0.1014522822658267,9.967660550502574,1.1316641406174373,48.06235853967212,3.0180627347128044,0.1866036379479043,5.387394246222384,12.331233842369732,291.9415888157528,-0.32339449497426287,True,True,True,True,True,True,True,0.1014522822658267,0.9885052697557644,True,NORMAL,NORMAL,IN_CONTROL
19,4,1,201.44164022918036,0.9367014805936008,0.9885052697557644,0.9940041991556536,5.174362186729157,0.1009276471506522,9.910616434036015,1.1272845279342978,49.46600557798328,3.019047138251484,0.1820064362611633,5.485167668828978,12.331233842369732,291.9415888157528,-0.8938356596398477,True,True,True,True,True,True,True,0.1009276471506522,0.9885052697557644,True,NORMAL,NORMAL,IN_CONTROL
19,4,2,201.44164022918036,0.9367014805936008,0.9885052697557644,0.9940041991556536,5.174362186729157,0.1005992551316369,9.914816970508893,1.1272845279342978,49.46600557798328,3.019047138251484,0.1820064362611633,5.485167668828978,12.331233842369732,291.9415888157528,-0.8518302949110712,True,True,True,True,True,True,True,0.1005992551316369,0.9885052697557644,True,NORMAL,NORMAL,IN_CONTROL
19,4,3,201.44164022918036,0.9367014805936008,0.9885052697557644,0.9940041991556536,5.174362186729157,0.101000466664508,9.907767862272305,1.1272845279342978,49.46600557798328,3.019047138251484,0.1820064362611633,5.485167668828978,12.331233842369732,291.9415888157528,-0.9223213772769513,True,True,True,True,True,True,True,0.101000466664508,0.9885052697557644,True,NORMAL,NORMAL,IN_CONTROL
19,4,4,201.44164022918036,0.9367014805936008,0.9885052697557644,0.9940041991556536,5.174362186729157,0.1006326543655913,9.919072433692008,1.1272845279342978,49.46600557798328,3.019047138251484,0.1820064362611633,5.485167668828978,12.331233842369732,291.9415888157528,-0.8092756630799159,True,True,True,True,True,True,True,0.1006326543655913,0.9885052697557644,True,NORMAL,NORMAL,IN_CONTROL
19,4,5,201.44164022918036,0.9367014805936008,0.9885052697557644,0.9940041991556536,5.174362186729157,0.1000632245115532,9.9016736932049,1.1272845279342978,49.46600557798328,3.019047138251484,0.1820064362611633,5.485167668828978,12.331233842369732,291.9415888157528,-0.9832630679509967,True,True,True,True,True,True,True,0.1000632245115532,0.9885052697557644,True,NORMAL,NORMAL,IN_CONTROL
19,5,1,201.44164022918036,0.9367014805936008,0.9885052697557644,0.9940041991556536,5.174362186729157,0.1008790804216248,9.923028653095392,1.073773560524221,47.9440646887293,3.014856769895784,0.179633585908037,5.584356422072253,12.331233842369732,291.9415888157528,-0.769713469046085,True,True,True,True,True,True,True,0.1008790804216248,0.9885052697557644,True,NORMAL,NORMAL,IN_CONTROL
19,5,2,201.44164022918036,0.9367014805936008,0.9885052697557644,0.9940041991556536,5.174362186729157,0.100742375695427,9.917759225924238,1.073773560524221,47.9440646887293,3.014856769895784,0.179633585908037,5.584356422072253,12.331233842369732,291.9415888157528,-0.8224077407576225,True,True,True,True,True,True,True,0.100742375695427,0.9885052697557644,True,NORMAL,NORMAL,IN_CONTROL
19,5,3,201.44164022918036,0.9367014805936008,0.9885052697557644,0.9940041991556536,5.174362186729157,0.1008243042993528,9.93264496736497,1.073773560524221,47.9440646887293,3.014856769895784,0.179633585908037,5.584356422072253,12.331233842369732,291.9415888157528,-0.6735503263502984,True,True,True,True,True,True,True,0.1008243042993528,0.9885052697557644,True,NORMAL,NORMAL,IN_CONTROL
19,5,4,201.44164022918036,0.9367014805936008,0.9885052697557644,0.9940041991556536,5.174362186729157,0.1006568244813612,9.938724251411804,1.073773560524221,47.9440646887293,3.014856769895784,0.179633585908037,5.584356422072253,12.331233842369732,291.9415888157528,-0.6127574858819607,True,True,True,True,True,True,True,0.1006568244813612,0.9885052697557644,True,NORMAL,NORMAL,IN_CONTROL
19,5,5,201.44164022918036,0.9367014805936008,0.9885052697557644,0.9940041991556536,5.174362186729157,0.1002902113448294,9.91396700401107,1.073773560524221,47.9440646887293,3.014856769895784,0.179633585908037,5.584356422072253,12.331233842369732,291.9415888157528,-0.860329959889299,True,True,True,True,True,True,True,0.1002902113448294,0.9885052697557644,True,NORMAL,NORMAL,IN_CONTROL
19,6,1,201.44164022918036,0.9367014805936008,0.9885052697557644,0.9940041991556536,5.174362186729157,0.1012437471567482,9.941354716021522,1.0861136573532706,48.40366446907611,3.013740392459952,0.1835161893664313,5.475040276808182,12.331233842369732,291.9415888157528,-0.5864528397847835,True,True,True,True,True,True,True,0.1012437471567482,0.9885052697557644,True,NORMAL,NORMAL,IN_CONTROL
19,6,2,201.44164022918036,0.9367014805936008,0.9885052697557644,0.9940041991556536,5.174362186729157,0.1009456089390998,9.965988790989398,1.0861136573532706,48.40366446907611,3.013740392459952,0.1835161893664313,5.475040276808182,12.331233842369732,291.9415888157528,-0.3401120901060217,True,True,True,True,True,True,True,0.1009456089390998,0.9885052697557644,True,NORMAL,NORMAL,IN_CONTROL
19,6,3,201.44164022918036,0.9367014805936008,0.9885052697557644,0.9940041991556536,5.174362186729157,0.1012741189251467,9.93689248249874,1.0861136573532706,48.40366446907611,3.013740392459952,0.1835161893664313,5.475040276808182,12.331233842369732,291.9415888157528,-0.6310751750126009,True,True,True,True,True,True,True,0.1012741189251467,0.9885052697557644,True,NORMAL,NORMAL,IN_CONTROL
19,6,4,201.44164022918036,0.9367014805936008,0.9885052697557644,0.9940041991556536,5.174362186729157,0.1009960962973043,9.937638661940312,1.0861136573532706,48.40366446907611,3.013740392459952,0.1835161893664313,5.475040276808182,12.331233842369732,291.9415888157528,-0.6236133805968791,True,True,True,True,True,True,True,0.1009960962973043,0.9885052697557644,True,NORMAL,NORMAL,IN_CONTROL
19,6,5,201.44164022918036,0.9367014805936008,0.9885052697557644,0.9940041991556536,5.174362186729157,0.1009930313733849,9.914893079125031,1.0861136573532706,48.40366446907611,3.013740392459952,0.1835161893664313,5.475040276808182,12.331233842369732,291.9415888157528,-0.8510692087496885,True,True,True,True,True,True,True,0.1009930313733849,0.9885052697557644,True,NORMAL,NORMAL,IN_CONTROL
19,7,1,201.44164022918036,0.9367014805936008,0.9885052697557644,0.9940041991556536,5.174362186729157,0.0992141475047117,9.919485348804782,1.0804907305191265,46.73136081773019,3.018055429782475,0.1882145030530127,5.33645114744771,12.331233842369732,291.9415888157528,-0.8051465119521771,True,True,True,True,True,True,True,0.0992141475047117,0.9885052697557644,True,NORMAL,NORMAL,IN_CONTROL
19,7,2,201.44164022918036,0.9367014805936008,0.9885052697557644,0.9940041991556536,5.174362186729157,0.0998913148735562,9.916000592847444,1.0804907305191265,46.73136081773019,3.018055429782475,0.1882145030530127,5.33645114744771,12.331233842369732,291.9415888157528,-0.8399940715255562,True,True,True,True,True,True,True,0.0998913148735562,0.9885052697557644,True,NORMAL,NORMAL,IN_CONTROL
19,7,3,201.44164022918036,0.9367014805936008,0.9885052697557644,0.9940041991556536,5.174362186729157,0.0995577061788381,9.935638094011797,1.0804907305191265,46.73136081773019,3.018055429782475,0.1882145030530127,5.33645114744771,12.331233842369732,291.9415888157528,-0.6436190598820346,True,True,True,True,True,True,True,0.0995577061788381,0.9885052697557644,True,NORMAL,NORMAL,IN_CONTROL
19,7,4,201.44164022918036,0.9367014805936008,0.9885052697557644,0.9940041991556536,5.174362186729157,0.0993169127268915,9.939015761813152,1.0804907305191265,46.73136081773019,3.018055429782475,0.1882145030530127,5.33645114744771,12.331233842369732,291.9415888157528,-0.6098423818684751,True,True,True,True,True,True,True,0.0993169127268915,0.9885052697557644,True,NORMAL,NORMAL,IN_CONTROL
19,7,5,201.44164022918036,0.9367014805936008,0.9885052697557644,0.9940041991556536,5.174362186729157,0.0999845188630369,9.904787874370076,1.0804907305191265,46.73136081773019,3.018055429782475,0.1882145030530127,5.33645114744771,12.331233842369732,291.9415888157528,-0.9521212562992432,True,True,True,True,True,True,True,0.0999845188630369,0.9885052697557644,True,NORMAL,NORMAL,IN_CONTROL
19,8,1,201.44164022918036,0.9367014805936008,0.9885052697557644,0.9940041991556536,5.174362186729157,0.1015673110130405,9.988740151096115,1.1031508241732235,45.58326879197443,3.0050242617757927,0.1867994561514574,5.4573305106925725,12.331233842369732,291.9415888157528,-0.11259848903884874,True,True,True,True,True,True,True,0.1015673110130405,0.9885052697557644,True,NORMAL,NORMAL,IN_CONTROL
19,8,2,201.44164022918036,0.9367014805936008,0.9885052697557644,0.9940041991556536,5.174362186729157,0.1018309759993536,10.007064422929435,1.1031508241732235,45.58326879197443,3.0050242617757927,0.1867994561514574,5.4573305106925725,12.331233842369732,291.9415888157528,0.0706442292943521,True,True,True,True,True,True,True,0.1018309759993536,0.9885052697557644,True,NORMAL,NORMAL,IN_CONTROL
19,8,3,201.44164022918036,0.9367014805936008,0.9885052697557644,0.9940041991556536,5.174362186729157,0.1019161695492918,10.007386658532312,1.1031508241732235,45.58326879197443,3.0050242617757927,0.1867994561514574,5.4573305106925725,12.331233842369732,291.9415888157528,0.07386658532311685,True,True,True,True,True,True,True,0.1019161695492918,0.9885052697557644,True,NORMAL,NORMAL,IN_CONTROL
19,8,4,201.44164022918036,0.9367014805936008,0.9885052697557644,0.9940041991556536,5.174362186729157,0.1015130507403493,10.005456505247494,1.1031508241732235,45.58326879197443,3.0050242617757927,0.1867994561514574,5.4573305106925725,12.331233842369732,291.9415888157528,0.05456505247494192,True,True,True,True,True,True,True,0.1015130507403493,0.9885052697557644,True,NORMAL,NORMAL,IN_CONTROL
19,8,5,201.44164022918036,0.9367014805936008,0.9885052697557644,0.9940041991556536,5.174362186729157,0.101254118974779,10.021309733209558,1.1031508241732235,45.58326879197443,3.0050242617757927,0.1867994561514574,5.4573305106925725,12.331233842369732,291.9415888157528,0.21309733209557538,True,True,True,True,True,True,True,0.101254118974779,0.9885052697557644,True,NORMAL,NORMAL,IN_CONTROL
19,9,1,201.44164022918036,0.9367014805936008,0.9885052697557644,0.9940041991556536,5.174362186729157,0.1013508426569444,10.060618607423194,1.1157859733543742,48.30354851246924,3.0245221794326684,0.1887887497757877,5.181164942095275,12.331233842369732,291.9415888157528,0.6061860742319425,True,True,True,True,True,True,True,0.1013508426569444,0.9885052697557644,True,NORMAL,NORMAL,IN_CONTROL
19,9,2,201.44164022918036,0.9367014805936008,0.9885052697557644,0.9940041991556536,5.174362186729157,0.1010693354391253,10.041097103280183,1.1157859733543742,48.30354851246924,3.0245221794326684,0.1887887497757877,5.181164942095275,12.331233842369732,291.9415888157528,0.41097103280183234,True,True,True,True,True,True,True,0.1010693354391253,0.9885052697557644,True,NORMAL,NORMAL,IN_CONTROL
19,9,3,201.44164022918036,0.9367014805936008,0.9885052697557644,0.9940041991556536,5.174362186729157,0.1012576993437576,10.04740762557612,1.1157859733543742,48.30354851246924,3.0245221794326684,0.1887887497757877,5.181164942095275,12.331233842369732,291.9415888157528,0.47407625576120443,True,True,True,True,True,True,True,0.1012576993437576,0.9885052697557644,True,NORMAL,NORMAL,IN_CONTROL
19,9,4,201.44164022918036,0.9367014805936008,0.9885052697557644,0.9940041991556536,5.174362186729157,0.1013678819291697,10.040991908044091,1.1157859733543742,48.30354851246924,3.0245221794326684,0.1887887497757877,5.181164942095275,12.331233842369732,291.9415888157528,0.4099190804409148,True,True,True,True,True,True,True,0.1013678819291697,0.9885052697557644,True,NORMAL,NORMAL,IN_CONTROL
19,9,5,201.44164022918036,0.9367014805936008,0.9885052697557644,0.9940041991556536,5.174362186729157,0.1020477897208216,10.068472632103704,1.1157859733543742,48.30354851246924,3.0245221794326684,0.1887887497757877,5.181164942095275,12.331233842369732,291.9415888157528,0.6847263210370436,True,True,True,True,True,True,True,0.1020477897208216,0.9885052697557644,True,NORMAL,NORMAL,IN_CONTROL
19,10,1,201.44164022918036,0.9367014805936008,0.9885052697557644,0.9940041991556536,5.174362186729157,0.101192761307005,9.948775915967378,1.0931578067787586,48.88445882999943,3.0134918977043434,0.1851472157168327,5.7533531377288,12.331233842369732,291.9415888157528,-0.5122408403262213,True,True,True,True,True,True,True,0.101192761307005,0.9885052697557644,True,NORMAL,NORMAL,IN_CONTROL
19,10,2,201.44164022918036,0.9367014805936008,0.9885052697557644,0.9940041991556536,5.174362186729157,0.1014153449208765,9.933198303529831,1.0931578067787586,48.88445882999943,3.0134918977043434,0.1851472157168327,5.7533531377288,12.331233842369732,291.9415888157528,-0.6680169647016854,True,True,True,True,True,True,True,0.1014153449208765,0.9885052697557644,True,NORMAL,NORMAL,IN_CONTROL
19,10,3,201.44164022918036,0.9367014805936008,0.9885052697557644,0.9940041991556536,5.174362186729157,0.1014204554291795,9.985802814289736,1.0931578067787586,48.88445882999943,3.0134918977043434,0.1851472157168327,5.7533531377288,12.331233842369732,291.9415888157528,-0.14197185710264293,True,True,True,True,True,True,True,0.1014204554291795,0.9885052697557644,True,NORMAL,NORMAL,IN_CONTROL
19,10,4,201.44164022918036,0.9367014805936008,0.9885052697557644,0.9940041991556536,5.174362186729157,0.1009502571764864,9.978647830144668,1.0931578067787586,48.88445882999943,3.0134918977043434,0.1851472157168327,5.7533531377288,12.331233842369732,291.9415888157528,-0.21352169855331837,True,True,True,True,True,True,True,0.1009502571764864,0.9885052697557644,True,NORMAL,NORMAL,IN_CONTROL
19,10,5,201.44164022918036,0.9367014805936008,0.9885052697557644,0.9940041991556536,5.174362186729157,0.1009211398400288,9.96034508908122,1.0931578067787586,48.88445882999943,3.0134918977043434,0.1851472157168327,5.7533531377288,12.331233842369732,291.9415888157528,-0.39654910918779146,True,True,True,True,True,True,True,0.1009211398400288,0.9885052697557644,True,NORMAL,NORMAL,IN_CONTROL
20,1,1,199.658351681628,1.0231663443205752,1.0015273091965495,0.9788103846609816,4.868497089446224,0.0980270798402154,9.989435025048872,1.1979772351974078,54.63780824293543,2.965014746750869,0.2160429858480864,5.000668960300427,11.71733187274998,307.2371798542481,-0.10564974951128292,True,True,True,True,True,True,True,0.0980270798402154,1.0015273091965495,True,NORMAL,NORMAL,IN_CONTROL
20,1,2,199.658351681628,1.0231663443205752,1.0015273091965495,0.9788103846609816,4.868497089446224,0.0975360115444068,9.993050656715477,1.1979772351974078,54.63780824293543,2.965014746750869,0.2160429858480864,5.000668960300427,11.71733187274998,307.2371798542481,-0.06949343284523124,True,True,True,True,True,True,True,0.0975360115444068,1.0015273091965495,True,NORMAL,NORMAL,IN_CONTROL
20,1,3,199.658351681628,1.0231663443205752,1.0015273091965495,0.9788103846609816,4.868497089446224,0.0979781183539214,10.006105498271088,1.1979772351974078,54.63780824293543,2.965014746750869,0.2160429858480864,5.000668960300427,11.71733187274998,307.2371798542481,0.061054982710881944,True,True,True,True,True,True,True,0.0979781183539214,1.0015273091965495,True,NORMAL,NORMAL,IN_CONTROL
20,1,4,199.658351681628,1.0231663443205752,1.0015273091965495,0.9788103846609816,4.868497089446224,0.0979479955379293,10.012411340556286,1.1979772351974078,54.63780824293543,2.965014746750869,0.2160429858480864,5.000668960300427,11.71733187274998,307.2371798542481,0.12411340556285565,True,True,True,True,True,True,True,0.0979479955379293,1.0015273091965495,True,NORMAL,NORMAL,IN_CONTROL
20,1,5,199.658351681628,1.0231663443205752,1.0015273091965495,0.9788103846609816,4.868497089446224,0.0979055653766267,10.008983845247789,1.1979772351974078,54.63780824293543,2.965014746750869,0.2160429858480864,5.000668960300427,11.71733187274998,307.2371798542481,0.08983845247788835,True,True,True,True,True,True,True,0.0979055653766267,1.0015273091965495,True,NORMAL,NORMAL,IN_CONTROL
20,2,1,199.658351681628,1.0231663443205752,1.0015273091965495,0.9788103846609816,4.868497089446224,0.0979873221342122,10.069027828959504,1.1579937712796111,52.87500643894092,2.9667836644687102,0.2133647159348922,5.521012558486625,11.71733187274998,307.2371798542481,0.6902782895950388,True,True,True,True,True,True,True,0.0979873221342122,1.0015273091965495,True,NORMAL,NORMAL,IN_CONTROL
20,2,2,199.658351681628,1.0231663443205752,1.0015273091965495,0.9788103846609816,4.868497089446224,0.0983236559995045,10.062436746560726,1.1579937712796111,52.87500643894092,2.9667836644687102,0.2133647159348922,5.521012558486625,11.71733187274998,307.2371798542481,0.6243674656072606,True,True,True,True,True,True,True,0.0983236559995045,1.0015273091965495,True,NORMAL,NORMAL,IN_CONTROL
20,2,3,199.658351681628,1.0231663443205752,1.0015273091965495,0.9788103846609816,4.868497089446224,0.0981782683659859,10.043825257644174,1.1579937712796111,52.87500643894092,2.9667836644687102,0.2133647159348922,5.521012558486625,11.71733187274998,307.2371798542481,0.4382525764417444,True,True,True,True,True,True,True,0.0981782683659859,1.0015273091965495,True,NORMAL,NORMAL,IN_CONTROL
20,2,4,199.658351681628,1.0231663443205752,1.0015273091965495,0.9788103846609816,4.868497089446224,0.0983965020707984,10.0436431815768,1.1579937712796111,52.87500643894092,2.9667836644687102,0.2133647159348922,5.521012558486625,11.71733187274998,307.2371798542481,0.43643181576799256,True,True,True,True,True,True,True,0.0983965020707984,1.0015273091965495,True,NORMAL,NORMAL,IN_CONTROL
20,2,5,199.658351681628,1.0231663443205752,1.0015273091965495,0.9788103846609816,4.868497089446224,0.0976427161761683,10.056896161332189,1.1579937712796111,52.87500643894092,2.9667836644687102,0.2133647159348922,5.521012558486625,11.71733187274998,307.2371798542481,0.5689616133218856,True,True,True,True,True,True,True,0.0976427161761683,1.0015273091965495,True,NORMAL,NORMAL,IN_CONTROL
20,3,1,199.658351681628,1.0231663443205752,1.0015273091965495,0.9788103846609816,4.868497089446224,0.0990590566003025,10.023181099546468,1.1596746318161324,54.53508976209571,2.974289616201505,0.211100890683204,5.57990634108235,11.71733187274998,307.2371798542481,0.23181099546468073,True,True,True,True,True,True,True,0.0990590566003025,1.0015273091965495,True,NORMAL,NORMAL,IN_CONTROL
20,3,2,199.658351681628,1.0231663443205752,1.0015273091965495,0.9788103846609816,4.868497089446224,0.0993537707193154,10.06038813265428,1.1596746318161324,54.53508976209571,2.974289616201505,0.211100890683204,5.57990634108235,11.71733187274998,307.2371798542481,0.6038813265428011,True,True,True,True,True,True,True,0.0993537707193154,1.0015273091965495,True,NORMAL,NORMAL,IN_CONTROL
20,3,3,199.658351681628,1.0231663443205752,1.0015273091965495,0.9788103846609816,4.868497089446224,0.0993806821385965,10.039593653053368,1.1596746318161324,54.53508976209571,2.974289616201505,0.211100890683204,5.57990634108235,11.71733187274998,307.2371798542481,0.3959365305336781,True,True,True,True,True,True,True,0.0993806821385965,1.0015273091965495,True,NORMAL,NORMAL,IN_CONTROL
20,3,4,199.658351681628,1.0231663443205752,1.0015273091965495,0.9788103846609816,4.868497089446224,0.0992505173829285,10.04327563225028,1.1596746318161324,54.53508976209571,2.974289616201505,0.211100890683204,5.57990634108235,11.71733187274998,307.2371798542481,0.43275632250280077,True,True,True,True,True,True,True,0.0992505173829285,1.0015273091965495,True,NORMAL,NORMAL,IN_CONTROL
20,3,5,199.658351681628,1.0231663443205752,1.0015273091965495,0.9788103846609816,4.868497089446224,0.0990285335100252,10.054076804618049,1.1596746318161324,54.53508976209571,2.974289616201505,0.211100890683204,5.57990634108235,11.71733187274998,307.2371798542481,0.5407680461804887,True,True,True,True,True,True,True,0.0990285335100252,1.0015273091965495,True,NORMAL,NORMAL,IN_CONTROL
20,4,1,199.658351681628,1.0231663443205752,1.0015273091965495,0.9788103846609816,4.868497089446224,0.0976447903770453,10.01733209306104,1.117543461614526,53.166918975751344,2.9794012542481285,0.2153649293244535,5.178694375479285,11.71733187274998,307.2371798542481,0.17332093061039444,True,True,True,True,True,True,True,0.0976447903770453,1.0015273091965495,True,NORMAL,NORMAL,IN_CONTROL
20,4,2,199.658351681628,1.0231663443205752,1.0015273091965495,0.9788103846609816,4.868497089446224,0.0976224121066372,10.0640437697934,1.117543461614526,53.166918975751344,2.9794012542481285,0.2153649293244535,5.178694375479285,11.71733187274998,307.2371798542481,0.6404376979340043,True,True,True,True,True,True,True,0.0976224121066372,1.0015273091965495,True,NORMAL,NORMAL,IN_CONTROL
20,4,3,199.658351681628,1.0231663443205752,1.0015273091965495,0.9788103846609816,4.868497089446224,0.0977840187783241,10.060215511396372,1.117543461614526,53.166918975751344,2.9794012542481285,0.2153649293244535,5.178694375479285,11.71733187274998,307.2371798542481,0.6021551139637182,True,True,True,True,True,True,True,0.0977840187783241,1.0015273091965495,True,NORMAL,NORMAL,IN_CONTROL
20,4,4,199.658351681628,1.0231663443205752,1.0015273091965495,0.9788103846609816,4.868497089446224,0.0972777233942871,10.047628464271671,1.117543461614526,53.166918975751344,2.9794012542481285,0.2153649293244535,5.178694375479285,11.71733187274998,307.2371798542481,0.47628464271671334,True,True,True,True,True,True,True,0.0972777233942871,1.0015273091965495,True,NORMAL,NORMAL,IN_CONTROL
20,4,5,199.658351681628,1.0231663443205752,1.0015273091965495,0.9788103846609816,4.868497089446224,0.0975779599358964,10.054650899003938,1.117543461614526,53.166918975751344,2.9794012542481285,0.2153649293244535,5.178694375479285,11.71733187274998,307.2371798542481,0.5465089900393849,True,True,True,True,True,True,True,0.0975779599358964,1.0015273091965495,True,NORMAL,NORMAL,IN_CONTROL
20,5,1,199.658351681628,1.0231663443205752,1.0015273091965495,0.9788103846609816,4.868497089446224,0.0977585631320131,10.05551129917364,1.1704230432778309,54.43937768593827,2.97079005542993,0.2154243949599563,5.409931706822786,11.71733187274998,307.2371798542481,0.5551129917363973,True,True,True,True,True,True,True,0.0977585631320131,1.0015273091965495,True,NORMAL,NORMAL,IN_CONTROL
20,5,2,199.658351681628,1.0231663443205752,1.0015273091965495,0.9788103846609816,4.868497089446224,0.0970486586936605,10.0811478362611,1.1704230432778309,54.43937768593827,2.97079005542993,0.2154243949599563,5.409931706822786,11.71733187274998,307.2371798542481,0.811478362610991,True,True,True,True,True,True,True,0.0970486586936605,1.0015273091965495,True,NORMAL,NORMAL,IN_CONTROL
20,5,3,199.658351681628,1.0231663443205752,1.0015273091965495,0.9788103846609816,4.868497089446224,0.0970541144607646,10.073893134265262,1.1704230432778309,54.43937768593827,2.97079005542993,0.2154243949599563,5.409931706822786,11.71733187274998,307.2371798542481,0.7389313426526201,True,True,True,True,True,True,True,0.0970541144607646,1.0015273091965495,True,NORMAL,NORMAL,IN_CONTROL
20,5,4,199.658351681628,1.0231663443205752,1.0015273091965495,0.9788103846609816,4.868497089446224,0.0975870609495946,10.047424452694134,1.1704230432778309,54.43937768593827,2.97079005542993,0.2154243949599563,5.409931706822786,11.71733187274998,307.2371798542481,0.4742445269413409,True,True,True,True,True,True,True,0.0975870609495946,1.0015273091965495,True,NORMAL,NORMAL,IN_CONTROL
20,5,5,199.658351681628,1.0231663443205752,1.0015273091965495,0.9788103846609816,4.868497089446224,0.0975549748912479,10.039582342866863,1.1704230432778309,54.43937768593827,2.97079005542993,0.2154243949599563,5.409931706822786,11.71733187274998,307.2371798542481,0.39582342866863135,True,True,True,True,True,True,True,0.0975549748912479,1.0015273091965495,True,NORMAL,NORMAL,IN_CONTROL
20,6,1,199.658351681628,1.0231663443205752,1.0015273091965495,0.9788103846609816,4.868497089446224,0.0977080544752255,10.012804173360244,1.1774040994412325,54.668573543994896,2.9674285061286647,0.216363936206948,5.492997520494048,11.71733187274998,307.2371798542481,0.1280417336024442,True,True,True,True,True,True,True,0.0977080544752255,1.0015273091965495,True,NORMAL,NORMAL,IN_CONTROL
20,6,2,199.658351681628,1.0231663443205752,1.0015273091965495,0.9788103846609816,4.868497089446224,0.0982619952597731,10.05248960441942,1.1774040994412325,54.668573543994896,2.9674285061286647,0.216363936206948,5.492997520494048,11.71733187274998,307.2371798542481,0.5248960441942074,True,True,True,True,True,True,True,0.0982619952597731,1.0015273091965495,True,NORMAL,NORMAL,IN_CONTROL
20,6,3,199.658351681628,1.0231663443205752,1.0015273091965495,0.9788103846609816,4.868497089446224,0.0974019137738489,10.042499071441975,1.1774040994412325,54.668573543994896,2.9674285061286647,0.216363936206948,5.492997520494048,11.71733187274998,307.2371798542481,0.4249907144197529,True,True,True,True,True,True,True,0.0974019137738489,1.0015273091965495,True,NORMAL,NORMAL,IN_CONTROL
20,6,4,199.658351681628,1.0231663443205752,1.0015273091965495,0.9788103846609816,4.868497089446224,0.0980142750914571,10.039087164945151,1.1774040994412325,54.668573543994896,2.9674285061286647,0.216363936206948,5.492997520494048,11.71733187274998,307.2371798542481,0.39087164945151187,True,True,True,True,True,True,True,0.0980142750914571,1.0015273091965495,True,NORMAL,NORMAL,IN_CONTROL
20,6,5,199.658351681628,1.0231663443205752,1.0015273091965495,0.9788103846609816,4.868497089446224,0.0979945031069057,10.04262486188238,1.1774040994412325,54.668573543994896,2.9674285061286647,0.216363936206948,5.492997520494048,11.71733187274998,307.2371798542481,0.4262486188238057,True,True,True,True,True,True,True,0.0979945031069057,1.0015273091965495,True,NORMAL,NORMAL,IN_CONTROL
20,7,1,199.658351681628,1.0231663443205752,1.0015273091965495,0.9788103846609816,4.868497089446224,0.0980638292384939,10.030092959261015,1.1468605379754129,52.18943921349914,2.973258430846376,0.2147689179116544,5.590157662107055,11.71733187274998,307.2371798542481,0.30092959261015295,True,True,True,True,True,True,True,0.0980638292384939,1.0015273091965495,True,NORMAL,NORMAL,IN_CONTROL
20,7,2,199.658351681628,1.0231663443205752,1.0015273091965495,0.9788103846609816,4.868497089446224,0.0978938592709327,10.08123000511404,1.1468605379754129,52.18943921349914,2.973258430846376,0.2147689179116544,5.590157662107055,11.71733187274998,307.2371798542481,0.8123000511404044,True,True,True,True,True,True,True,0.0978938592709327,1.0015273091965495,True,NORMAL,NORMAL,IN_CONTROL
20,7,3,199.658351681628,1.0231663443205752,1.0015273091965495,0.9788103846609816,4.868497089446224,0.0979630249385251,10.049327317498042,1.1468605379754129,52.18943921349914,2.973258430846376,0.2147689179116544,5.590157662107055,11.71733187274998,307.2371798542481,0.4932731749804198,True,True,True,True,True,True,True,0.0979630249385251,1.0015273091965495,True,NORMAL,NORMAL,IN_CONTROL
20,7,4,199.658351681628,1.0231663443205752,1.0015273091965495,0.9788103846609816,4.868497089446224,0.0975632299031894,10.080895209900728,1.1468605379754129,52.18943921349914,2.973258430846376,0.2147689179116544,5.590157662107055,11.71733187274998,307.2371798542481,0.8089520990072785,True,True,True,True,True,True,True,0.0975632299031894,1.0015273091965495,True,NORMAL,NORMAL,IN_CONTROL
20,7,5,199.658351681628,1.0231663443205752,1.0015273091965495,0.9788103846609816,4.868497089446224,0.0976304270050101,10.053320368792772,1.1468605379754129,52.18943921349914,2.973258430846376,0.2147689179116544,5.590157662107055,11.71733187274998,307.2371798542481,0.5332036879277169,True,True,True,True,True,True,True,0.0976304270050101,1.0015273091965495,True,NORMAL,NORMAL,IN_CONTROL
20,8,1,199.658351681628,1.0231663443205752,1.0015273091965495,0.9788103846609816,4.868497089446224,0.0977172410821503,10.016413580888305,1.2055312601009402,55.888365332689375,2.973800932735943,0.2130809752116274,6.013432016119604,11.71733187274998,307.2371798542481,0.1641358088830458,True,True,True,True,True,True,True,0.0977172410821503,1.0015273091965495,True,NORMAL,NORMAL,IN_CONTROL
20,8,2,199.658351681628,1.0231663443205752,1.0015273091965495,0.9788103846609816,4.868497089446224,0.0983074093272317,9.996156587780538,1.2055312601009402,55.888365332689375,2.973800932735943,0.2130809752116274,6.013432016119604,11.71733187274998,307.2371798542481,-0.03843412219461939,True,True,True,True,True,True,True,0.0983074093272317,1.0015273091965495,True,NORMAL,NORMAL,IN_CONTROL
20,8,3,199.658351681628,1.0231663443205752,1.0015273091965495,0.9788103846609816,4.868497089446224,0.0986139235172932,10.03739840534354,1.2055312601009402,55.888365332689375,2.973800932735943,0.2130809752116274,6.013432016119604,11.71733187274998,307.2371798542481,0.37398405343539665,True,True,True,True,True,True,True,0.0986139235172932,1.0015273091965495,True,NORMAL,NORMAL,IN_CONTROL
20,8,4,199.658351681628,1.0231663443205752,1.0015273091965495,0.9788103846609816,4.868497089446224,0.098326033098702,10.00195108853904,1.2055312601009402,55.888365332689375,2.973800932735943,0.2130809752116274,6.013432016119604,11.71733187274998,307.2371798542481,0.019510885390392474,True,True,True,True,True,True,True,0.098326033098702,1.0015273091965495,True,NORMAL,NORMAL,IN_CONTROL
20,8,5,199.658351681628,1.0231663443205752,1.0015273091965495,0.9788103846609816,4.868497089446224,0.0981304119214983,10.023895982898106,1.2055312601009402,55.888365332689375,2.973800932735943,0.2130809752116274,6.013432016119604,11.71733187274998,307.2371798542481,0.23895982898105572,True,True,True,True,True,True,True,0.0981304119214983,1.0015273091965495,True,NORMAL,NORMAL,IN_CONTROL
20,9,1,199.658351681628,1.0231663443205752,1.0015273091965495,0.9788103846609816,4.868497089446224,0.098546901202389,9.982744038901128,1.1887070653924885,54.04846469721442,2.974785785451115,0.2119142734775711,5.341460432635508,11.71733187274998,307.2371798542481,-0.17255961098872064,True,True,True,True,True,True,True,0.098546901202389,1.0015273091965495,True,NORMAL,NORMAL,IN_CONTROL
20,9,2,199.658351681628,1.0231663443205752,1.0015273091965495,0.9788103846609816,4.868497089446224,0.0994601976451508,10.002601588350142,1.1887070653924885,54.04846469721442,2.974785785451115,0.2119142734775711,5.341460432635508,11.71733187274998,307.2371798542481,0.026015883501422365,True,True,True,True,True,True,True,0.0994601976451508,1.0015273091965495,True,NORMAL,NORMAL,IN_CONTROL
20,9,3,199.658351681628,1.0231663443205752,1.0015273091965495,0.9788103846609816,4.868497089446224,0.0992071804656795,9.979179225496406,1.1887070653924885,54.04846469721442,2.974785785451115,0.2119142734775711,5.341460432635508,11.71733187274998,307.2371798542481,-0.20820774503594205,True,True,True,True,True,True,True,0.0992071804656795,1.0015273091965495,True,NORMAL,NORMAL,IN_CONTROL
20,9,4,199.658351681628,1.0231663443205752,1.0015273091965495,0.9788103846609816,4.868497089446224,0.0992012017495203,9.985709539965129,1.1887070653924885,54.04846469721442,2.974785785451115,0.2119142734775711,5.341460432635508,11.71733187274998,307.2371798542481,-0.14290460034871444,True,True,True,True,True,True,True,0.0992012017495203,1.0015273091965495,True,NORMAL,NORMAL,IN_CONTROL
20,9,5,199.658351681628,1.0231663443205752,1.0015273091965495,0.9788103846609816,4.868497089446224,0.0988376920140697,9.9802845881579,1.1887070653924885,54.04846469721442,2.974785785451115,0.2119142734775711,5.341460432635508,11.71733187274998,307.2371798542481,-0.19715411842099684,True,True,True,True,True,True,True,0.0988376920140697,1.0015273091965495,True,NORMAL,NORMAL,IN_CONTROL
20,10,1,199.658351681628,1.0231663443205752,1.0015273091965495,0.9788103846609816,4.868497089446224,0.0982343378383246,10.081983052248276,1.2257748313781378,54.13368469679478,2.966929831811057,0.2178915820100057,5.606173872071711,11.71733187274998,307.2371798542481,0.8198305224827608,True,True,True,True,True,True,True,0.0982343378383246,1.0015273091965495,True,NORMAL,NORMAL,IN_CONTROL
20,10,2,199.658351681628,1.0231663443205752,1.0015273091965495,0.9788103846609816,4.868497089446224,0.0978389816419686,10.061141074853891,1.2257748313781378,54.13368469679478,2.966929831811057,0.2178915820100057,5.606173872071711,11.71733187274998,307.2371798542481,0.611410748538912,True,True,True,True,True,True,True,0.0978389816419686,1.0015273091965495,True,NORMAL,NORMAL,IN_CONTROL
20,10,3,199.658351681628,1.0231663443205752,1.0015273091965495,0.9788103846609816,4.868497089446224,0.0974899336735895,10.068412537024724,1.2257748313781378,54.13368469679478,2.966929831811057,0.2178915820100057,5.606173872071711,11.71733187274998,307.2371798542481,0.6841253702472372,True,True,True,True,True,True,True,0.0974899336735895,1.0015273091965495,True,NORMAL,NORMAL,IN_CONTROL
20,10,4,199.658351681628,1.0231663443205752,1.0015273091965495,0.9788103846609816,4.868497089446224,0.0982780714720273,10.067020618949044,1.2257748313781378,54.13368469679478,2.966929831811057,0.2178915820100057,5.606173872071711,11.71733187274998,307.2371798542481,0.6702061894904432,True,True,True,True,True,True,True,0.0982780714720273,1.0015273091965495,True,NORMAL,NORMAL,IN_CONTROL
20,10,5,199.658351681628,1.0231663443205752,1.0015273091965495,0.9788103846609816,4.868497089446224,0.0974733392363107,10.074587893529332,1.2257748313781378,54.13368469679478,2.966929831811057,0.2178915820100057,5.606173872071711,11.71733187274998,307.2371798542481,0.745878935293316,True,True,True,True,True,True,True,0.0974733392363107,1.0015273091965495,True,NORMAL,NORMAL,IN_CONTROL
21,1,1,197.6662408825026,1.049943281762448,0.9986452148461732,0.9902888469144756,4.9726008235103,0.0983637785679569,10.139801524884604,0.9872544969806768,54.45013906039798,2.999610522136132,0.220041623820403,4.942303737801305,11.934135708781248,301.6556948779363,1.3980152488460362,True,True,True,True,True,True,True,0.0983637785679569,0.9986452148461732,True,NORMAL,NORMAL,IN_CONTROL
21,1,2,197.6662408825026,1.049943281762448,0.9986452148461732,0.9902888469144756,4.9726008235103,0.0982304710116263,10.145856971846598,0.9872544969806768,54.45013906039798,2.999610522136132,0.220041623820403,4.942303737801305,11.934135708781248,301.6556948779363,1.4585697184659807,True,True,True,True,True,True,True,0.0982304710116263,0.9986452148461732,True,NORMAL,NORMAL,IN_CONTROL
21,1,3,197.6662408825026,1.049943281762448,0.9986452148461732,0.9902888469144756,4.9726008235103,0.0983086600298337,10.144523174022297,0.9872544969806768,54.45013906039798,2.999610522136132,0.220041623820403,4.942303737801305,11.934135708781248,301.6556948779363,1.4452317402229653,True,True,True,True,True,True,True,0.0983086600298337,0.9986452148461732,True,NORMAL,NORMAL,IN_CONTROL
21,1,4,197.6662408825026,1.049943281762448,0.9986452148461732,0.9902888469144756,4.9726008235103,0.0983621784912717,10.115675135995868,0.9872544969806768,54.45013906039798,2.999610522136132,0.220041623820403,4.942303737801305,11.934135708781248,301.6556948779363,1.1567513599586832,True,True,True,True,True,True,True,0.0983621784912717,0.9986452148461732,True,NORMAL,NORMAL,IN_CONTROL
21,1,5,197.6662408825026,1.049943281762448,0.9986452148461732,0.9902888469144756,4.9726008235103,0.09783899707666,10.122996844446693,0.9872544969806768,54.45013906039798,2.999610522136132,0.220041623820403,4.942303737801305,11.934135708781248,301.6556948779363,1.2299684444669268,True,True,True,True,True,True,True,0.09783899707666,0.9986452148461732,True,NORMAL,NORMAL,IN_CONTROL
21,2,1,197.6662408825026,1.049943281762448,0.9986452148461732,0.9902888469144756,4.9726008235103,0.0983575973514806,10.102107071452869,0.9843567062562548,54.66937529023496,2.991111830612007,0.210212268961962,5.53318337881575,11.934135708781248,301.6556948779363,1.0210707145286868,True,True,True,True,True,True,True,0.0983575973514806,0.9986452148461732,True,NORMAL,NORMAL,IN_CONTROL
21,2,2,197.6662408825026,1.049943281762448,0.9986452148461732,0.9902888469144756,4.9726008235103,0.0981982468639199,10.107574906822991,0.9843567062562548,54.66937529023496,2.991111830612007,0.210212268961962,5.53318337881575,11.934135708781248,301.6556948779363,1.0757490682299142,True,True,True,True,True,True,True,0.0981982468639199,0.9986452148461732,True,NORMAL,NORMAL,IN_CONTROL
21,2,3,197.6662408825026,1.049943281762448,0.9986452148461732,0.9902888469144756,4.9726008235103,0.0983428073885255,10.108389660124177,0.9843567062562548,54.66937529023496,2.991111830612007,0.210212268961962,5.53318337881575,11.934135708781248,301.6556948779363,1.083896601241765,True,True,True,True,True,True,True,0.0983428073885255,0.9986452148461732,True,NORMAL,NORMAL,IN_CONTROL
21,2,4,197.6662408825026,1.049943281762448,0.9986452148461732,0.9902888469144756,4.9726008235103,0.0980398581100464,10.120076380577055,0.9843567062562548,54.66937529023496,2.991111830612007,0.210212268961962,5.53318337881575,11.934135708781248,301.6556948779363,1.2007638057705528,True,True,True,True,True,True,True,0.0980398581100464,0.9986452148461732,True,NORMAL,NORMAL,IN_CONTROL
21,2,5,197.6662408825026,1.049943281762448,0.9986452148461732,0.9902888469144756,4.9726008235103,0.0982546773013874,10.102062096541674,0.9843567062562548,54.66937529023496,2.991111830612007,0.210212268961962,5.53318337881575,11.934135708781248,301.6556948779363,1.020620965416743,True,True,True,True,True,True,True,0.0982546773013874,0.9986452148461732,True,NORMAL,NORMAL,IN_CONTROL
21,3,1,197.6662408825026,1.049943281762448,0.9986452148461732,0.9902888469144756,4.9726008235103,0.0985108610590514,10.057064729708742,1.0473503122642245,55.45237463447728,3.0043665151511805,0.2140384978524609,4.730643381433695,11.934135708781248,301.6556948779363,0.5706472970874188,True,True,True,True,True,True,True,0.0985108610590514,0.9986452148461732,True,NORMAL,NORMAL,IN_CONTROL
21,3,2,197.6662408825026,1.049943281762448,0.9986452148461732,0.9902888469144756,4.9726008235103,0.0979162475727714,10.065114233116445,1.0473503122642245,55.45237463447728,3.0043665151511805,0.2140384978524609,4.730643381433695,11.934135708781248,301.6556948779363,0.6511423311644471,True,True,True,True,True,True,True,0.0979162475727714,0.9986452148461732,True,NORMAL,NORMAL,IN_CONTROL
21,3,3,197.6662408825026,1.049943281762448,0.9986452148461732,0.9902888469144756,4.9726008235103,0.0978074093245667,10.07454794992259,1.0473503122642245,55.45237463447728,3.0043665151511805,0.2140384978524609,4.730643381433695,11.934135708781248,301.6556948779363,0.745479499225894,True,True,True,True,True,True,True,0.0978074093245667,0.9986452148461732,True,NORMAL,NORMAL,IN_CONTROL
21,3,4,197.6662408825026,1.049943281762448,0.9986452148461732,0.9902888469144756,4.9726008235103,0.0981108809803862,10.05850853434811,1.0473503122642245,55.45237463447728,3.0043665151511805,0.2140384978524609,4.730643381433695,11.934135708781248,301.6556948779363,0.5850853434811043,True,True,True,True,True,True,True,0.0981108809803862,0.9986452148461732,True,NORMAL,NORMAL,IN_CONTROL
21,3,5,197.6662408825026,1.049943281762448,0.9986452148461732,0.9902888469144756,4.9726008235103,0.097903717628287,10.063575869757658,1.0473503122642245,55.45237463447728,3.0043665151511805,0.2140384978524609,4.730643381433695,11.934135708781248,301.6556948779363,0.6357586975765805,True,True,True,True,True,True,True,0.097903717628287,0.9986452148461732,True,NORMAL,NORMAL,IN_CONTROL
21,4,1,197.6662408825026,1.049943281762448,0.9986452148461732,0.9902888469144756,4.9726008235103,0.0984023858926588,10.097265439482676,0.9615919942782568,53.92363261532142,3.0037595052032544,0.2138692009209856,5.071267971596089,11.934135708781248,301.6556948779363,0.9726543948267617,True,True,True,True,True,True,True,0.0984023858926588,0.9986452148461732,True,NORMAL,NORMAL,IN_CONTROL
21,4,2,197.6662408825026,1.049943281762448,0.9986452148461732,0.9902888469144756,4.9726008235103,0.0982261088722777,10.087919081558876,0.9615919942782568,53.92363261532142,3.0037595052032544,0.2138692009209856,5.071267971596089,11.934135708781248,301.6556948779363,0.8791908155887641,True,True,True,True,True,True,True,0.0982261088722777,0.9986452148461732,True,NORMAL,NORMAL,IN_CONTROL
21,4,3,197.6662408825026,1.049943281762448,0.9986452148461732,0.9902888469144756,4.9726008235103,0.0979437216266422,10.07831250572846,0.9615919942782568,53.92363261532142,3.0037595052032544,0.2138692009209856,5.071267971596089,11.934135708781248,301.6556948779363,0.7831250572846038,True,True,True,True,True,True,True,0.0979437216266422,0.9986452148461732,True,NORMAL,NORMAL,IN_CONTROL
21,4,4,197.6662408825026,1.049943281762448,0.9986452148461732,0.9902888469144756,4.9726008235103,0.0983354091583549,10.10178628579182,0.9615919942782568,53.92363261532142,3.0037595052032544,0.2138692009209856,5.071267971596089,11.934135708781248,301.6556948779363,1.0178628579181925,True,True,True,True,True,True,True,0.0983354091583549,0.9986452148461732,True,NORMAL,NORMAL,IN_CONTROL
21,4,5,197.6662408825026,1.049943281762448,0.9986452148461732,0.9902888469144756,4.9726008235103,0.0982861828442092,10.0970361119194,0.9615919942782568,53.92363261532142,3.0037595052032544,0.2138692009209856,5.071267971596089,11.934135708781248,301.6556948779363,0.9703611191939919,True,True,True,True,True,True,True,0.0982861828442092,0.9986452148461732,True,NORMAL,NORMAL,IN_CONTROL
21,5,1,197.6662408825026,1.049943281762448,0.9986452148461732,0.9902888469144756,4.9726008235103,0.0984257942484326,10.124844455072834,0.9966090278238012,55.01343258840592,3.00027088613698,0.2184562979354109,5.175212277872974,11.934135708781248,301.6556948779363,1.2484445507283404,True,True,True,True,True,True,True,0.0984257942484326,0.9986452148461732,True,NORMAL,NORMAL,IN_CONTROL
21,5,2,197.6662408825026,1.049943281762448,0.9986452148461732,0.9902888469144756,4.9726008235103,0.0981204422841071,10.11899729234132,0.9966090278238012,55.01343258840592,3.00027088613698,0.2184562979354109,5.175212277872974,11.934135708781248,301.6556948779363,1.189972923413194,True,True,True,True,True,True,True,0.0981204422841071,0.9986452148461732,True,NORMAL,NORMAL,IN_CONTROL
21,5,3,197.6662408825026,1.049943281762448,0.9986452148461732,0.9902888469144756,4.9726008235103,0.0991947561996545,10.12589099869871,0.9966090278238012,55.01343258840592,3.00027088613698,0.2184562979354109,5.175212277872974,11.934135708781248,301.6556948779363,1.2589099869870957,True,True,True,True,True,True,True,0.0991947561996545,0.9986452148461732,True,NORMAL,NORMAL,IN_CONTROL
21,5,4,197.6662408825026,1.049943281762448,0.9986452148461732,0.9902888469144756,4.9726008235103,0.0983624662958097,10.10956277209918,0.9966090278238012,55.01343258840592,3.00027088613698,0.2184562979354109,5.175212277872974,11.934135708781248,301.6556948779363,1.0956277209917964,True,True,True,True,True,True,True,0.0983624662958097,0.9986452148461732,True,NORMAL,NORMAL,IN_CONTROL
21,5,5,197.6662408825026,1.049943281762448,0.9986452148461732,0.9902888469144756,4.9726008235103,0.0981947619107136,10.108479274273863,0.9966090278238012,55.01343258840592,3.00027088613698,0.2184562979354109,5.175212277872974,11.934135708781248,301.6556948779363,1.0847927427386317,True,True,True,True,True,True,True,0.0981947619107136,0.9986452148461732,True,NORMAL,NORMAL,IN_CONTROL
21,6,1,197.6662408825026,1.049943281762448,0.9986452148461732,0.9902888469144756,4.9726008235103,0.0971356579162468,10.203378953384332,0.9543333507921268,52.514711759483966,2.9969867170939986,0.2091701200668243,5.257951805179074,11.934135708781248,301.6556948779363,2.033789533843322,True,True,True,True,True,True,True,0.0971356579162468,0.9986452148461732,True,NORMAL,NORMAL,IN_CONTROL
21,6,2,197.6662408825026,1.049943281762448,0.9986452148461732,0.9902888469144756,4.9726008235103,0.0975156614536709,10.135305429483449,0.9543333507921268,52.514711759483966,2.9969867170939986,0.2091701200668243,5.257951805179074,11.934135708781248,301.6556948779363,1.353054294834486,True,True,True,True,True,True,True,0.0975156614536709,0.9986452148461732,True,NORMAL,NORMAL,IN_CONTROL
21,6,3,197.6662408825026,1.049943281762448,0.9986452148461732,0.9902888469144756,4.9726008235103,0.0976354656335081,10.149629482945256,0.9543333507921268,52.514711759483966,2.9969867170939986,0.2091701200668243,5.257951805179074,11.934135708781248,301.6556948779363,1.4962948294525624,True,True,True,True,True,True,True,0.0976354656335081,0.9986452148461732,True,NORMAL,NORMAL,IN_CONTROL
21,6,4,197.6662408825026,1.049943281762448,0.9986452148461732,0.9902888469144756,4.9726008235103,0.0970561168476172,10.15641016950553,0.9543333507921268,52.514711759483966,2.9969867170939986,0.2091701200668243,5.257951805179074,11.934135708781248,301.6556948779363,1.5641016950553068,True,True,True,True,True,True,True,0.0970561168476172,0.9986452148461732,True,NORMAL,NORMAL,IN_CONTROL
21,6,5,197.6662408825026,1.049943281762448,0.9986452148461732,0.9902888469144756,4.9726008235103,0.0974729945826229,10.15799632966062,0.9543333507921268,52.514711759483966,2.9969867170939986,0.2091701200668243,5.257951805179074,11.934135708781248,301.6556948779363,1.579963296606195,True,True,True,True,True,True,True,0.0974729945826229,0.9986452148461732,True,NORMAL,NORMAL,IN_CONTROL
21,7,1,197.6662408825026,1.049943281762448,0.9986452148461732,0.9902888469144756,4.9726008235103,0.0974775730911688,10.118459918601983,0.9625908169037514,52.83034939871438,3.00275993372818,0.2089351399641497,5.037242887963587,11.934135708781248,301.6556948779363,1.1845991860198346,True,True,True,True,True,True,True,0.0974775730911688,0.9986452148461732,True,NORMAL,NORMAL,IN_CONTROL
21,7,2,197.6662408825026,1.049943281762448,0.9986452148461732,0.9902888469144756,4.9726008235103,0.0973671449044734,10.115896827549967,0.9625908169037514,52.83034939871438,3.00275993372818,0.2089351399641497,5.037242887963587,11.934135708781248,301.6556948779363,1.1589682754996744,True,True,True,True,True,True,True,0.0973671449044734,0.9986452148461732,True,NORMAL,NORMAL,IN_CONTROL
21,7,3,197.6662408825026,1.049943281762448,0.9986452148461732,0.9902888469144756,4.9726008235103,0.0976640683653199,10.12468116369309,0.9625908169037514,52.83034939871438,3.00275993372818,0.2089351399641497,5.037242887963587,11.934135708781248,301.6556948779363,1.2468116369309001,True,True,True,True,True,True,True,0.0976640683653199,0.9986452148461732,True,NORMAL,NORMAL,IN_CONTROL
21,7,4,197.6662408825026,1.049943281762448,0.9986452148461732,0.9902888469144756,4.9726008235103,0.0976649223394831,10.113711004591355,0.9625908169037514,52.83034939871438,3.00275993372818,0.2089351399641497,5.037242887963587,11.934135708781248,301.6556948779363,1.137110045913552,True,True,True,True,True,True,True,0.0976649223394831,0.9986452148461732,True,NORMAL,NORMAL,IN_CONTROL
21,7,5,197.6662408825026,1.049943281762448,0.9986452148461732,0.9902888469144756,4.9726008235103,0.0972548195522849,10.118324056148202,0.9625908169037514,52.83034939871438,3.00275993372818,0.2089351399641497,5.037242887963587,11.934135708781248,301.6556948779363,1.1832405614820196,True,True,True,True,True,True,True,0.0972548195522849,0.9986452148461732,True,NORMAL,NORMAL,IN_CONTROL
21,8,1,197.6662408825026,1.049943281762448,0.9986452148461732,0.9902888469144756,4.9726008235103,0.0975545995860267,10.071996340298474,0.9849384419180603,55.19267657435383,2.996093169341483,0.2115760265678529,5.222688380152491,11.934135708781248,301.6556948779363,0.7199634029847424,True,True,True,True,True,True,True,0.0975545995860267,0.9986452148461732,True,NORMAL,NORMAL,IN_CONTROL
21,8,2,197.6662408825026,1.049943281762448,0.9986452148461732,0.9902888469144756,4.9726008235103,0.0975646011947014,10.078739382677249,0.9849384419180603,55.19267657435383,2.996093169341483,0.2115760265678529,5.222688380152491,11.934135708781248,301.6556948779363,0.7873938267724867,True,True,True,True,True,True,True,0.0975646011947014,0.9986452148461732,True,NORMAL,NORMAL,IN_CONTROL
21,8,3,197.6662408825026,1.049943281762448,0.9986452148461732,0.9902888469144756,4.9726008235103,0.0985258324810561,10.058789190109058,0.9849384419180603,55.19267657435383,2.996093169341483,0.2115760265678529,5.222688380152491,11.934135708781248,301.6556948779363,0.5878919010905825,True,True,True,True,True,True,True,0.0985258324810561,0.9986452148461732,True,NORMAL,NORMAL,IN_CONTROL
21,8,4,197.6662408825026,1.049943281762448,0.9986452148461732,0.9902888469144756,4.9726008235103,0.0977556311586565,10.100644851201038,0.9849384419180603,55.19267657435383,2.996093169341483,0.2115760265678529,5.222688380152491,11.934135708781248,301.6556948779363,1.006448512010376,True,True,True,True,True,True,True,0.0977556311586565,0.9986452148461732,True,NORMAL,NORMAL,IN_CONTROL
21,8,5,197.6662408825026,1.049943281762448,0.9986452148461732,0.9902888469144756,4.9726008235103,0.0981331148261217,10.068094668731048,0.9849384419180603,55.19267657435383,2.996093169341483,0.2115760265678529,5.222688380152491,11.934135708781248,301.6556948779363,0.6809466873104775,True,True,True,True,True,True,True,0.0981331148261217,0.9986452148461732,True,NORMAL,NORMAL,IN_CONTROL
21,9,1,197.6662408825026,1.049943281762448,0.9986452148461732,0.9902888469144756,4.9726008235103,0.0968918641587665,10.165281170809733,0.9542492443021192,55.65093014167813,2.9989008299531186,0.2164619248725837,4.825335167030167,11.934135708781248,301.6556948779363,1.6528117080973281,True,True,True,True,True,True,True,0.0968918641587665,0.9986452148461732,True,NORMAL,NORMAL,IN_CONTROL
21,9,2,197.6662408825026,1.049943281762448,0.9986452148461732,0.9902888469144756,4.9726008235103,0.0976415036168101,10.1517954787948,0.9542492443021192,55.65093014167813,2.9989008299531186,0.2164619248725837,4.825335167030167,11.934135708781248,301.6556948779363,1.5179547879479927,True,True,True,True,True,True,True,0.0976415036168101,0.9986452148461732,True,NORMAL,NORMAL,IN_CONTROL
21,9,3,197.6662408825026,1.049943281762448,0.9986452148461732,0.9902888469144756,4.9726008235103,0.0972940114880985,10.16713163608562,0.9542492443021192,55.65093014167813,2.9989008299531186,0.2164619248725837,4.825335167030167,11.934135708781248,301.6556948779363,1.6713163608561918,True,True,True,True,True,True,True,0.0972940114880985,0.9986452148461732,True,NORMAL,NORMAL,IN_CONTROL
21,9,4,197.6662408825026,1.049943281762448,0.9986452148461732,0.9902888469144756,4.9726008235103,0.0973235463882921,10.156472976235309,0.9542492443021192,55.65093014167813,2.9989008299531186,0.2164619248725837,4.825335167030167,11.934135708781248,301.6556948779363,1.5647297623530854,True,True,True,True,True,True,True,0.0973235463882921,0.9986452148461732,True,NORMAL,NORMAL,IN_CONTROL
21,9,5,197.6662408825026,1.049943281762448,0.9986452148461732,0.9902888469144756,4.9726008235103,0.097684618072203,10.172485314683458,0.9542492443021192,55.65093014167813,2.9989008299531186,0.2164619248725837,4.825335167030167,11.934135708781248,301.6556948779363,1.7248531468345798,True,True,True,True,True,True,True,0.097684618072203,0.9986452148461732,True,NORMAL,NORMAL,IN_CONTROL
21,10,1,197.6662408825026,1.049943281762448,0.9986452148461732,0.9902888469144756,4.9726008235103,0.0970449789821931,10.026266788564111,0.9733286522587876,54.00334146725298,3.002791656929344,0.215097940604064,5.065808518855553,11.934135708781248,301.6556948779363,0.26266788564111465,True,True,True,True,True,True,True,0.0970449789821931,0.9986452148461732,True,NORMAL,NORMAL,IN_CONTROL
21,10,2,197.6662408825026,1.049943281762448,0.9986452148461732,0.9902888469144756,4.9726008235103,0.096899027049242,10.051486671285865,0.9733286522587876,54.00334146725298,3.002791656929344,0.215097940604064,5.065808518855553,11.934135708781248,301.6556948779363,0.5148667128586482,True,True,True,True,True,True,True,0.096899027049242,0.9986452148461732,True,NORMAL,NORMAL,IN_CONTROL
21,10,3,197.6662408825026,1.049943281762448,0.9986452148461732,0.9902888469144756,4.9726008235103,0.0971736320933132,10.033251288882113,0.9733286522587876,54.00334146725298,3.002791656929344,0.215097940604064,5.065808518855553,11.934135708781248,301.6556948779363,0.33251288882112817,True,True,True,True,True,True,True,0.0971736320933132,0.9986452148461732,True,NORMAL,NORMAL,IN_CONTROL
21,10,4,197.6662408825026,1.049943281762448,0.9986452148461732,0.9902888469144756,4.9726008235103,0.0970285369516428,10.057681913414628,0.9733286522587876,54.00334146725298,3.002791656929344,0.215097940604064,5.065808518855553,11.934135708781248,301.6556948779363,0.5768191341462803,True,True,True,True,True,True,True,0.0970285369516428,0.9986452148461732,True,NORMAL,NORMAL,IN_CONTROL
21,10,5,197.6662408825026,1.049943281762448,0.9986452148461732,0.9902888469144756,4.9726008235103,0.0974882232500932,10.04862789314302,0.9733286522587876,54.00334146725298,3.002791656929344,0.215097940604064,5.065808518855553,11.934135708781248,301.6556948779363,0.4862789314302063,True,True,True,True,True,True,True,0.0974882232500932,0.9986452148461732,True,NORMAL,NORMAL,IN_CONTROL
22,1,1,199.90436860251404,0.9936784306276972,0.9950641949192768,0.9961626529863612,5.085423986057683,0.1006607717279429,10.060509898311286,0.9273267666755488,46.959482692592765,3.0305583369187707,0.1977129836296212,4.357492504382387,12.162074820021004,296.002125728888,0.6050989831128639,True,True,True,True,True,True,True,0.1006607717279429,0.9950641949192768,True,NORMAL,NORMAL,IN_CONTROL
22,1,2,199.90436860251404,0.9936784306276972,0.9950641949192768,0.9961626529863612,5.085423986057683,0.1005977615243316,10.089765554252365,0.9273267666755488,46.959482692592765,3.0305583369187707,0.1977129836296212,4.357492504382387,12.162074820021004,296.002125728888,0.8976555425236477,True,True,True,True,True,True,True,0.1005977615243316,0.9950641949192768,True,NORMAL,NORMAL,IN_CONTROL
22,1,3,199.90436860251404,0.9936784306276972,0.9950641949192768,0.9961626529863612,5.085423986057683,0.1005437661749947,10.026607801928876,0.9273267666755488,46.959482692592765,3.0305583369187707,0.1977129836296212,4.357492504382387,12.162074820021004,296.002125728888,0.26607801928875574,True,True,True,True,True,True,True,0.1005437661749947,0.9950641949192768,True,NORMAL,NORMAL,IN_CONTROL
22,1,4,199.90436860251404,0.9936784306276972,0.9950641949192768,0.9961626529863612,5.085423986057683,0.1008318716753256,10.103183631128056,0.9273267666755488,46.959482692592765,3.0305583369187707,0.1977129836296212,4.357492504382387,12.162074820021004,296.002125728888,1.0318363112805606,True,True,True,True,True,True,True,0.1008318716753256,0.9950641949192768,True,NORMAL,NORMAL,IN_CONTROL
22,1,5,199.90436860251404,0.9936784306276972,0.9950641949192768,0.9961626529863612,5.085423986057683,0.1007492937591592,10.049598416674591,0.9273267666755488,46.959482692592765,3.0305583369187707,0.1977129836296212,4.357492504382387,12.162074820021004,296.002125728888,0.4959841667459131,True,True,True,True,True,True,True,0.1007492937591592,0.9950641949192768,True,NORMAL,NORMAL,IN_CONTROL
22,2,1,199.90436860251404,0.9936784306276972,0.9950641949192768,0.9961626529863612,5.085423986057683,0.0993819123315896,9.990400405327131,0.8995310382725911,47.18905620711316,3.022790924859488,0.1947742648754972,4.614520960749046,12.162074820021004,296.002125728888,-0.09599594672868861,True,True,True,True,True,True,True,0.0993819123315896,0.9950641949192768,True,NORMAL,NORMAL,IN_CONTROL
22,2,2,199.90436860251404,0.9936784306276972,0.9950641949192768,0.9961626529863612,5.085423986057683,0.0994777030748117,9.978307186906118,0.8995310382725911,47.18905620711316,3.022790924859488,0.1947742648754972,4.614520960749046,12.162074820021004,296.002125728888,-0.21692813093881824,True,True,True,True,True,True,True,0.0994777030748117,0.9950641949192768,True,NORMAL,NORMAL,IN_CONTROL
22,2,3,199.90436860251404,0.9936784306276972,0.9950641949192768,0.9961626529863612,5.085423986057683,0.099756289240827,9.97877066405413,0.8995310382725911,47.18905620711316,3.022790924859488,0.1947742648754972,4.614520960749046,12.162074820021004,296.002125728888,-0.21229335945870176,True,True,True,True,True,True,True,0.099756289240827,0.9950641949192768,True,NORMAL,NORMAL,IN_CONTROL
22,2,4,199.90436860251404,0.9936784306276972,0.9950641949192768,0.9961626529863612,5.085423986057683,0.0989357026691307,9.970793452583592,0.8995310382725911,47.18905620711316,3.022790924859488,0.1947742648754972,4.614520960749046,12.162074820021004,296.002125728888,-0.292065474164076,True,True,True,True,True,True,True,0.0989357026691307,0.9950641949192768,True,NORMAL,NORMAL,IN_CONTROL
22,2,5,199.90436860251404,0.9936784306276972,0.9950641949192768,0.9961626529863612,5.085423986057683,0.099762738925695,10.00277925675372,0.8995310382725911,47.18905620711316,3.022790924859488,0.1947742648754972,4.614520960749046,12.162074820021004,296.002125728888,0.027792567537208154,True,True,True,True,True,True,True,0.099762738925695,0.9950641949192768,True,NORMAL,NORMAL,IN_CONTROL
22,3,1,199.90436860251404,0.9936784306276972,0.9950641949192768,0.9961626529863612,5.085423986057683,0.1004598479074028,10.034335541515317,0.910508226219805,46.0711313137591,3.029701010630458,0.1945860135871693,4.376686182125454,12.162074820021004,296.002125728888,0.3433554151531659,True,True,True,True,True,True,True,0.1004598479074028,0.9950641949192768,True,NORMAL,NORMAL,IN_CONTROL
22,3,2,199.90436860251404,0.9936784306276972,0.9950641949192768,0.9961626529863612,5.085423986057683,0.1004062544763628,10.033099129606844,0.910508226219805,46.0711313137591,3.029701010630458,0.1945860135871693,4.376686182125454,12.162074820021004,296.002125728888,0.3309912960684436,True,True,True,True,True,True,True,0.1004062544763628,0.9950641949192768,True,NORMAL,NORMAL,IN_CONTROL
22,3,3,199.90436860251404,0.9936784306276972,0.9950641949192768,0.9961626529863612,5.085423986057683,0.1006501965313403,10.03275058146844,0.910508226219805,46.0711313137591,3.029701010630458,0.1945860135871693,4.376686182125454,12.162074820021004,296.002125728888,0.32750581468439677,True,True,True,True,True,True,True,0.1006501965313403,0.9950641949192768,True,NORMAL,NORMAL,IN_CONTROL
22,3,4,199.90436860251404,0.9936784306276972,0.9950641949192768,0.9961626529863612,5.085423986057683,0.1008939169707029,10.049451185648769,0.910508226219805,46.0711313137591,3.029701010630458,0.1945860135871693,4.376686182125454,12.162074820021004,296.002125728888,0.4945118564876871,True,True,True,True,True,True,True,0.1008939169707029,0.9950641949192768,True,NORMAL,NORMAL,IN_CONTROL
22,3,5,199.90436860251404,0.9936784306276972,0.9950641949192768,0.9961626529863612,5.085423986057683,0.1005701072871016,10.046881446177164,0.910508226219805,46.0711313137591,3.029701010630458,0.1945860135871693,4.376686182125454,12.162074820021004,296.002125728888,0.46881446177163605,True,True,True,True,True,True,True,0.1005701072871016,0.9950641949192768,True,NORMAL,NORMAL,IN_CONTROL
22,4,1,199.90436860251404,0.9936784306276972,0.9950641949192768,0.9961626529863612,5.085423986057683,0.0992447413003392,9.98534244097069,0.8975739618872807,46.83542554512967,3.028522411268219,0.194575234170576,4.351813610232909,12.162074820021004,296.002125728888,-0.14657559029309652,True,True,True,True,True,True,True,0.0992447413003392,0.9950641949192768,True,NORMAL,NORMAL,IN_CONTROL
22,4,2,199.90436860251404,0.9936784306276972,0.9950641949192768,0.9961626529863612,5.085423986057683,0.0990820956797862,10.029942361238064,0.8975739618872807,46.83542554512967,3.028522411268219,0.194575234170576,4.351813610232909,12.162074820021004,296.002125728888,0.299423612380636,True,True,True,True,True,True,True,0.0990820956797862,0.9950641949192768,True,NORMAL,NORMAL,IN_CONTROL
22,4,3,199.90436860251404,0.9936784306276972,0.9950641949192768,0.9961626529863612,5.085423986057683,0.1000989148107601,9.99994671300736,0.8975739618872807,46.83542554512967,3.028522411268219,0.194575234170576,4.351813610232909,12.162074820021004,296.002125728888,-0.0005328699264062209,True,True,True,True,True,True,True,0.1000989148107601,0.9950641949192768,True,NORMAL,NORMAL,IN_CONTROL
22,4,4,199.90436860251404,0.9936784306276972,0.9950641949192768,0.9961626529863612,5.085423986057683,0.0996579590421397,10.01094362416223,0.8975739618872807,46.83542554512967,3.028522411268219,0.194575234170576,4.351813610232909,12.162074820021004,296.002125728888,0.10943624162230493,True,True,True,True,True,True,True,0.0996579590421397,0.9950641949192768,True,NORMAL,NORMAL,IN_CONTROL
22,4,5,199.90436860251404,0.9936784306276972,0.9950641949192768,0.9961626529863612,5.085423986057683,0.0997604030783246,10.030165166037166,0.8975739618872807,46.83542554512967,3.028522411268219,0.194575234170576,4.351813610232909,12.162074820021004,296.002125728888,0.3016516603716646,True,True,True,True,True,True,True,0.0997604030783246,0.9950641949192768,True,NORMAL,NORMAL,IN_CONTROL
22,5,1,199.90436860251404,0.9936784306276972,0.9950641949192768,0.9961626529863612,5.085423986057683,0.1005674453948906,9.950678340866697,0.8614353010840615,49.54384762678463,3.0241773260515767,0.1950782220905036,4.420618399260641,12.162074820021004,296.002125728888,-0.4932165913330344,True,True,True,True,True,True,True,0.1005674453948906,0.9950641949192768,True,NORMAL,NORMAL,IN_CONTROL
22,5,2,199.90436860251404,0.9936784306276972,0.9950641949192768,0.9961626529863612,5.085423986057683,0.1000189424861699,10.009306641132254,0.8614353010840615,49.54384762678463,3.0241773260515767,0.1950782220905036,4.420618399260641,12.162074820021004,296.002125728888,0.09306641132253546,True,True,True,True,True,True,True,0.1000189424861699,0.9950641949192768,True,NORMAL,NORMAL,IN_CONTROL
22,5,3,199.90436860251404,0.9936784306276972,0.9950641949192768,0.9961626529863612,5.085423986057683,0.0994905895723458,9.9533147811225,0.8614353010840615,49.54384762678463,3.0241773260515767,0.1950782220905036,4.420618399260641,12.162074820021004,296.002125728888,-0.4668521887749933,True,True,True,True,True,True,True,0.0994905895723458,0.9950641949192768,True,NORMAL,NORMAL,IN_CONTROL
22,5,4,199.90436860251404,0.9936784306276972,0.9950641949192768,0.9961626529863612,5.085423986057683,0.1000667575950152,9.969416016250667,0.8614353010840615,49.54384762678463,3.0241773260515767,0.1950782220905036,4.420618399260641,12.162074820021004,296.002125728888,-0.3058398374933269,True,True,True,True,True,True,True,0.1000667575950152,0.9950641949192768,True,NORMAL,NORMAL,IN_CONTROL
22,5,5,199.90436860251404,0.9936784306276972,0.9950641949192768,0.9961626529863612,5.085423986057683,0.1002280797981565,9.963324654821044,0.8614353010840615,49.54384762678463,3.0241773260515767,0.1950782220905036,4.420618399260641,12.162074820021004,296.002125728888,-0.3667534517895632,True,True,True,True,True,True,True,0.1002280797981565,0.9950641949192768,True,NORMAL,NORMAL,IN_CONTROL
22,6,1,199.90436860251404,0.9936784306276972,0.9950641949192768,0.9961626529863612,5.085423986057683,0.1001784529515194,10.042588203294208,0.9004983730105587,45.99590793830004,3.0354808678606884,0.1982592840253777,4.776520016531686,12.162074820021004,296.002125728888,0.4258820329420843,True,True,True,True,True,True,True,0.1001784529515194,0.9950641949192768,True,NORMAL,NORMAL,IN_CONTROL
22,6,2,199.90436860251404,0.9936784306276972,0.9950641949192768,0.9961626529863612,5.085423986057683,0.1003783193566114,10.009121305738883,0.9004983730105587,45.99590793830004,3.0354808678606884,0.1982592840253777,4.776520016531686,12.162074820021004,296.002125728888,0.09121305738883478,True,True,True,True,True,True,True,0.1003783193566114,0.9950641949192768,True,NORMAL,NORMAL,IN_CONTROL
22,6,3,199.90436860251404,0.9936784306276972,0.9950641949192768,0.9961626529863612,5.085423986057683,0.1008315571050264,10.014808063026056,0.9004983730105587,45.99590793830004,3.0354808678606884,0.1982592840253777,4.776520016531686,12.162074820021004,296.002125728888,0.14808063026055862,True,True,True,True,True,True,True,0.1008315571050264,0.9950641949192768,True,NORMAL,NORMAL,IN_CONTROL
22,6,4,199.90436860251404,0.9936784306276972,0.9950641949192768,0.9961626529863612,5.085423986057683,0.1009347367703691,10.035986509571808,0.9004983730105587,45.99590793830004,3.0354808678606884,0.1982592840253777,4.776520016531686,12.162074820021004,296.002125728888,0.35986509571808156,True,True,True,True,True,True,True,0.1009347367703691,0.9950641949192768,True,NORMAL,NORMAL,IN_CONTROL
22,6,5,199.90436860251404,0.9936784306276972,0.9950641949192768,0.9961626529863612,5.085423986057683,0.1006675764467956,10.03666624714702,0.9004983730105587,45.99590793830004,3.0354808678606884,0.1982592840253777,4.776520016531686,12.162074820021004,296.002125728888,0.36666247147019604,True,True,True,True,True,True,True,0.1006675764467956,0.9950641949192768,True,NORMAL,NORMAL,IN_CONTROL
22,7,1,199.90436860251404,0.9936784306276972,0.9950641949192768,0.9961626529863612,5.085423986057683,0.101093412000224,10.065486076234476,0.9120251480727448,48.577982801804986,3.032727606787419,0.1973087209323593,4.458031790418192,12.162074820021004,296.002125728888,0.6548607623447644,True,True,True,True,True,True,True,0.101093412000224,0.9950641949192768,True,NORMAL,NORMAL,IN_CONTROL
22,7,2,199.90436860251404,0.9936784306276972,0.9950641949192768,0.9961626529863612,5.085423986057683,0.1011146715248052,10.054119842730731,0.9120251480727448,48.577982801804986,3.032727606787419,0.1973087209323593,4.458031790418192,12.162074820021004,296.002125728888,0.5411984273073145,True,True,True,True,True,True,True,0.1011146715248052,0.9950641949192768,True,NORMAL,NORMAL,IN_CONTROL
22,7,3,199.90436860251404,0.9936784306276972,0.9950641949192768,0.9961626529863612,5.085423986057683,0.1007056608252289,10.02517041287577,0.9120251480727448,48.577982801804986,3.032727606787419,0.1973087209323593,4.458031790418192,12.162074820021004,296.002125728888,0.25170412875770154,True,True,True,True,True,True,True,0.1007056608252289,0.9950641949192768,True,NORMAL,NORMAL,IN_CONTROL
22,7,4,199.90436860251404,0.9936784306276972,0.9950641949192768,0.9961626529863612,5.085423986057683,0.1005041985259491,10.054278093856746,0.9120251480727448,48.577982801804986,3.032727606787419,0.1973087209323593,4.458031790418192,12.162074820021004,296.002125728888,0.5427809385674642,True,True,True,True,True,True,True,0.1005041985259491,0.9950641949192768,True,NORMAL,NORMAL,IN_CONTROL
22,7,5,199.90436860251404,0.9936784306276972,0.9950641949192768,0.9961626529863612,5.085423986057683,0.1007024390478646,10.090836983409082,0.9120251480727448,48.577982801804986,3.032727606787419,0.1973087209323593,4.458031790418192,12.162074820021004,296.002125728888,0.9083698340908164,True,True,True,True,True,True,True,0.1007024390478646,0.9950641949192768,True,NORMAL,NORMAL,IN_CONTROL
22,8,1,199.90436860251404,0.9936784306276972,0.9950641949192768,0.9961626529863612,5.085423986057683,0.1007693609769156,10.026224015664877,0.8498977070138384,46.337661842529386,3.037067902218882,0.1963349066823148,4.459682754930127,12.162074820021004,296.002125728888,0.2622401566487653,True,True,True,True,True,True,True,0.1007693609769156,0.9950641949192768,True,NORMAL,NORMAL,IN_CONTROL
22,8,2,199.90436860251404,0.9936784306276972,0.9950641949192768,0.9961626529863612,5.085423986057683,0.1002307494564184,10.01432817987064,0.8498977070138384,46.337661842529386,3.037067902218882,0.1963349066823148,4.459682754930127,12.162074820021004,296.002125728888,0.14328179870640056,True,True,True,True,True,True,True,0.1002307494564184,0.9950641949192768,True,NORMAL,NORMAL,IN_CONTROL
22,8,3,199.90436860251404,0.9936784306276972,0.9950641949192768,0.9961626529863612,5.085423986057683,0.1001260396681576,10.00297380389232,0.8498977070138384,46.337661842529386,3.037067902218882,0.1963349066823148,4.459682754930127,12.162074820021004,296.002125728888,0.029738038923206034,True,True,True,True,True,True,True,0.1001260396681576,0.9950641949192768,True,NORMAL,NORMAL,IN_CONTROL
22,8,4,199.90436860251404,0.9936784306276972,0.9950641949192768,0.9961626529863612,5.085423986057683,0.1000539597101375,9.991636831588105,0.8498977070138384,46.337661842529386,3.037067902218882,0.1963349066823148,4.459682754930127,12.162074820021004,296.002125728888,-0.08363168411895217,True,True,True,True,True,True,True,0.1000539597101375,0.9950641949192768,True,NORMAL,NORMAL,IN_CONTROL
22,8,5,199.90436860251404,0.9936784306276972,0.9950641949192768,0.9961626529863612,5.085423986057683,0.1000568683594246,9.997291323834036,0.8498977070138384,46.337661842529386,3.037067902218882,0.1963349066823148,4.459682754930127,12.162074820021004,296.002125728888,-0.02708676165964263,True,True,True,True,True,True,True,0.1000568683594246,0.9950641949192768,True,NORMAL,NORMAL,IN_CONTROL
22,9,1,199.90436860251404,0.9936784306276972,0.9950641949192768,0.9961626529863612,5.085423986057683,0.1007453371783113,9.968026886363726,0.9170199865964164,48.79832252630261,3.0288100105298814,0.1991100445159829,4.670310899084036,12.162074820021004,296.002125728888,-0.3197311363627442,True,True,True,True,True,True,True,0.1007453371783113,0.9950641949192768,True,NORMAL,NORMAL,IN_CONTROL
22,9,2,199.90436860251404,0.9936784306276972,0.9950641949192768,0.9961626529863612,5.085423986057683,0.1006202604302456,9.983419394676414,0.9170199865964164,48.79832252630261,3.0288100105298814,0.1991100445159829,4.670310899084036,12.162074820021004,296.002125728888,-0.16580605323586184,True,True,True,True,True,True,True,0.1006202604302456,0.9950641949192768,True,NORMAL,NORMAL,IN_CONTROL
22,9,3,199.90436860251404,0.9936784306276972,0.9950641949192768,0.9961626529863612,5.085423986057683,0.10041477806912,9.967999930371455,0.9170199865964164,48.79832252630261,3.0288100105298814,0.1991100445159829,4.670310899084036,12.162074820021004,296.002125728888,-0.32000069628544736,True,True,True,True,True,True,True,0.10041477806912,0.9950641949192768,True,NORMAL,NORMAL,IN_CONTROL
22,9,4,199.90436860251404,0.9936784306276972,0.9950641949192768,0.9961626529863612,5.085423986057683,0.100280261768101,9.951365220324114,0.9170199865964164,48.79832252630261,3.0288100105298814,0.1991100445159829,4.670310899084036,12.162074820021004,296.002125728888,-0.48634779675886364,True,True,True,True,True,True,True,0.100280261768101,0.9950641949192768,True,NORMAL,NORMAL,IN_CONTROL
22,9,5,199.90436860251404,0.9936784306276972,0.9950641949192768,0.9961626529863612,5.085423986057683,0.1001848455729575,9.962519897411202,0.9170199865964164,48.79832252630261,3.0288100105298814,0.1991100445159829,4.670310899084036,12.162074820021004,296.002125728888,-0.37480102588798303,True,True,True,True,True,True,True,0.1001848455729575,0.9950641949192768,True,NORMAL,NORMAL,IN_CONTROL
22,10,1,199.90436860251404,0.9936784306276972,0.9950641949192768,0.9961626529863612,5.085423986057683,0.1011001808089202,10.041103105048457,0.8827402461997388,47.38097120361893,3.0269811466740064,0.1973069762342956,4.485245046888592,12.162074820021004,296.002125728888,0.4110310504845671,True,True,True,True,True,True,True,0.1011001808089202,0.9950641949192768,True,NORMAL,NORMAL,IN_CONTROL
22,10,2,199.90436860251404,0.9936784306276972,0.9950641949192768,0.9961626529863612,5.085423986057683,0.1012301010289742,10.047269273346435,0.8827402461997388,47.38097120361893,3.0269811466740064,0.1973069762342956,4.485245046888592,12.162074820021004,296.002125728888,0.4726927334643527,True,True,True,True,True,True,True,0.1012301010289742,0.9950641949192768,True,NORMAL,NORMAL,IN_CONTROL
22,10,3,199.90436860251404,0.9936784306276972,0.9950641949192768,0.9961626529863612,5.085423986057683,0.1009278256823693,10.022270456844565,0.8827402461997388,47.38097120361893,3.0269811466740064,0.1973069762342956,4.485245046888592,12.162074820021004,296.002125728888,0.22270456844564632,True,True,True,True,True,True,True,0.1009278256823693,0.9950641949192768,True,NORMAL,NORMAL,IN_CONTROL
22,10,4,199.90436860251404,0.9936784306276972,0.9950641949192768,0.9961626529863612,5.085423986057683,0.1015723827817407,10.03585597687648,0.8827402461997388,47.38097120361893,3.0269811466740064,0.1973069762342956,4.485245046888592,12.162074820021004,296.002125728888,0.358559768764799,True,True,True,True,True,True,True,0.1015723827817407,0.9950641949192768,True,NORMAL,NORMAL,IN_CONTROL
22,10,5,199.90436860251404,0.9936784306276972,0.9950641949192768,0.9961626529863612,5.085423986057683,0.1019754667609972,10.036158695054072,0.8827402461997388,47.38097120361893,3.0269811466740064,0.1973069762342956,4.485245046888592,12.162074820021004,296.002125728888,0.36158695054071543,True,True,True,True,True,True,True,0.1019754667609972,0.9950641949192768,True,NORMAL,NORMAL,IN_CONTROL
23,1,1,202.14468117870564,0.9907741670584896,0.995229588492894,1.0070454507922804,4.916198081957432,0.1022572557859909,10.05101133675535,1.010887317657171,52.06604745197146,3.0268193528302296,0.20279499235569,4.675226855381969,11.834671203200037,304.1909604574885,0.5101133675534975,True,True,True,True,True,True,True,0.1022572557859909,0.995229588492894,True,NORMAL,NORMAL,IN_CONTROL
23,1,2,202.14468117870564,0.9907741670584896,0.995229588492894,1.0070454507922804,4.916198081957432,0.1023303255883998,10.059741936857872,1.010887317657171,52.06604745197146,3.0268193528302296,0.20279499235569,4.675226855381969,11.834671203200037,304.1909604574885,0.5974193685787199,True,True,True,True,True,True,True,0.1023303255883998,0.995229588492894,True,NORMAL,NORMAL,IN_CONTROL
23,1,3,202.14468117870564,0.9907741670584896,0.995229588492894,1.0070454507922804,4.916198081957432,0.1024727940456942,10.083911981069996,1.010887317657171,52.06604745197146,3.0268193528302296,0.20279499235569,4.675226855381969,11.834671203200037,304.1909604574885,0.8391198106999554,True,True,True,True,True,True,True,0.1024727940456942,0.995229588492894,True,NORMAL,NORMAL,IN_CONTROL
23,1,4,202.14468117870564,0.9907741670584896,0.995229588492894,1.0070454507922804,4.916198081957432,0.1021561817695789,10.077288376671593,1.010887317657171,52.06604745197146,3.0268193528302296,0.20279499235569,4.675226855381969,11.834671203200037,304.1909604574885,0.7728837667159283,True,True,True,True,True,True,True,0.1021561817695789,0.995229588492894,True,NORMAL,NORMAL,IN_CONTROL
23,1,5,202.14468117870564,0.9907741670584896,0.995229588492894,1.0070454507922804,4.916198081957432,0.102699650091115,10.06734446605321,1.010887317657171,52.06604745197146,3.0268193528302296,0.20279499235569,4.675226855381969,11.834671203200037,304.1909604574885,0.6734446605321054,True,True,True,True,True,True,True,0.102699650091115,0.995229588492894,True,NORMAL,NORMAL,IN_CONTROL
23,2,1,202.14468117870564,0.9907741670584896,0.995229588492894,1.0070454507922804,4.916198081957432,0.1011244228830412,10.048217379273003,1.0253665844600692,54.25970885679478,3.0257544586042577,0.1996299926834477,4.909120179990615,11.834671203200037,304.1909604574885,0.482173792730034,True,True,True,True,True,True,True,0.1011244228830412,0.995229588492894,True,NORMAL,NORMAL,IN_CONTROL
23,2,2,202.14468117870564,0.9907741670584896,0.995229588492894,1.0070454507922804,4.916198081957432,0.1007367393581673,10.046355724982742,1.0253665844600692,54.25970885679478,3.0257544586042577,0.1996299926834477,4.909120179990615,11.834671203200037,304.1909604574885,0.4635572498274243,True,True,True,True,True,True,True,0.1007367393581673,0.995229588492894,True,NORMAL,NORMAL,IN_CONTROL
23,2,3,202.14468117870564,0.9907741670584896,0.995229588492894,1.0070454507922804,4.916198081957432,0.1011249728261269,10.03232117334733,1.0253665844600692,54.25970885679478,3.0257544586042577,0.1996299926834477,4.909120179990615,11.834671203200037,304.1909604574885,0.32321173347330756,True,True,True,True,True,True,True,0.1011249728261269,0.995229588492894,True,NORMAL,NORMAL,IN_CONTROL
23,2,4,202.14468117870564,0.9907741670584896,0.995229588492894,1.0070454507922804,4.916198081957432,0.1009999166147904,10.044337619556888,1.0253665844600692,54.25970885679478,3.0257544586042577,0.1996299926834477,4.909120179990615,11.834671203200037,304.1909604574885,0.4433761955688809,True,True,True,True,True,True,True,0.1009999166147904,0.995229588492894,True,NORMAL,NORMAL,IN_CONTROL
23,2,5,202.14468117870564,0.9907741670584896,0.995229588492894,1.0070454507922804,4.916198081957432,0.1011880778538726,10.044160610276148,1.0253665844600692,54.25970885679478,3.0257544586042577,0.1996299926834477,4.909120179990615,11.834671203200037,304.1909604574885,0.44160610276147594,True,True,True,True,True,True,True,0.1011880778538726,0.995229588492894,True,NORMAL,NORMAL,IN_CONTROL
23,3,1,202.14468117870564,0.9907741670584896,0.995229588492894,1.0070454507922804,4.916198081957432,0.1018466837584822,10.066449135734654,1.0324898090276304,51.51926070187852,3.028702926868528,0.2028367444147121,5.114685769697347,11.834671203200037,304.1909604574885,0.6644913573465416,True,True,True,True,True,True,True,0.1018466837584822,0.995229588492894,True,NORMAL,NORMAL,IN_CONTROL
23,3,2,202.14468117870564,0.9907741670584896,0.995229588492894,1.0070454507922804,4.916198081957432,0.1017435448397312,10.054203150333446,1.0324898090276304,51.51926070187852,3.028702926868528,0.2028367444147121,5.114685769697347,11.834671203200037,304.1909604574885,0.5420315033344636,True,True,True,True,True,True,True,0.1017435448397312,0.995229588492894,True,NORMAL,NORMAL,IN_CONTROL
23,3,3,202.14468117870564,0.9907741670584896,0.995229588492894,1.0070454507922804,4.916198081957432,0.101474440700797,10.071729102780212,1.0324898090276304,51.51926070187852,3.028702926868528,0.2028367444147121,5.114685769697347,11.834671203200037,304.1909604574885,0.7172910278021227,True,True,True,True,True,True,True,0.101474440700797,0.995229588492894,True,NORMAL,NORMAL,IN_CONTROL
23,3,4,202.14468117870564,0.9907741670584896,0.995229588492894,1.0070454507922804,4.916198081957432,0.1017244924910029,10.046209023919497,1.0324898090276304,51.51926070187852,3.028702926868528,0.2028367444147121,5.114685769697347,11.834671203200037,304.1909604574885,0.4620902391949677,True,True,True,True,True,True,True,0.1017244924910029,0.995229588492894,True,NORMAL,NORMAL,IN_CONTROL
23,3,5,202.14468117870564,0.9907741670584896,0.995229588492894,1.0070454507922804,4.916198081957432,0.1014228311218386,10.06195151668012,1.0324898090276304,51.51926070187852,3.028702926868528,0.2028367444147121,5.114685769697347,11.834671203200037,304.1909604574885,0.6195151668011967,True,True,True,True,True,True,True,0.1014228311218386,0.995229588492894,True,NORMAL,NORMAL,IN_CONTROL
23,4,1,202.14468117870564,0.9907741670584896,0.995229588492894,1.0070454507922804,4.916198081957432,0.1014268466690543,10.008393048329289,0.9540583094005786,51.841267014053685,3.0250558590862933,0.201228674693406,5.223461559985355,11.834671203200037,304.1909604574885,0.08393048329288888,True,True,True,True,True,True,True,0.1014268466690543,0.995229588492894,True,NORMAL,NORMAL,IN_CONTROL
23,4,2,202.14468117870564,0.9907741670584896,0.995229588492894,1.0070454507922804,4.916198081957432,0.1015299584405634,9.987391204776092,0.9540583094005786,51.841267014053685,3.0250558590862933,0.201228674693406,5.223461559985355,11.834671203200037,304.1909604574885,-0.1260879522390823,True,True,True,True,True,True,True,0.1015299584405634,0.995229588492894,True,NORMAL,NORMAL,IN_CONTROL
23,4,3,202.14468117870564,0.9907741670584896,0.995229588492894,1.0070454507922804,4.916198081957432,0.1015212402875154,10.020728190459865,0.9540583094005786,51.841267014053685,3.0250558590862933,0.201228674693406,5.223461559985355,11.834671203200037,304.1909604574885,0.20728190459864845,True,True,True,True,True,True,True,0.1015212402875154,0.995229588492894,True,NORMAL,NORMAL,IN_CONTROL
23,4,4,202.14468117870564,0.9907741670584896,0.995229588492894,1.0070454507922804,4.916198081957432,0.1019324186971167,10.043338163782025,0.9540583094005786,51.841267014053685,3.0250558590862933,0.201228674693406,5.223461559985355,11.834671203200037,304.1909604574885,0.4333816378202471,True,True,True,True,True,True,True,0.1019324186971167,0.995229588492894,True,NORMAL,NORMAL,IN_CONTROL
23,4,5,202.14468117870564,0.9907741670584896,0.995229588492894,1.0070454507922804,4.916198081957432,0.1015630495243537,10.027849643176989,0.9540583094005786,51.841267014053685,3.0250558590862933,0.201228674693406,5.223461559985355,11.834671203200037,304.1909604574885,0.2784964317698879,True,True,True,True,True,True,True,0.1015630495243537,0.995229588492894,True,NORMAL,NORMAL,IN_CONTROL
23,5,1,202.14468117870564,0.9907741670584896,0.995229588492894,1.0070454507922804,4.916198081957432,0.1015040195173939,10.060732470661993,0.995968611701129,50.344612325827896,3.023635875781057,0.2039734843733928,5.393640736917545,11.834671203200037,304.1909604574885,0.6073247066199272,True,True,True,True,True,True,True,0.1015040195173939,0.995229588492894,True,NORMAL,NORMAL,IN_CONTROL
23,5,2,202.14468117870564,0.9907741670584896,0.995229588492894,1.0070454507922804,4.916198081957432,0.1018992126408217,10.041922014303044,0.995968611701129,50.344612325827896,3.023635875781057,0.2039734843733928,5.393640736917545,11.834671203200037,304.1909604574885,0.41922014303043653,True,True,True,True,True,True,True,0.1018992126408217,0.995229588492894,True,NORMAL,NORMAL,IN_CONTROL
23,5,3,202.14468117870564,0.9907741670584896,0.995229588492894,1.0070454507922804,4.916198081957432,0.1018987297023515,10.033175254536063,0.995968611701129,50.344612325827896,3.023635875781057,0.2039734843733928,5.393640736917545,11.834671203200037,304.1909604574885,0.3317525453606329,True,True,True,True,True,True,True,0.1018987297023515,0.995229588492894,True,NORMAL,NORMAL,IN_CONTROL
23,5,4,202.14468117870564,0.9907741670584896,0.995229588492894,1.0070454507922804,4.916198081957432,0.1018645100078999,10.072141815009005,0.995968611701129,50.344612325827896,3.023635875781057,0.2039734843733928,5.393640736917545,11.834671203200037,304.1909604574885,0.7214181500900452,True,True,True,True,True,True,True,0.1018645100078999,0.995229588492894,True,NORMAL,NORMAL,IN_CONTROL
23,5,5,202.14468117870564,0.9907741670584896,0.995229588492894,1.0070454507922804,4.916198081957432,0.101903108367994,10.056488159113444,0.995968611701129,50.344612325827896,3.023635875781057,0.2039734843733928,5.393640736917545,11.834671203200037,304.1909604574885,0.5648815911344407,True,True,True,True,True,True,True,0.101903108367994,0.995229588492894,True,NORMAL,NORMAL,IN_CONTROL
23,6,1,202.14468117870564,0.9907741670584896,0.995229588492894,1.0070454507922804,4.916198081957432,0.1011358835224482,10.056177547223328,1.0760290825399337,51.70918162370193,3.029721209752785,0.1944537106737879,5.195888136280572,11.834671203200037,304.1909604574885,0.5617754722332791,True,True,True,True,True,True,True,0.1011358835224482,0.995229588492894,True,NORMAL,NORMAL,IN_CONTROL
23,6,2,202.14468117870564,0.9907741670584896,0.995229588492894,1.0070454507922804,4.916198081957432,0.1012944879407925,10.042481149994448,1.0760290825399337,51.70918162370193,3.029721209752785,0.1944537106737879,5.195888136280572,11.834671203200037,304.1909604574885,0.42481149994447515,True,True,True,True,True,True,True,0.1012944879407925,0.995229588492894,True,NORMAL,NORMAL,IN_CONTROL
23,6,3,202.14468117870564,0.9907741670584896,0.995229588492894,1.0070454507922804,4.916198081957432,0.101291070077942,10.024396423628604,1.0760290825399337,51.70918162370193,3.029721209752785,0.1944537106737879,5.195888136280572,11.834671203200037,304.1909604574885,0.2439642362860361,True,True,True,True,True,True,True,0.101291070077942,0.995229588492894,True,NORMAL,NORMAL,IN_CONTROL
23,6,4,202.14468117870564,0.9907741670584896,0.995229588492894,1.0070454507922804,4.916198081957432,0.1009443063092166,10.02190024426365,1.0760290825399337,51.70918162370193,3.029721209752785,0.1944537106737879,5.195888136280572,11.834671203200037,304.1909604574885,0.21900244263649782,True,True,True,True,True,True,True,0.1009443063092166,0.995229588492894,True,NORMAL,NORMAL,IN_CONTROL
23,6,5,202.14468117870564,0.9907741670584896,0.995229588492894,1.0070454507922804,4.916198081957432,0.1014193306935203,10.051032768932965,1.0760290825399337,51.70918162370193,3.029721209752785,0.1944537106737879,5.195888136280572,11.834671203200037,304.1909604574885,0.510327689329646,True,True,True,True,True,True,True,0.1014193306935203,0.995229588492894,True,NORMAL,NORMAL,IN_CONTROL
23,7,1,202.14468117870564,0.9907741670584896,0.995229588492894,1.0070454507922804,4.916198081957432,0.1014655904940573,10.006350776761018,1.0011488147949523,52.79350056977794,3.020842524346484,0.2027796914389829,5.0911606998820025,11.834671203200037,304.1909604574885,0.06350776761017585,True,True,True,True,True,True,True,0.1014655904940573,0.995229588492894,True,NORMAL,NORMAL,IN_CONTROL
23,7,2,202.14468117870564,0.9907741670584896,0.995229588492894,1.0070454507922804,4.916198081957432,0.1010984147046997,10.003107318374202,1.0011488147949523,52.79350056977794,3.020842524346484,0.2027796914389829,5.0911606998820025,11.834671203200037,304.1909604574885,0.0310731837420164,True,True,True,True,True,True,True,0.1010984147046997,0.995229588492894,True,NORMAL,NORMAL,IN_CONTROL
23,7,3,202.14468117870564,0.9907741670584896,0.995229588492894,1.0070454507922804,4.916198081957432,0.1014677245892839,9.993005529794194,1.0011488147949523,52.79350056977794,3.020842524346484,0.2027796914389829,5.0911606998820025,11.834671203200037,304.1909604574885,-0.0699447020580557,True,True,True,True,True,True,True,0.1014677245892839,0.995229588492894,True,NORMAL,NORMAL,IN_CONTROL
23,7,4,202.14468117870564,0.9907741670584896,0.995229588492894,1.0070454507922804,4.916198081957432,0.1012675029303124,9.996168842687064,1.0011488147949523,52.79350056977794,3.020842524346484,0.2027796914389829,5.0911606998820025,11.834671203200037,304.1909604574885,-0.03831157312935929,True,True,True,True,True,True,True,0.1012675029303124,0.995229588492894,True,NORMAL,NORMAL,IN_CONTROL
23,7,5,202.14468117870564,0.9907741670584896,0.995229588492894,1.0070454507922804,4.916198081957432,0.1008467364660644,10.006604912420098,1.0011488147949523,52.79350056977794,3.020842524346484,0.2027796914389829,5.0911606998820025,11.834671203200037,304.1909604574885,0.06604912420097975,True,True,True,True,True,True,True,0.1008467364660644,0.995229588492894,True,NORMAL,NORMAL,IN_CONTROL
23,8,1,202.14468117870564,0.9907741670584896,0.995229588492894,1.0070454507922804,4.916198081957432,0.1027415427969114,10.01488347893104,1.0265664391477172,51.051710661945606,3.027369089687279,0.2012712114270914,5.6264801612868105,11.834671203200037,304.1909604574885,0.14883478931039917,True,True,True,True,True,True,True,0.1027415427969114,0.995229588492894,True,NORMAL,NORMAL,IN_CONTROL
23,8,2,202.14468117870564,0.9907741670584896,0.995229588492894,1.0070454507922804,4.916198081957432,0.1023034194008434,10.031925088605258,1.0265664391477172,51.051710661945606,3.027369089687279,0.2012712114270914,5.6264801612868105,11.834671203200037,304.1909604574885,0.31925088605257557,True,True,True,True,True,True,True,0.1023034194008434,0.995229588492894,True,NORMAL,NORMAL,IN_CONTROL
23,8,3,202.14468117870564,0.9907741670584896,0.995229588492894,1.0070454507922804,4.916198081957432,0.1034540587994356,10.012018389280737,1.0265664391477172,51.051710661945606,3.027369089687279,0.2012712114270914,5.6264801612868105,11.834671203200037,304.1909604574885,0.12018389280736841,True,True,True,True,True,True,True,0.1034540587994356,0.995229588492894,True,NORMAL,NORMAL,IN_CONTROL
23,8,4,202.14468117870564,0.9907741670584896,0.995229588492894,1.0070454507922804,4.916198081957432,0.1023357399376369,10.008857249751498,1.0265664391477172,51.051710661945606,3.027369089687279,0.2012712114270914,5.6264801612868105,11.834671203200037,304.1909604574885,0.08857249751498486,True,True,True,True,True,True,True,0.1023357399376369,0.995229588492894,True,NORMAL,NORMAL,IN_CONTROL
23,8,5,202.14468117870564,0.9907741670584896,0.995229588492894,1.0070454507922804,4.916198081957432,0.103292085663319,10.004657021148086,1.0265664391477172,51.051710661945606,3.027369089687279,0.2012712114270914,5.6264801612868105,11.834671203200037,304.1909604574885,0.0465702114808586,True,True,True,True,True,True,True,0.103292085663319,0.995229588492894,True,NORMAL,NORMAL,IN_CONTROL
23,9,1,202.14468117870564,0.9907741670584896,0.995229588492894,1.0070454507922804,4.916198081957432,0.1006788541441714,10.047110476027347,0.999959428653312,51.50116073216263,3.027648437670805,0.205724141920691,5.151585091370533,11.834671203200037,304.1909604574885,0.47110476027347303,True,True,True,True,True,True,True,0.1006788541441714,0.995229588492894,True,NORMAL,NORMAL,IN_CONTROL
23,9,2,202.14468117870564,0.9907741670584896,0.995229588492894,1.0070454507922804,4.916198081957432,0.1012383231785528,10.020243619281008,0.999959428653312,51.50116073216263,3.027648437670805,0.205724141920691,5.151585091370533,11.834671203200037,304.1909604574885,0.20243619281007597,True,True,True,True,True,True,True,0.1012383231785528,0.995229588492894,True,NORMAL,NORMAL,IN_CONTROL
23,9,3,202.14468117870564,0.9907741670584896,0.995229588492894,1.0070454507922804,4.916198081957432,0.1010106774658681,10.019979481820208,0.999959428653312,51.50116073216263,3.027648437670805,0.205724141920691,5.151585091370533,11.834671203200037,304.1909604574885,0.19979481820207923,True,True,True,True,True,True,True,0.1010106774658681,0.995229588492894,True,NORMAL,NORMAL,IN_CONTROL
23,9,4,202.14468117870564,0.9907741670584896,0.995229588492894,1.0070454507922804,4.916198081957432,0.1007370693735799,10.044823382983935,0.999959428653312,51.50116073216263,3.027648437670805,0.205724141920691,5.151585091370533,11.834671203200037,304.1909604574885,0.44823382983935295,True,True,True,True,True,True,True,0.1007370693735799,0.995229588492894,True,NORMAL,NORMAL,IN_CONTROL
23,9,5,202.14468117870564,0.9907741670584896,0.995229588492894,1.0070454507922804,4.916198081957432,0.1010501112528183,10.024817002767728,0.999959428653312,51.50116073216263,3.027648437670805,0.205724141920691,5.151585091370533,11.834671203200037,304.1909604574885,0.2481700276772791,True,True,True,True,True,True,True,0.1010501112528183,0.995229588492894,True,NORMAL,NORMAL,IN_CONTROL
23,10,1,202.14468117870564,0.9907741670584896,0.995229588492894,1.0070454507922804,4.916198081957432,0.1026996345881179,10.050257398712729,1.0387283159117993,52.13451759830464,3.02211147448275,0.1984968325343415,4.842459391609166,11.834671203200037,304.1909604574885,0.5025739871272883,True,True,True,True,True,True,True,0.1026996345881179,0.995229588492894,True,NORMAL,NORMAL,IN_CONTROL
23,10,2,202.14468117870564,0.9907741670584896,0.995229588492894,1.0070454507922804,4.916198081957432,0.1023629443676494,10.0124438799513,1.0387283159117993,52.13451759830464,3.02211147448275,0.1984968325343415,4.842459391609166,11.834671203200037,304.1909604574885,0.12443879951300474,True,True,True,True,True,True,True,0.1023629443676494,0.995229588492894,True,NORMAL,NORMAL,IN_CONTROL
23,10,3,202.14468117870564,0.9907741670584896,0.995229588492894,1.0070454507922804,4.916198081957432,0.1026224119904709,10.06222851681136,1.0387283159117993,52.13451759830464,3.02211147448275,0.1984968325343415,4.842459391609166,11.834671203200037,304.1909604574885,0.6222851681135921,True,True,True,True,True,True,True,0.1026224119904709,0.995229588492894,True,NORMAL,NORMAL,IN_CONTROL
23,10,4,202.14468117870564,0.9907741670584896,0.995229588492894,1.0070454507922804,4.916198081957432,0.1033053938306091,10.022732430220469,1.0387283159117993,52.13451759830464,3.02211147448275,0.1984968325343415,4.842459391609166,11.834671203200037,304.1909604574885,0.2273243022046856,True,True,True,True,True,True,True,0.1033053938306091,0.995229588492894,True,NORMAL,NORMAL,IN_CONTROL
23,10,5,202.14468117870564,0.9907741670584896,0.995229588492894,1.0070454507922804,4.916198081957432,0.1027139476639237,10.043645219556112,1.0387283159117993,52.13451759830464,3.02211147448275,0.1984968325343415,4.842459391609166,11.834671203200037,304.1909604574885,0.4364521955611167,True,True,True,True,True,True,True,0.1027139476639237,0.995229588492894,True,NORMAL,NORMAL,IN_CONTROL
24,1,1,200.5992871340677,0.9889721360151944,0.9890863947726792,1.031825124775989,5.100320586961775,0.1014901923557946,9.980741277498154,0.895461630755218,51.84342300392355,2.990056057644559,0.2091931102946588,4.412656477764711,12.22155269347222,294.5615905189226,-0.19258722501845682,True,True,True,True,True,True,True,0.1014901923557946,0.9890863947726792,True,NORMAL,NORMAL,IN_CONTROL
24,1,2,200.5992871340677,0.9889721360151944,0.9890863947726792,1.031825124775989,5.100320586961775,0.1018241771697359,9.99789018115502,0.895461630755218,51.84342300392355,2.990056057644559,0.2091931102946588,4.412656477764711,12.22155269347222,294.5615905189226,-0.021098188449801825,True,True,True,True,True,True,True,0.1018241771697359,0.9890863947726792,True,NORMAL,NORMAL,IN_CONTROL
24,1,3,200.5992871340677,0.9889721360151944,0.9890863947726792,1.031825124775989,5.100320586961775,0.1014977920785029,9.979450002260432,0.895461630755218,51.84342300392355,2.990056057644559,0.2091931102946588,4.412656477764711,12.22155269347222,294.5615905189226,-0.20549997739568227,True,True,True,True,True,True,True,0.1014977920785029,0.9890863947726792,True,NORMAL,NORMAL,IN_CONTROL
24,1,4,200.5992871340677,0.9889721360151944,0.9890863947726792,1.031825124775989,5.100320586961775,0.1016537016598691,9.989097375532484,0.895461630755218,51.84342300392355,2.990056057644559,0.2091931102946588,4.412656477764711,12.22155269347222,294.5615905189226,-0.10902624467515666,True,True,True,True,True,True,True,0.1016537016598691,0.9890863947726792,True,NORMAL,NORMAL,IN_CONTROL
24,1,5,200.5992871340677,0.9889721360151944,0.9890863947726792,1.031825124775989,5.100320586961775,0.1014515131902649,9.982602028256428,0.895461630755218,51.84342300392355,2.990056057644559,0.2091931102946588,4.412656477764711,12.22155269347222,294.5615905189226,-0.17397971743571716,True,True,True,True,True,True,True,0.1014515131902649,0.9890863947726792,True,NORMAL,NORMAL,IN_CONTROL
24,2,1,200.5992871340677,0.9889721360151944,0.9890863947726792,1.031825124775989,5.100320586961775,0.1018427777855826,10.137184590117544,0.934056925974148,55.55169964524375,2.985420781318692,0.2077017883273946,4.27102024914101,12.22155269347222,294.5615905189226,1.371845901175437,True,True,True,True,True,True,True,0.1018427777855826,0.9890863947726792,True,NORMAL,NORMAL,IN_CONTROL
24,2,2,200.5992871340677,0.9889721360151944,0.9890863947726792,1.031825124775989,5.100320586961775,0.1023261617120774,10.077258098295736,0.934056925974148,55.55169964524375,2.985420781318692,0.2077017883273946,4.27102024914101,12.22155269347222,294.5615905189226,0.7725809829573649,True,True,True,True,True,True,True,0.1023261617120774,0.9890863947726792,True,NORMAL,NORMAL,IN_CONTROL
24,2,3,200.5992871340677,0.9889721360151944,0.9890863947726792,1.031825124775989,5.100320586961775,0.1027855640588698,10.09369970936963,0.934056925974148,55.55169964524375,2.985420781318692,0.2077017883273946,4.27102024914101,12.22155269347222,294.5615905189226,0.9369970936963058,True,True,True,True,True,True,True,0.1027855640588698,0.9890863947726792,True,NORMAL,NORMAL,IN_CONTROL
24,2,4,200.5992871340677,0.9889721360151944,0.9890863947726792,1.031825124775989,5.100320586961775,0.1024719979192255,10.077575415160226,0.934056925974148,55.55169964524375,2.985420781318692,0.2077017883273946,4.27102024914101,12.22155269347222,294.5615905189226,0.775754151602257,True,True,True,True,True,True,True,0.1024719979192255,0.9890863947726792,True,NORMAL,NORMAL,IN_CONTROL
24,2,5,200.5992871340677,0.9889721360151944,0.9890863947726792,1.031825124775989,5.100320586961775,0.1024119167132835,10.105278796828978,0.934056925974148,55.55169964524375,2.985420781318692,0.2077017883273946,4.27102024914101,12.22155269347222,294.5615905189226,1.0527879682897812,True,True,True,True,True,True,True,0.1024119167132835,0.9890863947726792,True,NORMAL,NORMAL,IN_CONTROL
24,3,1,200.5992871340677,0.9889721360151944,0.9890863947726792,1.031825124775989,5.100320586961775,0.1023684533017498,10.026768582163513,0.9566143567105276,54.4321750950112,2.9883747485658687,0.2035111920116395,4.16713946207976,12.22155269347222,294.5615905189226,0.26768582163512633,True,True,True,True,True,True,True,0.1023684533017498,0.9890863947726792,True,NORMAL,NORMAL,IN_CONTROL
24,3,2,200.5992871340677,0.9889721360151944,0.9890863947726792,1.031825124775989,5.100320586961775,0.1020445353524181,10.004390639618755,0.9566143567105276,54.4321750950112,2.9883747485658687,0.2035111920116395,4.16713946207976,12.22155269347222,294.5615905189226,0.04390639618755188,True,True,True,True,True,True,True,0.1020445353524181,0.9890863947726792,True,NORMAL,NORMAL,IN_CONTROL
24,3,3,200.5992871340677,0.9889721360151944,0.9890863947726792,1.031825124775989,5.100320586961775,0.1024257525186312,10.005840451217097,0.9566143567105276,54.4321750950112,2.9883747485658687,0.2035111920116395,4.16713946207976,12.22155269347222,294.5615905189226,0.058404512170966434,True,True,True,True,True,True,True,0.1024257525186312,0.9890863947726792,True,NORMAL,NORMAL,IN_CONTROL
24,3,4,200.5992871340677,0.9889721360151944,0.9890863947726792,1.031825124775989,5.100320586961775,0.102423715983853,10.01673529965206,0.9566143567105276,54.4321750950112,2.9883747485658687,0.2035111920116395,4.16713946207976,12.22155269347222,294.5615905189226,0.1673529965206022,True,True,True,True,True,True,True,0.102423715983853,0.9890863947726792,True,NORMAL,NORMAL,IN_CONTROL
24,3,5,200.5992871340677,0.9889721360151944,0.9890863947726792,1.031825124775989,5.100320586961775,0.1021709165680913,10.02466540340344,0.9566143567105276,54.4321750950112,2.9883747485658687,0.2035111920116395,4.16713946207976,12.22155269347222,294.5615905189226,0.24665403403439254,True,True,True,True,True,True,True,0.1021709165680913,0.9890863947726792,True,NORMAL,NORMAL,IN_CONTROL
24,4,1,200.5992871340677,0.9889721360151944,0.9890863947726792,1.031825124775989,5.100320586961775,0.101354009399105,10.063979055685264,0.90673179922762,54.31497681255328,2.9781704591179485,0.2004612646323377,4.344352390152057,12.22155269347222,294.5615905189226,0.6397905568526419,True,True,True,True,True,True,True,0.101354009399105,0.9890863947726792,True,NORMAL,NORMAL,IN_CONTROL
24,4,2,200.5992871340677,0.9889721360151944,0.9890863947726792,1.031825124775989,5.100320586961775,0.1009079005386779,10.113147331735432,0.90673179922762,54.31497681255328,2.9781704591179485,0.2004612646323377,4.344352390152057,12.22155269347222,294.5615905189226,1.1314733173543168,True,True,True,True,True,True,True,0.1009079005386779,0.9890863947726792,True,NORMAL,NORMAL,IN_CONTROL
24,4,3,200.5992871340677,0.9889721360151944,0.9890863947726792,1.031825124775989,5.100320586961775,0.1013544632654803,10.094692361869576,0.90673179922762,54.31497681255328,2.9781704591179485,0.2004612646323377,4.344352390152057,12.22155269347222,294.5615905189226,0.946923618695763,True,True,True,True,True,True,True,0.1013544632654803,0.9890863947726792,True,NORMAL,NORMAL,IN_CONTROL
24,4,4,200.5992871340677,0.9889721360151944,0.9890863947726792,1.031825124775989,5.100320586961775,0.1012790697961829,10.083210607604936,0.90673179922762,54.31497681255328,2.9781704591179485,0.2004612646323377,4.344352390152057,12.22155269347222,294.5615905189226,0.8321060760493637,True,True,True,True,True,True,True,0.1012790697961829,0.9890863947726792,True,NORMAL,NORMAL,IN_CONTROL
24,4,5,200.5992871340677,0.9889721360151944,0.9890863947726792,1.031825124775989,5.100320586961775,0.100875456452025,10.08011754045256,0.90673179922762,54.31497681255328,2.9781704591179485,0.2004612646323377,4.344352390152057,12.22155269347222,294.5615905189226,0.8011754045256049,True,True,True,True,True,True,True,0.100875456452025,0.9890863947726792,True,NORMAL,NORMAL,IN_CONTROL
24,5,1,200.5992871340677,0.9889721360151944,0.9890863947726792,1.031825124775989,5.100320586961775,0.1016251410608131,10.049735122236184,0.9544736803480318,53.64847764310365,2.980996764330262,0.199584747514646,4.246286885379883,12.22155269347222,294.5615905189226,0.4973512223618392,True,True,True,True,True,True,True,0.1016251410608131,0.9890863947726792,True,NORMAL,NORMAL,IN_CONTROL
24,5,2,200.5992871340677,0.9889721360151944,0.9890863947726792,1.031825124775989,5.100320586961775,0.1017368787510739,10.016196262564195,0.9544736803480318,53.64847764310365,2.980996764330262,0.199584747514646,4.246286885379883,12.22155269347222,294.5615905189226,0.16196262564195152,True,True,True,True,True,True,True,0.1017368787510739,0.9890863947726792,True,NORMAL,NORMAL,IN_CONTROL
24,5,3,200.5992871340677,0.9889721360151944,0.9890863947726792,1.031825124775989,5.100320586961775,0.1013935379958096,10.0184120981819,0.9544736803480318,53.64847764310365,2.980996764330262,0.199584747514646,4.246286885379883,12.22155269347222,294.5615905189226,0.18412098181899594,True,True,True,True,True,True,True,0.1013935379958096,0.9890863947726792,True,NORMAL,NORMAL,IN_CONTROL
24,5,4,200.5992871340677,0.9889721360151944,0.9890863947726792,1.031825124775989,5.100320586961775,0.1019295582142927,10.00760395196972,0.9544736803480318,53.64847764310365,2.980996764330262,0.199584747514646,4.246286885379883,12.22155269347222,294.5615905189226,0.07603951969720413,True,True,True,True,True,True,True,0.1019295582142927,0.9890863947726792,True,NORMAL,NORMAL,IN_CONTROL
24,5,5,200.5992871340677,0.9889721360151944,0.9890863947726792,1.031825124775989,5.100320586961775,0.1017463813211026,9.983840525476896,0.9544736803480318,53.64847764310365,2.980996764330262,0.199584747514646,4.246286885379883,12.22155269347222,294.5615905189226,-0.16159474523103512,True,True,True,True,True,True,True,0.1017463813211026,0.9890863947726792,True,NORMAL,NORMAL,IN_CONTROL
24,6,1,200.5992871340677,0.9889721360151944,0.9890863947726792,1.031825124775989,5.100320586961775,0.1004324755373409,10.025477517165193,0.9705040634545996,53.11845948302077,2.983952664359682,0.2024416852647478,4.249505379896093,12.22155269347222,294.5615905189226,0.25477517165192864,True,True,True,True,True,True,True,0.1004324755373409,0.9890863947726792,True,NORMAL,NORMAL,IN_CONTROL
24,6,2,200.5992871340677,0.9889721360151944,0.9890863947726792,1.031825124775989,5.100320586961775,0.1012890333734411,10.019099456233723,0.9705040634545996,53.11845948302077,2.983952664359682,0.2024416852647478,4.249505379896093,12.22155269347222,294.5615905189226,0.19099456233723444,True,True,True,True,True,True,True,0.1012890333734411,0.9890863947726792,True,NORMAL,NORMAL,IN_CONTROL
24,6,3,200.5992871340677,0.9889721360151944,0.9890863947726792,1.031825124775989,5.100320586961775,0.1010399594016128,10.03325190224493,0.9705040634545996,53.11845948302077,2.983952664359682,0.2024416852647478,4.249505379896093,12.22155269347222,294.5615905189226,0.33251902244929354,True,True,True,True,True,True,True,0.1010399594016128,0.9890863947726792,True,NORMAL,NORMAL,IN_CONTROL
24,6,4,200.5992871340677,0.9889721360151944,0.9890863947726792,1.031825124775989,5.100320586961775,0.1007067839076497,10.02819273092882,0.9705040634545996,53.11845948302077,2.983952664359682,0.2024416852647478,4.249505379896093,12.22155269347222,294.5615905189226,0.28192730928820353,True,True,True,True,True,True,True,0.1007067839076497,0.9890863947726792,True,NORMAL,NORMAL,IN_CONTROL
24,6,5,200.5992871340677,0.9889721360151944,0.9890863947726792,1.031825124775989,5.100320586961775,0.1008481756593864,10.057371030686866,0.9705040634545996,53.11845948302077,2.983952664359682,0.2024416852647478,4.249505379896093,12.22155269347222,294.5615905189226,0.5737103068686622,True,True,True,True,True,True,True,0.1008481756593864,0.9890863947726792,True,NORMAL,NORMAL,IN_CONTROL
24,7,1,200.5992871340677,0.9889721360151944,0.9890863947726792,1.031825124775989,5.100320586961775,0.102210694168653,10.064218477185609,0.8980637980050438,53.23786323144682,2.9874042435499084,0.202833678293771,4.223715232386427,12.22155269347222,294.5615905189226,0.6421847718560869,True,True,True,True,True,True,True,0.102210694168653,0.9890863947726792,True,NORMAL,NORMAL,IN_CONTROL
24,7,2,200.5992871340677,0.9889721360151944,0.9890863947726792,1.031825124775989,5.100320586961775,0.1022077093777767,9.996953118498968,0.8980637980050438,53.23786323144682,2.9874042435499084,0.202833678293771,4.223715232386427,12.22155269347222,294.5615905189226,-0.030468815010316064,True,True,True,True,True,True,True,0.1022077093777767,0.9890863947726792,True,NORMAL,NORMAL,IN_CONTROL
24,7,3,200.5992871340677,0.9889721360151944,0.9890863947726792,1.031825124775989,5.100320586961775,0.1021228547020527,10.03331077697156,0.8980637980050438,53.23786323144682,2.9874042435499084,0.202833678293771,4.223715232386427,12.22155269347222,294.5615905189226,0.33310776971559264,True,True,True,True,True,True,True,0.1021228547020527,0.9890863947726792,True,NORMAL,NORMAL,IN_CONTROL
24,7,4,200.5992871340677,0.9889721360151944,0.9890863947726792,1.031825124775989,5.100320586961775,0.1021012162084448,10.036442005104686,0.8980637980050438,53.23786323144682,2.9874042435499084,0.202833678293771,4.223715232386427,12.22155269347222,294.5615905189226,0.3644200510468565,True,True,True,True,True,True,True,0.1021012162084448,0.9890863947726792,True,NORMAL,NORMAL,IN_CONTROL
24,7,5,200.5992871340677,0.9889721360151944,0.9890863947726792,1.031825124775989,5.100320586961775,0.1022937329576785,10.031948951494678,0.8980637980050438,53.23786323144682,2.9874042435499084,0.202833678293771,4.223715232386427,12.22155269347222,294.5615905189226,0.3194895149467847,True,True,True,True,True,True,True,0.1022937329576785,0.9890863947726792,True,NORMAL,NORMAL,IN_CONTROL
24,8,1,200.5992871340677,0.9889721360151944,0.9890863947726792,1.031825124775989,5.100320586961775,0.1003420148502966,10.015725686069388,1.010448052349737,53.11673313143959,2.987853724692124,0.1983458872288803,4.199779987399185,12.22155269347222,294.5615905189226,0.15725686069387734,True,True,True,True,True,True,True,0.1003420148502966,0.9890863947726792,True,NORMAL,NORMAL,IN_CONTROL
24,8,2,200.5992871340677,0.9889721360151944,0.9890863947726792,1.031825124775989,5.100320586961775,0.1006163596036651,10.045488367214396,1.010448052349737,53.11673313143959,2.987853724692124,0.1983458872288803,4.199779987399185,12.22155269347222,294.5615905189226,0.4548836721439642,True,True,True,True,True,True,True,0.1006163596036651,0.9890863947726792,True,NORMAL,NORMAL,IN_CONTROL
24,8,3,200.5992871340677,0.9889721360151944,0.9890863947726792,1.031825124775989,5.100320586961775,0.0999433952816341,10.038317258109414,1.010448052349737,53.11673313143959,2.987853724692124,0.1983458872288803,4.199779987399185,12.22155269347222,294.5615905189226,0.38317258109414,True,True,True,True,True,True,True,0.0999433952816341,0.9890863947726792,True,NORMAL,NORMAL,IN_CONTROL
24,8,4,200.5992871340677,0.9889721360151944,0.9890863947726792,1.031825124775989,5.100320586961775,0.1001171923398691,10.057401178902523,1.010448052349737,53.11673313143959,2.987853724692124,0.1983458872288803,4.199779987399185,12.22155269347222,294.5615905189226,0.574011789025235,True,True,True,True,True,True,True,0.1001171923398691,0.9890863947726792,True,NORMAL,NORMAL,IN_CONTROL
24,8,5,200.5992871340677,0.9889721360151944,0.9890863947726792,1.031825124775989,5.100320586961775,0.1007812198929461,10.052762396870705,1.010448052349737,53.11673313143959,2.987853724692124,0.1983458872288803,4.199779987399185,12.22155269347222,294.5615905189226,0.5276239687070472,True,True,True,True,True,True,True,0.1007812198929461,0.9890863947726792,True,NORMAL,NORMAL,IN_CONTROL
24,9,1,200.5992871340677,0.9889721360151944,0.9890863947726792,1.031825124775989,5.100320586961775,0.1005245858299715,10.080436585339154,0.9242823041156508,53.36166916457596,2.9874982079873504,0.2020832512042497,3.8394244956662105,12.22155269347222,294.5615905189226,0.8043658533915375,True,True,True,True,True,True,True,0.1005245858299715,0.9890863947726792,True,NORMAL,NORMAL,IN_CONTROL
24,9,2,200.5992871340677,0.9889721360151944,0.9890863947726792,1.031825124775989,5.100320586961775,0.1003808198070873,10.056184782750568,0.9242823041156508,53.36166916457596,2.9874982079873504,0.2020832512042497,3.8394244956662105,12.22155269347222,294.5615905189226,0.5618478275056837,True,True,True,True,True,True,True,0.1003808198070873,0.9890863947726792,True,NORMAL,NORMAL,IN_CONTROL
24,9,3,200.5992871340677,0.9889721360151944,0.9890863947726792,1.031825124775989,5.100320586961775,0.1002807910754479,10.068914006655673,0.9242823041156508,53.36166916457596,2.9874982079873504,0.2020832512042497,3.8394244956662105,12.22155269347222,294.5615905189226,0.6891400665567282,True,True,True,True,True,True,True,0.1002807910754479,0.9890863947726792,True,NORMAL,NORMAL,IN_CONTROL
24,9,4,200.5992871340677,0.9889721360151944,0.9890863947726792,1.031825124775989,5.100320586961775,0.1006710569178988,10.029460519250016,0.9242823041156508,53.36166916457596,2.9874982079873504,0.2020832512042497,3.8394244956662105,12.22155269347222,294.5615905189226,0.29460519250015693,True,True,True,True,True,True,True,0.1006710569178988,0.9890863947726792,True,NORMAL,NORMAL,IN_CONTROL
24,9,5,200.5992871340677,0.9889721360151944,0.9890863947726792,1.031825124775989,5.100320586961775,0.100489028429533,10.071338959980649,0.9242823041156508,53.36166916457596,2.9874982079873504,0.2020832512042497,3.8394244956662105,12.22155269347222,294.5615905189226,0.7133895998064865,True,True,True,True,True,True,True,0.100489028429533,0.9890863947726792,True,NORMAL,NORMAL,IN_CONTROL
24,10,1,200.5992871340677,0.9889721360151944,0.9890863947726792,1.031825124775989,5.100320586961775,0.1018904619889978,10.00478155655175,0.8757986377216577,52.80535997853316,2.983599520447303,0.2053646851941811,4.119672071815476,12.22155269347222,294.5615905189226,0.047815565517499437,True,True,True,True,True,True,True,0.1018904619889978,0.9890863947726792,True,NORMAL,NORMAL,IN_CONTROL
24,10,2,200.5992871340677,0.9889721360151944,0.9890863947726792,1.031825124775989,5.100320586961775,0.1014057525875169,10.01680030460348,0.8757986377216577,52.80535997853316,2.983599520447303,0.2053646851941811,4.119672071815476,12.22155269347222,294.5615905189226,0.16800304603480143,True,True,True,True,True,True,True,0.1014057525875169,0.9890863947726792,True,NORMAL,NORMAL,IN_CONTROL
24,10,3,200.5992871340677,0.9889721360151944,0.9890863947726792,1.031825124775989,5.100320586961775,0.1011251427340834,10.00595539076197,0.8757986377216577,52.80535997853316,2.983599520447303,0.2053646851941811,4.119672071815476,12.22155269347222,294.5615905189226,0.059553907619704916,True,True,True,True,True,True,True,0.1011251427340834,0.9890863947726792,True,NORMAL,NORMAL,IN_CONTROL
24,10,4,200.5992871340677,0.9889721360151944,0.9890863947726792,1.031825124775989,5.100320586961775,0.1015946763939515,9.978673447319144,0.8757986377216577,52.80535997853316,2.983599520447303,0.2053646851941811,4.119672071815476,12.22155269347222,294.5615905189226,-0.21326552680855926,True,True,True,True,True,True,True,0.1015946763939515,0.9890863947726792,True,NORMAL,NORMAL,IN_CONTROL
24,10,5,200.5992871340677,0.9889721360151944,0.9890863947726792,1.031825124775989,5.100320586961775,0.1012503044364104,10.01823966714347,0.8757986377216577,52.80535997853316,2.983599520447303,0.2053646851941811,4.119672071815476,12.22155269347222,294.5615905189226,0.18239667143470584,True,True,True,True,True,True,True,0.1012503044364104,0.9890863947726792,True,NORMAL,NORMAL,IN_CONTROL
25,1,1,199.7941599472456,1.0220843278678315,0.9766793489038024,0.9911517800266928,4.886369713710747,0.102418596585398,10.138087094368975,0.8380290783950636,44.766700170847855,3.0016261856355277,0.1941342995963297,4.2886453543808205,11.740570556351988,306.62905032773693,1.3808709436897537,True,True,True,True,True,True,True,0.102418596585398,0.9766793489038024,True,NORMAL,NORMAL,IN_CONTROL
25,1,2,199.7941599472456,1.0220843278678315,0.9766793489038024,0.9911517800266928,4.886369713710747,0.1029620126193333,10.153067989012644,0.8380290783950636,44.766700170847855,3.0016261856355277,0.1941342995963297,4.2886453543808205,11.740570556351988,306.62905032773693,1.530679890126443,True,True,True,True,True,True,True,0.1029620126193333,0.9766793489038024,True,NORMAL,NORMAL,IN_CONTROL
25,1,3,199.7941599472456,1.0220843278678315,0.9766793489038024,0.9911517800266928,4.886369713710747,0.1025846699279305,10.148265664981247,0.8380290783950636,44.766700170847855,3.0016261856355277,0.1941342995963297,4.2886453543808205,11.740570556351988,306.62905032773693,1.4826566498124727,True,True,True,True,True,True,True,0.1025846699279305,0.9766793489038024,True,NORMAL,NORMAL,IN_CONTROL
25,1,4,199.7941599472456,1.0220843278678315,0.9766793489038024,0.9911517800266928,4.886369713710747,0.1025587257884362,10.114778177789416,0.8380290783950636,44.766700170847855,3.0016261856355277,0.1941342995963297,4.2886453543808205,11.740570556351988,306.62905032773693,1.1477817778941635,True,True,True,True,True,True,True,0.1025587257884362,0.9766793489038024,True,NORMAL,NORMAL,IN_CONTROL
25,1,5,199.7941599472456,1.0220843278678315,0.9766793489038024,0.9911517800266928,4.886369713710747,0.1029270908454916,10.132606839820564,0.8380290783950636,44.766700170847855,3.0016261856355277,0.1941342995963297,4.2886453543808205,11.740570556351988,306.62905032773693,1.326068398205642,True,True,True,True,True,True,True,0.1029270908454916,0.9766793489038024,True,NORMAL,NORMAL,IN_CONTROL
25,2,1,199.7941599472456,1.0220843278678315,0.9766793489038024,0.9911517800266928,4.886369713710747,0.1022270214495999,10.054780685117551,0.7857867006172455,45.410231219609415,2.9956868810016943,0.1932187769022009,4.606248037393167,11.740570556351988,306.62905032773693,0.5478068511755119,True,True,True,True,True,True,True,0.1022270214495999,0.9766793489038024,True,NORMAL,NORMAL,IN_CONTROL
25,2,2,199.7941599472456,1.0220843278678315,0.9766793489038024,0.9911517800266928,4.886369713710747,0.1019194414545615,10.047978894512886,0.7857867006172455,45.410231219609415,2.9956868810016943,0.1932187769022009,4.606248037393167,11.740570556351988,306.62905032773693,0.47978894512885617,True,True,True,True,True,True,True,0.1019194414545615,0.9766793489038024,True,NORMAL,NORMAL,IN_CONTROL
25,2,3,199.7941599472456,1.0220843278678315,0.9766793489038024,0.9911517800266928,4.886369713710747,0.1013367218765664,10.05518568632391,0.7857867006172455,45.410231219609415,2.9956868810016943,0.1932187769022009,4.606248037393167,11.740570556351988,306.62905032773693,0.5518568632390952,True,True,True,True,True,True,True,0.1013367218765664,0.9766793489038024,True,NORMAL,NORMAL,IN_CONTROL
25,2,4,199.7941599472456,1.0220843278678315,0.9766793489038024,0.9911517800266928,4.886369713710747,0.1018054624873121,10.077567591617775,0.7857867006172455,45.410231219609415,2.9956868810016943,0.1932187769022009,4.606248037393167,11.740570556351988,306.62905032773693,0.7756759161777538,True,True,True,True,True,True,True,0.1018054624873121,0.9766793489038024,True,NORMAL,NORMAL,IN_CONTROL
25,2,5,199.7941599472456,1.0220843278678315,0.9766793489038024,0.9911517800266928,4.886369713710747,0.1016203999526834,10.06728148602807,0.7857867006172455,45.410231219609415,2.9956868810016943,0.1932187769022009,4.606248037393167,11.740570556351988,306.62905032773693,0.672814860280706,True,True,True,True,True,True,True,0.1016203999526834,0.9766793489038024,True,NORMAL,NORMAL,IN_CONTROL
25,3,1,199.7941599472456,1.0220843278678315,0.9766793489038024,0.9911517800266928,4.886369713710747,0.1015372638316801,10.076627309979568,0.8608645431920726,45.77012446753075,2.999850082533042,0.1993501503205907,4.538448398539807,11.740570556351988,306.62905032773693,0.7662730997956757,True,True,True,True,True,True,True,0.1015372638316801,0.9766793489038024,True,NORMAL,NORMAL,IN_CONTROL
25,3,2,199.7941599472456,1.0220843278678315,0.9766793489038024,0.9911517800266928,4.886369713710747,0.101662615594988,10.054569376717708,0.8608645431920726,45.77012446753075,2.999850082533042,0.1993501503205907,4.538448398539807,11.740570556351988,306.62905032773693,0.5456937671770845,True,True,True,True,True,True,True,0.101662615594988,0.9766793489038024,True,NORMAL,NORMAL,IN_CONTROL
25,3,3,199.7941599472456,1.0220843278678315,0.9766793489038024,0.9911517800266928,4.886369713710747,0.1020149776183164,10.076056486869875,0.8608645431920726,45.77012446753075,2.999850082533042,0.1993501503205907,4.538448398539807,11.740570556351988,306.62905032773693,0.7605648686987543,True,True,True,True,True,True,True,0.1020149776183164,0.9766793489038024,True,NORMAL,NORMAL,IN_CONTROL
25,3,4,199.7941599472456,1.0220843278678315,0.9766793489038024,0.9911517800266928,4.886369713710747,0.101907158771888,10.044079055228265,0.8608645431920726,45.77012446753075,2.999850082533042,0.1993501503205907,4.538448398539807,11.740570556351988,306.62905032773693,0.44079055228264613,True,True,True,True,True,True,True,0.101907158771888,0.9766793489038024,True,NORMAL,NORMAL,IN_CONTROL
25,3,5,199.7941599472456,1.0220843278678315,0.9766793489038024,0.9911517800266928,4.886369713710747,0.1019478350893705,10.042514944444994,0.8608645431920726,45.77012446753075,2.999850082533042,0.1993501503205907,4.538448398539807,11.740570556351988,306.62905032773693,0.4251494444499393,True,True,True,True,True,True,True,0.1019478350893705,0.9766793489038024,True,NORMAL,NORMAL,IN_CONTROL
25,4,1,199.7941599472456,1.0220843278678315,0.9766793489038024,0.9911517800266928,4.886369713710747,0.1027915841373334,9.999036399692946,0.8351234674901931,47.36666361342695,3.002254181347124,0.1940068551118082,4.479754165086602,11.740570556351988,306.62905032773693,-0.009636003070543353,True,True,True,True,True,True,True,0.1027915841373334,0.9766793489038024,True,NORMAL,NORMAL,IN_CONTROL
25,4,2,199.7941599472456,1.0220843278678315,0.9766793489038024,0.9911517800266928,4.886369713710747,0.1024328510196134,10.025050532701012,0.8351234674901931,47.36666361342695,3.002254181347124,0.1940068551118082,4.479754165086602,11.740570556351988,306.62905032773693,0.2505053270101243,True,True,True,True,True,True,True,0.1024328510196134,0.9766793489038024,True,NORMAL,NORMAL,IN_CONTROL
25,4,3,199.7941599472456,1.0220843278678315,0.9766793489038024,0.9911517800266928,4.886369713710747,0.1027742469308022,10.019484849751414,0.8351234674901931,47.36666361342695,3.002254181347124,0.1940068551118082,4.479754165086602,11.740570556351988,306.62905032773693,0.19484849751414401,True,True,True,True,True,True,True,0.1027742469308022,0.9766793489038024,True,NORMAL,NORMAL,IN_CONTROL
25,4,4,199.7941599472456,1.0220843278678315,0.9766793489038024,0.9911517800266928,4.886369713710747,0.1027570050110236,10.021566030397771,0.8351234674901931,47.36666361342695,3.002254181347124,0.1940068551118082,4.479754165086602,11.740570556351988,306.62905032773693,0.21566030397771385,True,True,True,True,True,True,True,0.1027570050110236,0.9766793489038024,True,NORMAL,NORMAL,IN_CONTROL
25,4,5,199.7941599472456,1.0220843278678315,0.9766793489038024,0.9911517800266928,4.886369713710747,0.103086124145538,10.026419855877949,0.8351234674901931,47.36666361342695,3.002254181347124,0.1940068551118082,4.479754165086602,11.740570556351988,306.62905032773693,0.26419855877948706,True,True,True,True,True,True,True,0.103086124145538,0.9766793489038024,True,NORMAL,NORMAL,IN_CONTROL
25,5,1,199.7941599472456,1.0220843278678315,0.9766793489038024,0.9911517800266928,4.886369713710747,0.1024761007538301,10.149811807608968,0.8007253045603269,45.21182926425279,2.991293632914554,0.1964940096433921,4.440155201791615,11.740570556351988,306.62905032773693,1.4981180760896784,True,True,True,True,True,True,True,0.1024761007538301,0.9766793489038024,True,NORMAL,NORMAL,IN_CONTROL
25,5,2,199.7941599472456,1.0220843278678315,0.9766793489038024,0.9911517800266928,4.886369713710747,0.1024899239936799,10.108295665427924,0.8007253045603269,45.21182926425279,2.991293632914554,0.1964940096433921,4.440155201791615,11.740570556351988,306.62905032773693,1.0829566542792435,True,True,True,True,True,True,True,0.1024899239936799,0.9766793489038024,True,NORMAL,NORMAL,IN_CONTROL
25,5,3,199.7941599472456,1.0220843278678315,0.9766793489038024,0.9911517800266928,4.886369713710747,0.1027771587113553,10.115575171647365,0.8007253045603269,45.21182926425279,2.991293632914554,0.1964940096433921,4.440155201791615,11.740570556351988,306.62905032773693,1.1557517164736453,True,True,True,True,True,True,True,0.1027771587113553,0.9766793489038024,True,NORMAL,NORMAL,IN_CONTROL
25,5,4,199.7941599472456,1.0220843278678315,0.9766793489038024,0.9911517800266928,4.886369713710747,0.1029885493260733,10.11154809893358,0.8007253045603269,45.21182926425279,2.991293632914554,0.1964940096433921,4.440155201791615,11.740570556351988,306.62905032773693,1.1154809893358042,True,True,True,True,True,True,True,0.1029885493260733,0.9766793489038024,True,NORMAL,NORMAL,IN_CONTROL
25,5,5,199.7941599472456,1.0220843278678315,0.9766793489038024,0.9911517800266928,4.886369713710747,0.1029585037653786,10.102999041044288,0.8007253045603269,45.21182926425279,2.991293632914554,0.1964940096433921,4.440155201791615,11.740570556351988,306.62905032773693,1.0299904104428848,True,True,True,True,True,True,True,0.1029585037653786,0.9766793489038024,True,NORMAL,NORMAL,IN_CONTROL
25,6,1,199.7941599472456,1.0220843278678315,0.9766793489038024,0.9911517800266928,4.886369713710747,0.1029136878864507,10.113336062297458,0.8143364894864564,47.88538287881144,2.993929771645927,0.196169397410181,4.207636617688902,11.740570556351988,306.62905032773693,1.1333606229745818,True,True,True,True,True,True,True,0.1029136878864507,0.9766793489038024,True,NORMAL,NORMAL,IN_CONTROL
25,6,2,199.7941599472456,1.0220843278678315,0.9766793489038024,0.9911517800266928,4.886369713710747,0.1028014184858403,10.07605746594541,0.8143364894864564,47.88538287881144,2.993929771645927,0.196169397410181,4.207636617688902,11.740570556351988,306.62905032773693,0.7605746594541074,True,True,True,True,True,True,True,0.1028014184858403,0.9766793489038024,True,NORMAL,NORMAL,IN_CONTROL
25,6,3,199.7941599472456,1.0220843278678315,0.9766793489038024,0.9911517800266928,4.886369713710747,0.1024926525592185,10.090219349900105,0.8143364894864564,47.88538287881144,2.993929771645927,0.196169397410181,4.207636617688902,11.740570556351988,306.62905032773693,0.9021934990010472,True,True,True,True,True,True,True,0.1024926525592185,0.9766793489038024,True,NORMAL,NORMAL,IN_CONTROL
25,6,4,199.7941599472456,1.0220843278678315,0.9766793489038024,0.9911517800266928,4.886369713710747,0.1027644316051422,10.09779117841119,0.8143364894864564,47.88538287881144,2.993929771645927,0.196169397410181,4.207636617688902,11.740570556351988,306.62905032773693,0.9779117841119067,True,True,True,True,True,True,True,0.1027644316051422,0.9766793489038024,True,NORMAL,NORMAL,IN_CONTROL
25,6,5,199.7941599472456,1.0220843278678315,0.9766793489038024,0.9911517800266928,4.886369713710747,0.1026350640744382,10.089583956982244,0.8143364894864564,47.88538287881144,2.993929771645927,0.196169397410181,4.207636617688902,11.740570556351988,306.62905032773693,0.8958395698224385,True,True,True,True,True,True,True,0.1026350640744382,0.9766793489038024,True,NORMAL,NORMAL,IN_CONTROL
25,7,1,199.7941599472456,1.0220843278678315,0.9766793489038024,0.9911517800266928,4.886369713710747,0.1033686382337588,10.078231149612629,0.8255573886999213,44.817699204092506,3.00648364610345,0.1921243380492301,4.412009063741232,11.740570556351988,306.62905032773693,0.7823114961262867,True,True,True,True,True,True,True,0.1033686382337588,0.9766793489038024,True,NORMAL,NORMAL,IN_CONTROL
25,7,2,199.7941599472456,1.0220843278678315,0.9766793489038024,0.9911517800266928,4.886369713710747,0.1026201950743959,10.069409843762312,0.8255573886999213,44.817699204092506,3.00648364610345,0.1921243380492301,4.412009063741232,11.740570556351988,306.62905032773693,0.6940984376231185,True,True,True,True,True,True,True,0.1026201950743959,0.9766793489038024,True,NORMAL,NORMAL,IN_CONTROL
25,7,3,199.7941599472456,1.0220843278678315,0.9766793489038024,0.9911517800266928,4.886369713710747,0.1029378135682092,10.06840654466918,0.8255573886999213,44.817699204092506,3.00648364610345,0.1921243380492301,4.412009063741232,11.740570556351988,306.62905032773693,0.6840654466918039,True,True,True,True,True,True,True,0.1029378135682092,0.9766793489038024,True,NORMAL,NORMAL,IN_CONTROL
25,7,4,199.7941599472456,1.0220843278678315,0.9766793489038024,0.9911517800266928,4.886369713710747,0.1026972155044967,10.062307808104334,0.8255573886999213,44.817699204092506,3.00648364610345,0.1921243380492301,4.412009063741232,11.740570556351988,306.62905032773693,0.6230780810433423,True,True,True,True,True,True,True,0.1026972155044967,0.9766793489038024,True,NORMAL,NORMAL,IN_CONTROL
25,7,5,199.7941599472456,1.0220843278678315,0.9766793489038024,0.9911517800266928,4.886369713710747,0.1029129004591625,10.050520968634016,0.8255573886999213,44.817699204092506,3.00648364610345,0.1921243380492301,4.412009063741232,11.740570556351988,306.62905032773693,0.5052096863401623,True,True,True,True,True,True,True,0.1029129004591625,0.9766793489038024,True,NORMAL,NORMAL,IN_CONTROL
25,8,1,199.7941599472456,1.0220843278678315,0.9766793489038024,0.9911517800266928,4.886369713710747,0.1011644041673224,10.066245902492918,0.8563528707983926,44.151048221695135,3.001999533349778,0.1931724754073123,4.615701318783644,11.740570556351988,306.62905032773693,0.6624590249291806,True,True,True,True,True,True,True,0.1011644041673224,0.9766793489038024,True,NORMAL,NORMAL,IN_CONTROL
25,8,2,199.7941599472456,1.0220843278678315,0.9766793489038024,0.9911517800266928,4.886369713710747,0.1016484760901519,10.041109056710456,0.8563528707983926,44.151048221695135,3.001999533349778,0.1931724754073123,4.615701318783644,11.740570556351988,306.62905032773693,0.41109056710455505,True,True,True,True,True,True,True,0.1016484760901519,0.9766793489038024,True,NORMAL,NORMAL,IN_CONTROL
25,8,3,199.7941599472456,1.0220843278678315,0.9766793489038024,0.9911517800266928,4.886369713710747,0.1014160157764782,10.050983578081638,0.8563528707983926,44.151048221695135,3.001999533349778,0.1931724754073123,4.615701318783644,11.740570556351988,306.62905032773693,0.5098357808163811,True,True,True,True,True,True,True,0.1014160157764782,0.9766793489038024,True,NORMAL,NORMAL,IN_CONTROL
25,8,4,199.7941599472456,1.0220843278678315,0.9766793489038024,0.9911517800266928,4.886369713710747,0.1012422118665736,10.074129302764728,0.8563528707983926,44.151048221695135,3.001999533349778,0.1931724754073123,4.615701318783644,11.740570556351988,306.62905032773693,0.7412930276472807,True,True,True,True,True,True,True,0.1012422118665736,0.9766793489038024,True,NORMAL,NORMAL,IN_CONTROL
25,8,5,199.7941599472456,1.0220843278678315,0.9766793489038024,0.9911517800266928,4.886369713710747,0.1017532068666803,10.056317803189554,0.8563528707983926,44.151048221695135,3.001999533349778,0.1931724754073123,4.615701318783644,11.740570556351988,306.62905032773693,0.5631780318955393,True,True,True,True,True,True,True,0.1017532068666803,0.9766793489038024,True,NORMAL,NORMAL,IN_CONTROL
25,9,1,199.7941599472456,1.0220843278678315,0.9766793489038024,0.9911517800266928,4.886369713710747,0.1028413498726038,10.09563053581229,0.815117412283591,43.71989965755914,2.992733589936312,0.1962306755589999,4.313884632530024,11.740570556351988,306.62905032773693,0.9563053581229043,True,True,True,True,True,True,True,0.1028413498726038,0.9766793489038024,True,NORMAL,NORMAL,IN_CONTROL
25,9,2,199.7941599472456,1.0220843278678315,0.9766793489038024,0.9911517800266928,4.886369713710747,0.1024587196990437,10.076517866589908,0.815117412283591,43.71989965755914,2.992733589936312,0.1962306755589999,4.313884632530024,11.740570556351988,306.62905032773693,0.7651786658990822,True,True,True,True,True,True,True,0.1024587196990437,0.9766793489038024,True,NORMAL,NORMAL,IN_CONTROL
25,9,3,199.7941599472456,1.0220843278678315,0.9766793489038024,0.9911517800266928,4.886369713710747,0.1023183258084412,10.097353422269505,0.815117412283591,43.71989965755914,2.992733589936312,0.1962306755589999,4.313884632530024,11.740570556351988,306.62905032773693,0.9735342226950472,True,True,True,True,True,True,True,0.1023183258084412,0.9766793489038024,True,NORMAL,NORMAL,IN_CONTROL
25,9,4,199.7941599472456,1.0220843278678315,0.9766793489038024,0.9911517800266928,4.886369713710747,0.1028021498301975,10.116171069189578,0.815117412283591,43.71989965755914,2.992733589936312,0.1962306755589999,4.313884632530024,11.740570556351988,306.62905032773693,1.161710691895781,True,True,True,True,True,True,True,0.1028021498301975,0.9766793489038024,True,NORMAL,NORMAL,IN_CONTROL
25,9,5,199.7941599472456,1.0220843278678315,0.9766793489038024,0.9911517800266928,4.886369713710747,0.1030678433235121,10.09888913373758,0.815117412283591,43.71989965755914,2.992733589936312,0.1962306755589999,4.313884632530024,11.740570556351988,306.62905032773693,0.9888913373758079,True,True,True,True,True,True,True,0.1030678433235121,0.9766793489038024,True,NORMAL,NORMAL,IN_CONTROL
25,10,1,199.7941599472456,1.0220843278678315,0.9766793489038024,0.9911517800266928,4.886369713710747,0.102732782919184,10.040677406627168,0.8347746977771926,44.54416007328615,2.999518387608726,0.1919558503979121,4.457629123096812,11.740570556351988,306.62905032773693,0.4067740662716801,True,True,True,True,True,True,True,0.102732782919184,0.9766793489038024,True,NORMAL,NORMAL,IN_CONTROL
25,10,2,199.7941599472456,1.0220843278678315,0.9766793489038024,0.9911517800266928,4.886369713710747,0.1023610448424957,9.996909770791923,0.8347746977771926,44.54416007328615,2.999518387608726,0.1919558503979121,4.457629123096812,11.740570556351988,306.62905032773693,-0.030902292080767776,True,True,True,True,True,True,True,0.1023610448424957,0.9766793489038024,True,NORMAL,NORMAL,IN_CONTROL
25,10,3,199.7941599472456,1.0220843278678315,0.9766793489038024,0.9911517800266928,4.886369713710747,0.1026574424918992,10.033262212673526,0.8347746977771926,44.54416007328615,2.999518387608726,0.1919558503979121,4.457629123096812,11.740570556351988,306.62905032773693,0.3326221267352558,True,True,True,True,True,True,True,0.1026574424918992,0.9766793489038024,True,NORMAL,NORMAL,IN_CONTROL
25,10,4,199.7941599472456,1.0220843278678315,0.9766793489038024,0.9911517800266928,4.886369713710747,0.103023932014006,9.9842604430558,0.8347746977771926,44.54416007328615,2.999518387608726,0.1919558503979121,4.457629123096812,11.740570556351988,306.62905032773693,-0.1573955694419915,True,True,True,True,True,True,True,0.103023932014006,0.9766793489038024,True,NORMAL,NORMAL,IN_CONTROL
25,10,5,199.7941599472456,1.0220843278678315,0.9766793489038024,0.9911517800266928,4.886369713710747,0.1024053604996455,10.026825505518836,0.8347746977771926,44.54416007328615,2.999518387608726,0.1919558503979121,4.457629123096812,11.740570556351988,306.62905032773693,0.26825505518836223,True,True,True,True,True,True,True,0.1024053604996455,0.9766793489038024,True,NORMAL,NORMAL,IN_CONTROL
26,1,1,201.49243339635,0.979673799612793,0.9896732182359368,1.0053752897652106,5.1781038459242295,0.1022226308810109,10.045073339480076,1.052027102521452,52.49260026126094,2.9657800935153533,0.2069781585066353,4.75196610749263,12.351256199849606,291.46832854490015,0.4507333948007642,True,True,True,True,True,True,True,0.1022226308810109,0.9896732182359368,True,NORMAL,NORMAL,IN_CONTROL
26,1,2,201.49243339635,0.979673799612793,0.9896732182359368,1.0053752897652106,5.1781038459242295,0.1023468186036099,10.063085668669038,1.052027102521452,52.49260026126094,2.9657800935153533,0.2069781585066353,4.75196610749263,12.351256199849606,291.46832854490015,0.6308566866903753,True,True,True,True,True,True,True,0.1023468186036099,0.9896732182359368,True,NORMAL,NORMAL,IN_CONTROL
26,1,3,201.49243339635,0.979673799612793,0.9896732182359368,1.0053752897652106,5.1781038459242295,0.1025667542330886,10.044949038777824,1.052027102521452,52.49260026126094,2.9657800935153533,0.2069781585066353,4.75196610749263,12.351256199849606,291.46832854490015,0.4494903877782441,True,True,True,True,True,True,True,0.1025667542330886,0.9896732182359368,True,NORMAL,NORMAL,IN_CONTROL
26,1,4,201.49243339635,0.979673799612793,0.9896732182359368,1.0053752897652106,5.1781038459242295,0.1019840013388492,10.043818514289946,1.052027102521452,52.49260026126094,2.9657800935153533,0.2069781585066353,4.75196610749263,12.351256199849606,291.46832854490015,0.43818514289945654,True,True,True,True,True,True,True,0.1019840013388492,0.9896732182359368,True,NORMAL,NORMAL,IN_CONTROL
26,1,5,201.49243339635,0.979673799612793,0.9896732182359368,1.0053752897652106,5.1781038459242295,0.102110270394268,10.001643397776792,1.052027102521452,52.49260026126094,2.9657800935153533,0.2069781585066353,4.75196610749263,12.351256199849606,291.46832854490015,0.016433977767924546,True,True,True,True,True,True,True,0.102110270394268,0.9896732182359368,True,NORMAL,NORMAL,IN_CONTROL
26,2,1,201.49243339635,0.979673799612793,0.9896732182359368,1.0053752897652106,5.1781038459242295,0.1026033842636144,10.059298464026748,1.0610262038764775,52.52322497217475,2.9875855752207707,0.2055558332501578,4.719620958491896,12.351256199849606,291.46832854490015,0.5929846402674777,True,True,True,True,True,True,True,0.1026033842636144,0.9896732182359368,True,NORMAL,NORMAL,IN_CONTROL
26,2,2,201.49243339635,0.979673799612793,0.9896732182359368,1.0053752897652106,5.1781038459242295,0.1020153812194591,10.025939143669277,1.0610262038764775,52.52322497217475,2.9875855752207707,0.2055558332501578,4.719620958491896,12.351256199849606,291.46832854490015,0.2593914366927663,True,True,True,True,True,True,True,0.1020153812194591,0.9896732182359368,True,NORMAL,NORMAL,IN_CONTROL
26,2,3,201.49243339635,0.979673799612793,0.9896732182359368,1.0053752897652106,5.1781038459242295,0.1026166726457586,10.064464485761365,1.0610262038764775,52.52322497217475,2.9875855752207707,0.2055558332501578,4.719620958491896,12.351256199849606,291.46832854490015,0.6446448576136454,True,True,True,True,True,True,True,0.1026166726457586,0.9896732182359368,True,NORMAL,NORMAL,IN_CONTROL
26,2,4,201.49243339635,0.979673799612793,0.9896732182359368,1.0053752897652106,5.1781038459242295,0.1020650924524986,10.055290658478784,1.0610262038764775,52.52322497217475,2.9875855752207707,0.2055558332501578,4.719620958491896,12.351256199849606,291.46832854490015,0.5529065847878378,True,True,True,True,True,True,True,0.1020650924524986,0.9896732182359368,True,NORMAL,NORMAL,IN_CONTROL
26,2,5,201.49243339635,0.979673799612793,0.9896732182359368,1.0053752897652106,5.1781038459242295,0.1024135145043945,10.063086435794892,1.0610262038764775,52.52322497217475,2.9875855752207707,0.2055558332501578,4.719620958491896,12.351256199849606,291.46832854490015,0.6308643579489193,True,True,True,True,True,True,True,0.1024135145043945,0.9896732182359368,True,NORMAL,NORMAL,IN_CONTROL
26,3,1,201.49243339635,0.979673799612793,0.9896732182359368,1.0053752897652106,5.1781038459242295,0.1026649247639575,10.026331980979576,1.0724066705803847,54.264955789528926,2.9848582696656365,0.2065739000615166,4.622942133760947,12.351256199849606,291.46832854490015,0.26331980979575675,True,True,True,True,True,True,True,0.1026649247639575,0.9896732182359368,True,NORMAL,NORMAL,IN_CONTROL
26,3,2,201.49243339635,0.979673799612793,0.9896732182359368,1.0053752897652106,5.1781038459242295,0.1023822637373421,10.020805734954475,1.0724066705803847,54.264955789528926,2.9848582696656365,0.2065739000615166,4.622942133760947,12.351256199849606,291.46832854490015,0.2080573495447524,True,True,True,True,True,True,True,0.1023822637373421,0.9896732182359368,True,NORMAL,NORMAL,IN_CONTROL
26,3,3,201.49243339635,0.979673799612793,0.9896732182359368,1.0053752897652106,5.1781038459242295,0.1023575711985567,10.03744681261054,1.0724066705803847,54.264955789528926,2.9848582696656365,0.2065739000615166,4.622942133760947,12.351256199849606,291.46832854490015,0.37446812610539837,True,True,True,True,True,True,True,0.1023575711985567,0.9896732182359368,True,NORMAL,NORMAL,IN_CONTROL
26,3,4,201.49243339635,0.979673799612793,0.9896732182359368,1.0053752897652106,5.1781038459242295,0.1027289045949569,10.01146270476863,1.0724066705803847,54.264955789528926,2.9848582696656365,0.2065739000615166,4.622942133760947,12.351256199849606,291.46832854490015,0.11462704768630873,True,True,True,True,True,True,True,0.1027289045949569,0.9896732182359368,True,NORMAL,NORMAL,IN_CONTROL
26,3,5,201.49243339635,0.979673799612793,0.9896732182359368,1.0053752897652106,5.1781038459242295,0.1025728217212456,10.047874448184087,1.0724066705803847,54.264955789528926,2.9848582696656365,0.2065739000615166,4.622942133760947,12.351256199849606,291.46832854490015,0.47874448184087365,True,True,True,True,True,True,True,0.1025728217212456,0.9896732182359368,True,NORMAL,NORMAL,IN_CONTROL
26,4,1,201.49243339635,0.979673799612793,0.9896732182359368,1.0053752897652106,5.1781038459242295,0.1019821518384398,9.992134675885032,1.086757767736365,49.56214980274846,2.976131554808717,0.2146353494989984,4.742464663567527,12.351256199849606,291.46832854490015,-0.0786532411496843,True,True,True,True,True,True,True,0.1019821518384398,0.9896732182359368,True,NORMAL,NORMAL,IN_CONTROL
26,4,2,201.49243339635,0.979673799612793,0.9896732182359368,1.0053752897652106,5.1781038459242295,0.1022485648068639,10.00975165055622,1.086757767736365,49.56214980274846,2.976131554808717,0.2146353494989984,4.742464663567527,12.351256199849606,291.46832854490015,0.0975165055622007,True,True,True,True,True,True,True,0.1022485648068639,0.9896732182359368,True,NORMAL,NORMAL,IN_CONTROL
26,4,3,201.49243339635,0.979673799612793,0.9896732182359368,1.0053752897652106,5.1781038459242295,0.102111292737476,10.036355590852724,1.086757767736365,49.56214980274846,2.976131554808717,0.2146353494989984,4.742464663567527,12.351256199849606,291.46832854490015,0.3635559085272355,True,True,True,True,True,True,True,0.102111292737476,0.9896732182359368,True,NORMAL,NORMAL,IN_CONTROL
26,4,4,201.49243339635,0.979673799612793,0.9896732182359368,1.0053752897652106,5.1781038459242295,0.1022308525657217,10.000635047524367,1.086757767736365,49.56214980274846,2.976131554808717,0.2146353494989984,4.742464663567527,12.351256199849606,291.46832854490015,0.0063504752436749365,True,True,True,True,True,True,True,0.1022308525657217,0.9896732182359368,True,NORMAL,NORMAL,IN_CONTROL
26,4,5,201.49243339635,0.979673799612793,0.9896732182359368,1.0053752897652106,5.1781038459242295,0.1016847259842955,9.99825600439851,1.086757767736365,49.56214980274846,2.976131554808717,0.2146353494989984,4.742464663567527,12.351256199849606,291.46832854490015,-0.017439956014904112,True,True,True,True,True,True,True,0.1016847259842955,0.9896732182359368,True,NORMAL,NORMAL,IN_CONTROL
26,5,1,201.49243339635,0.979673799612793,0.9896732182359368,1.0053752897652106,5.1781038459242295,0.1010417201570425,9.960206893457183,1.0100974980242974,51.1967070285536,2.9827114275063336,0.2028432778940477,4.050383646023552,12.351256199849606,291.46832854490015,-0.39793106542816753,True,True,True,True,True,True,True,0.1010417201570425,0.9896732182359368,True,NORMAL,NORMAL,IN_CONTROL
26,5,2,201.49243339635,0.979673799612793,0.9896732182359368,1.0053752897652106,5.1781038459242295,0.1016391354551517,9.96676792980786,1.0100974980242974,51.1967070285536,2.9827114275063336,0.2028432778940477,4.050383646023552,12.351256199849606,291.46832854490015,-0.3323207019214003,True,True,True,True,True,True,True,0.1016391354551517,0.9896732182359368,True,NORMAL,NORMAL,IN_CONTROL
26,5,3,201.49243339635,0.979673799612793,0.9896732182359368,1.0053752897652106,5.1781038459242295,0.1014475550903187,9.966646827178591,1.0100974980242974,51.1967070285536,2.9827114275063336,0.2028432778940477,4.050383646023552,12.351256199849606,291.46832854490015,-0.33353172821408705,True,True,True,True,True,True,True,0.1014475550903187,0.9896732182359368,True,NORMAL,NORMAL,IN_CONTROL
26,5,4,201.49243339635,0.979673799612793,0.9896732182359368,1.0053752897652106,5.1781038459242295,0.1011705866336572,9.975543668767523,1.0100974980242974,51.1967070285536,2.9827114275063336,0.2028432778940477,4.050383646023552,12.351256199849606,291.46832854490015,-0.2445633123247681,True,True,True,True,True,True,True,0.1011705866336572,0.9896732182359368,True,NORMAL,NORMAL,IN_CONTROL
26,5,5,201.49243339635,0.979673799612793,0.9896732182359368,1.0053752897652106,5.1781038459242295,0.1011656432558847,9.96332730472095,1.0100974980242974,51.1967070285536,2.9827114275063336,0.2028432778940477,4.050383646023552,12.351256199849606,291.46832854490015,-0.36672695279049705,True,True,True,True,True,True,True,0.1011656432558847,0.9896732182359368,True,NORMAL,NORMAL,IN_CONTROL
26,6,1,201.49243339635,0.979673799612793,0.9896732182359368,1.0053752897652106,5.1781038459242295,0.1025462534619124,10.007941637101151,1.029903363729315,51.42986886306288,2.986104716567963,0.2077220048115841,4.54992893840374,12.351256199849606,291.46832854490015,0.07941637101151144,True,True,True,True,True,True,True,0.1025462534619124,0.9896732182359368,True,NORMAL,NORMAL,IN_CONTROL
26,6,2,201.49243339635,0.979673799612793,0.9896732182359368,1.0053752897652106,5.1781038459242295,0.1025925490870693,9.992736627353436,1.029903363729315,51.42986886306288,2.986104716567963,0.2077220048115841,4.54992893840374,12.351256199849606,291.46832854490015,-0.07263372646564292,True,True,True,True,True,True,True,0.1025925490870693,0.9896732182359368,True,NORMAL,NORMAL,IN_CONTROL
26,6,3,201.49243339635,0.979673799612793,0.9896732182359368,1.0053752897652106,5.1781038459242295,0.1022879200676769,9.996437444789043,1.029903363729315,51.42986886306288,2.986104716567963,0.2077220048115841,4.54992893840374,12.351256199849606,291.46832854490015,-0.035625552109568304,True,True,True,True,True,True,True,0.1022879200676769,0.9896732182359368,True,NORMAL,NORMAL,IN_CONTROL
26,6,4,201.49243339635,0.979673799612793,0.9896732182359368,1.0053752897652106,5.1781038459242295,0.1024638180123014,9.98140245901713,1.029903363729315,51.42986886306288,2.986104716567963,0.2077220048115841,4.54992893840374,12.351256199849606,291.46832854490015,-0.18597540982870697,True,True,True,True,True,True,True,0.1024638180123014,0.9896732182359368,True,NORMAL,NORMAL,IN_CONTROL
26,6,5,201.49243339635,0.979673799612793,0.9896732182359368,1.0053752897652106,5.1781038459242295,0.1023630024123493,10.014267441581897,1.029903363729315,51.42986886306288,2.986104716567963,0.2077220048115841,4.54992893840374,12.351256199849606,291.46832854490015,0.14267441581896634,True,True,True,True,True,True,True,0.1023630024123493,0.9896732182359368,True,NORMAL,NORMAL,IN_CONTROL
26,7,1,201.49243339635,0.979673799612793,0.9896732182359368,1.0053752897652106,5.1781038459242295,0.1033113948625457,10.097853903570211,1.07612075668784,53.16973980832824,2.990409569744153,0.2040804774211022,4.158411176270416,12.351256199849606,291.46832854490015,0.978539035702113,True,True,True,True,True,True,True,0.1033113948625457,0.9896732182359368,True,NORMAL,NORMAL,IN_CONTROL
26,7,2,201.49243339635,0.979673799612793,0.9896732182359368,1.0053752897652106,5.1781038459242295,0.1032265710731718,10.106912326552523,1.07612075668784,53.16973980832824,2.990409569744153,0.2040804774211022,4.158411176270416,12.351256199849606,291.46832854490015,1.0691232655252314,True,True,True,True,True,True,True,0.1032265710731718,0.9896732182359368,True,NORMAL,NORMAL,IN_CONTROL
26,7,3,201.49243339635,0.979673799612793,0.9896732182359368,1.0053752897652106,5.1781038459242295,0.1032585465622202,10.124636727489404,1.07612075668784,53.16973980832824,2.990409569744153,0.2040804774211022,4.158411176270416,12.351256199849606,291.46832854490015,1.2463672748940446,True,True,True,True,True,True,True,0.1032585465622202,0.9896732182359368,True,NORMAL,NORMAL,IN_CONTROL
26,7,4,201.49243339635,0.979673799612793,0.9896732182359368,1.0053752897652106,5.1781038459242295,0.1028620604673256,10.116724857654432,1.07612075668784,53.16973980832824,2.990409569744153,0.2040804774211022,4.158411176270416,12.351256199849606,291.46832854490015,1.1672485765443241,True,True,True,True,True,True,True,0.1028620604673256,0.9896732182359368,True,NORMAL,NORMAL,IN_CONTROL
26,7,5,201.49243339635,0.979673799612793,0.9896732182359368,1.0053752897652106,5.1781038459242295,0.1036281634667888,10.08801299681223,1.07612075668784,53.16973980832824,2.990409569744153,0.2040804774211022,4.158411176270416,12.351256199849606,291.46832854490015,0.8801299681223007,True,True,True,True,True,True,True,0.1036281634667888,0.9896732182359368,True,NORMAL,NORMAL,IN_CONTROL
26,8,1,201.49243339635,0.979673799612793,0.9896732182359368,1.0053752897652106,5.1781038459242295,0.1017589196591063,10.02887830579123,1.018349017901612,51.72537367461622,2.9776004497642306,0.2025920399637088,4.35490756165076,12.351256199849606,291.46832854490015,0.2887830579122941,True,True,True,True,True,True,True,0.1017589196591063,0.9896732182359368,True,NORMAL,NORMAL,IN_CONTROL
26,8,2,201.49243339635,0.979673799612793,0.9896732182359368,1.0053752897652106,5.1781038459242295,0.1020247204161825,10.04847289870547,1.018349017901612,51.72537367461622,2.9776004497642306,0.2025920399637088,4.35490756165076,12.351256199849606,291.46832854490015,0.48472898705469447,True,True,True,True,True,True,True,0.1020247204161825,0.9896732182359368,True,NORMAL,NORMAL,IN_CONTROL
26,8,3,201.49243339635,0.979673799612793,0.9896732182359368,1.0053752897652106,5.1781038459242295,0.1017138612979361,10.035805102772535,1.018349017901612,51.72537367461622,2.9776004497642306,0.2025920399637088,4.35490756165076,12.351256199849606,291.46832854490015,0.35805102772535236,True,True,True,True,True,True,True,0.1017138612979361,0.9896732182359368,True,NORMAL,NORMAL,IN_CONTROL
26,8,4,201.49243339635,0.979673799612793,0.9896732182359368,1.0053752897652106,5.1781038459242295,0.1020450977512918,10.029991475279402,1.018349017901612,51.72537367461622,2.9776004497642306,0.2025920399637088,4.35490756165076,12.351256199849606,291.46832854490015,0.2999147527940238,True,True,True,True,True,True,True,0.1020450977512918,0.9896732182359368,True,NORMAL,NORMAL,IN_CONTROL
26,8,5,201.49243339635,0.979673799612793,0.9896732182359368,1.0053752897652106,5.1781038459242295,0.1019086298722469,10.042589789124088,1.018349017901612,51.72537367461622,2.9776004497642306,0.2025920399637088,4.35490756165076,12.351256199849606,291.46832854490015,0.42589789124088284,True,True,True,True,True,True,True,0.1019086298722469,0.9896732182359368,True,NORMAL,NORMAL,IN_CONTROL
26,9,1,201.49243339635,0.979673799612793,0.9896732182359368,1.0053752897652106,5.1781038459242295,0.1025684282125169,10.069926859525838,1.060776266263556,51.88464458766533,2.9720823030366166,0.2072465603355754,4.767379255546321,12.351256199849606,291.46832854490015,0.6992685952583777,True,True,True,True,True,True,True,0.1025684282125169,0.9896732182359368,True,NORMAL,NORMAL,IN_CONTROL
26,9,2,201.49243339635,0.979673799612793,0.9896732182359368,1.0053752897652106,5.1781038459242295,0.102199748338652,10.055982967195495,1.060776266263556,51.88464458766533,2.9720823030366166,0.2072465603355754,4.767379255546321,12.351256199849606,291.46832854490015,0.5598296719549545,True,True,True,True,True,True,True,0.102199748338652,0.9896732182359368,True,NORMAL,NORMAL,IN_CONTROL
26,9,3,201.49243339635,0.979673799612793,0.9896732182359368,1.0053752897652106,5.1781038459242295,0.1025697064389451,10.06957040380283,1.060776266263556,51.88464458766533,2.9720823030366166,0.2072465603355754,4.767379255546321,12.351256199849606,291.46832854490015,0.6957040380282997,True,True,True,True,True,True,True,0.1025697064389451,0.9896732182359368,True,NORMAL,NORMAL,IN_CONTROL
26,9,4,201.49243339635,0.979673799612793,0.9896732182359368,1.0053752897652106,5.1781038459242295,0.1027745994708433,10.052778781121823,1.060776266263556,51.88464458766533,2.9720823030366166,0.2072465603355754,4.767379255546321,12.351256199849606,291.46832854490015,0.5277878112182322,True,True,True,True,True,True,True,0.1027745994708433,0.9896732182359368,True,NORMAL,NORMAL,IN_CONTROL
26,9,5,201.49243339635,0.979673799612793,0.9896732182359368,1.0053752897652106,5.1781038459242295,0.1022667152004483,10.047919707097858,1.060776266263556,51.88464458766533,2.9720823030366166,0.2072465603355754,4.767379255546321,12.351256199849606,291.46832854490015,0.4791970709785787,True,True,True,True,True,True,True,0.1022667152004483,0.9896732182359368,True,NORMAL,NORMAL,IN_CONTROL
26,10,1,201.49243339635,0.979673799612793,0.9896732182359368,1.0053752897652106,5.1781038459242295,0.1030232628741786,10.077242300968408,1.026250573531295,52.661877505898026,2.9819192060920794,0.1982046417765877,4.464976845550993,12.351256199849606,291.46832854490015,0.7724230096840756,True,True,True,True,True,True,True,0.1030232628741786,0.9896732182359368,True,NORMAL,NORMAL,IN_CONTROL
26,10,2,201.49243339635,0.979673799612793,0.9896732182359368,1.0053752897652106,5.1781038459242295,0.1034690910110308,10.081746403645656,1.026250573531295,52.661877505898026,2.9819192060920794,0.1982046417765877,4.464976845550993,12.351256199849606,291.46832854490015,0.8174640364565633,True,True,True,True,True,True,True,0.1034690910110308,0.9896732182359368,True,NORMAL,NORMAL,IN_CONTROL
26,10,3,201.49243339635,0.979673799612793,0.9896732182359368,1.0053752897652106,5.1781038459242295,0.1028129498783096,10.07315028837652,1.026250573531295,52.661877505898026,2.9819192060920794,0.1982046417765877,4.464976845550993,12.351256199849606,291.46832854490015,0.7315028837651916,True,True,True,True,True,True,True,0.1028129498783096,0.9896732182359368,True,NORMAL,NORMAL,IN_CONTROL
26,10,4,201.49243339635,0.979673799612793,0.9896732182359368,1.0053752897652106,5.1781038459242295,0.1030322593170761,10.08292173797187,1.026250573531295,52.661877505898026,2.9819192060920794,0.1982046417765877,4.464976845550993,12.351256199849606,291.46832854490015,0.8292173797186919,True,True,True,True,True,True,True,0.1030322593170761,0.9896732182359368,True,NORMAL,NORMAL,IN_CONTROL
26,10,5,201.49243339635,0.979673799612793,0.9896732182359368,1.0053752897652106,5.1781038459242295,0.1030427142014005,10.07565173560912,1.026250573531295,52.661877505898026,2.9819192060920794,0.1982046417765877,4.464976845550993,12.351256199849606,291.46832854490015,0.7565173560912086,True,True,True,True,True,True,True,0.1030427142014005,0.9896732182359368,True,NORMAL,NORMAL,IN_CONTROL
27,1,1,203.3627567000165,0.9327788721700616,0.9941749914530104,0.999944664615274,4.921885750771722,0.1017032784546461,10.063161094416683,1.018775992465753,47.95771858637034,2.99306732799036,0.1937065793750713,5.132734922252112,11.837891157611727,304.1082192823856,0.6316109441668338,True,True,True,True,True,True,True,0.1017032784546461,0.9941749914530104,True,NORMAL,NORMAL,IN_CONTROL
27,1,2,203.3627567000165,0.9327788721700616,0.9941749914530104,0.999944664615274,4.921885750771722,0.1020871826367303,10.037814139793568,1.018775992465753,47.95771858637034,2.99306732799036,0.1937065793750713,5.132734922252112,11.837891157611727,304.1082192823856,0.37814139793567847,True,True,True,True,True,True,True,0.1020871826367303,0.9941749914530104,True,NORMAL,NORMAL,IN_CONTROL
27,1,3,203.3627567000165,0.9327788721700616,0.9941749914530104,0.999944664615274,4.921885750771722,0.1016021599419997,10.050196949663482,1.018775992465753,47.95771858637034,2.99306732799036,0.1937065793750713,5.132734922252112,11.837891157611727,304.1082192823856,0.5019694966348176,True,True,True,True,True,True,True,0.1016021599419997,0.9941749914530104,True,NORMAL,NORMAL,IN_CONTROL
27,1,4,203.3627567000165,0.9327788721700616,0.9941749914530104,0.999944664615274,4.921885750771722,0.1012556042731275,10.072275822251568,1.018775992465753,47.95771858637034,2.99306732799036,0.1937065793750713,5.132734922252112,11.837891157611727,304.1082192823856,0.7227582225156759,True,True,True,True,True,True,True,0.1012556042731275,0.9941749914530104,True,NORMAL,NORMAL,IN_CONTROL
27,1,5,203.3627567000165,0.9327788721700616,0.9941749914530104,0.999944664615274,4.921885750771722,0.1016054497322465,10.051140417517958,1.018775992465753,47.95771858637034,2.99306732799036,0.1937065793750713,5.132734922252112,11.837891157611727,304.1082192823856,0.5114041751795817,True,True,True,True,True,True,True,0.1016054497322465,0.9941749914530104,True,NORMAL,NORMAL,IN_CONTROL
27,2,1,203.3627567000165,0.9327788721700616,0.9941749914530104,0.999944664615274,4.921885750771722,0.1020709010795771,10.128530786576002,1.0443704650398382,50.39365187916088,3.000160697668998,0.1959845461486298,5.1711030861098255,11.837891157611727,304.1082192823856,1.2853078657600214,True,True,True,True,True,True,True,0.1020709010795771,0.9941749914530104,True,NORMAL,NORMAL,IN_CONTROL
27,2,2,203.3627567000165,0.9327788721700616,0.9941749914530104,0.999944664615274,4.921885750771722,0.1007955714782845,10.15438801701074,1.0443704650398382,50.39365187916088,3.000160697668998,0.1959845461486298,5.1711030861098255,11.837891157611727,304.1082192823856,1.5438801701074034,True,True,True,True,True,True,True,0.1007955714782845,0.9941749914530104,True,NORMAL,NORMAL,IN_CONTROL
27,2,3,203.3627567000165,0.9327788721700616,0.9941749914530104,0.999944664615274,4.921885750771722,0.1017868228887509,10.14615764241432,1.0443704650398382,50.39365187916088,3.000160697668998,0.1959845461486298,5.1711030861098255,11.837891157611727,304.1082192823856,1.461576424143196,True,True,True,True,True,True,True,0.1017868228887509,0.9941749914530104,True,NORMAL,NORMAL,IN_CONTROL
27,2,4,203.3627567000165,0.9327788721700616,0.9941749914530104,0.999944664615274,4.921885750771722,0.1018051402857721,10.14773336763666,1.0443704650398382,50.39365187916088,3.000160697668998,0.1959845461486298,5.1711030861098255,11.837891157611727,304.1082192823856,1.4773336763665945,True,True,True,True,True,True,True,0.1018051402857721,0.9941749914530104,True,NORMAL,NORMAL,IN_CONTROL
27,2,5,203.3627567000165,0.9327788721700616,0.9941749914530104,0.999944664615274,4.921885750771722,0.1011988438306377,10.138399203690197,1.0443704650398382,50.39365187916088,3.000160697668998,0.1959845461486298,5.1711030861098255,11.837891157611727,304.1082192823856,1.3839920369019687,True,True,True,True,True,True,True,0.1011988438306377,0.9941749914530104,True,NORMAL,NORMAL,IN_CONTROL
27,3,1,203.3627567000165,0.9327788721700616,0.9941749914530104,0.999944664615274,4.921885750771722,0.1009792822269237,10.039405684205654,0.9857280999890472,50.41526988061111,2.99406961061083,0.1998916302855189,4.974300939920609,11.837891157611727,304.1082192823856,0.3940568420565426,True,True,True,True,True,True,True,0.1009792822269237,0.9941749914530104,True,NORMAL,NORMAL,IN_CONTROL
27,3,2,203.3627567000165,0.9327788721700616,0.9941749914530104,0.999944664615274,4.921885750771722,0.1019693512816304,10.063083096467915,0.9857280999890472,50.41526988061111,2.99406961061083,0.1998916302855189,4.974300939920609,11.837891157611727,304.1082192823856,0.6308309646791521,True,True,True,True,True,True,True,0.1019693512816304,0.9941749914530104,True,NORMAL,NORMAL,IN_CONTROL
27,3,3,203.3627567000165,0.9327788721700616,0.9941749914530104,0.999944664615274,4.921885750771722,0.1008573008344809,10.071647011519728,0.9857280999890472,50.41526988061111,2.99406961061083,0.1998916302855189,4.974300939920609,11.837891157611727,304.1082192823856,0.7164701151972785,True,True,True,True,True,True,True,0.1008573008344809,0.9941749914530104,True,NORMAL,NORMAL,IN_CONTROL
27,3,4,203.3627567000165,0.9327788721700616,0.9941749914530104,0.999944664615274,4.921885750771722,0.1015949073599256,10.01595249640372,0.9857280999890472,50.41526988061111,2.99406961061083,0.1998916302855189,4.974300939920609,11.837891157611727,304.1082192823856,0.15952496403720318,True,True,True,True,True,True,True,0.1015949073599256,0.9941749914530104,True,NORMAL,NORMAL,IN_CONTROL
27,3,5,203.3627567000165,0.9327788721700616,0.9941749914530104,0.999944664615274,4.921885750771722,0.1017173710728774,10.061451026897355,0.9857280999890472,50.41526988061111,2.99406961061083,0.1998916302855189,4.974300939920609,11.837891157611727,304.1082192823856,0.6145102689735538,True,True,True,True,True,True,True,0.1017173710728774,0.9941749914530104,True,NORMAL,NORMAL,IN_CONTROL
27,4,1,203.3627567000165,0.9327788721700616,0.9941749914530104,0.999944664615274,4.921885750771722,0.101922107647807,10.038251339378697,1.0215648344117527,48.74051509576244,2.9961902196353702,0.199027921956817,5.0684981314777415,11.837891157611727,304.1082192823856,0.38251339378696514,True,True,True,True,True,True,True,0.101922107647807,0.9941749914530104,True,NORMAL,NORMAL,IN_CONTROL
27,4,2,203.3627567000165,0.9327788721700616,0.9941749914530104,0.999944664615274,4.921885750771722,0.1012313901848403,10.031511494676684,1.0215648344117527,48.74051509576244,2.9961902196353702,0.199027921956817,5.0684981314777415,11.837891157611727,304.1082192823856,0.3151149467668368,True,True,True,True,True,True,True,0.1012313901848403,0.9941749914530104,True,NORMAL,NORMAL,IN_CONTROL
27,4,3,203.3627567000165,0.9327788721700616,0.9941749914530104,0.999944664615274,4.921885750771722,0.1014485186255165,10.068235880041811,1.0215648344117527,48.74051509576244,2.9961902196353702,0.199027921956817,5.0684981314777415,11.837891157611727,304.1082192823856,0.6823588004181147,True,True,True,True,True,True,True,0.1014485186255165,0.9941749914530104,True,NORMAL,NORMAL,IN_CONTROL
27,4,4,203.3627567000165,0.9327788721700616,0.9941749914530104,0.999944664615274,4.921885750771722,0.1016101677501575,10.02990774573066,1.0215648344117527,48.74051509576244,2.9961902196353702,0.199027921956817,5.0684981314777415,11.837891157611727,304.1082192823856,0.2990774573065913,True,True,True,True,True,True,True,0.1016101677501575,0.9941749914530104,True,NORMAL,NORMAL,IN_CONTROL
27,4,5,203.3627567000165,0.9327788721700616,0.9941749914530104,0.999944664615274,4.921885750771722,0.1015139036537327,10.039478769575611,1.0215648344117527,48.74051509576244,2.9961902196353702,0.199027921956817,5.0684981314777415,11.837891157611727,304.1082192823856,0.3947876957561114,True,True,True,True,True,True,True,0.1015139036537327,0.9941749914530104,True,NORMAL,NORMAL,IN_CONTROL
27,5,1,203.3627567000165,0.9327788721700616,0.9941749914530104,0.999944664615274,4.921885750771722,0.1011766288846751,10.043729272495709,1.001424210331541,46.8304912749816,3.0077250290215645,0.1985102685229182,5.076027906768829,11.837891157611727,304.1082192823856,0.43729272495708577,True,True,True,True,True,True,True,0.1011766288846751,0.9941749914530104,True,NORMAL,NORMAL,IN_CONTROL
27,5,2,203.3627567000165,0.9327788721700616,0.9941749914530104,0.999944664615274,4.921885750771722,0.1017588460924024,10.054384375569724,1.001424210331541,46.8304912749816,3.0077250290215645,0.1985102685229182,5.076027906768829,11.837891157611727,304.1082192823856,0.5438437556972353,True,True,True,True,True,True,True,0.1017588460924024,0.9941749914530104,True,NORMAL,NORMAL,IN_CONTROL
27,5,3,203.3627567000165,0.9327788721700616,0.9941749914530104,0.999944664615274,4.921885750771722,0.1015453529591319,10.055690282992463,1.001424210331541,46.8304912749816,3.0077250290215645,0.1985102685229182,5.076027906768829,11.837891157611727,304.1082192823856,0.5569028299246348,True,True,True,True,True,True,True,0.1015453529591319,0.9941749914530104,True,NORMAL,NORMAL,IN_CONTROL
27,5,4,203.3627567000165,0.9327788721700616,0.9941749914530104,0.999944664615274,4.921885750771722,0.1011821432811537,10.054714926278765,1.001424210331541,46.8304912749816,3.0077250290215645,0.1985102685229182,5.076027906768829,11.837891157611727,304.1082192823856,0.5471492627876451,True,True,True,True,True,True,True,0.1011821432811537,0.9941749914530104,True,NORMAL,NORMAL,IN_CONTROL
27,5,5,203.3627567000165,0.9327788721700616,0.9941749914530104,0.999944664615274,4.921885750771722,0.1017030825010986,10.060827172557737,1.001424210331541,46.8304912749816,3.0077250290215645,0.1985102685229182,5.076027906768829,11.837891157611727,304.1082192823856,0.6082717255773673,True,True,True,True,True,True,True,0.1017030825010986,0.9941749914530104,True,NORMAL,NORMAL,IN_CONTROL
27,6,1,203.3627567000165,0.9327788721700616,0.9941749914530104,0.999944664615274,4.921885750771722,0.0999918112868425,9.977751287389848,0.9377604755502222,48.100476614207466,2.9942626472305647,0.1941086897012507,4.815134684254063,11.837891157611727,304.1082192823856,-0.22248712610151597,True,True,True,True,True,True,True,0.0999918112868425,0.9941749914530104,True,NORMAL,NORMAL,IN_CONTROL
27,6,2,203.3627567000165,0.9327788721700616,0.9941749914530104,0.999944664615274,4.921885750771722,0.1004182843250572,10.026016873748205,0.9377604755502222,48.100476614207466,2.9942626472305647,0.1941086897012507,4.815134684254063,11.837891157611727,304.1082192823856,0.26016873748204716,True,True,True,True,True,True,True,0.1004182843250572,0.9941749914530104,True,NORMAL,NORMAL,IN_CONTROL
27,6,3,203.3627567000165,0.9327788721700616,0.9941749914530104,0.999944664615274,4.921885750771722,0.0999963743370891,10.010810433219424,0.9377604755502222,48.100476614207466,2.9942626472305647,0.1941086897012507,4.815134684254063,11.837891157611727,304.1082192823856,0.10810433219424098,True,True,True,True,True,True,True,0.0999963743370891,0.9941749914530104,True,NORMAL,NORMAL,IN_CONTROL
27,6,4,203.3627567000165,0.9327788721700616,0.9941749914530104,0.999944664615274,4.921885750771722,0.0999554610813125,9.98493647102243,0.9377604755502222,48.100476614207466,2.9942626472305647,0.1941086897012507,4.815134684254063,11.837891157611727,304.1082192823856,-0.15063528977570684,True,True,True,True,True,True,True,0.0999554610813125,0.9941749914530104,True,NORMAL,NORMAL,IN_CONTROL
27,6,5,203.3627567000165,0.9327788721700616,0.9941749914530104,0.999944664615274,4.921885750771722,0.1005576609378908,10.007347503928786,0.9377604755502222,48.100476614207466,2.9942626472305647,0.1941086897012507,4.815134684254063,11.837891157611727,304.1082192823856,0.07347503928786026,True,True,True,True,True,True,True,0.1005576609378908,0.9941749914530104,True,NORMAL,NORMAL,IN_CONTROL
27,7,1,203.3627567000165,0.9327788721700616,0.9941749914530104,0.999944664615274,4.921885750771722,0.1017838255934024,10.065633789542792,0.9740529245988784,49.21252856637291,2.996713934836339,0.1983485641730376,5.365045947689797,11.837891157611727,304.1082192823856,0.6563378954279209,True,True,True,True,True,True,True,0.1017838255934024,0.9941749914530104,True,NORMAL,NORMAL,IN_CONTROL
27,7,2,203.3627567000165,0.9327788721700616,0.9941749914530104,0.999944664615274,4.921885750771722,0.101414461189669,10.110651776900603,0.9740529245988784,49.21252856637291,2.996713934836339,0.1983485641730376,5.365045947689797,11.837891157611727,304.1082192823856,1.1065177690060324,True,True,True,True,True,True,True,0.101414461189669,0.9941749914530104,True,NORMAL,NORMAL,IN_CONTROL
27,7,3,203.3627567000165,0.9327788721700616,0.9941749914530104,0.999944664615274,4.921885750771722,0.1016955170889088,10.082562416841371,0.9740529245988784,49.21252856637291,2.996713934836339,0.1983485641730376,5.365045947689797,11.837891157611727,304.1082192823856,0.8256241684137143,True,True,True,True,True,True,True,0.1016955170889088,0.9941749914530104,True,NORMAL,NORMAL,IN_CONTROL
27,7,4,203.3627567000165,0.9327788721700616,0.9941749914530104,0.999944664615274,4.921885750771722,0.1013754414902972,10.0889274996543,0.9740529245988784,49.21252856637291,2.996713934836339,0.1983485641730376,5.365045947689797,11.837891157611727,304.1082192823856,0.8892749965430014,True,True,True,True,True,True,True,0.1013754414902972,0.9941749914530104,True,NORMAL,NORMAL,IN_CONTROL
27,7,5,203.3627567000165,0.9327788721700616,0.9941749914530104,0.999944664615274,4.921885750771722,0.102054114822933,10.101319477738604,0.9740529245988784,49.21252856637291,2.996713934836339,0.1983485641730376,5.365045947689797,11.837891157611727,304.1082192823856,1.013194777386044,True,True,True,True,True,True,True,0.102054114822933,0.9941749914530104,True,NORMAL,NORMAL,IN_CONTROL
27,8,1,203.3627567000165,0.9327788721700616,0.9941749914530104,0.999944664615274,4.921885750771722,0.1007075404109587,10.062454965564308,0.9987749542445356,48.28853849439983,2.996657664182668,0.2054125372450345,4.979802562725973,11.837891157611727,304.1082192823856,0.624549655643083,True,True,True,True,True,True,True,0.1007075404109587,0.9941749914530104,True,NORMAL,NORMAL,IN_CONTROL
27,8,2,203.3627567000165,0.9327788721700616,0.9941749914530104,0.999944664615274,4.921885750771722,0.100293736691005,10.05997111169454,0.9987749542445356,48.28853849439983,2.996657664182668,0.2054125372450345,4.979802562725973,11.837891157611727,304.1082192823856,0.5997111169454072,True,True,True,True,True,True,True,0.100293736691005,0.9941749914530104,True,NORMAL,NORMAL,IN_CONTROL
27,8,3,203.3627567000165,0.9327788721700616,0.9941749914530104,0.999944664615274,4.921885750771722,0.1005201469731008,10.064668675857298,0.9987749542445356,48.28853849439983,2.996657664182668,0.2054125372450345,4.979802562725973,11.837891157611727,304.1082192823856,0.646686758572983,True,True,True,True,True,True,True,0.1005201469731008,0.9941749914530104,True,NORMAL,NORMAL,IN_CONTROL
27,8,4,203.3627567000165,0.9327788721700616,0.9941749914530104,0.999944664615274,4.921885750771722,0.1008269592681646,10.09457864867572,0.9987749542445356,48.28853849439983,2.996657664182668,0.2054125372450345,4.979802562725973,11.837891157611727,304.1082192823856,0.9457864867571963,True,True,True,True,True,True,True,0.1008269592681646,0.9941749914530104,True,NORMAL,NORMAL,IN_CONTROL
27,8,5,203.3627567000165,0.9327788721700616,0.9941749914530104,0.999944664615274,4.921885750771722,0.1003237624390823,10.088319111548849,0.9987749542445356,48.28853849439983,2.996657664182668,0.2054125372450345,4.979802562725973,11.837891157611727,304.1082192823856,0.8831911154884863,True,True,True,True,True,True,True,0.1003237624390823,0.9941749914530104,True,NORMAL,NORMAL,IN_CONTROL
27,9,1,203.3627567000165,0.9327788721700616,0.9941749914530104,0.999944664615274,4.921885750771722,0.1015157819940028,10.072722841655011,0.9773300309592644,48.90961229366782,3.000527440949176,0.1979058154199179,5.005671064266828,11.837891157611727,304.1082192823856,0.727228416550112,True,True,True,True,True,True,True,0.1015157819940028,0.9941749914530104,True,NORMAL,NORMAL,IN_CONTROL
27,9,2,203.3627567000165,0.9327788721700616,0.9941749914530104,0.999944664615274,4.921885750771722,0.1017351506538911,10.06649177414454,0.9773300309592644,48.90961229366782,3.000527440949176,0.1979058154199179,5.005671064266828,11.837891157611727,304.1082192823856,0.6649177414453966,True,True,True,True,True,True,True,0.1017351506538911,0.9941749914530104,True,NORMAL,NORMAL,IN_CONTROL
27,9,3,203.3627567000165,0.9327788721700616,0.9941749914530104,0.999944664615274,4.921885750771722,0.1012366985249199,10.026599682794116,0.9773300309592644,48.90961229366782,3.000527440949176,0.1979058154199179,5.005671064266828,11.837891157611727,304.1082192823856,0.2659968279411551,True,True,True,True,True,True,True,0.1012366985249199,0.9941749914530104,True,NORMAL,NORMAL,IN_CONTROL
27,9,4,203.3627567000165,0.9327788721700616,0.9941749914530104,0.999944664615274,4.921885750771722,0.1013108891586191,10.036150677058476,0.9773300309592644,48.90961229366782,3.000527440949176,0.1979058154199179,5.005671064266828,11.837891157611727,304.1082192823856,0.3615067705847608,True,True,True,True,True,True,True,0.1013108891586191,0.9941749914530104,True,NORMAL,NORMAL,IN_CONTROL
27,9,5,203.3627567000165,0.9327788721700616,0.9941749914530104,0.999944664615274,4.921885750771722,0.1017517328481235,10.047354584940315,0.9773300309592644,48.90961229366782,3.000527440949176,0.1979058154199179,5.005671064266828,11.837891157611727,304.1082192823856,0.4735458494031519,True,True,True,True,True,True,True,0.1017517328481235,0.9941749914530104,True,NORMAL,NORMAL,IN_CONTROL
27,10,1,203.3627567000165,0.9327788721700616,0.9941749914530104,0.999944664615274,4.921885750771722,0.1019684577830304,10.134879244257457,0.9828092438393204,47.105737490339045,2.998673595363612,0.1990294440446068,4.997112503037988,11.837891157611727,304.1082192823856,1.3487924425745668,True,True,True,True,True,True,True,0.1019684577830304,0.9941749914530104,True,NORMAL,NORMAL,IN_CONTROL
27,10,2,203.3627567000165,0.9327788721700616,0.9941749914530104,0.999944664615274,4.921885750771722,0.101307655680151,10.114857509926829,0.9828092438393204,47.105737490339045,2.998673595363612,0.1990294440446068,4.997112503037988,11.837891157611727,304.1082192823856,1.1485750992682853,True,True,True,True,True,True,True,0.101307655680151,0.9941749914530104,True,NORMAL,NORMAL,IN_CONTROL
27,10,3,203.3627567000165,0.9327788721700616,0.9941749914530104,0.999944664615274,4.921885750771722,0.1015678254370939,10.095186202514553,0.9828092438393204,47.105737490339045,2.998673595363612,0.1990294440446068,4.997112503037988,11.837891157611727,304.1082192823856,0.9518620251455269,True,True,True,True,True,True,True,0.1015678254370939,0.9941749914530104,True,NORMAL,NORMAL,IN_CONTROL
27,10,4,203.3627567000165,0.9327788721700616,0.9941749914530104,0.999944664615274,4.921885750771722,0.101746418176668,10.09120948978705,0.9828092438393204,47.105737490339045,2.998673595363612,0.1990294440446068,4.997112503037988,11.837891157611727,304.1082192823856,0.9120948978704922,True,True,True,True,True,True,True,0.101746418176668,0.9941749914530104,True,NORMAL,NORMAL,IN_CONTROL
27,10,5,203.3627567000165,0.9327788721700616,0.9941749914530104,0.999944664615274,4.921885750771722,0.101269786481256,10.108369104860392,0.9828092438393204,47.105737490339045,2.998673595363612,0.1990294440446068,4.997112503037988,11.837891157611727,304.1082192823856,1.0836910486039208,True,True,True,True,True,True,True,0.101269786481256,0.9941749914530104,True,NORMAL,NORMAL,IN_CONTROL
28,1,1,201.79522506364415,1.0030693100142658,0.9740639327988664,0.9992298571248256,5.02812064559229,0.1016017642940939,10.016836133385375,1.1111062630311774,51.61803580935226,2.983692324511835,0.1831143977989738,5.946438333959778,12.029535081108271,299.2634358457961,0.16836133385375263,True,True,True,True,True,True,True,0.1016017642940939,0.9740639327988664,True,NORMAL,NORMAL,IN_CONTROL
28,1,2,201.79522506364415,1.0030693100142658,0.9740639327988664,0.9992298571248256,5.02812064559229,0.1017945510609315,9.998751689404394,1.1111062630311774,51.61803580935226,2.983692324511835,0.1831143977989738,5.946438333959778,12.029535081108271,299.2634358457961,-0.012483105956064833,True,True,True,True,True,True,True,0.1017945510609315,0.9740639327988664,True,NORMAL,NORMAL,IN_CONTROL
28,1,3,201.79522506364415,1.0030693100142658,0.9740639327988664,0.9992298571248256,5.02812064559229,0.1019274179090832,9.98369663964247,1.1111062630311774,51.61803580935226,2.983692324511835,0.1831143977989738,5.946438333959778,12.029535081108271,299.2634358457961,-0.16303360357529328,True,True,True,True,True,True,True,0.1019274179090832,0.9740639327988664,True,NORMAL,NORMAL,IN_CONTROL
28,1,4,201.79522506364415,1.0030693100142658,0.9740639327988664,0.9992298571248256,5.02812064559229,0.1018286983591246,9.994468417906798,1.1111062630311774,51.61803580935226,2.983692324511835,0.1831143977989738,5.946438333959778,12.029535081108271,299.2634358457961,-0.05531582093201593,True,True,True,True,True,True,True,0.1018286983591246,0.9740639327988664,True,NORMAL,NORMAL,IN_CONTROL
28,1,5,201.79522506364415,1.0030693100142658,0.9740639327988664,0.9992298571248256,5.02812064559229,0.10163819031266,10.000953366799546,1.1111062630311774,51.61803580935226,2.983692324511835,0.1831143977989738,5.946438333959778,12.029535081108271,299.2634358457961,0.009533667995462736,True,True,True,True,True,True,True,0.10163819031266,0.9740639327988664,True,NORMAL,NORMAL,IN_CONTROL
28,2,1,201.79522506364415,1.0030693100142658,0.9740639327988664,0.9992298571248256,5.02812064559229,0.1010812594825467,9.967221308341674,1.1229164477762972,51.94648558735929,2.982046575639414,0.18577244946848,5.749073500793334,12.029535081108271,299.2634358457961,-0.327786916583257,True,True,True,True,True,True,True,0.1010812594825467,0.9740639327988664,True,NORMAL,NORMAL,IN_CONTROL
28,2,2,201.79522506364415,1.0030693100142658,0.9740639327988664,0.9992298571248256,5.02812064559229,0.1007836175283385,9.949200080540242,1.1229164477762972,51.94648558735929,2.982046575639414,0.18577244946848,5.749073500793334,12.029535081108271,299.2634358457961,-0.507999194597577,True,True,True,True,True,True,True,0.1007836175283385,0.9740639327988664,True,NORMAL,NORMAL,IN_CONTROL
28,2,3,201.79522506364415,1.0030693100142658,0.9740639327988664,0.9992298571248256,5.02812064559229,0.1019497122745192,9.96711879553866,1.1229164477762972,51.94648558735929,2.982046575639414,0.18577244946848,5.749073500793334,12.029535081108271,299.2634358457961,-0.3288120446134002,True,True,True,True,True,True,True,0.1019497122745192,0.9740639327988664,True,NORMAL,NORMAL,IN_CONTROL
28,2,4,201.79522506364415,1.0030693100142658,0.9740639327988664,0.9992298571248256,5.02812064559229,0.100692701959738,9.951551172904288,1.1229164477762972,51.94648558735929,2.982046575639414,0.18577244946848,5.749073500793334,12.029535081108271,299.2634358457961,-0.48448827095711516,True,True,True,True,True,True,True,0.100692701959738,0.9740639327988664,True,NORMAL,NORMAL,IN_CONTROL
28,2,5,201.79522506364415,1.0030693100142658,0.9740639327988664,0.9992298571248256,5.02812064559229,0.1010589782473642,9.959443912993398,1.1229164477762972,51.94648558735929,2.982046575639414,0.18577244946848,5.749073500793334,12.029535081108271,299.2634358457961,-0.4055608700660152,True,True,True,True,True,True,True,0.1010589782473642,0.9740639327988664,True,NORMAL,NORMAL,IN_CONTROL
28,3,1,201.79522506364415,1.0030693100142658,0.9740639327988664,0.9992298571248256,5.02812064559229,0.1018606806995429,9.93659451814453,1.0738716851611585,50.07331718497205,2.977026152701428,0.1862258404308374,5.470193832623023,12.029535081108271,299.2634358457961,-0.6340548185547057,True,True,True,True,True,True,True,0.1018606806995429,0.9740639327988664,True,NORMAL,NORMAL,IN_CONTROL
28,3,2,201.79522506364415,1.0030693100142658,0.9740639327988664,0.9992298571248256,5.02812064559229,0.1019070186139405,9.958225159139436,1.0738716851611585,50.07331718497205,2.977026152701428,0.1862258404308374,5.470193832623023,12.029535081108271,299.2634358457961,-0.41774840860563606,True,True,True,True,True,True,True,0.1019070186139405,0.9740639327988664,True,NORMAL,NORMAL,IN_CONTROL
28,3,3,201.79522506364415,1.0030693100142658,0.9740639327988664,0.9992298571248256,5.02812064559229,0.1022571690403991,9.932051826509726,1.0738716851611585,50.07331718497205,2.977026152701428,0.1862258404308374,5.470193832623023,12.029535081108271,299.2634358457961,-0.6794817349027404,True,True,True,True,True,True,True,0.1022571690403991,0.9740639327988664,True,NORMAL,NORMAL,IN_CONTROL
28,3,4,201.79522506364415,1.0030693100142658,0.9740639327988664,0.9992298571248256,5.02812064559229,0.1018265401074779,9.91226540938401,1.0738716851611585,50.07331718497205,2.977026152701428,0.1862258404308374,5.470193832623023,12.029535081108271,299.2634358457961,-0.8773459061598922,True,True,True,True,True,True,True,0.1018265401074779,0.9740639327988664,True,NORMAL,NORMAL,IN_CONTROL
28,3,5,201.79522506364415,1.0030693100142658,0.9740639327988664,0.9992298571248256,5.02812064559229,0.1020049033173478,9.943895734901751,1.0738716851611585,50.07331718497205,2.977026152701428,0.1862258404308374,5.470193832623023,12.029535081108271,299.2634358457961,-0.5610426509824862,True,True,True,True,True,True,True,0.1020049033173478,0.9740639327988664,True,NORMAL,NORMAL,IN_CONTROL
28,4,1,201.79522506364415,1.0030693100142658,0.9740639327988664,0.9992298571248256,5.02812064559229,0.1024864495704553,9.968246623419471,1.0448629151952118,51.14800829764413,2.981253272803844,0.1807137141396252,5.98405739060857,12.029535081108271,299.2634358457961,-0.3175337658052868,True,True,True,True,True,True,True,0.1024864495704553,0.9740639327988664,True,NORMAL,NORMAL,IN_CONTROL
28,4,2,201.79522506364415,1.0030693100142658,0.9740639327988664,0.9992298571248256,5.02812064559229,0.1024432914234611,9.995649686990372,1.0448629151952118,51.14800829764413,2.981253272803844,0.1807137141396252,5.98405739060857,12.029535081108271,299.2634358457961,-0.043503130096276266,True,True,True,True,True,True,True,0.1024432914234611,0.9740639327988664,True,NORMAL,NORMAL,IN_CONTROL
28,4,3,201.79522506364415,1.0030693100142658,0.9740639327988664,0.9992298571248256,5.02812064559229,0.1026087761841046,9.982395159715152,1.0448629151952118,51.14800829764413,2.981253272803844,0.1807137141396252,5.98405739060857,12.029535081108271,299.2634358457961,-0.17604840284848322,True,True,True,True,True,True,True,0.1026087761841046,0.9740639327988664,True,NORMAL,NORMAL,IN_CONTROL
28,4,4,201.79522506364415,1.0030693100142658,0.9740639327988664,0.9992298571248256,5.02812064559229,0.1023408517521602,9.966424597441804,1.0448629151952118,51.14800829764413,2.981253272803844,0.1807137141396252,5.98405739060857,12.029535081108271,299.2634358457961,-0.3357540255819558,True,True,True,True,True,True,True,0.1023408517521602,0.9740639327988664,True,NORMAL,NORMAL,IN_CONTROL
28,4,5,201.79522506364415,1.0030693100142658,0.9740639327988664,0.9992298571248256,5.02812064559229,0.1021574110061423,9.981356752405818,1.0448629151952118,51.14800829764413,2.981253272803844,0.1807137141396252,5.98405739060857,12.029535081108271,299.2634358457961,-0.18643247594182455,True,True,True,True,True,True,True,0.1021574110061423,0.9740639327988664,True,NORMAL,NORMAL,IN_CONTROL
28,5,1,201.79522506364415,1.0030693100142658,0.9740639327988664,0.9992298571248256,5.02812064559229,0.1021121734025777,9.981343672623368,1.0559373885406704,51.34210705023643,2.98052288419166,0.1831701356374608,5.503898183060593,12.029535081108271,299.2634358457961,-0.18656327376632476,True,True,True,True,True,True,True,0.1021121734025777,0.9740639327988664,True,NORMAL,NORMAL,IN_CONTROL
28,5,2,201.79522506364415,1.0030693100142658,0.9740639327988664,0.9992298571248256,5.02812064559229,0.1023915652326408,9.992247731495832,1.0559373885406704,51.34210705023643,2.98052288419166,0.1831701356374608,5.503898183060593,12.029535081108271,299.2634358457961,-0.07752268504168214,True,True,True,True,True,True,True,0.1023915652326408,0.9740639327988664,True,NORMAL,NORMAL,IN_CONTROL
28,5,3,201.79522506364415,1.0030693100142658,0.9740639327988664,0.9992298571248256,5.02812064559229,0.1018257135777575,9.962003659981864,1.0559373885406704,51.34210705023643,2.98052288419166,0.1831701356374608,5.503898183060593,12.029535081108271,299.2634358457961,-0.3799634001813601,True,True,True,True,True,True,True,0.1018257135777575,0.9740639327988664,True,NORMAL,NORMAL,IN_CONTROL
28,5,4,201.79522506364415,1.0030693100142658,0.9740639327988664,0.9992298571248256,5.02812064559229,0.102076585447691,9.992190835102983,1.0559373885406704,51.34210705023643,2.98052288419166,0.1831701356374608,5.503898183060593,12.029535081108271,299.2634358457961,-0.07809164897016885,True,True,True,True,True,True,True,0.102076585447691,0.9740639327988664,True,NORMAL,NORMAL,IN_CONTROL
28,5,5,201.79522506364415,1.0030693100142658,0.9740639327988664,0.9992298571248256,5.02812064559229,0.1025554508497621,9.990353792489168,1.0559373885406704,51.34210705023643,2.98052288419166,0.1831701356374608,5.503898183060593,12.029535081108271,299.2634358457961,-0.09646207510831672,True,True,True,True,True,True,True,0.1025554508497621,0.9740639327988664,True,NORMAL,NORMAL,IN_CONTROL
28,6,1,201.79522506364415,1.0030693100142658,0.9740639327988664,0.9992298571248256,5.02812064559229,0.1005949823907198,9.917233780798218,1.1164680118676351,50.91299674327311,2.97817797758107,0.1830465109072361,5.447731757031853,12.029535081108271,299.2634358457961,-0.827662192017815,True,True,True,True,True,True,True,0.1005949823907198,0.9740639327988664,True,NORMAL,NORMAL,IN_CONTROL
28,6,2,201.79522506364415,1.0030693100142658,0.9740639327988664,0.9992298571248256,5.02812064559229,0.1006580191149575,9.923400736223565,1.1164680118676351,50.91299674327311,2.97817797758107,0.1830465109072361,5.447731757031853,12.029535081108271,299.2634358457961,-0.7659926377643522,True,True,True,True,True,True,True,0.1006580191149575,0.9740639327988664,True,NORMAL,NORMAL,IN_CONTROL
28,6,3,201.79522506364415,1.0030693100142658,0.9740639327988664,0.9992298571248256,5.02812064559229,0.1000169536834074,9.929005884409785,1.1164680118676351,50.91299674327311,2.97817797758107,0.1830465109072361,5.447731757031853,12.029535081108271,299.2634358457961,-0.709941155902154,True,True,True,True,True,True,True,0.1000169536834074,0.9740639327988664,True,NORMAL,NORMAL,IN_CONTROL
28,6,4,201.79522506364415,1.0030693100142658,0.9740639327988664,0.9992298571248256,5.02812064559229,0.0995427087052422,9.928623298386157,1.1164680118676351,50.91299674327311,2.97817797758107,0.1830465109072361,5.447731757031853,12.029535081108271,299.2634358457961,-0.7137670161384335,True,True,True,True,True,True,True,0.0995427087052422,0.9740639327988664,True,NORMAL,NORMAL,IN_CONTROL
28,6,5,201.79522506364415,1.0030693100142658,0.9740639327988664,0.9992298571248256,5.02812064559229,0.1002789229811536,9.933176493199646,1.1164680118676351,50.91299674327311,2.97817797758107,0.1830465109072361,5.447731757031853,12.029535081108271,299.2634358457961,-0.6682350680035398,True,True,True,True,True,True,True,0.1002789229811536,0.9740639327988664,True,NORMAL,NORMAL,IN_CONTROL
28,7,1,201.79522506364415,1.0030693100142658,0.9740639327988664,0.9992298571248256,5.02812064559229,0.1001640588693282,9.975613835862813,1.101091052221683,51.38202525530831,2.9865343986829296,0.1856901681371624,5.786822499863931,12.029535081108271,299.2634358457961,-0.2438616413718719,True,True,True,True,True,True,True,0.1001640588693282,0.9740639327988664,True,NORMAL,NORMAL,IN_CONTROL
28,7,2,201.79522506364415,1.0030693100142658,0.9740639327988664,0.9992298571248256,5.02812064559229,0.09945472405004,9.986112615910956,1.101091052221683,51.38202525530831,2.9865343986829296,0.1856901681371624,5.786822499863931,12.029535081108271,299.2634358457961,-0.13887384089043664,True,True,True,True,True,True,True,0.09945472405004,0.9740639327988664,True,NORMAL,NORMAL,IN_CONTROL
28,7,3,201.79522506364415,1.0030693100142658,0.9740639327988664,0.9992298571248256,5.02812064559229,0.0999518039413557,9.980819179324731,1.101091052221683,51.38202525530831,2.9865343986829296,0.1856901681371624,5.786822499863931,12.029535081108271,299.2634358457961,-0.19180820675268606,True,True,True,True,True,True,True,0.0999518039413557,0.9740639327988664,True,NORMAL,NORMAL,IN_CONTROL
28,7,4,201.79522506364415,1.0030693100142658,0.9740639327988664,0.9992298571248256,5.02812064559229,0.1000629666592756,9.985315754343594,1.101091052221683,51.38202525530831,2.9865343986829296,0.1856901681371624,5.786822499863931,12.029535081108271,299.2634358457961,-0.14684245656406247,True,True,True,True,True,True,True,0.1000629666592756,0.9740639327988664,True,NORMAL,NORMAL,IN_CONTROL
28,7,5,201.79522506364415,1.0030693100142658,0.9740639327988664,0.9992298571248256,5.02812064559229,0.0993120153366821,9.970560107127916,1.101091052221683,51.38202525530831,2.9865343986829296,0.1856901681371624,5.786822499863931,12.029535081108271,299.2634358457961,-0.29439892872083817,True,True,True,True,True,True,True,0.0993120153366821,0.9740639327988664,True,NORMAL,NORMAL,IN_CONTROL
28,8,1,201.79522506364415,1.0030693100142658,0.9740639327988664,0.9992298571248256,5.02812064559229,0.1019630149031144,10.03051276705235,1.0347561563183625,50.55842631684011,2.985371716165443,0.1871059340900467,5.594252340303468,12.029535081108271,299.2634358457961,0.305127670523504,True,True,True,True,True,True,True,0.1019630149031144,0.9740639327988664,True,NORMAL,NORMAL,IN_CONTROL
28,8,2,201.79522506364415,1.0030693100142658,0.9740639327988664,0.9992298571248256,5.02812064559229,0.102176874054187,10.014530689557782,1.0347561563183625,50.55842631684011,2.985371716165443,0.1871059340900467,5.594252340303468,12.029535081108271,299.2634358457961,0.1453068955778214,True,True,True,True,True,True,True,0.102176874054187,0.9740639327988664,True,NORMAL,NORMAL,IN_CONTROL
28,8,3,201.79522506364415,1.0030693100142658,0.9740639327988664,0.9992298571248256,5.02812064559229,0.1020652869922485,10.009965170933937,1.0347561563183625,50.55842631684011,2.985371716165443,0.1871059340900467,5.594252340303468,12.029535081108271,299.2634358457961,0.09965170933936562,True,True,True,True,True,True,True,0.1020652869922485,0.9740639327988664,True,NORMAL,NORMAL,IN_CONTROL
28,8,4,201.79522506364415,1.0030693100142658,0.9740639327988664,0.9992298571248256,5.02812064559229,0.1021925508944704,10.015156915780173,1.0347561563183625,50.55842631684011,2.985371716165443,0.1871059340900467,5.594252340303468,12.029535081108271,299.2634358457961,0.15156915780172753,True,True,True,True,True,True,True,0.1021925508944704,0.9740639327988664,True,NORMAL,NORMAL,IN_CONTROL
28,8,5,201.79522506364415,1.0030693100142658,0.9740639327988664,0.9992298571248256,5.02812064559229,0.1024227674186449,9.998313825483358,1.0347561563183625,50.55842631684011,2.985371716165443,0.1871059340900467,5.594252340303468,12.029535081108271,299.2634358457961,-0.016861745166423248,True,True,True,True,True,True,True,0.1024227674186449,0.9740639327988664,True,NORMAL,NORMAL,IN_CONTROL
28,9,1,201.79522506364415,1.0030693100142658,0.9740639327988664,0.9992298571248256,5.02812064559229,0.101141152309161,9.961986000331825,1.057376647214175,50.91952957296986,2.96967866116335,0.1885210617099632,5.4106826216180846,12.029535081108271,299.2634358457961,-0.380139996681752,True,True,True,True,True,True,True,0.101141152309161,0.9740639327988664,True,NORMAL,NORMAL,IN_CONTROL
28,9,2,201.79522506364415,1.0030693100142658,0.9740639327988664,0.9992298571248256,5.02812064559229,0.1018587375985364,9.943060877693114,1.057376647214175,50.91952957296986,2.96967866116335,0.1885210617099632,5.4106826216180846,12.029535081108271,299.2634358457961,-0.5693912230688625,True,True,True,True,True,True,True,0.1018587375985364,0.9740639327988664,True,NORMAL,NORMAL,IN_CONTROL
28,9,3,201.79522506364415,1.0030693100142658,0.9740639327988664,0.9992298571248256,5.02812064559229,0.1016562567519179,9.939652724072486,1.057376647214175,50.91952957296986,2.96967866116335,0.1885210617099632,5.4106826216180846,12.029535081108271,299.2634358457961,-0.6034727592751388,True,True,True,True,True,True,True,0.1016562567519179,0.9740639327988664,True,NORMAL,NORMAL,IN_CONTROL
28,9,4,201.79522506364415,1.0030693100142658,0.9740639327988664,0.9992298571248256,5.02812064559229,0.1014092274356039,9.94437179735191,1.057376647214175,50.91952957296986,2.96967866116335,0.1885210617099632,5.4106826216180846,12.029535081108271,299.2634358457961,-0.5562820264809076,True,True,True,True,True,True,True,0.1014092274356039,0.9740639327988664,True,NORMAL,NORMAL,IN_CONTROL
28,9,5,201.79522506364415,1.0030693100142658,0.9740639327988664,0.9992298571248256,5.02812064559229,0.1015389572744059,9.944832893410323,1.057376647214175,50.91952957296986,2.96967866116335,0.1885210617099632,5.4106826216180846,12.029535081108271,299.2634358457961,-0.5516710658967661,True,True,True,True,True,True,True,0.1015389572744059,0.9740639327988664,True,NORMAL,NORMAL,IN_CONTROL
28,10,1,201.79522506364415,1.0030693100142658,0.9740639327988664,0.9992298571248256,5.02812064559229,0.1004517650862541,9.93792342946089,1.0470777756844658,50.66113633663474,2.979170086936685,0.1879791568945884,5.851519063989606,12.029535081108271,299.2634358457961,-0.6207657053911042,True,True,True,True,True,True,True,0.1004517650862541,0.9740639327988664,True,NORMAL,NORMAL,IN_CONTROL
28,10,2,201.79522506364415,1.0030693100142658,0.9740639327988664,0.9992298571248256,5.02812064559229,0.101281061620966,9.93105022271704,1.0470777756844658,50.66113633663474,2.979170086936685,0.1879791568945884,5.851519063989606,12.029535081108271,299.2634358457961,-0.689497772829597,True,True,True,True,True,True,True,0.101281061620966,0.9740639327988664,True,NORMAL,NORMAL,IN_CONTROL
28,10,3,201.79522506364415,1.0030693100142658,0.9740639327988664,0.9992298571248256,5.02812064559229,0.1008158904197537,9.9570397944264,1.0470777756844658,50.66113633663474,2.979170086936685,0.1879791568945884,5.851519063989606,12.029535081108271,299.2634358457961,-0.429602055735998,True,True,True,True,True,True,True,0.1008158904197537,0.9740639327988664,True,NORMAL,NORMAL,IN_CONTROL
28,10,4,201.79522506364415,1.0030693100142658,0.9740639327988664,0.9992298571248256,5.02812064559229,0.1006715987270362,9.932483844775495,1.0470777756844658,50.66113633663474,2.979170086936685,0.1879791568945884,5.851519063989606,12.029535081108271,299.2634358457961,-0.6751615522450471,True,True,True,True,True,True,True,0.1006715987270362,0.9740639327988664,True,NORMAL,NORMAL,IN_CONTROL
28,10,5,201.79522506364415,1.0030693100142658,0.9740639327988664,0.9992298571248256,5.02812064559229,0.1005961224165779,9.960093892869128,1.0470777756844658,50.66113633663474,2.979170086936685,0.1879791568945884,5.851519063989606,12.029535081108271,299.2634358457961,-0.39906107130871504,True,True,True,True,True,True,True,0.1005961224165779,0.9740639327988664,True,NORMAL,NORMAL,IN_CONTROL
29,1,1,201.6135584372396,1.069354933769285,0.9857940575935908,0.9846686913103496,4.912224393447143,0.1031373248243354,10.08436968536063,0.9835179264340116,49.87471299970478,2.9878047216346943,0.2112863378188111,5.126837588587322,11.794911535798224,305.2163629268262,0.8436968536062928,True,True,True,True,True,True,True,0.1031373248243354,0.9857940575935908,True,NORMAL,NORMAL,IN_CONTROL
29,1,2,201.6135584372396,1.069354933769285,0.9857940575935908,0.9846686913103496,4.912224393447143,0.1026839911982975,10.072500616339871,0.9835179264340116,49.87471299970478,2.9878047216346943,0.2112863378188111,5.126837588587322,11.794911535798224,305.2163629268262,0.7250061633987137,True,True,True,True,True,True,True,0.1026839911982975,0.9857940575935908,True,NORMAL,NORMAL,IN_CONTROL
29,1,3,201.6135584372396,1.069354933769285,0.9857940575935908,0.9846686913103496,4.912224393447143,0.1029477028046283,10.085404945150104,0.9835179264340116,49.87471299970478,2.9878047216346943,0.2112863378188111,5.126837588587322,11.794911535798224,305.2163629268262,0.8540494515010443,True,True,True,True,True,True,True,0.1029477028046283,0.9857940575935908,True,NORMAL,NORMAL,IN_CONTROL
29,1,4,201.6135584372396,1.069354933769285,0.9857940575935908,0.9846686913103496,4.912224393447143,0.1027979096702204,10.054020479677806,0.9835179264340116,49.87471299970478,2.9878047216346943,0.2112863378188111,5.126837588587322,11.794911535798224,305.2163629268262,0.5402047967780632,True,True,True,True,True,True,True,0.1027979096702204,0.9857940575935908,True,NORMAL,NORMAL,IN_CONTROL
29,1,5,201.6135584372396,1.069354933769285,0.9857940575935908,0.9846686913103496,4.912224393447143,0.1027431931971396,10.0742682209997,0.9835179264340116,49.87471299970478,2.9878047216346943,0.2112863378188111,5.126837588587322,11.794911535798224,305.2163629268262,0.7426822099970032,True,True,True,True,True,True,True,0.1027431931971396,0.9857940575935908,True,NORMAL,NORMAL,IN_CONTROL
29,2,1,201.6135584372396,1.069354933769285,0.9857940575935908,0.9846686913103496,4.912224393447143,0.1023830358043362,10.128409491366533,1.0303530221131676,50.37310425485478,2.9881587847891744,0.2060904781246011,4.812344353556593,11.794911535798224,305.2163629268262,1.284094913665328,True,True,True,True,True,True,True,0.1023830358043362,0.9857940575935908,True,NORMAL,NORMAL,IN_CONTROL
29,2,2,201.6135584372396,1.069354933769285,0.9857940575935908,0.9846686913103496,4.912224393447143,0.1026961851899916,10.120014499772347,1.0303530221131676,50.37310425485478,2.9881587847891744,0.2060904781246011,4.812344353556593,11.794911535798224,305.2163629268262,1.2001449977234735,True,True,True,True,True,True,True,0.1026961851899916,0.9857940575935908,True,NORMAL,NORMAL,IN_CONTROL
29,2,3,201.6135584372396,1.069354933769285,0.9857940575935908,0.9846686913103496,4.912224393447143,0.1029315750031422,10.13449288419898,1.0303530221131676,50.37310425485478,2.9881587847891744,0.2060904781246011,4.812344353556593,11.794911535798224,305.2163629268262,1.3449288419898053,True,True,True,True,True,True,True,0.1029315750031422,0.9857940575935908,True,NORMAL,NORMAL,IN_CONTROL
29,2,4,201.6135584372396,1.069354933769285,0.9857940575935908,0.9846686913103496,4.912224393447143,0.102933830850309,10.119379597477446,1.0303530221131676,50.37310425485478,2.9881587847891744,0.2060904781246011,4.812344353556593,11.794911535798224,305.2163629268262,1.1937959747744564,True,True,True,True,True,True,True,0.102933830850309,0.9857940575935908,True,NORMAL,NORMAL,IN_CONTROL
29,2,5,201.6135584372396,1.069354933769285,0.9857940575935908,0.9846686913103496,4.912224393447143,0.10193228396209,10.125444971223116,1.0303530221131676,50.37310425485478,2.9881587847891744,0.2060904781246011,4.812344353556593,11.794911535798224,305.2163629268262,1.2544497122311604,True,True,True,True,True,True,True,0.10193228396209,0.9857940575935908,True,NORMAL,NORMAL,IN_CONTROL
29,3,1,201.6135584372396,1.069354933769285,0.9857940575935908,0.9846686913103496,4.912224393447143,0.1037606589946377,10.049031434983036,0.9387036018776778,50.22237019361816,2.995678151677976,0.2066184327184004,4.810462575239768,11.794911535798224,305.2163629268262,0.4903143498303564,True,True,True,True,True,True,True,0.1037606589946377,0.9857940575935908,True,NORMAL,NORMAL,IN_CONTROL
29,3,2,201.6135584372396,1.069354933769285,0.9857940575935908,0.9846686913103496,4.912224393447143,0.1032864777049768,10.067467528690454,0.9387036018776778,50.22237019361816,2.995678151677976,0.2066184327184004,4.810462575239768,11.794911535798224,305.2163629268262,0.674675286904538,True,True,True,True,True,True,True,0.1032864777049768,0.9857940575935908,True,NORMAL,NORMAL,IN_CONTROL
29,3,3,201.6135584372396,1.069354933769285,0.9857940575935908,0.9846686913103496,4.912224393447143,0.1034709331705322,10.089180229470452,0.9387036018776778,50.22237019361816,2.995678151677976,0.2066184327184004,4.810462575239768,11.794911535798224,305.2163629268262,0.8918022947045223,True,True,True,True,True,True,True,0.1034709331705322,0.9857940575935908,True,NORMAL,NORMAL,IN_CONTROL
29,3,4,201.6135584372396,1.069354933769285,0.9857940575935908,0.9846686913103496,4.912224393447143,0.1030783062749124,10.055501409965446,0.9387036018776778,50.22237019361816,2.995678151677976,0.2066184327184004,4.810462575239768,11.794911535798224,305.2163629268262,0.5550140996544606,True,True,True,True,True,True,True,0.1030783062749124,0.9857940575935908,True,NORMAL,NORMAL,IN_CONTROL
29,3,5,201.6135584372396,1.069354933769285,0.9857940575935908,0.9846686913103496,4.912224393447143,0.1030852533356197,10.07620110040805,0.9387036018776778,50.22237019361816,2.995678151677976,0.2066184327184004,4.810462575239768,11.794911535798224,305.2163629268262,0.7620110040804917,True,True,True,True,True,True,True,0.1030852533356197,0.9857940575935908,True,NORMAL,NORMAL,IN_CONTROL
29,4,1,201.6135584372396,1.069354933769285,0.9857940575935908,0.9846686913103496,4.912224393447143,0.1020368675350793,9.99094568584627,0.9447513947427638,51.72596074676635,2.988635783795865,0.2061847464072011,4.675630839587465,11.794911535798224,305.2163629268262,-0.09054314153729592,True,True,True,True,True,True,True,0.1020368675350793,0.9857940575935908,True,NORMAL,NORMAL,IN_CONTROL
29,4,2,201.6135584372396,1.069354933769285,0.9857940575935908,0.9846686913103496,4.912224393447143,0.1030362419447612,10.034615799048993,0.9447513947427638,51.72596074676635,2.988635783795865,0.2061847464072011,4.675630839587465,11.794911535798224,305.2163629268262,0.3461579904899281,True,True,True,True,True,True,True,0.1030362419447612,0.9857940575935908,True,NORMAL,NORMAL,IN_CONTROL
29,4,3,201.6135584372396,1.069354933769285,0.9857940575935908,0.9846686913103496,4.912224393447143,0.1023390933395271,10.030258487298388,0.9447513947427638,51.72596074676635,2.988635783795865,0.2061847464072011,4.675630839587465,11.794911535798224,305.2163629268262,0.30258487298388204,True,True,True,True,True,True,True,0.1023390933395271,0.9857940575935908,True,NORMAL,NORMAL,IN_CONTROL
29,4,4,201.6135584372396,1.069354933769285,0.9857940575935908,0.9846686913103496,4.912224393447143,0.1020797573570405,10.012849542515356,0.9447513947427638,51.72596074676635,2.988635783795865,0.2061847464072011,4.675630839587465,11.794911535798224,305.2163629268262,0.12849542515356305,True,True,True,True,True,True,True,0.1020797573570405,0.9857940575935908,True,NORMAL,NORMAL,IN_CONTROL
29,4,5,201.6135584372396,1.069354933769285,0.9857940575935908,0.9846686913103496,4.912224393447143,0.1023100814905541,10.050297712066952,0.9447513947427638,51.72596074676635,2.988635783795865,0.2061847464072011,4.675630839587465,11.794911535798224,305.2163629268262,0.5029771206695166,True,True,True,True,True,True,True,0.1023100814905541,0.9857940575935908,True,NORMAL,NORMAL,IN_CONTROL
29,5,1,201.6135584372396,1.069354933769285,0.9857940575935908,0.9846686913103496,4.912224393447143,0.1032009459853703,10.192992571953702,0.93693388163612,49.44372659744333,2.98440661998618,0.2086607324851146,4.798444507218526,11.794911535798224,305.2163629268262,1.9299257195370245,True,True,True,True,True,True,True,0.1032009459853703,0.9857940575935908,True,NORMAL,NORMAL,IN_CONTROL
29,5,2,201.6135584372396,1.069354933769285,0.9857940575935908,0.9846686913103496,4.912224393447143,0.1037090666704531,10.150871747062462,0.93693388163612,49.44372659744333,2.98440661998618,0.2086607324851146,4.798444507218526,11.794911535798224,305.2163629268262,1.508717470624621,True,True,True,True,True,True,True,0.1037090666704531,0.9857940575935908,True,NORMAL,NORMAL,IN_CONTROL
29,5,3,201.6135584372396,1.069354933769285,0.9857940575935908,0.9846686913103496,4.912224393447143,0.1035571685210472,10.14736264977921,0.93693388163612,49.44372659744333,2.98440661998618,0.2086607324851146,4.798444507218526,11.794911535798224,305.2163629268262,1.4736264977920932,True,True,True,True,True,True,True,0.1035571685210472,0.9857940575935908,True,NORMAL,NORMAL,IN_CONTROL
29,5,4,201.6135584372396,1.069354933769285,0.9857940575935908,0.9846686913103496,4.912224393447143,0.1035560602060935,10.131483457759757,0.93693388163612,49.44372659744333,2.98440661998618,0.2086607324851146,4.798444507218526,11.794911535798224,305.2163629268262,1.3148345775975656,True,True,True,True,True,True,True,0.1035560602060935,0.9857940575935908,True,NORMAL,NORMAL,IN_CONTROL
29,5,5,201.6135584372396,1.069354933769285,0.9857940575935908,0.9846686913103496,4.912224393447143,0.1036223945229941,10.155170622348988,0.93693388163612,49.44372659744333,2.98440661998618,0.2086607324851146,4.798444507218526,11.794911535798224,305.2163629268262,1.5517062234898837,True,True,True,True,True,True,True,0.1036223945229941,0.9857940575935908,True,NORMAL,NORMAL,IN_CONTROL
29,6,1,201.6135584372396,1.069354933769285,0.9857940575935908,0.9846686913103496,4.912224393447143,0.1033958852320839,10.10446037744425,1.0172667708339385,50.18097360670006,2.981893053847633,0.2071002557532985,4.767791623067129,11.794911535798224,305.2163629268262,1.0446037744424963,True,True,True,True,True,True,True,0.1033958852320839,0.9857940575935908,True,NORMAL,NORMAL,IN_CONTROL
29,6,2,201.6135584372396,1.069354933769285,0.9857940575935908,0.9846686913103496,4.912224393447143,0.1031829254537976,10.0864598447495,1.0172667708339385,50.18097360670006,2.981893053847633,0.2071002557532985,4.767791623067129,11.794911535798224,305.2163629268262,0.8645984474950019,True,True,True,True,True,True,True,0.1031829254537976,0.9857940575935908,True,NORMAL,NORMAL,IN_CONTROL
29,6,3,201.6135584372396,1.069354933769285,0.9857940575935908,0.9846686913103496,4.912224393447143,0.1034688998494013,10.075620175956134,1.0172667708339385,50.18097360670006,2.981893053847633,0.2071002557532985,4.767791623067129,11.794911535798224,305.2163629268262,0.7562017595613391,True,True,True,True,True,True,True,0.1034688998494013,0.9857940575935908,True,NORMAL,NORMAL,IN_CONTROL
29,6,4,201.6135584372396,1.069354933769285,0.9857940575935908,0.9846686913103496,4.912224393447143,0.1032392273552865,10.078370261019876,1.0172667708339385,50.18097360670006,2.981893053847633,0.2071002557532985,4.767791623067129,11.794911535798224,305.2163629268262,0.7837026101987554,True,True,True,True,True,True,True,0.1032392273552865,0.9857940575935908,True,NORMAL,NORMAL,IN_CONTROL
29,6,5,201.6135584372396,1.069354933769285,0.9857940575935908,0.9846686913103496,4.912224393447143,0.1031386098677163,10.094669107142176,1.0172667708339385,50.18097360670006,2.981893053847633,0.2071002557532985,4.767791623067129,11.794911535798224,305.2163629268262,0.9466910714217569,True,True,True,True,True,True,True,0.1031386098677163,0.9857940575935908,True,NORMAL,NORMAL,IN_CONTROL
29,7,1,201.6135584372396,1.069354933769285,0.9857940575935908,0.9846686913103496,4.912224393447143,0.1032667335125231,10.112993747470968,0.9726749639832462,49.67265168559262,2.9904389944577443,0.2067582862857278,4.659449546442413,11.794911535798224,305.2163629268262,1.1299374747096813,True,True,True,True,True,True,True,0.1032667335125231,0.9857940575935908,True,NORMAL,NORMAL,IN_CONTROL
29,7,2,201.6135584372396,1.069354933769285,0.9857940575935908,0.9846686913103496,4.912224393447143,0.1032791705773275,10.103984850843236,0.9726749639832462,49.67265168559262,2.9904389944577443,0.2067582862857278,4.659449546442413,11.794911535798224,305.2163629268262,1.0398485084323639,True,True,True,True,True,True,True,0.1032791705773275,0.9857940575935908,True,NORMAL,NORMAL,IN_CONTROL
29,7,3,201.6135584372396,1.069354933769285,0.9857940575935908,0.9846686913103496,4.912224393447143,0.1034076278549472,10.06493541652762,0.9726749639832462,49.67265168559262,2.9904389944577443,0.2067582862857278,4.659449546442413,11.794911535798224,305.2163629268262,0.6493541652761969,True,True,True,True,True,True,True,0.1034076278549472,0.9857940575935908,True,NORMAL,NORMAL,IN_CONTROL
29,7,4,201.6135584372396,1.069354933769285,0.9857940575935908,0.9846686913103496,4.912224393447143,0.103304711606111,10.100812719500423,0.9726749639832462,49.67265168559262,2.9904389944577443,0.2067582862857278,4.659449546442413,11.794911535798224,305.2163629268262,1.0081271950042314,True,True,True,True,True,True,True,0.103304711606111,0.9857940575935908,True,NORMAL,NORMAL,IN_CONTROL
29,7,5,201.6135584372396,1.069354933769285,0.9857940575935908,0.9846686913103496,4.912224393447143,0.1030161546383133,10.100738517051848,0.9726749639832462,49.67265168559262,2.9904389944577443,0.2067582862857278,4.659449546442413,11.794911535798224,305.2163629268262,1.0073851705184822,True,True,True,True,True,True,True,0.1030161546383133,0.9857940575935908,True,NORMAL,NORMAL,IN_CONTROL
29,8,1,201.6135584372396,1.069354933769285,0.9857940575935908,0.9846686913103496,4.912224393447143,0.1026314091246146,10.06559857857404,0.9798053373093716,50.97755509326773,2.979819562384288,0.207275543992049,5.203477095999535,11.794911535798224,305.2163629268262,0.6559857857403983,True,True,True,True,True,True,True,0.1026314091246146,0.9857940575935908,True,NORMAL,NORMAL,IN_CONTROL
29,8,2,201.6135584372396,1.069354933769285,0.9857940575935908,0.9846686913103496,4.912224393447143,0.1028037679433994,10.06172219203322,0.9798053373093716,50.97755509326773,2.979819562384288,0.207275543992049,5.203477095999535,11.794911535798224,305.2163629268262,0.6172219203321916,True,True,True,True,True,True,True,0.1028037679433994,0.9857940575935908,True,NORMAL,NORMAL,IN_CONTROL
29,8,3,201.6135584372396,1.069354933769285,0.9857940575935908,0.9846686913103496,4.912224393447143,0.1026473309610915,10.063933406465258,0.9798053373093716,50.97755509326773,2.979819562384288,0.207275543992049,5.203477095999535,11.794911535798224,305.2163629268262,0.6393340646525836,True,True,True,True,True,True,True,0.1026473309610915,0.9857940575935908,True,NORMAL,NORMAL,IN_CONTROL
29,8,4,201.6135584372396,1.069354933769285,0.9857940575935908,0.9846686913103496,4.912224393447143,0.1024933852158892,10.087888848461878,0.9798053373093716,50.97755509326773,2.979819562384288,0.207275543992049,5.203477095999535,11.794911535798224,305.2163629268262,0.8788884846187806,True,True,True,True,True,True,True,0.1024933852158892,0.9857940575935908,True,NORMAL,NORMAL,IN_CONTROL
29,8,5,201.6135584372396,1.069354933769285,0.9857940575935908,0.9846686913103496,4.912224393447143,0.1029496830362018,10.086978233027994,0.9798053373093716,50.97755509326773,2.979819562384288,0.207275543992049,5.203477095999535,11.794911535798224,305.2163629268262,0.8697823302799357,True,True,True,True,True,True,True,0.1029496830362018,0.9857940575935908,True,NORMAL,NORMAL,IN_CONTROL
29,9,1,201.6135584372396,1.069354933769285,0.9857940575935908,0.9846686913103496,4.912224393447143,0.103034591920647,10.136942611676478,1.0863955468858115,51.1642126897447,2.9893762337290832,0.2062724983351866,4.791374721550215,11.794911535798224,305.2163629268262,1.369426116764778,True,True,True,True,True,True,True,0.103034591920647,0.9857940575935908,True,NORMAL,NORMAL,IN_CONTROL
29,9,2,201.6135584372396,1.069354933769285,0.9857940575935908,0.9846686913103496,4.912224393447143,0.102757289227978,10.137731637376534,1.0863955468858115,51.1642126897447,2.9893762337290832,0.2062724983351866,4.791374721550215,11.794911535798224,305.2163629268262,1.3773163737653427,True,True,True,True,True,True,True,0.102757289227978,0.9857940575935908,True,NORMAL,NORMAL,IN_CONTROL
29,9,3,201.6135584372396,1.069354933769285,0.9857940575935908,0.9846686913103496,4.912224393447143,0.1026678800813068,10.096248950135386,1.0863955468858115,51.1642126897447,2.9893762337290832,0.2062724983351866,4.791374721550215,11.794911535798224,305.2163629268262,0.9624895013538647,True,True,True,True,True,True,True,0.1026678800813068,0.9857940575935908,True,NORMAL,NORMAL,IN_CONTROL
29,9,4,201.6135584372396,1.069354933769285,0.9857940575935908,0.9846686913103496,4.912224393447143,0.1020754901779449,10.096465283472268,1.0863955468858115,51.1642126897447,2.9893762337290832,0.2062724983351866,4.791374721550215,11.794911535798224,305.2163629268262,0.9646528347226813,True,True,True,True,True,True,True,0.1020754901779449,0.9857940575935908,True,NORMAL,NORMAL,IN_CONTROL
29,9,5,201.6135584372396,1.069354933769285,0.9857940575935908,0.9846686913103496,4.912224393447143,0.1026786913701401,10.118929764716286,1.0863955468858115,51.1642126897447,2.9893762337290832,0.2062724983351866,4.791374721550215,11.794911535798224,305.2163629268262,1.1892976471628636,True,True,True,True,True,True,True,0.1026786913701401,0.9857940575935908,True,NORMAL,NORMAL,IN_CONTROL
29,10,1,201.6135584372396,1.069354933769285,0.9857940575935908,0.9846686913103496,4.912224393447143,0.1025810704141963,10.12194837374524,1.0051053541487909,49.125026408210246,2.987226962183626,0.2043789212205284,4.424596933798122,11.794911535798224,305.2163629268262,1.219483737452407,True,True,True,True,True,True,True,0.1025810704141963,0.9857940575935908,True,NORMAL,NORMAL,IN_CONTROL
29,10,2,201.6135584372396,1.069354933769285,0.9857940575935908,0.9846686913103496,4.912224393447143,0.1031395120056976,10.123948108395563,1.0051053541487909,49.125026408210246,2.987226962183626,0.2043789212205284,4.424596933798122,11.794911535798224,305.2163629268262,1.2394810839556314,True,True,True,True,True,True,True,0.1031395120056976,0.9857940575935908,True,NORMAL,NORMAL,IN_CONTROL
29,10,3,201.6135584372396,1.069354933769285,0.9857940575935908,0.9846686913103496,4.912224393447143,0.1029841010607002,10.101323119772394,1.0051053541487909,49.125026408210246,2.987226962183626,0.2043789212205284,4.424596933798122,11.794911535798224,305.2163629268262,1.013231197723936,True,True,True,True,True,True,True,0.1029841010607002,0.9857940575935908,True,NORMAL,NORMAL,IN_CONTROL
29,10,4,201.6135584372396,1.069354933769285,0.9857940575935908,0.9846686913103496,4.912224393447143,0.1022532440699455,10.100688580292184,1.0051053541487909,49.125026408210246,2.987226962183626,0.2043789212205284,4.424596933798122,11.794911535798224,305.2163629268262,1.0068858029218397,True,True,True,True,True,True,True,0.1022532440699455,0.9857940575935908,True,NORMAL,NORMAL,IN_CONTROL
29,10,5,201.6135584372396,1.069354933769285,0.9857940575935908,0.9846686913103496,4.912224393447143,0.1026657455684188,10.112585851401132,1.0051053541487909,49.125026408210246,2.987226962183626,0.2043789212205284,4.424596933798122,11.794911535798224,305.2163629268262,1.1258585140113198,True,True,True,True,True,True,True,0.1026657455684188,0.9857940575935908,True,NORMAL,NORMAL,IN_CONTROL
30,1,1,199.3398664841193,1.0592602935353657,0.97711214525901,1.005743067030572,4.900519276285525,0.1008303250991215,10.037684424973044,1.040515703608311,49.592803191530834,2.9890282953542697,0.2136580276516397,5.711113516608935,11.783893764860633,305.50173582989504,0.3768442497304392,True,True,True,True,True,True,True,0.1008303250991215,0.97711214525901,True,NORMAL,NORMAL,IN_CONTROL
30,1,2,199.3398664841193,1.0592602935353657,0.97711214525901,1.005743067030572,4.900519276285525,0.1004145389332505,10.044300896679504,1.040515703608311,49.592803191530834,2.9890282953542697,0.2136580276516397,5.711113516608935,11.783893764860633,305.50173582989504,0.44300896679503765,True,True,True,True,True,True,True,0.1004145389332505,0.97711214525901,True,NORMAL,NORMAL,IN_CONTROL
30,1,3,199.3398664841193,1.0592602935353657,0.97711214525901,1.005743067030572,4.900519276285525,0.1009409408582146,10.026128844080636,1.040515703608311,49.592803191530834,2.9890282953542697,0.2136580276516397,5.711113516608935,11.783893764860633,305.50173582989504,0.26128844080636426,True,True,True,True,True,True,True,0.1009409408582146,0.97711214525901,True,NORMAL,NORMAL,IN_CONTROL
30,1,4,199.3398664841193,1.0592602935353657,0.97711214525901,1.005743067030572,4.900519276285525,0.1010980986047204,10.056259883932714,1.040515703608311,49.592803191530834,2.9890282953542697,0.2136580276516397,5.711113516608935,11.783893764860633,305.50173582989504,0.5625988393271442,True,True,True,True,True,True,True,0.1010980986047204,0.97711214525901,True,NORMAL,NORMAL,IN_CONTROL
30,1,5,199.3398664841193,1.0592602935353657,0.97711214525901,1.005743067030572,4.900519276285525,0.1006848413681806,10.065480776861849,1.040515703608311,49.592803191530834,2.9890282953542697,0.2136580276516397,5.711113516608935,11.783893764860633,305.50173582989504,0.6548077686184861,True,True,True,True,True,True,True,0.1006848413681806,0.97711214525901,True,NORMAL,NORMAL,IN_CONTROL
30,2,1,199.3398664841193,1.0592602935353657,0.97711214525901,1.005743067030572,4.900519276285525,0.1027649448743368,10.014119207572865,1.0517396263899967,46.18287588852563,2.9833480029730803,0.2107482956775278,5.843665577233464,11.783893764860633,305.50173582989504,0.14119207572864667,True,True,True,True,True,True,True,0.1027649448743368,0.97711214525901,True,NORMAL,NORMAL,IN_CONTROL
30,2,2,199.3398664841193,1.0592602935353657,0.97711214525901,1.005743067030572,4.900519276285525,0.1028421468394493,10.02591831710318,1.0517396263899967,46.18287588852563,2.9833480029730803,0.2107482956775278,5.843665577233464,11.783893764860633,305.50173582989504,0.25918317103180044,True,True,True,True,True,True,True,0.1028421468394493,0.97711214525901,True,NORMAL,NORMAL,IN_CONTROL
30,2,3,199.3398664841193,1.0592602935353657,0.97711214525901,1.005743067030572,4.900519276285525,0.1025192042400901,9.98550113285294,1.0517396263899967,46.18287588852563,2.9833480029730803,0.2107482956775278,5.843665577233464,11.783893764860633,305.50173582989504,-0.14498867147059613,True,True,True,True,True,True,True,0.1025192042400901,0.97711214525901,True,NORMAL,NORMAL,IN_CONTROL
30,2,4,199.3398664841193,1.0592602935353657,0.97711214525901,1.005743067030572,4.900519276285525,0.1019852091079174,10.024951686615024,1.0517396263899967,46.18287588852563,2.9833480029730803,0.2107482956775278,5.843665577233464,11.783893764860633,305.50173582989504,0.24951686615024118,True,True,True,True,True,True,True,0.1019852091079174,0.97711214525901,True,NORMAL,NORMAL,IN_CONTROL
30,2,5,199.3398664841193,1.0592602935353657,0.97711214525901,1.005743067030572,4.900519276285525,0.102191039316225,10.004678537843391,1.0517396263899967,46.18287588852563,2.9833480029730803,0.2107482956775278,5.843665577233464,11.783893764860633,305.50173582989504,0.046785378433913394,True,True,True,True,True,True,True,0.102191039316225,0.97711214525901,True,NORMAL,NORMAL,IN_CONTROL
30,3,1,199.3398664841193,1.0592602935353657,0.97711214525901,1.005743067030572,4.900519276285525,0.1027557980395916,10.030526371304903,1.091025230074396,46.351043594119936,2.991148967553143,0.2109488986298858,5.976652151828357,11.783893764860633,305.50173582989504,0.3052637130490332,True,True,True,True,True,True,True,0.1027557980395916,0.97711214525901,True,NORMAL,NORMAL,IN_CONTROL
30,3,2,199.3398664841193,1.0592602935353657,0.97711214525901,1.005743067030572,4.900519276285525,0.1029954152431666,10.049902636480564,1.091025230074396,46.351043594119936,2.991148967553143,0.2109488986298858,5.976652151828357,11.783893764860633,305.50173582989504,0.499026364805637,True,True,True,True,True,True,True,0.1029954152431666,0.97711214525901,True,NORMAL,NORMAL,IN_CONTROL
30,3,3,199.3398664841193,1.0592602935353657,0.97711214525901,1.005743067030572,4.900519276285525,0.1029033916131204,10.008585686071726,1.091025230074396,46.351043594119936,2.991148967553143,0.2109488986298858,5.976652151828357,11.783893764860633,305.50173582989504,0.08585686071725718,True,True,True,True,True,True,True,0.1029033916131204,0.97711214525901,True,NORMAL,NORMAL,IN_CONTROL
30,3,4,199.3398664841193,1.0592602935353657,0.97711214525901,1.005743067030572,4.900519276285525,0.1027591654750017,10.037945429602484,1.091025230074396,46.351043594119936,2.991148967553143,0.2109488986298858,5.976652151828357,11.783893764860633,305.50173582989504,0.37945429602483927,True,True,True,True,True,True,True,0.1027591654750017,0.97711214525901,True,NORMAL,NORMAL,IN_CONTROL
30,3,5,199.3398664841193,1.0592602935353657,0.97711214525901,1.005743067030572,4.900519276285525,0.1027210974991459,10.041539989347347,1.091025230074396,46.351043594119936,2.991148967553143,0.2109488986298858,5.976652151828357,11.783893764860633,305.50173582989504,0.4153998934734737,True,True,True,True,True,True,True,0.1027210974991459,0.97711214525901,True,NORMAL,NORMAL,IN_CONTROL
30,4,1,199.3398664841193,1.0592602935353657,0.97711214525901,1.005743067030572,4.900519276285525,0.1014504352253592,10.037488617395448,0.969800225360459,47.08493275328735,2.9851749284284024,0.2057131611388812,6.222989644042336,11.783893764860633,305.50173582989504,0.37488617395448287,True,True,True,True,True,True,True,0.1014504352253592,0.97711214525901,True,NORMAL,NORMAL,IN_CONTROL
30,4,2,199.3398664841193,1.0592602935353657,0.97711214525901,1.005743067030572,4.900519276285525,0.1015482354250312,10.021405504581272,0.969800225360459,47.08493275328735,2.9851749284284024,0.2057131611388812,6.222989644042336,11.783893764860633,305.50173582989504,0.2140550458127244,True,True,True,True,True,True,True,0.1015482354250312,0.97711214525901,True,NORMAL,NORMAL,IN_CONTROL
30,4,3,199.3398664841193,1.0592602935353657,0.97711214525901,1.005743067030572,4.900519276285525,0.1012112947965785,10.044818900329975,0.969800225360459,47.08493275328735,2.9851749284284024,0.2057131611388812,6.222989644042336,11.783893764860633,305.50173582989504,0.44818900329975264,True,True,True,True,True,True,True,0.1012112947965785,0.97711214525901,True,NORMAL,NORMAL,IN_CONTROL
30,4,4,199.3398664841193,1.0592602935353657,0.97711214525901,1.005743067030572,4.900519276285525,0.1017198044992979,10.02983024656788,0.969800225360459,47.08493275328735,2.9851749284284024,0.2057131611388812,6.222989644042336,11.783893764860633,305.50173582989504,0.2983024656787947,True,True,True,True,True,True,True,0.1017198044992979,0.97711214525901,True,NORMAL,NORMAL,IN_CONTROL
30,4,5,199.3398664841193,1.0592602935353657,0.97711214525901,1.005743067030572,4.900519276285525,0.101442113620921,10.000776033749684,0.969800225360459,47.08493275328735,2.9851749284284024,0.2057131611388812,6.222989644042336,11.783893764860633,305.50173582989504,0.007760337496840465,True,True,True,True,True,True,True,0.101442113620921,0.97711214525901,True,NORMAL,NORMAL,IN_CONTROL
30,5,1,199.3398664841193,1.0592602935353657,0.97711214525901,1.005743067030572,4.900519276285525,0.1010903235541852,10.040919015327583,1.015298691243292,47.302955752400514,2.998134317402789,0.2083007376516732,5.954072286488738,11.783893764860633,305.50173582989504,0.4091901532758335,True,True,True,True,True,True,True,0.1010903235541852,0.97711214525901,True,NORMAL,NORMAL,IN_CONTROL
30,5,2,199.3398664841193,1.0592602935353657,0.97711214525901,1.005743067030572,4.900519276285525,0.1012569251296851,10.038214987563649,1.015298691243292,47.302955752400514,2.998134317402789,0.2083007376516732,5.954072286488738,11.783893764860633,305.50173582989504,0.38214987563648606,True,True,True,True,True,True,True,0.1012569251296851,0.97711214525901,True,NORMAL,NORMAL,IN_CONTROL
30,5,3,199.3398664841193,1.0592602935353657,0.97711214525901,1.005743067030572,4.900519276285525,0.1014803885651808,10.037722761582549,1.015298691243292,47.302955752400514,2.998134317402789,0.2083007376516732,5.954072286488738,11.783893764860633,305.50173582989504,0.37722761582548614,True,True,True,True,True,True,True,0.1014803885651808,0.97711214525901,True,NORMAL,NORMAL,IN_CONTROL
30,5,4,199.3398664841193,1.0592602935353657,0.97711214525901,1.005743067030572,4.900519276285525,0.1012356390231309,10.01557668703686,1.015298691243292,47.302955752400514,2.998134317402789,0.2083007376516732,5.954072286488738,11.783893764860633,305.50173582989504,0.15576687036860548,True,True,True,True,True,True,True,0.1012356390231309,0.97711214525901,True,NORMAL,NORMAL,IN_CONTROL
30,5,5,199.3398664841193,1.0592602935353657,0.97711214525901,1.005743067030572,4.900519276285525,0.1012780656926862,10.001594124898991,1.015298691243292,47.302955752400514,2.998134317402789,0.2083007376516732,5.954072286488738,11.783893764860633,305.50173582989504,0.01594124898991467,True,True,True,True,True,True,True,0.1012780656926862,0.97711214525901,True,NORMAL,NORMAL,IN_CONTROL
30,6,1,199.3398664841193,1.0592602935353657,0.97711214525901,1.005743067030572,4.900519276285525,0.1014657106450037,10.040779790787012,1.0208488637825934,46.91454861301545,2.99347856436859,0.2129479894387584,5.7283409859135,11.783893764860633,305.50173582989504,0.4077979078701155,True,True,True,True,True,True,True,0.1014657106450037,0.97711214525901,True,NORMAL,NORMAL,IN_CONTROL
30,6,2,199.3398664841193,1.0592602935353657,0.97711214525901,1.005743067030572,4.900519276285525,0.1016957000615974,10.07388913034013,1.0208488637825934,46.91454861301545,2.99347856436859,0.2129479894387584,5.7283409859135,11.783893764860633,305.50173582989504,0.7388913034012923,True,True,True,True,True,True,True,0.1016957000615974,0.97711214525901,True,NORMAL,NORMAL,IN_CONTROL
30,6,3,199.3398664841193,1.0592602935353657,0.97711214525901,1.005743067030572,4.900519276285525,0.101272680178106,10.031986328565388,1.0208488637825934,46.91454861301545,2.99347856436859,0.2129479894387584,5.7283409859135,11.783893764860633,305.50173582989504,0.3198632856538808,True,True,True,True,True,True,True,0.101272680178106,0.97711214525901,True,NORMAL,NORMAL,IN_CONTROL
30,6,4,199.3398664841193,1.0592602935353657,0.97711214525901,1.005743067030572,4.900519276285525,0.101271649212529,10.03682956630222,1.0208488637825934,46.91454861301545,2.99347856436859,0.2129479894387584,5.7283409859135,11.783893764860633,305.50173582989504,0.3682956630222023,True,True,True,True,True,True,True,0.101271649212529,0.97711214525901,True,NORMAL,NORMAL,IN_CONTROL
30,6,5,199.3398664841193,1.0592602935353657,0.97711214525901,1.005743067030572,4.900519276285525,0.1009251227744687,10.07504816428226,1.0208488637825934,46.91454861301545,2.99347856436859,0.2129479894387584,5.7283409859135,11.783893764860633,305.50173582989504,0.7504816428225958,True,True,True,True,True,True,True,0.1009251227744687,0.97711214525901,True,NORMAL,NORMAL,IN_CONTROL
30,7,1,199.3398664841193,1.0592602935353657,0.97711214525901,1.005743067030572,4.900519276285525,0.1006059201951402,9.992973420052756,1.0389668660117288,47.786085967833976,2.990703423474983,0.2127995612831519,5.470340382947394,11.783893764860633,305.50173582989504,-0.0702657994724376,True,True,True,True,True,True,True,0.1006059201951402,0.97711214525901,True,NORMAL,NORMAL,IN_CONTROL
30,7,2,199.3398664841193,1.0592602935353657,0.97711214525901,1.005743067030572,4.900519276285525,0.1003025211631251,9.986137786232256,1.0389668660117288,47.786085967833976,2.990703423474983,0.2127995612831519,5.470340382947394,11.783893764860633,305.50173582989504,-0.13862213767744436,True,True,True,True,True,True,True,0.1003025211631251,0.97711214525901,True,NORMAL,NORMAL,IN_CONTROL
30,7,3,199.3398664841193,1.0592602935353657,0.97711214525901,1.005743067030572,4.900519276285525,0.1007704300223308,9.975266757313562,1.0389668660117288,47.786085967833976,2.990703423474983,0.2127995612831519,5.470340382947394,11.783893764860633,305.50173582989504,-0.24733242686437507,True,True,True,True,True,True,True,0.1007704300223308,0.97711214525901,True,NORMAL,NORMAL,IN_CONTROL
30,7,4,199.3398664841193,1.0592602935353657,0.97711214525901,1.005743067030572,4.900519276285525,0.1002239724043717,9.992485850082604,1.0389668660117288,47.786085967833976,2.990703423474983,0.2127995612831519,5.470340382947394,11.783893764860633,305.50173582989504,-0.07514149917396296,True,True,True,True,True,True,True,0.1002239724043717,0.97711214525901,True,NORMAL,NORMAL,IN_CONTROL
30,7,5,199.3398664841193,1.0592602935353657,0.97711214525901,1.005743067030572,4.900519276285525,0.1003739782038114,9.975652735194103,1.0389668660117288,47.786085967833976,2.990703423474983,0.2127995612831519,5.470340382947394,11.783893764860633,305.50173582989504,-0.24347264805896887,True,True,True,True,True,True,True,0.1003739782038114,0.97711214525901,True,NORMAL,NORMAL,IN_CONTROL
30,8,1,199.3398664841193,1.0592602935353657,0.97711214525901,1.005743067030572,4.900519276285525,0.1022717187191999,10.048296651020502,1.0689626552096916,46.63030169288485,2.993152313729119,0.21335520983589,5.498552307083574,11.783893764860633,305.50173582989504,0.48296651020502074,True,True,True,True,True,True,True,0.1022717187191999,0.97711214525901,True,NORMAL,NORMAL,IN_CONTROL
30,8,2,199.3398664841193,1.0592602935353657,0.97711214525901,1.005743067030572,4.900519276285525,0.1016209332698083,10.035179524991095,1.0689626552096916,46.63030169288485,2.993152313729119,0.21335520983589,5.498552307083574,11.783893764860633,305.50173582989504,0.35179524991095334,True,True,True,True,True,True,True,0.1016209332698083,0.97711214525901,True,NORMAL,NORMAL,IN_CONTROL
30,8,3,199.3398664841193,1.0592602935353657,0.97711214525901,1.005743067030572,4.900519276285525,0.1016243126947985,10.053275191778711,1.0689626552096916,46.63030169288485,2.993152313729119,0.21335520983589,5.498552307083574,11.783893764860633,305.50173582989504,0.5327519177871132,True,True,True,True,True,True,True,0.1016243126947985,0.97711214525901,True,NORMAL,NORMAL,IN_CONTROL
30,8,4,199.3398664841193,1.0592602935353657,0.97711214525901,1.005743067030572,4.900519276285525,0.1019721281257249,10.036389860316714,1.0689626552096916,46.63030169288485,2.993152313729119,0.21335520983589,5.498552307083574,11.783893764860633,305.50173582989504,0.3638986031671365,True,True,True,True,True,True,True,0.1019721281257249,0.97711214525901,True,NORMAL,NORMAL,IN_CONTROL
30,8,5,199.3398664841193,1.0592602935353657,0.97711214525901,1.005743067030572,4.900519276285525,0.1017961758752121,10.04985059649266,1.0689626552096916,46.63030169288485,2.993152313729119,0.21335520983589,5.498552307083574,11.783893764860633,305.50173582989504,0.49850596492660765,True,True,True,True,True,True,True,0.1017961758752121,0.97711214525901,True,NORMAL,NORMAL,IN_CONTROL
30,9,1,199.3398664841193,1.0592602935353657,0.97711214525901,1.005743067030572,4.900519276285525,0.1011599611327187,10.018575149309443,1.0605392622630416,49.452781147846366,2.9809787753017813,0.2102185311268186,5.6296111806362665,11.783893764860633,305.50173582989504,0.18575149309443262,True,True,True,True,True,True,True,0.1011599611327187,0.97711214525901,True,NORMAL,NORMAL,IN_CONTROL
30,9,2,199.3398664841193,1.0592602935353657,0.97711214525901,1.005743067030572,4.900519276285525,0.1012647432391923,9.993164905358435,1.0605392622630416,49.452781147846366,2.9809787753017813,0.2102185311268186,5.6296111806362665,11.783893764860633,305.50173582989504,-0.0683509464156451,True,True,True,True,True,True,True,0.1012647432391923,0.97711214525901,True,NORMAL,NORMAL,IN_CONTROL
30,9,3,199.3398664841193,1.0592602935353657,0.97711214525901,1.005743067030572,4.900519276285525,0.1015384837759691,10.002144596062678,1.0605392622630416,49.452781147846366,2.9809787753017813,0.2102185311268186,5.6296111806362665,11.783893764860633,305.50173582989504,0.02144596062677806,True,True,True,True,True,True,True,0.1015384837759691,0.97711214525901,True,NORMAL,NORMAL,IN_CONTROL
30,9,4,199.3398664841193,1.0592602935353657,0.97711214525901,1.005743067030572,4.900519276285525,0.1014397942330566,10.010545862439049,1.0605392622630416,49.452781147846366,2.9809787753017813,0.2102185311268186,5.6296111806362665,11.783893764860633,305.50173582989504,0.10545862439048648,True,True,True,True,True,True,True,0.1014397942330566,0.97711214525901,True,NORMAL,NORMAL,IN_CONTROL
30,9,5,199.3398664841193,1.0592602935353657,0.97711214525901,1.005743067030572,4.900519276285525,0.1016598603420045,9.983333031680344,1.0605392622630416,49.452781147846366,2.9809787753017813,0.2102185311268186,5.6296111806362665,11.783893764860633,305.50173582989504,-0.16666968319656306,True,True,True,True,True,True,True,0.1016598603420045,0.97711214525901,True,NORMAL,NORMAL,IN_CONTROL
30,10,1,199.3398664841193,1.0592602935353657,0.97711214525901,1.005743067030572,4.900519276285525,0.1020306758406155,10.019280225364357,1.009115384550051,45.56305641984223,2.98834605128726,0.2131603631383116,5.923287207563986,11.783893764860633,305.50173582989504,0.19280225364356696,True,True,True,True,True,True,True,0.1020306758406155,0.97711214525901,True,NORMAL,NORMAL,IN_CONTROL
30,10,2,199.3398664841193,1.0592602935353657,0.97711214525901,1.005743067030572,4.900519276285525,0.1019828991674473,10.048707192585628,1.009115384550051,45.56305641984223,2.98834605128726,0.2131603631383116,5.923287207563986,11.783893764860633,305.50173582989504,0.4870719258562773,True,True,True,True,True,True,True,0.1019828991674473,0.97711214525901,True,NORMAL,NORMAL,IN_CONTROL
30,10,3,199.3398664841193,1.0592602935353657,0.97711214525901,1.005743067030572,4.900519276285525,0.1024627902047379,10.011376787241614,1.009115384550051,45.56305641984223,2.98834605128726,0.2131603631383116,5.923287207563986,11.783893764860633,305.50173582989504,0.11376787241614394,True,True,True,True,True,True,True,0.1024627902047379,0.97711214525901,True,NORMAL,NORMAL,IN_CONTROL
30,10,4,199.3398664841193,1.0592602935353657,0.97711214525901,1.005743067030572,4.900519276285525,0.1026741571455271,9.994379601922242,1.009115384550051,45.56305641984223,2.98834605128726,0.2131603631383116,5.923287207563986,11.783893764860633,305.50173582989504,-0.056203980777578266,True,True,True,True,True,True,True,0.1026741571455271,0.97711214525901,True,NORMAL,NORMAL,IN_CONTROL
30,10,5,199.3398664841193,1.0592602935353657,0.97711214525901,1.005743067030572,4.900519276285525,0.102561549267456,10.031665704968509,1.009115384550051,45.56305641984223,2.98834605128726,0.2131603631383116,5.923287207563986,11.783893764860633,305.50173582989504,0.31665704968508734,True,True,True,True,True,True,True,0.102561549267456,0.97711214525901,True,NORMAL,NORMAL,IN_CONTROL
