Lot,Wafer,Measurement,Temperature_C,Pressure_Torr,TMA_Pulse_s,H2O_Pulse_s,Purge_s,GPC_nm_per_cycle,Film_Thickness_nm,Thickness_Uniformity_1sigma_%,Film_Stress_MPa,Film_Density_g_cm3,Surface_Roughness_nm_RMS,Defect_Density_per_cm2,Cycle_Time_s,Throughput_cycles_per_hour,Thickness_Deviation_%,Thickness_OK,Uniformity_OK,Stress_OK,Density_OK,Roughness_OK,Defectivity_OK,Measurement_OK
1,1,1,200.45707561963164,0.9688004768127851,1.011256767937097,1.0141084707458683,4.804896481134616,0.09889306499621738,10.011460376042791,0.9887258728800747,49.09030406460389,2.9890480950068086,0.20591733194614129,5.5782510591765675,11.635158200952198,309.40705212803925,0.11460376042791154,True,True,True,True,True,True,True
1,1,2,200.45707561963164,0.9688004768127851,1.011256767937097,1.0141084707458683,4.804896481134616,0.09931528610688316,10.001983764540448,0.9887258728800747,49.09030406460389,2.9890480950068086,0.20591733194614129,5.5782510591765675,11.635158200952198,309.40705212803925,0.019837645404479076,True,True,True,True,True,True,True
1,1,3,200.45707561963164,0.9688004768127851,1.011256767937097,1.0141084707458683,4.804896481134616,0.09882002535863202,10.009889406634045,0.9887258728800747,49.09030406460389,2.9890480950068086,0.20591733194614129,5.5782510591765675,11.635158200952198,309.40705212803925,0.09889406634044917,True,True,True,True,True,True,True
1,1,4,200.45707561963164,0.9688004768127851,1.011256767937097,1.0141084707458683,4.804896481134616,0.09910821646094696,10.006921726436149,0.9887258728800747,49.09030406460389,2.9890480950068086,0.20591733194614129,5.5782510591765675,11.635158200952198,309.40705212803925,0.06921726436148745,True,True,True,True,True,True,True
1,1,5,200.45707561963164,0.9688004768127851,1.011256767937097,1.0141084707458683,4.804896481134616,0.09907234348875975,10.017698533285742,0.9887258728800747,49.09030406460389,2.9890480950068086,0.20591733194614129,5.5782510591765675,11.635158200952198,309.40705212803925,0.17698533285742002,True,True,True,True,True,True,True
1,2,1,200.45707561963164,0.9688004768127851,1.011256767937097,1.0141084707458683,4.804896481134616,0.09950800187731415,10.021451909395097,0.9625081421209749,49.43735379841559,2.9831354774451566,0.21064191801635476,5.6322525371506735,11.635158200952198,309.40705212803925,0.2145190939509689,True,True,True,True,True,True,True
1,2,2,200.45707561963164,0.9688004768127851,1.011256767937097,1.0141084707458683,4.804896481134616,0.09995522665675032,10.010769213666823,0.9625081421209749,49.43735379841559,2.9831354774451566,0.21064191801635476,5.6322525371506735,11.635158200952198,309.40705212803925,0.10769213666822706,True,True,True,True,True,True,True
1,2,3,200.45707561963164,0.9688004768127851,1.011256767937097,1.0141084707458683,4.804896481134616,0.09992299510089446,10.034339719545287,0.9625081421209749,49.43735379841559,2.9831354774451566,0.21064191801635476,5.6322525371506735,11.635158200952198,309.40705212803925,0.34339719545286584,True,True,True,True,True,True,True
1,2,4,200.45707561963164,0.9688004768127851,1.011256767937097,1.0141084707458683,4.804896481134616,0.09982969721732292,10.013159310174585,0.9625081421209749,49.43735379841559,2.9831354774451566,0.21064191801635476,5.6322525371506735,11.635158200952198,309.40705212803925,0.13159310174584604,True,True,True,True,True,True,True
1,2,5,200.45707561963164,0.9688004768127851,1.011256767937097,1.0141084707458683,4.804896481134616,0.0998256553994216,10.024919422354374,0.9625081421209749,49.43735379841559,2.9831354774451566,0.21064191801635476,5.6322525371506735,11.635158200952198,309.40705212803925,0.2491942235437428,True,True,True,True,True,True,True
1,3,1,200.45707561963164,0.9688004768127851,1.011256767937097,1.0141084707458683,4.804896481134616,0.09808449538243844,10.031584311730406,0.9950679995046703,50.017175596976024,2.988649938079846,0.2106878444261439,5.074797522836399,11.635158200952198,309.40705212803925,0.31584311730405545,True,True,True,True,True,True,True
1,3,2,200.45707561963164,0.9688004768127851,1.011256767937097,1.0141084707458683,4.804896481134616,0.09814306450335827,10.026778785086641,0.9950679995046703,50.017175596976024,2.988649938079846,0.2106878444261439,5.074797522836399,11.635158200952198,309.40705212803925,0.2677878508664122,True,True,True,True,True,True,True
1,3,3,200.45707561963164,0.9688004768127851,1.011256767937097,1.0141084707458683,4.804896481134616,0.0979658578440183,10.058902568866625,0.9950679995046703,50.017175596976024,2.988649938079846,0.2106878444261439,5.074797522836399,11.635158200952198,309.40705212803925,0.589025688666247,True,True,True,True,True,True,True
1,3,4,200.45707561963164,0.9688004768127851,1.011256767937097,1.0141084707458683,4.804896481134616,0.09772074624724153,10.050973871221851,0.9950679995046703,50.017175596976024,2.988649938079846,0.2106878444261439,5.074797522836399,11.635158200952198,309.40705212803925,0.5097387122185104,True,True,True,True,True,True,True
1,3,5,200.45707561963164,0.9688004768127851,1.011256767937097,1.0141084707458683,4.804896481134616,0.09827443309825777,10.031355273924039,0.9950679995046703,50.017175596976024,2.988649938079846,0.2106878444261439,5.074797522836399,11.635158200952198,309.40705212803925,0.31355273924038585,True,True,True,True,True,True,True
1,4,1,200.45707561963164,0.9688004768127851,1.011256767937097,1.0141084707458683,4.804896481134616,0.09827572583933977,10.008643336500649,0.9985010096685112,49.600871455238696,2.984892582123073,0.21136790739239975,5.34765920351604,11.635158200952198,309.40705212803925,0.08643336500648857,True,True,True,True,True,True,True
1,4,2,200.45707561963164,0.9688004768127851,1.011256767937097,1.0141084707458683,4.804896481134616,0.09876486022675694,10.0140017190597,0.9985010096685112,49.600871455238696,2.984892582123073,0.21136790739239975,5.34765920351604,11.635158200952198,309.40705212803925,0.1400171905969927,True,True,True,True,True,True,True
1,4,3,200.45707561963164,0.9688004768127851,1.011256767937097,1.0141084707458683,4.804896481134616,0.09882285760976114,10.029974220496833,0.9985010096685112,49.600871455238696,2.984892582123073,0.21136790739239975,5.34765920351604,11.635158200952198,309.40705212803925,0.29974220496832515,True,True,True,True,True,True,True
1,4,4,200.45707561963164,0.9688004768127851,1.011256767937097,1.0141084707458683,4.804896481134616,0.09866327391086382,10.021405261922904,0.9985010096685112,49.600871455238696,2.984892582123073,0.21136790739239975,5.34765920351604,11.635158200952198,309.40705212803925,0.21405261922904373,True,True,True,True,True,True,True
1,4,5,200.45707561963164,0.9688004768127851,1.011256767937097,1.0141084707458683,4.804896481134616,0.09852290804162474,10.037241861442604,0.9985010096685112,49.600871455238696,2.984892582123073,0.21136790739239975,5.34765920351604,11.635158200952198,309.40705212803925,0.3724186144260422,True,True,True,True,True,True,True
1,5,1,200.45707561963164,0.9688004768127851,1.011256767937097,1.0141084707458683,4.804896481134616,0.09766141398452499,10.024132364548562,0.9638089772155612,49.567858633488804,2.981225142858451,0.21025489719098503,5.287713552580307,11.635158200952198,309.40705212803925,0.24132364548561822,True,True,True,True,True,True,True
1,5,2,200.45707561963164,0.9688004768127851,1.011256767937097,1.0141084707458683,4.804896481134616,0.09771680551954505,10.030658509611191,0.9638089772155612,49.567858633488804,2.981225142858451,0.21025489719098503,5.287713552580307,11.635158200952198,309.40705212803925,0.3065850961119132,True,True,True,True,True,True,True
1,5,3,200.45707561963164,0.9688004768127851,1.011256767937097,1.0141084707458683,4.804896481134616,0.09739020049323997,10.022463684472672,0.9638089772155612,49.567858633488804,2.981225142858451,0.21025489719098503,5.287713552580307,11.635158200952198,309.40705212803925,0.2246368447267244,True,True,True,True,True,True,True
1,5,4,200.45707561963164,0.9688004768127851,1.011256767937097,1.0141084707458683,4.804896481134616,0.09701098965666581,10.022745867636305,0.9638089772155612,49.567858633488804,2.981225142858451,0.21025489719098503,5.287713552580307,11.635158200952198,309.40705212803925,0.22745867636304595,True,True,True,True,True,True,True
1,5,5,200.45707561963164,0.9688004768127851,1.011256767937097,1.0141084707458683,4.804896481134616,0.0971203801031469,10.002185841347467,0.9638089772155612,49.567858633488804,2.981225142858451,0.21025489719098503,5.287713552580307,11.635158200952198,309.40705212803925,0.021858413474671323,True,True,True,True,True,True,True
1,6,1,200.45707561963164,0.9688004768127851,1.011256767937097,1.0141084707458683,4.804896481134616,0.09830491885372498,9.966302582489455,0.9475362209517115,49.57143397344774,2.9937004825753264,0.207725187835444,5.547871754636032,11.635158200952198,309.40705212803925,-0.33697417510545336,True,True,True,True,True,True,True
1,6,2,200.45707561963164,0.9688004768127851,1.011256767937097,1.0141084707458683,4.804896481134616,0.0982648401983151,9.966057002126295,0.9475362209517115,49.57143397344774,2.9937004825753264,0.207725187835444,5.547871754636032,11.635158200952198,309.40705212803925,-0.3394299787370514,True,True,True,True,True,True,True
1,6,3,200.45707561963164,0.9688004768127851,1.011256767937097,1.0141084707458683,4.804896481134616,0.09784835399412757,9.992858994977432,0.9475362209517115,49.57143397344774,2.9937004825753264,0.207725187835444,5.547871754636032,11.635158200952198,309.40705212803925,-0.07141005022567981,True,True,True,True,True,True,True
1,6,4,200.45707561963164,0.9688004768127851,1.011256767937097,1.0141084707458683,4.804896481134616,0.09843787080178495,9.986782734100762,0.9475362209517115,49.57143397344774,2.9937004825753264,0.207725187835444,5.547871754636032,11.635158200952198,309.40705212803925,-0.13217265899237773,True,True,True,True,True,True,True
1,6,5,200.45707561963164,0.9688004768127851,1.011256767937097,1.0141084707458683,4.804896481134616,0.09793273276476874,9.971384556506882,0.9475362209517115,49.57143397344774,2.9937004825753264,0.207725187835444,5.547871754636032,11.635158200952198,309.40705212803925,-0.28615443493118065,True,True,True,True,True,True,True
1,7,1,200.45707561963164,0.9688004768127851,1.011256767937097,1.0141084707458683,4.804896481134616,0.09768913557764701,10.015085797798129,0.9816808789531545,49.97144867301057,2.995213235543001,0.20807591286620922,5.168275107276241,11.635158200952198,309.40705212803925,0.15085797798128908,True,True,True,True,True,True,True
1,7,2,200.45707561963164,0.9688004768127851,1.011256767937097,1.0141084707458683,4.804896481134616,0.09787366994622985,10.032806411460419,0.9816808789531545,49.97144867301057,2.995213235543001,0.20807591286620922,5.168275107276241,11.635158200952198,309.40705212803925,0.32806411460418516,True,True,True,True,True,True,True
1,7,3,200.45707561963164,0.9688004768127851,1.011256767937097,1.0141084707458683,4.804896481134616,0.09806212743982136,10.017753030659218,0.9816808789531545,49.97144867301057,2.995213235543001,0.20807591286620922,5.168275107276241,11.635158200952198,309.40705212803925,0.17753030659218183,True,True,True,True,True,True,True
1,7,4,200.45707561963164,0.9688004768127851,1.011256767937097,1.0141084707458683,4.804896481134616,0.09743121111263056,9.994539785625438,0.9816808789531545,49.97144867301057,2.995213235543001,0.20807591286620922,5.168275107276241,11.635158200952198,309.40705212803925,-0.054602143745619,True,True,True,True,True,True,True
1,7,5,200.45707561963164,0.9688004768127851,1.011256767937097,1.0141084707458683,4.804896481134616,0.09750619363150875,9.99847746637653,0.9816808789531545,49.97144867301057,2.995213235543001,0.20807591286620922,5.168275107276241,11.635158200952198,309.40705212803925,-0.015225336234703235,True,True,True,True,True,True,True
1,8,1,200.45707561963164,0.9688004768127851,1.011256767937097,1.0141084707458683,4.804896481134616,0.09942901023696026,9.998742177941793,0.9680339116995502,48.47879023298447,2.9821264456803585,0.2097345212909789,5.569559043000891,11.635158200952198,309.40705212803925,-0.012578220582071253,True,True,True,True,True,True,True
1,8,2,200.45707561963164,0.9688004768127851,1.011256767937097,1.0141084707458683,4.804896481134616,0.09825799006114849,9.975081208367122,0.9680339116995502,48.47879023298447,2.9821264456803585,0.2097345212909789,5.569559043000891,11.635158200952198,309.40705212803925,-0.2491879163287791,True,True,True,True,True,True,True
1,8,3,200.45707561963164,0.9688004768127851,1.011256767937097,1.0141084707458683,4.804896481134616,0.0986351649358612,9.937003224369676,0.9680339116995502,48.47879023298447,2.9821264456803585,0.2097345212909789,5.569559043000891,11.635158200952198,309.40705212803925,-0.6299677563032446,True,True,True,True,True,True,True
1,8,4,200.45707561963164,0.9688004768127851,1.011256767937097,1.0141084707458683,4.804896481134616,0.09843024431910415,9.956728235044363,0.9680339116995502,48.47879023298447,2.9821264456803585,0.2097345212909789,5.569559043000891,11.635158200952198,309.40705212803925,-0.4327176495563734,True,True,True,True,True,True,True
1,8,5,200.45707561963164,0.9688004768127851,1.011256767937097,1.0141084707458683,4.804896481134616,0.09851261423123313,9.959731525404582,0.9680339116995502,48.47879023298447,2.9821264456803585,0.2097345212909789,5.569559043000891,11.635158200952198,309.40705212803925,-0.40268474595418263,True,True,True,True,True,True,True
1,9,1,200.45707561963164,0.9688004768127851,1.011256767937097,1.0141084707458683,4.804896481134616,0.09821145195010468,10.068870308265925,0.9699415475013528,48.91394277466132,2.9788309263628743,0.2073350560214083,5.377302824864945,11.635158200952198,309.40705212803925,0.6887030826592522,True,True,True,True,True,True,True
1,9,2,200.45707561963164,0.9688004768127851,1.011256767937097,1.0141084707458683,4.804896481134616,0.09802258091410106,10.057042703334812,0.9699415475013528,48.91394277466132,2.9788309263628743,0.2073350560214083,5.377302824864945,11.635158200952198,309.40705212803925,0.5704270333481176,True,True,True,True,True,True,True
1,9,3,200.45707561963164,0.9688004768127851,1.011256767937097,1.0141084707458683,4.804896481134616,0.0978828345649931,10.024390111889657,0.9699415475013528,48.91394277466132,2.9788309263628743,0.2073350560214083,5.377302824864945,11.635158200952198,309.40705212803925,0.24390111889657007,True,True,True,True,True,True,True
1,9,4,200.45707561963164,0.9688004768127851,1.011256767937097,1.0141084707458683,4.804896481134616,0.09881091051339336,10.031315004679973,0.9699415475013528,48.91394277466132,2.9788309263628743,0.2073350560214083,5.377302824864945,11.635158200952198,309.40705212803925,0.3131500467997306,True,True,True,True,True,True,True
1,9,5,200.45707561963164,0.9688004768127851,1.011256767937097,1.0141084707458683,4.804896481134616,0.09842391635478372,10.029866502817539,0.9699415475013528,48.91394277466132,2.9788309263628743,0.2073350560214083,5.377302824864945,11.635158200952198,309.40705212803925,0.29866502817538887,True,True,True,True,True,True,True
1,10,1,200.45707561963164,0.9688004768127851,1.011256767937097,1.0141084707458683,4.804896481134616,0.09842430742087575,9.97629848720479,0.9862491215956893,49.79295862982904,2.987000528455719,0.20682961666234012,5.485049435229526,11.635158200952198,309.40705212803925,-0.23701512795209823,True,True,True,True,True,True,True
1,10,2,200.45707561963164,0.9688004768127851,1.011256767937097,1.0141084707458683,4.804896481134616,0.09884376552532256,9.96397502322179,0.9862491215956893,49.79295862982904,2.987000528455719,0.20682961666234012,5.485049435229526,11.635158200952198,309.40705212803925,-0.36024976778209705,True,True,True,True,True,True,True
1,10,3,200.45707561963164,0.9688004768127851,1.011256767937097,1.0141084707458683,4.804896481134616,0.09883998663407795,10.006758080200905,0.9862491215956893,49.79295862982904,2.987000528455719,0.20682961666234012,5.485049435229526,11.635158200952198,309.40705212803925,0.0675808020090507,True,True,True,True,True,True,True
1,10,4,200.45707561963164,0.9688004768127851,1.011256767937097,1.0141084707458683,4.804896481134616,0.09887773699188668,9.9813351440783,0.9862491215956893,49.79295862982904,2.987000528455719,0.20682961666234012,5.485049435229526,11.635158200952198,309.40705212803925,-0.18664855921700862,True,True,True,True,True,True,True
1,10,5,200.45707561963164,0.9688004768127851,1.011256767937097,1.0141084707458683,4.804896481134616,0.09885780390041508,10.002668655501267,0.9862491215956893,49.79295862982904,2.987000528455719,0.20682961666234012,5.485049435229526,11.635158200952198,309.40705212803925,0.026686555012673807,True,True,True,True,True,True,True
2,1,1,199.3836091537494,1.0331886613017967,1.0064313465769241,1.0230363398799398,5.01832344372219,0.09747469030932511,9.878511200787242,1.1513740384191713,54.776392039490304,2.9972816024671607,0.1956777980930666,5.808103983831857,12.066114573901245,298.35619228966425,-1.2148879921275757,True,True,True,True,True,True,True
2,1,2,199.3836091537494,1.0331886613017967,1.0064313465769241,1.0230363398799398,5.01832344372219,0.09683246320694527,9.867221033720451,1.1513740384191713,54.776392039490304,2.9972816024671607,0.1956777980930666,5.808103983831857,12.066114573901245,298.35619228966425,-1.3277896627954888,True,True,True,True,True,True,True
2,1,3,199.3836091537494,1.0331886613017967,1.0064313465769241,1.0230363398799398,5.01832344372219,0.09719454575616672,9.856979024092876,1.1513740384191713,54.776392039490304,2.9972816024671607,0.1956777980930666,5.808103983831857,12.066114573901245,298.35619228966425,-1.4302097590712393,True,True,True,True,True,True,True
2,1,4,199.3836091537494,1.0331886613017967,1.0064313465769241,1.0230363398799398,5.01832344372219,0.09718406912717596,9.839677361971422,1.1513740384191713,54.776392039490304,2.9972816024671607,0.1956777980930666,5.808103983831857,12.066114573901245,298.35619228966425,-1.6032263802857827,True,True,True,True,True,True,True
2,1,5,199.3836091537494,1.0331886613017967,1.0064313465769241,1.0230363398799398,5.01832344372219,0.09772228559996139,9.852758868473218,1.1513740384191713,54.776392039490304,2.9972816024671607,0.1956777980930666,5.808103983831857,12.066114573901245,298.35619228966425,-1.4724113152678164,True,True,True,True,True,True,True
2,2,1,199.3836091537494,1.0331886613017967,1.0064313465769241,1.0230363398799398,5.01832344372219,0.09797901886299357,9.848907917025155,1.1175491515784926,54.84332406798793,3.0023210009272843,0.1977824730996519,6.037292424221205,12.066114573901245,298.35619228966425,-1.51092082974845,True,True,True,True,True,True,True
2,2,2,199.3836091537494,1.0331886613017967,1.0064313465769241,1.0230363398799398,5.01832344372219,0.09826055068387615,9.847883100515778,1.1175491515784926,54.84332406798793,3.0023210009272843,0.1977824730996519,6.037292424221205,12.066114573901245,298.35619228966425,-1.521168994842217,True,True,True,True,True,True,True
2,2,3,199.3836091537494,1.0331886613017967,1.0064313465769241,1.0230363398799398,5.01832344372219,0.09786248522482477,9.85380020128711,1.1175491515784926,54.84332406798793,3.0023210009272843,0.1977824730996519,6.037292424221205,12.066114573901245,298.35619228966425,-1.4619979871289068,True,True,True,True,True,True,True
2,2,4,199.3836091537494,1.0331886613017967,1.0064313465769241,1.0230363398799398,5.01832344372219,0.09825627014553645,9.85252816264933,1.1175491515784926,54.84332406798793,3.0023210009272843,0.1977824730996519,6.037292424221205,12.066114573901245,298.35619228966425,-1.4747183735067004,True,True,True,True,True,True,True
2,2,5,199.3836091537494,1.0331886613017967,1.0064313465769241,1.0230363398799398,5.01832344372219,0.09875085502987928,9.88839119089037,1.1175491515784926,54.84332406798793,3.0023210009272843,0.1977824730996519,6.037292424221205,12.066114573901245,298.35619228966425,-1.1160880910962945,True,True,True,True,True,True,True
2,3,1,199.3836091537494,1.0331886613017967,1.0064313465769241,1.0230363398799398,5.01832344372219,0.09728920305425832,9.855550175243076,1.0881709745233898,54.5802901483864,2.9988852368187127,0.19978568765130483,5.563595070307651,12.066114573901245,298.35619228966425,-1.4444982475692392,True,True,True,True,True,True,True
2,3,2,199.3836091537494,1.0331886613017967,1.0064313465769241,1.0230363398799398,5.01832344372219,0.09761466543962205,9.862823027889547,1.0881709745233898,54.5802901483864,2.9988852368187127,0.19978568765130483,5.563595070307651,12.066114573901245,298.35619228966425,-1.3717697211045277,True,True,True,True,True,True,True
2,3,3,199.3836091537494,1.0331886613017967,1.0064313465769241,1.0230363398799398,5.01832344372219,0.09767033152972965,9.85739557031233,1.0881709745233898,54.5802901483864,2.9988852368187127,0.19978568765130483,5.563595070307651,12.066114573901245,298.35619228966425,-1.4260442968767073,True,True,True,True,True,True,True
2,3,4,199.3836091537494,1.0331886613017967,1.0064313465769241,1.0230363398799398,5.01832344372219,0.09740607124577293,9.863835250315065,1.0881709745233898,54.5802901483864,2.9988852368187127,0.19978568765130483,5.563595070307651,12.066114573901245,298.35619228966425,-1.3616474968493542,True,True,True,True,True,True,True
2,3,5,199.3836091537494,1.0331886613017967,1.0064313465769241,1.0230363398799398,5.01832344372219,0.09857216389678841,9.843521024559044,1.0881709745233898,54.5802901483864,2.9988852368187127,0.19978568765130483,5.563595070307651,12.066114573901245,298.35619228966425,-1.5647897544095635,True,True,True,True,True,True,True
2,4,1,199.3836091537494,1.0331886613017967,1.0064313465769241,1.0230363398799398,5.01832344372219,0.09698981086612707,9.87789491680575,1.1871816404281395,58.076064331590295,2.9914493786566343,0.19506337991827602,5.809016544517315,12.066114573901245,298.35619228966425,-1.2210508319424918,True,True,True,True,True,True,True
2,4,2,199.3836091537494,1.0331886613017967,1.0064313465769241,1.0230363398799398,5.01832344372219,0.09751906926247406,9.848722478600553,1.1871816404281395,58.076064331590295,2.9914493786566343,0.19506337991827602,5.809016544517315,12.066114573901245,298.35619228966425,-1.5127752139944661,True,True,True,True,True,True,True
2,4,3,199.3836091537494,1.0331886613017967,1.0064313465769241,1.0230363398799398,5.01832344372219,0.09717302116828651,9.858772521948078,1.1871816404281395,58.076064331590295,2.9914493786566343,0.19506337991827602,5.809016544517315,12.066114573901245,298.35619228966425,-1.4122747805192226,True,True,True,True,True,True,True
2,4,4,199.3836091537494,1.0331886613017967,1.0064313465769241,1.0230363398799398,5.01832344372219,0.09687339924714454,9.850369616904432,1.1871816404281395,58.076064331590295,2.9914493786566343,0.19506337991827602,5.809016544517315,12.066114573901245,298.35619228966425,-1.4963038309556786,True,True,True,True,True,True,True
2,4,5,199.3836091537494,1.0331886613017967,1.0064313465769241,1.0230363398799398,5.01832344372219,0.09720595174265285,9.84882746672055,1.1871816404281395,58.076064331590295,2.9914493786566343,0.19506337991827602,5.809016544517315,12.066114573901245,298.35619228966425,-1.511725332794498,True,True,True,True,True,True,True
2,5,1,199.3836091537494,1.0331886613017967,1.0064313465769241,1.0230363398799398,5.01832344372219,0.09750256726730118,9.897437378773114,1.1462203902548542,56.18371298016972,2.9980843584391033,0.19722339601383773,5.742906887223071,12.066114573901245,298.35619228966425,-1.0256262122688575,True,True,True,True,True,True,True
2,5,2,199.3836091537494,1.0331886613017967,1.0064313465769241,1.0230363398799398,5.01832344372219,0.09768984869783999,9.902134848468936,1.1462203902548542,56.18371298016972,2.9980843584391033,0.19722339601383773,5.742906887223071,12.066114573901245,298.35619228966425,-0.9786515153106379,True,True,True,True,True,True,True
2,5,3,199.3836091537494,1.0331886613017967,1.0064313465769241,1.0230363398799398,5.01832344372219,0.0981910411481066,9.928511625317741,1.1462203902548542,56.18371298016972,2.9980843584391033,0.19722339601383773,5.742906887223071,12.066114573901245,298.35619228966425,-0.7148837468225899,True,True,True,True,True,True,True
2,5,4,199.3836091537494,1.0331886613017967,1.0064313465769241,1.0230363398799398,5.01832344372219,0.0974901175144556,9.903164463272734,1.1462203902548542,56.18371298016972,2.9980843584391033,0.19722339601383773,5.742906887223071,12.066114573901245,298.35619228966425,-0.9683553672726575,True,True,True,True,True,True,True
2,5,5,199.3836091537494,1.0331886613017967,1.0064313465769241,1.0230363398799398,5.01832344372219,0.0980763775632907,9.880921093625822,1.1462203902548542,56.18371298016972,2.9980843584391033,0.19722339601383773,5.742906887223071,12.066114573901245,298.35619228966425,-1.190789063741775,True,True,True,True,True,True,True
2,6,1,199.3836091537494,1.0331886613017967,1.0064313465769241,1.0230363398799398,5.01832344372219,0.0985631512146394,9.902259010149592,1.0797366549692742,56.098435643908076,2.9995793134918327,0.1928368347353967,5.622635039861144,12.066114573901245,298.35619228966425,-0.977409898504078,True,True,True,True,True,True,True
2,6,2,199.3836091537494,1.0331886613017967,1.0064313465769241,1.0230363398799398,5.01832344372219,0.09851636469471274,9.894005448828619,1.0797366549692742,56.098435643908076,2.9995793134918327,0.1928368347353967,5.622635039861144,12.066114573901245,298.35619228966425,-1.0599455117138135,True,True,True,True,True,True,True
2,6,3,199.3836091537494,1.0331886613017967,1.0064313465769241,1.0230363398799398,5.01832344372219,0.09859317992876328,9.894602226997751,1.0797366549692742,56.098435643908076,2.9995793134918327,0.1928368347353967,5.622635039861144,12.066114573901245,298.35619228966425,-1.0539777300224884,True,True,True,True,True,True,True
2,6,4,199.3836091537494,1.0331886613017967,1.0064313465769241,1.0230363398799398,5.01832344372219,0.09777741364285314,9.920191464381992,1.0797366549692742,56.098435643908076,2.9995793134918327,0.1928368347353967,5.622635039861144,12.066114573901245,298.35619228966425,-0.7980853561800848,True,True,True,True,True,True,True
2,6,5,199.3836091537494,1.0331886613017967,1.0064313465769241,1.0230363398799398,5.01832344372219,0.09860036490154427,9.894826827048265,1.0797366549692742,56.098435643908076,2.9995793134918327,0.1928368347353967,5.622635039861144,12.066114573901245,298.35619228966425,-1.0517317295173534,True,True,True,True,True,True,True
2,7,1,199.3836091537494,1.0331886613017967,1.0064313465769241,1.0230363398799398,5.01832344372219,0.09784736748361357,9.894451622352827,1.0793725811041426,55.498992646064,3.005943962871582,0.19156654257389172,5.928736479262701,12.066114573901245,298.35619228966425,-1.0554837764717284,True,True,True,True,True,True,True
2,7,2,199.3836091537494,1.0331886613017967,1.0064313465769241,1.0230363398799398,5.01832344372219,0.09776542793565546,9.883695407145082,1.0793725811041426,55.498992646064,3.005943962871582,0.19156654257389172,5.928736479262701,12.066114573901245,298.35619228966425,-1.1630459285491845,True,True,True,True,True,True,True
2,7,3,199.3836091537494,1.0331886613017967,1.0064313465769241,1.0230363398799398,5.01832344372219,0.09804056135995853,9.91863424717024,1.0793725811041426,55.498992646064,3.005943962871582,0.19156654257389172,5.928736479262701,12.066114573901245,298.35619228966425,-0.8136575282975933,True,True,True,True,True,True,True
2,7,4,199.3836091537494,1.0331886613017967,1.0064313465769241,1.0230363398799398,5.01832344372219,0.09821898835405553,9.925052977780728,1.0793725811041426,55.498992646064,3.005943962871582,0.19156654257389172,5.928736479262701,12.066114573901245,298.35619228966425,-0.7494702221927163,True,True,True,True,True,True,True
2,7,5,199.3836091537494,1.0331886613017967,1.0064313465769241,1.0230363398799398,5.01832344372219,0.09838894514521256,9.90584988752364,1.0793725811041426,55.498992646064,3.005943962871582,0.19156654257389172,5.928736479262701,12.066114573901245,298.35619228966425,-0.9415011247635974,True,True,True,True,True,True,True
2,8,1,199.3836091537494,1.0331886613017967,1.0064313465769241,1.0230363398799398,5.01832344372219,0.09876849167660534,9.915195007303723,1.1231771059724587,55.2375429782091,2.9938200926842597,0.19913687859242468,5.460620919407537,12.066114573901245,298.35619228966425,-0.8480499269627729,True,True,True,True,True,True,True
2,8,2,199.3836091537494,1.0331886613017967,1.0064313465769241,1.0230363398799398,5.01832344372219,0.09905094769047627,9.920972208297506,1.1231771059724587,55.2375429782091,2.9938200926842597,0.19913687859242468,5.460620919407537,12.066114573901245,298.35619228966425,-0.7902779170249374,True,True,True,True,True,True,True
2,8,3,199.3836091537494,1.0331886613017967,1.0064313465769241,1.0230363398799398,5.01832344372219,0.09904491940119849,9.930619264768955,1.1231771059724587,55.2375429782091,2.9938200926842597,0.19913687859242468,5.460620919407537,12.066114573901245,298.35619228966425,-0.6938073523104471,True,True,True,True,True,True,True
2,8,4,199.3836091537494,1.0331886613017967,1.0064313465769241,1.0230363398799398,5.01832344372219,0.09880560104198743,9.880219688877391,1.1231771059724587,55.2375429782091,2.9938200926842597,0.19913687859242468,5.460620919407537,12.066114573901245,298.35619228966425,-1.19780311122609,True,True,True,True,True,True,True
2,8,5,199.3836091537494,1.0331886613017967,1.0064313465769241,1.0230363398799398,5.01832344372219,0.09867020304114701,9.886162323788096,1.1231771059724587,55.2375429782091,2.9938200926842597,0.19913687859242468,5.460620919407537,12.066114573901245,298.35619228966425,-1.1383767621190444,True,True,True,True,True,True,True
2,9,1,199.3836091537494,1.0331886613017967,1.0064313465769241,1.0230363398799398,5.01832344372219,0.0990199171119694,9.940037795487825,1.1111063217211377,54.157279795909496,2.9974711222651425,0.19251844634049675,5.576877408087883,12.066114573901245,298.35619228966425,-0.5996220451217482,True,True,True,True,True,True,True
2,9,2,199.3836091537494,1.0331886613017967,1.0064313465769241,1.0230363398799398,5.01832344372219,0.09798593664855797,9.944460314839803,1.1111063217211377,54.157279795909496,2.9974711222651425,0.19251844634049675,5.576877408087883,12.066114573901245,298.35619228966425,-0.5553968516019658,True,True,True,True,True,True,True
2,9,3,199.3836091537494,1.0331886613017967,1.0064313465769241,1.0230363398799398,5.01832344372219,0.09869493357310717,9.939923895070558,1.1111063217211377,54.157279795909496,2.9974711222651425,0.19251844634049675,5.576877408087883,12.066114573901245,298.35619228966425,-0.600761049294416,True,True,True,True,True,True,True
2,9,4,199.3836091537494,1.0331886613017967,1.0064313465769241,1.0230363398799398,5.01832344372219,0.09915818640563276,9.94155613359405,1.1111063217211377,54.157279795909496,2.9974711222651425,0.19251844634049675,5.576877408087883,12.066114573901245,298.35619228966425,-0.5844386640595012,True,True,True,True,True,True,True
2,9,5,199.3836091537494,1.0331886613017967,1.0064313465769241,1.0230363398799398,5.01832344372219,0.09849599247358007,9.904639283905706,1.1111063217211377,54.157279795909496,2.9974711222651425,0.19251844634049675,5.576877408087883,12.066114573901245,298.35619228966425,-0.9536071609429441,True,True,True,True,True,True,True
2,10,1,199.3836091537494,1.0331886613017967,1.0064313465769241,1.0230363398799398,5.01832344372219,0.09696788433889725,9.923960177965537,1.1763527060201053,55.53935377505055,3.001540131729978,0.19445529580407475,5.917260290113045,12.066114573901245,298.35619228966425,-0.7603982203446336,True,True,True,True,True,True,True
2,10,2,199.3836091537494,1.0331886613017967,1.0064313465769241,1.0230363398799398,5.01832344372219,0.09697912390464061,9.911564119147762,1.1763527060201053,55.53935377505055,3.001540131729978,0.19445529580407475,5.917260290113045,12.066114573901245,298.35619228966425,-0.8843588085223786,True,True,True,True,True,True,True
2,10,3,199.3836091537494,1.0331886613017967,1.0064313465769241,1.0230363398799398,5.01832344372219,0.096853762328784,9.895249283326889,1.1763527060201053,55.53935377505055,3.001540131729978,0.19445529580407475,5.917260290113045,12.066114573901245,298.35619228966425,-1.047507166731112,True,True,True,True,True,True,True
2,10,4,199.3836091537494,1.0331886613017967,1.0064313465769241,1.0230363398799398,5.01832344372219,0.09701303909216215,9.905813616525807,1.1763527060201053,55.53935377505055,3.001540131729978,0.19445529580407475,5.917260290113045,12.066114573901245,298.35619228966425,-0.941863834741934,True,True,True,True,True,True,True
2,10,5,199.3836091537494,1.0331886613017967,1.0064313465769241,1.0230363398799398,5.01832344372219,0.09658046010826257,9.922939933376588,1.1763527060201053,55.53935377505055,3.001540131729978,0.19445529580407475,5.917260290113045,12.066114573901245,298.35619228966425,-0.7706006662341203,True,True,True,True,True,True,True
3,1,1,199.81248645452064,1.0444436664297692,0.9888461765678115,0.9876662497406452,5.02023061918312,0.09918337657093913,9.975993803403888,1.1544444780804735,52.11268251674275,3.013166703225066,0.20946981706782253,5.768784554195159,12.016973664674696,299.5762577546976,-0.24006196596111803,True,True,True,True,True,True,True
3,1,2,199.81248645452064,1.0444436664297692,0.9888461765678115,0.9876662497406452,5.02023061918312,0.09979565093387988,9.982852870317307,1.1544444780804735,52.11268251674275,3.013166703225066,0.20946981706782253,5.768784554195159,12.016973664674696,299.5762577546976,-0.17147129682692608,True,True,True,True,True,True,True
3,1,3,199.81248645452064,1.0444436664297692,0.9888461765678115,0.9876662497406452,5.02023061918312,0.09974664220587336,10.002617367654459,1.1544444780804735,52.11268251674275,3.013166703225066,0.20946981706782253,5.768784554195159,12.016973664674696,299.5762577546976,0.026173676544587465,True,True,True,True,True,True,True
3,1,4,199.81248645452064,1.0444436664297692,0.9888461765678115,0.9876662497406452,5.02023061918312,0.098970728921085,9.973578290070988,1.1544444780804735,52.11268251674275,3.013166703225066,0.20946981706782253,5.768784554195159,12.016973664674696,299.5762577546976,-0.26421709929012493,True,True,True,True,True,True,True
3,1,5,199.81248645452064,1.0444436664297692,0.9888461765678115,0.9876662497406452,5.02023061918312,0.09952222714198328,9.99557354762688,1.1544444780804735,52.11268251674275,3.013166703225066,0.20946981706782253,5.768784554195159,12.016973664674696,299.5762577546976,-0.04426452373120782,True,True,True,True,True,True,True
3,2,1,199.81248645452064,1.0444436664297692,0.9888461765678115,0.9876662497406452,5.02023061918312,0.1018871735157021,10.011998786539886,1.1104640901967195,53.330515033075436,3.013773357873926,0.20713135913004532,5.990087199498065,12.016973664674696,299.5762577546976,0.11998786539885842,True,True,True,True,True,True,True
3,2,2,199.81248645452064,1.0444436664297692,0.9888461765678115,0.9876662497406452,5.02023061918312,0.10171001833503764,10.027022933338554,1.1104640901967195,53.330515033075436,3.013773357873926,0.20713135913004532,5.990087199498065,12.016973664674696,299.5762577546976,0.27022933338553656,True,True,True,True,True,True,True
3,2,3,199.81248645452064,1.0444436664297692,0.9888461765678115,0.9876662497406452,5.02023061918312,0.1017483890491304,10.022525915512619,1.1104640901967195,53.330515033075436,3.013773357873926,0.20713135913004532,5.990087199498065,12.016973664674696,299.5762577546976,0.22525915512618513,True,True,True,True,True,True,True
3,2,4,199.81248645452064,1.0444436664297692,0.9888461765678115,0.9876662497406452,5.02023061918312,0.10207699639931223,10.012931193577314,1.1104640901967195,53.330515033075436,3.013773357873926,0.20713135913004532,5.990087199498065,12.016973664674696,299.5762577546976,0.12931193577314204,True,True,True,True,True,True,True
3,2,5,199.81248645452064,1.0444436664297692,0.9888461765678115,0.9876662497406452,5.02023061918312,0.10143919898828258,9.984757074017386,1.1104640901967195,53.330515033075436,3.013773357873926,0.20713135913004532,5.990087199498065,12.016973664674696,299.5762577546976,-0.15242925982613897,True,True,True,True,True,True,True
3,3,1,199.81248645452064,1.0444436664297692,0.9888461765678115,0.9876662497406452,5.02023061918312,0.09937894350943151,9.976273007844075,1.085968914030304,53.31981584742732,3.011202880671438,0.2061345352590665,6.432376459178602,12.016973664674696,299.5762577546976,-0.23726992155925333,True,True,True,True,True,True,True
3,3,2,199.81248645452064,1.0444436664297692,0.9888461765678115,0.9876662497406452,5.02023061918312,0.09942732288737959,9.97665981208665,1.085968914030304,53.31981584742732,3.011202880671438,0.2061345352590665,6.432376459178602,12.016973664674696,299.5762577546976,-0.23340187913349908,True,True,True,True,True,True,True
3,3,3,199.81248645452064,1.0444436664297692,0.9888461765678115,0.9876662497406452,5.02023061918312,0.09922136478418973,9.943938194636576,1.085968914030304,53.31981584742732,3.011202880671438,0.2061345352590665,6.432376459178602,12.016973664674696,299.5762577546976,-0.5606180536342364,True,True,True,True,True,True,True
3,3,4,199.81248645452064,1.0444436664297692,0.9888461765678115,0.9876662497406452,5.02023061918312,0.09913324473372925,9.934333138660639,1.085968914030304,53.31981584742732,3.011202880671438,0.2061345352590665,6.432376459178602,12.016973664674696,299.5762577546976,-0.6566686133936095,True,True,True,True,True,True,True
3,3,5,199.81248645452064,1.0444436664297692,0.9888461765678115,0.9876662497406452,5.02023061918312,0.09964076039566293,9.951097598088944,1.085968914030304,53.31981584742732,3.011202880671438,0.2061345352590665,6.432376459178602,12.016973664674696,299.5762577546976,-0.4890240191105555,True,True,True,True,True,True,True
3,4,1,199.81248645452064,1.0444436664297692,0.9888461765678115,0.9876662497406452,5.02023061918312,0.09997933235958374,10.066539514769165,1.1181016712827567,51.52983800854204,3.015000786445667,0.20514790506117775,5.712411112564022,12.016973664674696,299.5762577546976,0.6653951476916475,True,True,True,True,True,True,True
3,4,2,199.81248645452064,1.0444436664297692,0.9888461765678115,0.9876662497406452,5.02023061918312,0.09983990685003946,10.0444913163931,1.1181016712827567,51.52983800854204,3.015000786445667,0.20514790506117775,5.712411112564022,12.016973664674696,299.5762577546976,0.4449131639310089,True,True,True,True,True,True,True
3,4,3,199.81248645452064,1.0444436664297692,0.9888461765678115,0.9876662497406452,5.02023061918312,0.10028919970563484,10.04267608308838,1.1181016712827567,51.52983800854204,3.015000786445667,0.20514790506117775,5.712411112564022,12.016973664674696,299.5762577546976,0.42676083088380773,True,True,True,True,True,True,True
3,4,4,199.81248645452064,1.0444436664297692,0.9888461765678115,0.9876662497406452,5.02023061918312,0.10025943117411111,10.049688318167256,1.1181016712827567,51.52983800854204,3.015000786445667,0.20514790506117775,5.712411112564022,12.016973664674696,299.5762577546976,0.4968831816725583,True,True,True,True,True,True,True
3,4,5,199.81248645452064,1.0444436664297692,0.9888461765678115,0.9876662497406452,5.02023061918312,0.10055703107008482,10.057999250067361,1.1181016712827567,51.52983800854204,3.015000786445667,0.20514790506117775,5.712411112564022,12.016973664674696,299.5762577546976,0.5799925006736117,True,True,True,True,True,True,True
3,5,1,199.81248645452064,1.0444436664297692,0.9888461765678115,0.9876662497406452,5.02023061918312,0.1006703953002893,9.99585629604772,1.1383335197321187,52.23889377560233,3.018200263226238,0.20669129635278835,6.131494190557382,12.016973664674696,299.5762577546976,-0.04143703952280475,True,True,True,True,True,True,True
3,5,2,199.81248645452064,1.0444436664297692,0.9888461765678115,0.9876662497406452,5.02023061918312,0.10010590587279125,10.021755074515845,1.1383335197321187,52.23889377560233,3.018200263226238,0.20669129635278835,6.131494190557382,12.016973664674696,299.5762577546976,0.21755074515844797,True,True,True,True,True,True,True
3,5,3,199.81248645452064,1.0444436664297692,0.9888461765678115,0.9876662497406452,5.02023061918312,0.10040796357949133,9.993030167227674,1.1383335197321187,52.23889377560233,3.018200263226238,0.20669129635278835,6.131494190557382,12.016973664674696,299.5762577546976,-0.06969832772325546,True,True,True,True,True,True,True
3,5,4,199.81248645452064,1.0444436664297692,0.9888461765678115,0.9876662497406452,5.02023061918312,0.10018501264403688,9.977956530745008,1.1383335197321187,52.23889377560233,3.018200263226238,0.20669129635278835,6.131494190557382,12.016973664674696,299.5762577546976,-0.22043469254992232,True,True,True,True,True,True,True
3,5,5,199.81248645452064,1.0444436664297692,0.9888461765678115,0.9876662497406452,5.02023061918312,0.10017926399568867,9.990241980712547,1.1383335197321187,52.23889377560233,3.018200263226238,0.20669129635278835,6.131494190557382,12.016973664674696,299.5762577546976,-0.09758019287453124,True,True,True,True,True,True,True
3,6,1,199.81248645452064,1.0444436664297692,0.9888461765678115,0.9876662497406452,5.02023061918312,0.09970629645617832,9.992460671655458,1.0441273441552203,51.452997834709976,3.0103339245786542,0.20466159025329464,6.6414568250852675,12.016973664674696,299.5762577546976,-0.07539328344542184,True,True,True,True,True,True,True
3,6,2,199.81248645452064,1.0444436664297692,0.9888461765678115,0.9876662497406452,5.02023061918312,0.09987280032017572,9.981113797683143,1.0441273441552203,51.452997834709976,3.0103339245786542,0.20466159025329464,6.6414568250852675,12.016973664674696,299.5762577546976,-0.18886202316856782,True,True,True,True,True,True,True
3,6,3,199.81248645452064,1.0444436664297692,0.9888461765678115,0.9876662497406452,5.02023061918312,0.10005052148590543,9.971655552561174,1.0441273441552203,51.452997834709976,3.0103339245786542,0.20466159025329464,6.6414568250852675,12.016973664674696,299.5762577546976,-0.28344447438826137,True,True,True,True,True,True,True
3,6,4,199.81248645452064,1.0444436664297692,0.9888461765678115,0.9876662497406452,5.02023061918312,0.09989314624591561,9.985175928646898,1.0441273441552203,51.452997834709976,3.0103339245786542,0.20466159025329464,6.6414568250852675,12.016973664674696,299.5762577546976,-0.14824071353102042,True,True,True,True,True,True,True
3,6,5,199.81248645452064,1.0444436664297692,0.9888461765678115,0.9876662497406452,5.02023061918312,0.0996523423232381,9.99183006684669,1.0441273441552203,51.452997834709976,3.0103339245786542,0.20466159025329464,6.6414568250852675,12.016973664674696,299.5762577546976,-0.08169933153309827,True,True,True,True,True,True,True
3,7,1,199.81248645452064,1.0444436664297692,0.9888461765678115,0.9876662497406452,5.02023061918312,0.10311087204798704,9.998547877716657,1.1130092395137174,54.00359645430575,3.0130849018942167,0.20728349629923032,6.1498264797249895,12.016973664674696,299.5762577546976,-0.014521222833430159,True,True,True,True,True,True,True
3,7,2,199.81248645452064,1.0444436664297692,0.9888461765678115,0.9876662497406452,5.02023061918312,0.10308925561024893,10.007559506839108,1.1130092395137174,54.00359645430575,3.0130849018942167,0.20728349629923032,6.1498264797249895,12.016973664674696,299.5762577546976,0.0755950683910811,True,True,True,True,True,True,True
3,7,3,199.81248645452064,1.0444436664297692,0.9888461765678115,0.9876662497406452,5.02023061918312,0.10367030286833843,10.011089154726143,1.1130092395137174,54.00359645430575,3.0130849018942167,0.20728349629923032,6.1498264797249895,12.016973664674696,299.5762577546976,0.11089154726143136,True,True,True,True,True,True,True
3,7,4,199.81248645452064,1.0444436664297692,0.9888461765678115,0.9876662497406452,5.02023061918312,0.10325884214693795,10.006602851934083,1.1130092395137174,54.00359645430575,3.0130849018942167,0.20728349629923032,6.1498264797249895,12.016973664674696,299.5762577546976,0.06602851934083276,True,True,True,True,True,True,True
3,7,5,199.81248645452064,1.0444436664297692,0.9888461765678115,0.9876662497406452,5.02023061918312,0.10325211485034073,10.00791450934204,1.1130092395137174,54.00359645430575,3.0130849018942167,0.20728349629923032,6.1498264797249895,12.016973664674696,299.5762577546976,0.07914509342040077,True,True,True,True,True,True,True
3,8,1,199.81248645452064,1.0444436664297692,0.9888461765678115,0.9876662497406452,5.02023061918312,0.09935070188154362,10.018159581104593,1.0962486261913997,50.57956995257558,3.0051519968522147,0.20963275170268267,6.3845371485407725,12.016973664674696,299.5762577546976,0.18159581104592704,True,True,True,True,True,True,True
3,8,2,199.81248645452064,1.0444436664297692,0.9888461765678115,0.9876662497406452,5.02023061918312,0.0996384042659761,9.984386249456113,1.0962486261913997,50.57956995257558,3.0051519968522147,0.20963275170268267,6.3845371485407725,12.016973664674696,299.5762577546976,-0.15613750543886695,True,True,True,True,True,True,True
3,8,3,199.81248645452064,1.0444436664297692,0.9888461765678115,0.9876662497406452,5.02023061918312,0.09993191819979498,10.06539451546352,1.0962486261913997,50.57956995257558,3.0051519968522147,0.20963275170268267,6.3845371485407725,12.016973664674696,299.5762577546976,0.6539451546352026,True,True,True,True,True,True,True
3,8,4,199.81248645452064,1.0444436664297692,0.9888461765678115,0.9876662497406452,5.02023061918312,0.09994097698120598,10.020565152246457,1.0962486261913997,50.57956995257558,3.0051519968522147,0.20963275170268267,6.3845371485407725,12.016973664674696,299.5762577546976,0.2056515224645672,True,True,True,True,True,True,True
3,8,5,199.81248645452064,1.0444436664297692,0.9888461765678115,0.9876662497406452,5.02023061918312,0.0997122559095466,10.005500826388008,1.0962486261913997,50.57956995257558,3.0051519968522147,0.20963275170268267,6.3845371485407725,12.016973664674696,299.5762577546976,0.055008263880083064,True,True,True,True,True,True,True
3,9,1,199.81248645452064,1.0444436664297692,0.9888461765678115,0.9876662497406452,5.02023061918312,0.10090665240837572,10.028342261701452,1.1300410308856617,52.915027173935634,3.015968931093891,0.20347604816654866,6.3851856882336575,12.016973664674696,299.5762577546976,0.2834226170145193,True,True,True,True,True,True,True
3,9,2,199.81248645452064,1.0444436664297692,0.9888461765678115,0.9876662497406452,5.02023061918312,0.10159843256516722,9.990578055328186,1.1300410308856617,52.915027173935634,3.015968931093891,0.20347604816654866,6.3851856882336575,12.016973664674696,299.5762577546976,-0.09421944671814231,True,True,True,True,True,True,True
3,9,3,199.81248645452064,1.0444436664297692,0.9888461765678115,0.9876662497406452,5.02023061918312,0.10161884368189111,10.001027402643459,1.1300410308856617,52.915027173935634,3.015968931093891,0.20347604816654866,6.3851856882336575,12.016973664674696,299.5762577546976,0.010274026434586858,True,True,True,True,True,True,True
3,9,4,199.81248645452064,1.0444436664297692,0.9888461765678115,0.9876662497406452,5.02023061918312,0.10163421093715236,9.99725805779073,1.1300410308856617,52.915027173935634,3.015968931093891,0.20347604816654866,6.3851856882336575,12.016973664674696,299.5762577546976,-0.02741942209269155,True,True,True,True,True,True,True
3,9,5,199.81248645452064,1.0444436664297692,0.9888461765678115,0.9876662497406452,5.02023061918312,0.10127516591126796,10.005871737611804,1.1300410308856617,52.915027173935634,3.015968931093891,0.20347604816654866,6.3851856882336575,12.016973664674696,299.5762577546976,0.05871737611803596,True,True,True,True,True,True,True
3,10,1,199.81248645452064,1.0444436664297692,0.9888461765678115,0.9876662497406452,5.02023061918312,0.10132150520199272,10.03973966785893,1.0780831843572105,52.12181773967123,3.0148889707565667,0.2008438877966994,6.320996953161993,12.016973664674696,299.5762577546976,0.397396678589299,True,True,True,True,True,True,True
3,10,2,199.81248645452064,1.0444436664297692,0.9888461765678115,0.9876662497406452,5.02023061918312,0.1007411916712414,10.011774127729227,1.0780831843572105,52.12181773967123,3.0148889707565667,0.2008438877966994,6.320996953161993,12.016973664674696,299.5762577546976,0.11774127729227146,True,True,True,True,True,True,True
3,10,3,199.81248645452064,1.0444436664297692,0.9888461765678115,0.9876662497406452,5.02023061918312,0.10072929256386347,10.022441822343698,1.0780831843572105,52.12181773967123,3.0148889707565667,0.2008438877966994,6.320996953161993,12.016973664674696,299.5762577546976,0.22441822343697734,True,True,True,True,True,True,True
3,10,4,199.81248645452064,1.0444436664297692,0.9888461765678115,0.9876662497406452,5.02023061918312,0.10092339341613772,10.051592684368611,1.0780831843572105,52.12181773967123,3.0148889707565667,0.2008438877966994,6.320996953161993,12.016973664674696,299.5762577546976,0.5159268436861097,True,True,True,True,True,True,True
3,10,5,199.81248645452064,1.0444436664297692,0.9888461765678115,0.9876662497406452,5.02023061918312,0.10092940594235864,10.04404106247021,1.0780831843572105,52.12181773967123,3.0148889707565667,0.2008438877966994,6.320996953161993,12.016973664674696,299.5762577546976,0.44041062470210335,True,True,True,True,True,True,True
4,1,1,200.3050823609299,0.9697439187417067,1.0106027446134858,1.0099399895557823,5.03850379376561,0.10007586782131556,9.997366739214753,1.1606854527689232,50.07301261534018,2.995649462017742,0.1901681183641371,4.6453210390737105,12.097550321700488,297.58090723064396,-0.026332607852470602,True,True,True,True,True,True,True
4,1,2,200.3050823609299,0.9697439187417067,1.0106027446134858,1.0099399895557823,5.03850379376561,0.1002882906897911,9.976510438627006,1.1606854527689232,50.07301261534018,2.995649462017742,0.1901681183641371,4.6453210390737105,12.097550321700488,297.58090723064396,-0.23489561372993958,True,True,True,True,True,True,True
4,1,3,200.3050823609299,0.9697439187417067,1.0106027446134858,1.0099399895557823,5.03850379376561,0.09968932413571764,9.989106492663371,1.1606854527689232,50.07301261534018,2.995649462017742,0.1901681183641371,4.6453210390737105,12.097550321700488,297.58090723064396,-0.10893507336628971,True,True,True,True,True,True,True
4,1,4,200.3050823609299,0.9697439187417067,1.0106027446134858,1.0099399895557823,5.03850379376561,0.10020237305716446,9.985272448412498,1.1606854527689232,50.07301261534018,2.995649462017742,0.1901681183641371,4.6453210390737105,12.097550321700488,297.58090723064396,-0.14727551587501608,True,True,True,True,True,True,True
4,1,5,200.3050823609299,0.9697439187417067,1.0106027446134858,1.0099399895557823,5.03850379376561,0.10018071533139339,9.972813833723206,1.1606854527689232,50.07301261534018,2.995649462017742,0.1901681183641371,4.6453210390737105,12.097550321700488,297.58090723064396,-0.271861662767936,True,True,True,True,True,True,True
4,2,1,200.3050823609299,0.9697439187417067,1.0106027446134858,1.0099399895557823,5.03850379376561,0.10158210913770857,9.975567413839723,1.2002443637702682,49.4862001525395,2.997211023414177,0.18523495829902661,4.276472223136054,12.097550321700488,297.58090723064396,-0.2443258616027677,True,True,True,True,True,True,True
4,2,2,200.3050823609299,0.9697439187417067,1.0106027446134858,1.0099399895557823,5.03850379376561,0.10250293800336102,9.990659747096926,1.2002443637702682,49.4862001525395,2.997211023414177,0.18523495829902661,4.276472223136054,12.097550321700488,297.58090723064396,-0.09340252903074386,True,True,True,True,True,True,True
4,2,3,200.3050823609299,0.9697439187417067,1.0106027446134858,1.0099399895557823,5.03850379376561,0.10165251002291106,9.96235140791724,1.2002443637702682,49.4862001525395,2.997211023414177,0.18523495829902661,4.276472223136054,12.097550321700488,297.58090723064396,-0.376485920827605,True,True,True,True,True,True,True
4,2,4,200.3050823609299,0.9697439187417067,1.0106027446134858,1.0099399895557823,5.03850379376561,0.10238708388868652,9.983489918777085,1.2002443637702682,49.4862001525395,2.997211023414177,0.18523495829902661,4.276472223136054,12.097550321700488,297.58090723064396,-0.16510081222914863,True,True,True,True,True,True,True
4,2,5,200.3050823609299,0.9697439187417067,1.0106027446134858,1.0099399895557823,5.03850379376561,0.10197845988082871,9.96166638919229,1.2002443637702682,49.4862001525395,2.997211023414177,0.18523495829902661,4.276472223136054,12.097550321700488,297.58090723064396,-0.38333610807709917,True,True,True,True,True,True,True
4,3,1,200.3050823609299,0.9697439187417067,1.0106027446134858,1.0099399895557823,5.03850379376561,0.09966801596645372,10.051648588690218,1.1243737880131104,49.31511088038163,2.992790809660704,0.19490252805968716,4.527211482520182,12.097550321700488,297.58090723064396,0.5164858869021849,True,True,True,True,True,True,True
4,3,2,200.3050823609299,0.9697439187417067,1.0106027446134858,1.0099399895557823,5.03850379376561,0.09989572701066586,10.0697509004748,1.1243737880131104,49.31511088038163,2.992790809660704,0.19490252805968716,4.527211482520182,12.097550321700488,297.58090723064396,0.6975090047479959,True,True,True,True,True,True,True
4,3,3,200.3050823609299,0.9697439187417067,1.0106027446134858,1.0099399895557823,5.03850379376561,0.09932240826065282,10.068994278863464,1.1243737880131104,49.31511088038163,2.992790809660704,0.19490252805968716,4.527211482520182,12.097550321700488,297.58090723064396,0.6899427886346388,True,True,True,True,True,True,True
4,3,4,200.3050823609299,0.9697439187417067,1.0106027446134858,1.0099399895557823,5.03850379376561,0.09974227079028457,10.086662651149576,1.1243737880131104,49.31511088038163,2.992790809660704,0.19490252805968716,4.527211482520182,12.097550321700488,297.58090723064396,0.866626511495756,True,True,True,True,True,True,True
4,3,5,200.3050823609299,0.9697439187417067,1.0106027446134858,1.0099399895557823,5.03850379376561,0.09900771365036805,10.085256215415068,1.1243737880131104,49.31511088038163,2.992790809660704,0.19490252805968716,4.527211482520182,12.097550321700488,297.58090723064396,0.8525621541506823,True,True,True,True,True,True,True
4,4,1,200.3050823609299,0.9697439187417067,1.0106027446134858,1.0099399895557823,5.03850379376561,0.10007984707929041,10.050642765623632,1.169864147566133,48.314983051443406,2.9976253624626965,0.19004492748350413,4.253822052048049,12.097550321700488,297.58090723064396,0.506427656236319,True,True,True,True,True,True,True
4,4,2,200.3050823609299,0.9697439187417067,1.0106027446134858,1.0099399895557823,5.03850379376561,0.1004427073774937,10.030646357350145,1.169864147566133,48.314983051443406,2.9976253624626965,0.19004492748350413,4.253822052048049,12.097550321700488,297.58090723064396,0.3064635735014498,True,True,True,True,True,True,True
4,4,3,200.3050823609299,0.9697439187417067,1.0106027446134858,1.0099399895557823,5.03850379376561,0.10001698602497866,10.033256594626517,1.169864147566133,48.314983051443406,2.9976253624626965,0.19004492748350413,4.253822052048049,12.097550321700488,297.58090723064396,0.33256594626516645,True,True,True,True,True,True,True
4,4,4,200.3050823609299,0.9697439187417067,1.0106027446134858,1.0099399895557823,5.03850379376561,0.0998214539425488,10.04394254246514,1.169864147566133,48.314983051443406,2.9976253624626965,0.19004492748350413,4.253822052048049,12.097550321700488,297.58090723064396,0.4394254246514073,True,True,True,True,True,True,True
4,4,5,200.3050823609299,0.9697439187417067,1.0106027446134858,1.0099399895557823,5.03850379376561,0.09984731801863796,10.046987985988862,1.169864147566133,48.314983051443406,2.9976253624626965,0.19004492748350413,4.253822052048049,12.097550321700488,297.58090723064396,0.4698798598886178,True,True,True,True,True,True,True
4,5,1,200.3050823609299,0.9697439187417067,1.0106027446134858,1.0099399895557823,5.03850379376561,0.10183176908311078,9.982249504599721,1.1315882826431123,47.325937155912975,3.0034484367000407,0.20011270805424725,4.411181698306333,12.097550321700488,297.58090723064396,-0.1775049540027851,True,True,True,True,True,True,True
4,5,2,200.3050823609299,0.9697439187417067,1.0106027446134858,1.0099399895557823,5.03850379376561,0.10186793712366289,10.007036795560134,1.1315882826431123,47.325937155912975,3.0034484367000407,0.20011270805424725,4.411181698306333,12.097550321700488,297.58090723064396,0.07036795560134479,True,True,True,True,True,True,True
4,5,3,200.3050823609299,0.9697439187417067,1.0106027446134858,1.0099399895557823,5.03850379376561,0.10209878261871251,9.994615255296601,1.1315882826431123,47.325937155912975,3.0034484367000407,0.20011270805424725,4.411181698306333,12.097550321700488,297.58090723064396,-0.05384744703398781,True,True,True,True,True,True,True
4,5,4,200.3050823609299,0.9697439187417067,1.0106027446134858,1.0099399895557823,5.03850379376561,0.10147659259002378,10.01921153488707,1.1315882826431123,47.325937155912975,3.0034484367000407,0.20011270805424725,4.411181698306333,12.097550321700488,297.58090723064396,0.1921153488707006,True,True,True,True,True,True,True
4,5,5,200.3050823609299,0.9697439187417067,1.0106027446134858,1.0099399895557823,5.03850379376561,0.10254071977055335,10.02183484539064,1.1315882826431123,47.325937155912975,3.0034484367000407,0.20011270805424725,4.411181698306333,12.097550321700488,297.58090723064396,0.218348453906394,True,True,True,True,True,True,True
4,6,1,200.3050823609299,0.9697439187417067,1.0106027446134858,1.0099399895557823,5.03850379376561,0.1005126882143306,10.056681918751488,1.1585457677862596,50.35397425381103,2.986740393697445,0.19295789630535815,4.4138371020032565,12.097550321700488,297.58090723064396,0.5668191875148842,True,True,True,True,True,True,True
4,6,2,200.3050823609299,0.9697439187417067,1.0106027446134858,1.0099399895557823,5.03850379376561,0.10023381782513748,10.053975061625609,1.1585457677862596,50.35397425381103,2.986740393697445,0.19295789630535815,4.4138371020032565,12.097550321700488,297.58090723064396,0.5397506162560894,True,True,True,True,True,True,True
4,6,3,200.3050823609299,0.9697439187417067,1.0106027446134858,1.0099399895557823,5.03850379376561,0.10066076011360946,10.037718814869395,1.1585457677862596,50.35397425381103,2.986740393697445,0.19295789630535815,4.4138371020032565,12.097550321700488,297.58090723064396,0.3771881486939499,True,True,True,True,True,True,True
4,6,4,200.3050823609299,0.9697439187417067,1.0106027446134858,1.0099399895557823,5.03850379376561,0.10061815886886316,10.0158111216618,1.1585457677862596,50.35397425381103,2.986740393697445,0.19295789630535815,4.4138371020032565,12.097550321700488,297.58090723064396,0.15811121661799987,True,True,True,True,True,True,True
4,6,5,200.3050823609299,0.9697439187417067,1.0106027446134858,1.0099399895557823,5.03850379376561,0.1004678025231861,10.047124800373622,1.1585457677862596,50.35397425381103,2.986740393697445,0.19295789630535815,4.4138371020032565,12.097550321700488,297.58090723064396,0.47124800373621767,True,True,True,True,True,True,True
4,7,1,200.3050823609299,0.9697439187417067,1.0106027446134858,1.0099399895557823,5.03850379376561,0.10066393429409404,9.980045552756538,1.1357331713747099,49.39637654817859,2.9949858128765556,0.1873477675483797,4.194092672688717,12.097550321700488,297.58090723064396,-0.1995444724346207,True,True,True,True,True,True,True
4,7,2,200.3050823609299,0.9697439187417067,1.0106027446134858,1.0099399895557823,5.03850379376561,0.10105620311392738,9.93446753871919,1.1357331713747099,49.39637654817859,2.9949858128765556,0.1873477675483797,4.194092672688717,12.097550321700488,297.58090723064396,-0.6553246128081014,True,True,True,True,True,True,True
4,7,3,200.3050823609299,0.9697439187417067,1.0106027446134858,1.0099399895557823,5.03850379376561,0.100606587455734,9.976908641438126,1.1357331713747099,49.39637654817859,2.9949858128765556,0.1873477675483797,4.194092672688717,12.097550321700488,297.58090723064396,-0.23091358561874387,True,True,True,True,True,True,True
4,7,4,200.3050823609299,0.9697439187417067,1.0106027446134858,1.0099399895557823,5.03850379376561,0.10107149227183924,9.953135399790526,1.1357331713747099,49.39637654817859,2.9949858128765556,0.1873477675483797,4.194092672688717,12.097550321700488,297.58090723064396,-0.46864600209474366,True,True,True,True,True,True,True
4,7,5,200.3050823609299,0.9697439187417067,1.0106027446134858,1.0099399895557823,5.03850379376561,0.10153553058775017,9.978060217576438,1.1357331713747099,49.39637654817859,2.9949858128765556,0.1873477675483797,4.194092672688717,12.097550321700488,297.58090723064396,-0.21939782423562093,True,True,True,True,True,True,True
4,8,1,200.3050823609299,0.9697439187417067,1.0106027446134858,1.0099399895557823,5.03850379376561,0.10100123172586291,10.029794138350669,1.1577980263152283,50.55549335404326,2.998519177731222,0.19621989922212182,4.390366924748144,12.097550321700488,297.58090723064396,0.29794138350668575,True,True,True,True,True,True,True
4,8,2,200.3050823609299,0.9697439187417067,1.0106027446134858,1.0099399895557823,5.03850379376561,0.10159447500922553,10.04825413346181,1.1577980263152283,50.55549335404326,2.998519177731222,0.19621989922212182,4.390366924748144,12.097550321700488,297.58090723064396,0.48254133461810517,True,True,True,True,True,True,True
4,8,3,200.3050823609299,0.9697439187417067,1.0106027446134858,1.0099399895557823,5.03850379376561,0.10101753055879857,10.02944136539765,1.1577980263152283,50.55549335404326,2.998519177731222,0.19621989922212182,4.390366924748144,12.097550321700488,297.58090723064396,0.2944136539765019,True,True,True,True,True,True,True
4,8,4,200.3050823609299,0.9697439187417067,1.0106027446134858,1.0099399895557823,5.03850379376561,0.10107123422713263,10.041077273320925,1.1577980263152283,50.55549335404326,2.998519177731222,0.19621989922212182,4.390366924748144,12.097550321700488,297.58090723064396,0.4107727332092459,True,True,True,True,True,True,True
4,8,5,200.3050823609299,0.9697439187417067,1.0106027446134858,1.0099399895557823,5.03850379376561,0.10046942948995079,10.05068170445861,1.1577980263152283,50.55549335404326,2.998519177731222,0.19621989922212182,4.390366924748144,12.097550321700488,297.58090723064396,0.5068170445860964,True,True,True,True,True,True,True
4,9,1,200.3050823609299,0.9697439187417067,1.0106027446134858,1.0099399895557823,5.03850379376561,0.0998996229808764,9.99517798827924,1.093195183846901,48.77507904247366,2.9908179711457517,0.19186141023286976,4.683484380171389,12.097550321700488,297.58090723064396,-0.04822011720760244,True,True,True,True,True,True,True
4,9,2,200.3050823609299,0.9697439187417067,1.0106027446134858,1.0099399895557823,5.03850379376561,0.10052361918339014,9.997999256426812,1.093195183846901,48.77507904247366,2.9908179711457517,0.19186141023286976,4.683484380171389,12.097550321700488,297.58090723064396,-0.02000743573187691,True,True,True,True,True,True,True
4,9,3,200.3050823609299,0.9697439187417067,1.0106027446134858,1.0099399895557823,5.03850379376561,0.0999356946317813,9.984215772793156,1.093195183846901,48.77507904247366,2.9908179711457517,0.19186141023286976,4.683484380171389,12.097550321700488,297.58090723064396,-0.15784227206843582,True,True,True,True,True,True,True
4,9,4,200.3050823609299,0.9697439187417067,1.0106027446134858,1.0099399895557823,5.03850379376561,0.1001424062622385,10.007230750400375,1.093195183846901,48.77507904247366,2.9908179711457517,0.19186141023286976,4.683484380171389,12.097550321700488,297.58090723064396,0.07230750400374575,True,True,True,True,True,True,True
4,9,5,200.3050823609299,0.9697439187417067,1.0106027446134858,1.0099399895557823,5.03850379376561,0.10020477305941915,10.008564633421557,1.093195183846901,48.77507904247366,2.9908179711457517,0.19186141023286976,4.683484380171389,12.097550321700488,297.58090723064396,0.08564633421556778,True,True,True,True,True,True,True
4,10,1,200.3050823609299,0.9697439187417067,1.0106027446134858,1.0099399895557823,5.03850379376561,0.09970005358840017,10.039525389366974,1.1624433246948374,49.52802747247931,2.989314297104461,0.18777429035282017,4.606861009156039,12.097550321700488,297.58090723064396,0.3952538936697359,True,True,True,True,True,True,True
4,10,2,200.3050823609299,0.9697439187417067,1.0106027446134858,1.0099399895557823,5.03850379376561,0.10034514333009917,10.043364116891686,1.1624433246948374,49.52802747247931,2.989314297104461,0.18777429035282017,4.606861009156039,12.097550321700488,297.58090723064396,0.43364116891686066,True,True,True,True,True,True,True
4,10,3,200.3050823609299,0.9697439187417067,1.0106027446134858,1.0099399895557823,5.03850379376561,0.09955774606592338,10.010448887435496,1.1624433246948374,49.52802747247931,2.989314297104461,0.18777429035282017,4.606861009156039,12.097550321700488,297.58090723064396,0.10448887435495989,True,True,True,True,True,True,True
4,10,4,200.3050823609299,0.9697439187417067,1.0106027446134858,1.0099399895557823,5.03850379376561,0.10044509133291048,10.030907933122016,1.1624433246948374,49.52802747247931,2.989314297104461,0.18777429035282017,4.606861009156039,12.097550321700488,297.58090723064396,0.3090793312201612,True,True,True,True,True,True,True
4,10,5,200.3050823609299,0.9697439187417067,1.0106027446134858,1.0099399895557823,5.03850379376561,0.10023693284503274,10.04907106629625,1.1624433246948374,49.52802747247931,2.989314297104461,0.18777429035282017,4.606861009156039,12.097550321700488,297.58090723064396,0.49071066296249904,True,True,True,True,True,True,True
5,1,1,198.28975862131065,0.9664139237418842,1.0067172057508407,1.0008741149640317,5.0548738818864125,0.10055715857924118,10.060155752956863,0.9820308362070086,50.47346676070915,3.012600298334203,0.1865937947351339,4.155091073906043,12.117339084487696,297.09492941471177,0.6015575295686304,True,True,True,True,True,True,True
5,1,2,198.28975862131065,0.9664139237418842,1.0067172057508407,1.0008741149640317,5.0548738818864125,0.10067210897571807,10.03890361087426,0.9820308362070086,50.47346676070915,3.012600298334203,0.1865937947351339,4.155091073906043,12.117339084487696,297.09492941471177,0.38903610874260863,True,True,True,True,True,True,True
5,1,3,198.28975862131065,0.9664139237418842,1.0067172057508407,1.0008741149640317,5.0548738818864125,0.10036415321649823,10.047858251428142,0.9820308362070086,50.47346676070915,3.012600298334203,0.1865937947351339,4.155091073906043,12.117339084487696,297.09492941471177,0.47858251428142035,True,True,True,True,True,True,True
5,1,4,198.28975862131065,0.9664139237418842,1.0067172057508407,1.0008741149640317,5.0548738818864125,0.10120422410883852,10.08326300806313,0.9820308362070086,50.47346676070915,3.012600298334203,0.1865937947351339,4.155091073906043,12.117339084487696,297.09492941471177,0.8326300806312936,True,True,True,True,True,True,True
5,1,5,198.28975862131065,0.9664139237418842,1.0067172057508407,1.0008741149640317,5.0548738818864125,0.10039241846887414,10.06950070485684,0.9820308362070086,50.47346676070915,3.012600298334203,0.1865937947351339,4.155091073906043,12.117339084487696,297.09492941471177,0.6950070485683923,True,True,True,True,True,True,True
5,2,1,198.28975862131065,0.9664139237418842,1.0067172057508407,1.0008741149640317,5.0548738818864125,0.0996951113022914,10.053095541449517,1.0259258955185302,53.58296743429855,3.0152819799434734,0.18602132276499533,3.975120989737587,12.117339084487696,297.09492941471177,0.5309554144951711,True,True,True,True,True,True,True
5,2,2,198.28975862131065,0.9664139237418842,1.0067172057508407,1.0008741149640317,5.0548738818864125,0.10006333705355092,10.049219485983322,1.0259258955185302,53.58296743429855,3.0152819799434734,0.18602132276499533,3.975120989737587,12.117339084487696,297.09492941471177,0.49219485983321937,True,True,True,True,True,True,True
5,2,3,198.28975862131065,0.9664139237418842,1.0067172057508407,1.0008741149640317,5.0548738818864125,0.1007347396269959,10.028669469728529,1.0259258955185302,53.58296743429855,3.0152819799434734,0.18602132276499533,3.975120989737587,12.117339084487696,297.09492941471177,0.28669469728528796,True,True,True,True,True,True,True
5,2,4,198.28975862131065,0.9664139237418842,1.0067172057508407,1.0008741149640317,5.0548738818864125,0.10063796082129434,10.074018466072546,1.0259258955185302,53.58296743429855,3.0152819799434734,0.18602132276499533,3.975120989737587,12.117339084487696,297.09492941471177,0.7401846607254647,True,True,True,True,True,True,True
5,2,5,198.28975862131065,0.9664139237418842,1.0067172057508407,1.0008741149640317,5.0548738818864125,0.10063538217749145,10.05180571521021,1.0259258955185302,53.58296743429855,3.0152819799434734,0.18602132276499533,3.975120989737587,12.117339084487696,297.09492941471177,0.5180571521020916,True,True,True,True,True,True,True
5,3,1,198.28975862131065,0.9664139237418842,1.0067172057508407,1.0008741149640317,5.0548738818864125,0.10041999968511894,10.021415250186195,0.9798453856785492,52.73029347175362,3.0124070538712893,0.17989332370557892,3.8684273731564467,12.117339084487696,297.09492941471177,0.2141525018619461,True,True,True,True,True,True,True
5,3,2,198.28975862131065,0.9664139237418842,1.0067172057508407,1.0008741149640317,5.0548738818864125,0.099884164966853,10.03605743053979,0.9798453856785492,52.73029347175362,3.0124070538712893,0.17989332370557892,3.8684273731564467,12.117339084487696,297.09492941471177,0.3605743053979005,True,True,True,True,True,True,True
5,3,3,198.28975862131065,0.9664139237418842,1.0067172057508407,1.0008741149640317,5.0548738818864125,0.09989399504855681,10.02635414686174,0.9798453856785492,52.73029347175362,3.0124070538712893,0.17989332370557892,3.8684273731564467,12.117339084487696,297.09492941471177,0.2635414686174009,True,True,True,True,True,True,True
5,3,4,198.28975862131065,0.9664139237418842,1.0067172057508407,1.0008741149640317,5.0548738818864125,0.09955600317590907,10.019563305352193,0.9798453856785492,52.73029347175362,3.0124070538712893,0.17989332370557892,3.8684273731564467,12.117339084487696,297.09492941471177,0.1956330535219308,True,True,True,True,True,True,True
5,3,5,198.28975862131065,0.9664139237418842,1.0067172057508407,1.0008741149640317,5.0548738818864125,0.0996569018581298,10.020342996166637,0.9798453856785492,52.73029347175362,3.0124070538712893,0.17989332370557892,3.8684273731564467,12.117339084487696,297.09492941471177,0.20342996166636595,True,True,True,True,True,True,True
5,4,1,198.28975862131065,0.9664139237418842,1.0067172057508407,1.0008741149640317,5.0548738818864125,0.10013914492731579,10.000022513700767,1.0243874665904058,50.5465946558867,3.0114917010416913,0.18678838421378208,4.040603266078991,12.117339084487696,297.09492941471177,0.0002251370076677972,True,True,True,True,True,True,True
5,4,2,198.28975862131065,0.9664139237418842,1.0067172057508407,1.0008741149640317,5.0548738818864125,0.09980236131703793,9.972002334156011,1.0243874665904058,50.5465946558867,3.0114917010416913,0.18678838421378208,4.040603266078991,12.117339084487696,297.09492941471177,-0.27997665843988884,True,True,True,True,True,True,True
5,4,3,198.28975862131065,0.9664139237418842,1.0067172057508407,1.0008741149640317,5.0548738818864125,0.1002412549755549,9.989819711239164,1.0243874665904058,50.5465946558867,3.0114917010416913,0.18678838421378208,4.040603266078991,12.117339084487696,297.09492941471177,-0.10180288760835766,True,True,True,True,True,True,True
5,4,4,198.28975862131065,0.9664139237418842,1.0067172057508407,1.0008741149640317,5.0548738818864125,0.10045746486034798,10.00393891018666,1.0243874665904058,50.5465946558867,3.0114917010416913,0.18678838421378208,4.040603266078991,12.117339084487696,297.09492941471177,0.039389101866600384,True,True,True,True,True,True,True
5,4,5,198.28975862131065,0.9664139237418842,1.0067172057508407,1.0008741149640317,5.0548738818864125,0.09975420920158709,9.98267818078459,1.0243874665904058,50.5465946558867,3.0114917010416913,0.18678838421378208,4.040603266078991,12.117339084487696,297.09492941471177,-0.17321819215409207,True,True,True,True,True,True,True
5,5,1,198.28975862131065,0.9664139237418842,1.0067172057508407,1.0008741149640317,5.0548738818864125,0.09977168069541699,10.017334704008109,1.0065870294307266,51.75540805917712,3.0133695483040164,0.1822894068318505,3.7789811687971397,12.117339084487696,297.09492941471177,0.1733470400810866,True,True,True,True,True,True,True
5,5,2,198.28975862131065,0.9664139237418842,1.0067172057508407,1.0008741149640317,5.0548738818864125,0.09997423967631139,10.016323198684486,1.0065870294307266,51.75540805917712,3.0133695483040164,0.1822894068318505,3.7789811687971397,12.117339084487696,297.09492941471177,0.16323198684485618,True,True,True,True,True,True,True
5,5,3,198.28975862131065,0.9664139237418842,1.0067172057508407,1.0008741149640317,5.0548738818864125,0.09974790613229613,9.995543930763565,1.0065870294307266,51.75540805917712,3.0133695483040164,0.1822894068318505,3.7789811687971397,12.117339084487696,297.09492941471177,-0.04456069236434601,True,True,True,True,True,True,True
5,5,4,198.28975862131065,0.9664139237418842,1.0067172057508407,1.0008741149640317,5.0548738818864125,0.09954365461563547,10.03425094941592,1.0065870294307266,51.75540805917712,3.0133695483040164,0.1822894068318505,3.7789811687971397,12.117339084487696,297.09492941471177,0.3425094941592022,True,True,True,True,True,True,True
5,5,5,198.28975862131065,0.9664139237418842,1.0067172057508407,1.0008741149640317,5.0548738818864125,0.099333724923483,9.980866995933976,1.0065870294307266,51.75540805917712,3.0133695483040164,0.1822894068318505,3.7789811687971397,12.117339084487696,297.09492941471177,-0.19133004066024029,True,True,True,True,True,True,True
5,6,1,198.28975862131065,0.9664139237418842,1.0067172057508407,1.0008741149640317,5.0548738818864125,0.09962928538249652,10.00617090542172,1.009121201129655,53.54749199618328,2.998740952063652,0.18498908167937478,4.118473943249864,12.117339084487696,297.09492941471177,0.06170905421720718,True,True,True,True,True,True,True
5,6,2,198.28975862131065,0.9664139237418842,1.0067172057508407,1.0008741149640317,5.0548738818864125,0.09947492352221023,10.01180724307188,1.009121201129655,53.54749199618328,2.998740952063652,0.18498908167937478,4.118473943249864,12.117339084487696,297.09492941471177,0.1180724307188008,True,True,True,True,True,True,True
5,6,3,198.28975862131065,0.9664139237418842,1.0067172057508407,1.0008741149640317,5.0548738818864125,0.10017147292113883,10.018221491593376,1.009121201129655,53.54749199618328,2.998740952063652,0.18498908167937478,4.118473943249864,12.117339084487696,297.09492941471177,0.1822149159337627,True,True,True,True,True,True,True
5,6,4,198.28975862131065,0.9664139237418842,1.0067172057508407,1.0008741149640317,5.0548738818864125,0.09964244556852143,10.050751279010898,1.009121201129655,53.54749199618328,2.998740952063652,0.18498908167937478,4.118473943249864,12.117339084487696,297.09492941471177,0.5075127901089793,True,True,True,True,True,True,True
5,6,5,198.28975862131065,0.9664139237418842,1.0067172057508407,1.0008741149640317,5.0548738818864125,0.09975390027912887,10.051768729692023,1.009121201129655,53.54749199618328,2.998740952063652,0.18498908167937478,4.118473943249864,12.117339084487696,297.09492941471177,0.5176872969202329,True,True,True,True,True,True,True
5,7,1,198.28975862131065,0.9664139237418842,1.0067172057508407,1.0008741149640317,5.0548738818864125,0.09953530483275923,10.089623245896009,1.016581261573793,52.698776639897616,3.0279993926260045,0.1863551367806167,3.7667010831086367,12.117339084487696,297.09492941471177,0.896232458960089,True,True,True,True,True,True,True
5,7,2,198.28975862131065,0.9664139237418842,1.0067172057508407,1.0008741149640317,5.0548738818864125,0.09991643500185216,10.067577961245961,1.016581261573793,52.698776639897616,3.0279993926260045,0.1863551367806167,3.7667010831086367,12.117339084487696,297.09492941471177,0.6757796124596105,True,True,True,True,True,True,True
5,7,3,198.28975862131065,0.9664139237418842,1.0067172057508407,1.0008741149640317,5.0548738818864125,0.09972742736823807,10.075449075654918,1.016581261573793,52.698776639897616,3.0279993926260045,0.1863551367806167,3.7667010831086367,12.117339084487696,297.09492941471177,0.7544907565491776,True,True,True,True,True,True,True
5,7,4,198.28975862131065,0.9664139237418842,1.0067172057508407,1.0008741149640317,5.0548738818864125,0.09974482953186616,10.075190646906242,1.016581261573793,52.698776639897616,3.0279993926260045,0.1863551367806167,3.7667010831086367,12.117339084487696,297.09492941471177,0.7519064690624155,True,True,True,True,True,True,True
5,7,5,198.28975862131065,0.9664139237418842,1.0067172057508407,1.0008741149640317,5.0548738818864125,0.0990627645140729,10.081401579602192,1.016581261573793,52.698776639897616,3.0279993926260045,0.1863551367806167,3.7667010831086367,12.117339084487696,297.09492941471177,0.8140157960219163,True,True,True,True,True,True,True
5,8,1,198.28975862131065,0.9664139237418842,1.0067172057508407,1.0008741149640317,5.0548738818864125,0.09881079485311131,10.022075400126955,0.9693805527256264,52.27489092339609,3.0125250292457393,0.18172076156236547,4.005221058618692,12.117339084487696,297.09492941471177,0.2207540012695475,True,True,True,True,True,True,True
5,8,2,198.28975862131065,0.9664139237418842,1.0067172057508407,1.0008741149640317,5.0548738818864125,0.09891890179664128,10.03348295859598,0.9693805527256264,52.27489092339609,3.0125250292457393,0.18172076156236547,4.005221058618692,12.117339084487696,297.09492941471177,0.33482958595980605,True,True,True,True,True,True,True
5,8,3,198.28975862131065,0.9664139237418842,1.0067172057508407,1.0008741149640317,5.0548738818864125,0.09863051009285602,10.04649383024975,0.9693805527256264,52.27489092339609,3.0125250292457393,0.18172076156236547,4.005221058618692,12.117339084487696,297.09492941471177,0.46493830249749735,True,True,True,True,True,True,True
5,8,4,198.28975862131065,0.9664139237418842,1.0067172057508407,1.0008741149640317,5.0548738818864125,0.0989517786882435,10.053203363378868,0.9693805527256264,52.27489092339609,3.0125250292457393,0.18172076156236547,4.005221058618692,12.117339084487696,297.09492941471177,0.5320336337886822,True,True,True,True,True,True,True
5,8,5,198.28975862131065,0.9664139237418842,1.0067172057508407,1.0008741149640317,5.0548738818864125,0.09834530054562397,10.01379395647574,0.9693805527256264,52.27489092339609,3.0125250292457393,0.18172076156236547,4.005221058618692,12.117339084487696,297.09492941471177,0.13793956475739222,True,True,True,True,True,True,True
5,9,1,198.28975862131065,0.9664139237418842,1.0067172057508407,1.0008741149640317,5.0548738818864125,0.09921372250201203,10.004263057030721,1.0095469233851697,52.30531971072456,3.0132329234267177,0.1866442288856272,3.7040837642564033,12.117339084487696,297.09492941471177,0.042630570307213844,True,True,True,True,True,True,True
5,9,2,198.28975862131065,0.9664139237418842,1.0067172057508407,1.0008741149640317,5.0548738818864125,0.09991520387297217,10.026224329688263,1.0095469233851697,52.30531971072456,3.0132329234267177,0.1866442288856272,3.7040837642564033,12.117339084487696,297.09492941471177,0.2622432968826338,True,True,True,True,True,True,True
5,9,3,198.28975862131065,0.9664139237418842,1.0067172057508407,1.0008741149640317,5.0548738818864125,0.09879120970613035,10.015396848116621,1.0095469233851697,52.30531971072456,3.0132329234267177,0.1866442288856272,3.7040837642564033,12.117339084487696,297.09492941471177,0.15396848116621342,True,True,True,True,True,True,True
5,9,4,198.28975862131065,0.9664139237418842,1.0067172057508407,1.0008741149640317,5.0548738818864125,0.09929180864253945,9.996265276171595,1.0095469233851697,52.30531971072456,3.0132329234267177,0.1866442288856272,3.7040837642564033,12.117339084487696,297.09492941471177,-0.037347238284048956,True,True,True,True,True,True,True
5,9,5,198.28975862131065,0.9664139237418842,1.0067172057508407,1.0008741149640317,5.0548738818864125,0.09941920307120183,10.013496858068095,1.0095469233851697,52.30531971072456,3.0132329234267177,0.1866442288856272,3.7040837642564033,12.117339084487696,297.09492941471177,0.13496858068094753,True,True,True,True,True,True,True
5,10,1,198.28975862131065,0.9664139237418842,1.0067172057508407,1.0008741149640317,5.0548738818864125,0.09949986240406725,10.029270567754242,1.044129715108711,51.65728486157341,3.0077935344317894,0.1852379066716437,3.6382573110644185,12.117339084487696,297.09492941471177,0.29270567754242194,True,True,True,True,True,True,True
5,10,2,198.28975862131065,0.9664139237418842,1.0067172057508407,1.0008741149640317,5.0548738818864125,0.09994557928109415,10.021194692143995,1.044129715108711,51.65728486157341,3.0077935344317894,0.1852379066716437,3.6382573110644185,12.117339084487696,297.09492941471177,0.21194692143994945,True,True,True,True,True,True,True
5,10,3,198.28975862131065,0.9664139237418842,1.0067172057508407,1.0008741149640317,5.0548738818864125,0.1000871859001066,10.014056545368542,1.044129715108711,51.65728486157341,3.0077935344317894,0.1852379066716437,3.6382573110644185,12.117339084487696,297.09492941471177,0.14056545368541506,True,True,True,True,True,True,True
5,10,4,198.28975862131065,0.9664139237418842,1.0067172057508407,1.0008741149640317,5.0548738818864125,0.0990859915154583,10.020022118995714,1.044129715108711,51.65728486157341,3.0077935344317894,0.1852379066716437,3.6382573110644185,12.117339084487696,297.09492941471177,0.2002211899571371,True,True,True,True,True,True,True
5,10,5,198.28975862131065,0.9664139237418842,1.0067172057508407,1.0008741149640317,5.0548738818864125,0.09914622288885375,10.024462756368244,1.044129715108711,51.65728486157341,3.0077935344317894,0.1852379066716437,3.6382573110644185,12.117339084487696,297.09492941471177,0.24462756368244243,True,True,True,True,True,True,True
6,1,1,198.87236622827976,1.0119109990004647,1.0083337313297518,0.9906674844961861,5.09874051450464,0.10128090726580515,10.119671174850716,1.0373683373115659,55.972461016461146,2.970939424598287,0.19806231146528602,4.52407108045198,12.196482244835217,295.16707586111346,1.1967117485071554,True,True,True,True,True,True,True
6,1,2,198.87236622827976,1.0119109990004647,1.0083337313297518,0.9906674844961861,5.09874051450464,0.10162869452233847,10.12532658039129,1.0373683373115659,55.972461016461146,2.970939424598287,0.19806231146528602,4.52407108045198,12.196482244835217,295.16707586111346,1.2532658039128997,True,True,True,True,True,True,True
6,1,3,198.87236622827976,1.0119109990004647,1.0083337313297518,0.9906674844961861,5.09874051450464,0.10137198828624706,10.143525803642365,1.0373683373115659,55.972461016461146,2.970939424598287,0.19806231146528602,4.52407108045198,12.196482244835217,295.16707586111346,1.4352580364236545,True,True,True,True,True,True,True
6,1,4,198.87236622827976,1.0119109990004647,1.0083337313297518,0.9906674844961861,5.09874051450464,0.10093384290891864,10.127470029712022,1.0373683373115659,55.972461016461146,2.970939424598287,0.19806231146528602,4.52407108045198,12.196482244835217,295.16707586111346,1.2747002971202193,True,True,True,True,True,True,True
6,1,5,198.87236622827976,1.0119109990004647,1.0083337313297518,0.9906674844961861,5.09874051450464,0.1015611891011394,10.11718824086508,1.0373683373115659,55.972461016461146,2.970939424598287,0.19806231146528602,4.52407108045198,12.196482244835217,295.16707586111346,1.171882408650795,True,True,True,True,True,True,True
6,2,1,198.87236622827976,1.0119109990004647,1.0083337313297518,0.9906674844961861,5.09874051450464,0.10102637111051192,10.146290450642255,1.0689448913570965,54.581052845250916,2.977789554871686,0.19768901198458672,4.501525554909389,12.196482244835217,295.16707586111346,1.4629045064225465,True,True,True,True,True,True,True
6,2,2,198.87236622827976,1.0119109990004647,1.0083337313297518,0.9906674844961861,5.09874051450464,0.10081102557570332,10.147006080564106,1.0689448913570965,54.581052845250916,2.977789554871686,0.19768901198458672,4.501525554909389,12.196482244835217,295.16707586111346,1.470060805641058,True,True,True,True,True,True,True
6,2,3,198.87236622827976,1.0119109990004647,1.0083337313297518,0.9906674844961861,5.09874051450464,0.10204108000355004,10.114964776446838,1.0689448913570965,54.581052845250916,2.977789554871686,0.19768901198458672,4.501525554909389,12.196482244835217,295.16707586111346,1.14964776446838,True,True,True,True,True,True,True
6,2,4,198.87236622827976,1.0119109990004647,1.0083337313297518,0.9906674844961861,5.09874051450464,0.10155682078922577,10.148445777495425,1.0689448913570965,54.581052845250916,2.977789554871686,0.19768901198458672,4.501525554909389,12.196482244835217,295.16707586111346,1.484457774954251,True,True,True,True,True,True,True
6,2,5,198.87236622827976,1.0119109990004647,1.0083337313297518,0.9906674844961861,5.09874051450464,0.10231671171985199,10.130349375519987,1.0689448913570965,54.581052845250916,2.977789554871686,0.19768901198458672,4.501525554909389,12.196482244835217,295.16707586111346,1.3034937551998738,True,True,True,True,True,True,True
6,3,1,198.87236622827976,1.0119109990004647,1.0083337313297518,0.9906674844961861,5.09874051450464,0.10351991466609707,10.09855397887082,1.0422954769747674,54.49832231313837,2.9798723955728823,0.19721401586229564,4.383409325698188,12.196482244835217,295.16707586111346,0.9855397887081985,True,True,True,True,True,True,True
6,3,2,198.87236622827976,1.0119109990004647,1.0083337313297518,0.9906674844961861,5.09874051450464,0.10345384826555185,10.07954010638305,1.0422954769747674,54.49832231313837,2.9798723955728823,0.19721401586229564,4.383409325698188,12.196482244835217,295.16707586111346,0.7954010638304966,True,True,True,True,True,True,True
6,3,3,198.87236622827976,1.0119109990004647,1.0083337313297518,0.9906674844961861,5.09874051450464,0.10380790521411033,10.088971934255776,1.0422954769747674,54.49832231313837,2.9798723955728823,0.19721401586229564,4.383409325698188,12.196482244835217,295.16707586111346,0.8897193425577576,True,True,True,True,True,True,True
6,3,4,198.87236622827976,1.0119109990004647,1.0083337313297518,0.9906674844961861,5.09874051450464,0.10344575916220983,10.100740766507275,1.0422954769747674,54.49832231313837,2.9798723955728823,0.19721401586229564,4.383409325698188,12.196482244835217,295.16707586111346,1.0074076650727548,True,True,True,True,True,True,True
6,3,5,198.87236622827976,1.0119109990004647,1.0083337313297518,0.9906674844961861,5.09874051450464,0.10359753449247594,10.098607694665855,1.0422954769747674,54.49832231313837,2.9798723955728823,0.19721401586229564,4.383409325698188,12.196482244835217,295.16707586111346,0.9860769466585494,True,True,True,True,True,True,True
6,4,1,198.87236622827976,1.0119109990004647,1.0083337313297518,0.9906674844961861,5.09874051450464,0.1004772772769192,10.140664611160043,1.0111054435914197,55.194965351659626,2.9697263392193656,0.19257040823592475,4.647564154677742,12.196482244835217,295.16707586111346,1.406646111600427,True,True,True,True,True,True,True
6,4,2,198.87236622827976,1.0119109990004647,1.0083337313297518,0.9906674844961861,5.09874051450464,0.10115716678182472,10.137109411194013,1.0111054435914197,55.194965351659626,2.9697263392193656,0.19257040823592475,4.647564154677742,12.196482244835217,295.16707586111346,1.3710941119401276,True,True,True,True,True,True,True
6,4,3,198.87236622827976,1.0119109990004647,1.0083337313297518,0.9906674844961861,5.09874051450464,0.10112608629922464,10.1393120257526,1.0111054435914197,55.194965351659626,2.9697263392193656,0.19257040823592475,4.647564154677742,12.196482244835217,295.16707586111346,1.3931202575260038,True,True,True,True,True,True,True
6,4,4,198.87236622827976,1.0119109990004647,1.0083337313297518,0.9906674844961861,5.09874051450464,0.10103580390059508,10.112275693398812,1.0111054435914197,55.194965351659626,2.9697263392193656,0.19257040823592475,4.647564154677742,12.196482244835217,295.16707586111346,1.122756933988125,True,True,True,True,True,True,True
6,4,5,198.87236622827976,1.0119109990004647,1.0083337313297518,0.9906674844961861,5.09874051450464,0.10079165480647882,10.129021239021554,1.0111054435914197,55.194965351659626,2.9697263392193656,0.19257040823592475,4.647564154677742,12.196482244835217,295.16707586111346,1.2902123902155438,True,True,True,True,True,True,True
6,5,1,198.87236622827976,1.0119109990004647,1.0083337313297518,0.9906674844961861,5.09874051450464,0.10295891050194457,10.143164256844694,1.0961841742080687,55.405094007763005,2.9712393526722383,0.1978790950027944,4.706565156985016,12.196482244835217,295.16707586111346,1.4316425684469358,True,True,True,True,True,True,True
6,5,2,198.87236622827976,1.0119109990004647,1.0083337313297518,0.9906674844961861,5.09874051450464,0.10290189645176333,10.153851817419172,1.0961841742080687,55.405094007763005,2.9712393526722383,0.1978790950027944,4.706565156985016,12.196482244835217,295.16707586111346,1.5385181741917187,True,True,True,True,True,True,True
6,5,3,198.87236622827976,1.0119109990004647,1.0083337313297518,0.9906674844961861,5.09874051450464,0.10279533932582034,10.130227000864826,1.0961841742080687,55.405094007763005,2.9712393526722383,0.1978790950027944,4.706565156985016,12.196482244835217,295.16707586111346,1.3022700086482608,True,True,True,True,True,True,True
6,5,4,198.87236622827976,1.0119109990004647,1.0083337313297518,0.9906674844961861,5.09874051450464,0.10292057923293109,10.150963932983684,1.0961841742080687,55.405094007763005,2.9712393526722383,0.1978790950027944,4.706565156985016,12.196482244835217,295.16707586111346,1.5096393298368405,True,True,True,True,True,True,True
6,5,5,198.87236622827976,1.0119109990004647,1.0083337313297518,0.9906674844961861,5.09874051450464,0.10312070501823176,10.14649616796317,1.0961841742080687,55.405094007763005,2.9712393526722383,0.1978790950027944,4.706565156985016,12.196482244835217,295.16707586111346,1.4649616796316955,True,True,True,True,True,True,True
6,6,1,198.87236622827976,1.0119109990004647,1.0083337313297518,0.9906674844961861,5.09874051450464,0.10203494661973206,10.087691738918224,1.0537183506738097,52.85547304934562,2.9789995475363207,0.19531870028244463,4.2641778304464095,12.196482244835217,295.16707586111346,0.876917389182239,True,True,True,True,True,True,True
6,6,2,198.87236622827976,1.0119109990004647,1.0083337313297518,0.9906674844961861,5.09874051450464,0.10225910501627168,10.104320386140415,1.0537183506738097,52.85547304934562,2.9789995475363207,0.19531870028244463,4.2641778304464095,12.196482244835217,295.16707586111346,1.0432038614041517,True,True,True,True,True,True,True
6,6,3,198.87236622827976,1.0119109990004647,1.0083337313297518,0.9906674844961861,5.09874051450464,0.1025271707575803,10.098424896454322,1.0537183506738097,52.85547304934562,2.9789995475363207,0.19531870028244463,4.2641778304464095,12.196482244835217,295.16707586111346,0.9842489645432195,True,True,True,True,True,True,True
6,6,4,198.87236622827976,1.0119109990004647,1.0083337313297518,0.9906674844961861,5.09874051450464,0.10243607452912884,10.108680595330824,1.0537183506738097,52.85547304934562,2.9789995475363207,0.19531870028244463,4.2641778304464095,12.196482244835217,295.16707586111346,1.086805953308243,True,True,True,True,True,True,True
6,6,5,198.87236622827976,1.0119109990004647,1.0083337313297518,0.9906674844961861,5.09874051450464,0.10252610056833623,10.109740755105785,1.0537183506738097,52.85547304934562,2.9789995475363207,0.19531870028244463,4.2641778304464095,12.196482244835217,295.16707586111346,1.0974075510578452,True,True,True,True,True,True,True
6,7,1,198.87236622827976,1.0119109990004647,1.0083337313297518,0.9906674844961861,5.09874051450464,0.10129460271200107,10.053996022002153,0.9769467706353736,54.126346063054896,2.9717648587192675,0.19995753133808442,4.7834305451609165,12.196482244835217,295.16707586111346,0.539960220021527,True,True,True,True,True,True,True
6,7,2,198.87236622827976,1.0119109990004647,1.0083337313297518,0.9906674844961861,5.09874051450464,0.10128633574402285,10.058253389620878,0.9769467706353736,54.126346063054896,2.9717648587192675,0.19995753133808442,4.7834305451609165,12.196482244835217,295.16707586111346,0.5825338962087834,True,True,True,True,True,True,True
6,7,3,198.87236622827976,1.0119109990004647,1.0083337313297518,0.9906674844961861,5.09874051450464,0.10174055193030837,10.050917906388873,0.9769467706353736,54.126346063054896,2.9717648587192675,0.19995753133808442,4.7834305451609165,12.196482244835217,295.16707586111346,0.5091790638887339,True,True,True,True,True,True,True
6,7,4,198.87236622827976,1.0119109990004647,1.0083337313297518,0.9906674844961861,5.09874051450464,0.10168641462699289,10.042529713990511,0.9769467706353736,54.126346063054896,2.9717648587192675,0.19995753133808442,4.7834305451609165,12.196482244835217,295.16707586111346,0.425297139905112,True,True,True,True,True,True,True
6,7,5,198.87236622827976,1.0119109990004647,1.0083337313297518,0.9906674844961861,5.09874051450464,0.1011582734900809,10.061151682224594,0.9769467706353736,54.126346063054896,2.9717648587192675,0.19995753133808442,4.7834305451609165,12.196482244835217,295.16707586111346,0.6115168222459388,True,True,True,True,True,True,True
6,8,1,198.87236622827976,1.0119109990004647,1.0083337313297518,0.9906674844961861,5.09874051450464,0.10242636838791487,10.129915230608537,1.0454108491912375,53.32796267822945,2.9674919934875112,0.19520794678300632,4.665607619462157,12.196482244835217,295.16707586111346,1.2991523060853716,True,True,True,True,True,True,True
6,8,2,198.87236622827976,1.0119109990004647,1.0083337313297518,0.9906674844961861,5.09874051450464,0.10223389413799726,10.125561275024237,1.0454108491912375,53.32796267822945,2.9674919934875112,0.19520794678300632,4.665607619462157,12.196482244835217,295.16707586111346,1.2556127502423742,True,True,True,True,True,True,True
6,8,3,198.87236622827976,1.0119109990004647,1.0083337313297518,0.9906674844961861,5.09874051450464,0.1030286537568466,10.146125153119018,1.0454108491912375,53.32796267822945,2.9674919934875112,0.19520794678300632,4.665607619462157,12.196482244835217,295.16707586111346,1.4612515311901753,True,True,True,True,True,True,True
6,8,4,198.87236622827976,1.0119109990004647,1.0083337313297518,0.9906674844961861,5.09874051450464,0.10273671908327596,10.123498499276309,1.0454108491912375,53.32796267822945,2.9674919934875112,0.19520794678300632,4.665607619462157,12.196482244835217,295.16707586111346,1.2349849927630885,True,True,True,True,True,True,True
6,8,5,198.87236622827976,1.0119109990004647,1.0083337313297518,0.9906674844961861,5.09874051450464,0.1024184662887337,10.14673678259066,1.0454108491912375,53.32796267822945,2.9674919934875112,0.19520794678300632,4.665607619462157,12.196482244835217,295.16707586111346,1.4673678259065959,True,True,True,True,True,True,True
6,9,1,198.87236622827976,1.0119109990004647,1.0083337313297518,0.9906674844961861,5.09874051450464,0.10177045432590083,10.117580886878898,1.0377425194391974,55.54433631771456,2.9695056678592655,0.20021763823025313,4.4487973414002155,12.196482244835217,295.16707586111346,1.1758088687889767,True,True,True,True,True,True,True
6,9,2,198.87236622827976,1.0119109990004647,1.0083337313297518,0.9906674844961861,5.09874051450464,0.10252558087866585,10.125401607036563,1.0377425194391974,55.54433631771456,2.9695056678592655,0.20021763823025313,4.4487973414002155,12.196482244835217,295.16707586111346,1.2540160703656333,True,True,True,True,True,True,True
6,9,3,198.87236622827976,1.0119109990004647,1.0083337313297518,0.9906674844961861,5.09874051450464,0.10203297738197672,10.11732128170103,1.0377425194391974,55.54433631771456,2.9695056678592655,0.20021763823025313,4.4487973414002155,12.196482244835217,295.16707586111346,1.1732128170102918,True,True,True,True,True,True,True
6,9,4,198.87236622827976,1.0119109990004647,1.0083337313297518,0.9906674844961861,5.09874051450464,0.10202325529552221,10.101578004045773,1.0377425194391974,55.54433631771456,2.9695056678592655,0.20021763823025313,4.4487973414002155,12.196482244835217,295.16707586111346,1.0157800404577344,True,True,True,True,True,True,True
6,9,5,198.87236622827976,1.0119109990004647,1.0083337313297518,0.9906674844961861,5.09874051450464,0.10181817969557225,10.094320351899617,1.0377425194391974,55.54433631771456,2.9695056678592655,0.20021763823025313,4.4487973414002155,12.196482244835217,295.16707586111346,0.9432035189961673,True,True,True,True,True,True,True
6,10,1,198.87236622827976,1.0119109990004647,1.0083337313297518,0.9906674844961861,5.09874051450464,0.10281004714032882,10.128353840506943,1.1266293984069429,53.5037010511862,2.9789645243636165,0.19755219195492033,4.538870492583724,12.196482244835217,295.16707586111346,1.2835384050694287,True,True,True,True,True,True,True
6,10,2,198.87236622827976,1.0119109990004647,1.0083337313297518,0.9906674844961861,5.09874051450464,0.10266897224637683,10.123462000723503,1.1266293984069429,53.5037010511862,2.9789645243636165,0.19755219195492033,4.538870492583724,12.196482244835217,295.16707586111346,1.23462000723503,True,True,True,True,True,True,True
6,10,3,198.87236622827976,1.0119109990004647,1.0083337313297518,0.9906674844961861,5.09874051450464,0.10232838463446821,10.100558847918117,1.1266293984069429,53.5037010511862,2.9789645243636165,0.19755219195492033,4.538870492583724,12.196482244835217,295.16707586111346,1.0055884791811742,True,True,True,True,True,True,True
6,10,4,198.87236622827976,1.0119109990004647,1.0083337313297518,0.9906674844961861,5.09874051450464,0.10270846216819912,10.131703905146654,1.1266293984069429,53.5037010511862,2.9789645243636165,0.19755219195492033,4.538870492583724,12.196482244835217,295.16707586111346,1.3170390514665442,True,True,True,True,True,True,True
6,10,5,198.87236622827976,1.0119109990004647,1.0083337313297518,0.9906674844961861,5.09874051450464,0.10279402388324178,10.11273567154784,1.1266293984069429,53.5037010511862,2.9789645243636165,0.19755219195492033,4.538870492583724,12.196482244835217,295.16707586111346,1.1273567154784025,True,True,True,True,True,True,True
7,1,1,201.19239837937343,1.005410918290792,0.9901591759503855,1.0183943943347342,5.157918550298163,0.10095673885608893,10.040623187377195,1.0586823806113081,52.59569849408849,3.0157293129957297,0.2085041309588314,5.57276878957068,12.324390670881446,292.10369065187433,0.4062318737719473,True,True,True,True,True,True,True
7,1,2,201.19239837937343,1.005410918290792,0.9901591759503855,1.0183943943347342,5.157918550298163,0.10133302289764412,10.041093840404134,1.0586823806113081,52.59569849408849,3.0157293129957297,0.2085041309588314,5.57276878957068,12.324390670881446,292.10369065187433,0.41093840404133886,True,True,True,True,True,True,True
7,1,3,201.19239837937343,1.005410918290792,0.9901591759503855,1.0183943943347342,5.157918550298163,0.10164251765209896,10.045906654530857,1.0586823806113081,52.59569849408849,3.0157293129957297,0.2085041309588314,5.57276878957068,12.324390670881446,292.10369065187433,0.4590665453085663,True,True,True,True,True,True,True
7,1,4,201.19239837937343,1.005410918290792,0.9901591759503855,1.0183943943347342,5.157918550298163,0.10140802385001282,10.039273237121934,1.0586823806113081,52.59569849408849,3.0157293129957297,0.2085041309588314,5.57276878957068,12.324390670881446,292.10369065187433,0.39273237121934207,True,True,True,True,True,True,True
7,1,5,201.19239837937343,1.005410918290792,0.9901591759503855,1.0183943943347342,5.157918550298163,0.1014375086918851,10.029820806435893,1.0586823806113081,52.59569849408849,3.0157293129957297,0.2085041309588314,5.57276878957068,12.324390670881446,292.10369065187433,0.2982080643589313,True,True,True,True,True,True,True
7,2,1,201.19239837937343,1.005410918290792,0.9901591759503855,1.0183943943347342,5.157918550298163,0.09951274902507364,10.074300091051827,1.0922819188798591,53.20612220269832,3.007860712010004,0.2112974941975519,5.239117916091615,12.324390670881446,292.10369065187433,0.7430009105182656,True,True,True,True,True,True,True
7,2,2,201.19239837937343,1.005410918290792,0.9901591759503855,1.0183943943347342,5.157918550298163,0.10006306228501977,10.064469348628322,1.0922819188798591,53.20612220269832,3.007860712010004,0.2112974941975519,5.239117916091615,12.324390670881446,292.10369065187433,0.6446934862832165,True,True,True,True,True,True,True
7,2,3,201.19239837937343,1.005410918290792,0.9901591759503855,1.0183943943347342,5.157918550298163,0.10055649659037001,10.06761904221946,1.0922819188798591,53.20612220269832,3.007860712010004,0.2112974941975519,5.239117916091615,12.324390670881446,292.10369065187433,0.6761904221946047,True,True,True,True,True,True,True
7,2,4,201.19239837937343,1.005410918290792,0.9901591759503855,1.0183943943347342,5.157918550298163,0.10052851758715214,10.075493702666583,1.0922819188798591,53.20612220269832,3.007860712010004,0.2112974941975519,5.239117916091615,12.324390670881446,292.10369065187433,0.7549370266658251,True,True,True,True,True,True,True
7,2,5,201.19239837937343,1.005410918290792,0.9901591759503855,1.0183943943347342,5.157918550298163,0.10015315266328315,10.078919851572355,1.0922819188798591,53.20612220269832,3.007860712010004,0.2112974941975519,5.239117916091615,12.324390670881446,292.10369065187433,0.7891985157235483,True,True,True,True,True,True,True
7,3,1,201.19239837937343,1.005410918290792,0.9901591759503855,1.0183943943347342,5.157918550298163,0.10088679814368968,10.085637856474296,1.1509206498366007,51.070687222462325,2.9992037589344958,0.2043539579775805,5.262886854409909,12.324390670881446,292.10369065187433,0.856378564742961,True,True,True,True,True,True,True
7,3,2,201.19239837937343,1.005410918290792,0.9901591759503855,1.0183943943347342,5.157918550298163,0.10105058509225398,10.069401401094149,1.1509206498366007,51.070687222462325,2.9992037589344958,0.2043539579775805,5.262886854409909,12.324390670881446,292.10369065187433,0.6940140109414905,True,True,True,True,True,True,True
7,3,3,201.19239837937343,1.005410918290792,0.9901591759503855,1.0183943943347342,5.157918550298163,0.10080008933366291,10.090777587716811,1.1509206498366007,51.070687222462325,2.9992037589344958,0.2043539579775805,5.262886854409909,12.324390670881446,292.10369065187433,0.9077758771681133,True,True,True,True,True,True,True
7,3,4,201.19239837937343,1.005410918290792,0.9901591759503855,1.0183943943347342,5.157918550298163,0.10082666556331109,10.089756901134738,1.1509206498366007,51.070687222462325,2.9992037589344958,0.2043539579775805,5.262886854409909,12.324390670881446,292.10369065187433,0.8975690113473789,True,True,True,True,True,True,True
7,3,5,201.19239837937343,1.005410918290792,0.9901591759503855,1.0183943943347342,5.157918550298163,0.10095421703598145,10.066722849795985,1.1509206498366007,51.070687222462325,2.9992037589344958,0.2043539579775805,5.262886854409909,12.324390670881446,292.10369065187433,0.6672284979598508,True,True,True,True,True,True,True
7,4,1,201.19239837937343,1.005410918290792,0.9901591759503855,1.0183943943347342,5.157918550298163,0.10029070916605595,10.07738717450009,1.143545406910792,50.939425820673456,3.0021230668058916,0.2024222591916257,5.183402712431694,12.324390670881446,292.10369065187433,0.7738717450009069,True,True,True,True,True,True,True
7,4,2,201.19239837937343,1.005410918290792,0.9901591759503855,1.0183943943347342,5.157918550298163,0.1004846543568308,10.066339904689656,1.143545406910792,50.939425820673456,3.0021230668058916,0.2024222591916257,5.183402712431694,12.324390670881446,292.10369065187433,0.6633990468965578,True,True,True,True,True,True,True
7,4,3,201.19239837937343,1.005410918290792,0.9901591759503855,1.0183943943347342,5.157918550298163,0.10128342944471201,10.118398135787254,1.143545406910792,50.939425820673456,3.0021230668058916,0.2024222591916257,5.183402712431694,12.324390670881446,292.10369065187433,1.1839813578725433,True,True,True,True,True,True,True
7,4,4,201.19239837937343,1.005410918290792,0.9901591759503855,1.0183943943347342,5.157918550298163,0.10063383187329583,10.07501090717994,1.143545406910792,50.939425820673456,3.0021230668058916,0.2024222591916257,5.183402712431694,12.324390670881446,292.10369065187433,0.7501090717994074,True,True,True,True,True,True,True
7,4,5,201.19239837937343,1.005410918290792,0.9901591759503855,1.0183943943347342,5.157918550298163,0.10017046773642029,10.063859225234046,1.143545406910792,50.939425820673456,3.0021230668058916,0.2024222591916257,5.183402712431694,12.324390670881446,292.10369065187433,0.6385922523404552,True,True,True,True,True,True,True
7,5,1,201.19239837937343,1.005410918290792,0.9901591759503855,1.0183943943347342,5.157918550298163,0.09954740670114195,10.080668006646237,1.0968112837952446,51.790092100170064,3.005401615365138,0.20642935175665733,5.336878300021027,12.324390670881446,292.10369065187433,0.8066800664623665,True,True,True,True,True,True,True
7,5,2,201.19239837937343,1.005410918290792,0.9901591759503855,1.0183943943347342,5.157918550298163,0.09970348988740851,10.08727497962334,1.0968112837952446,51.790092100170064,3.005401615365138,0.20642935175665733,5.336878300021027,12.324390670881446,292.10369065187433,0.8727497962333963,True,True,True,True,True,True,True
7,5,3,201.19239837937343,1.005410918290792,0.9901591759503855,1.0183943943347342,5.157918550298163,0.09994036179340361,10.083922819927881,1.0968112837952446,51.790092100170064,3.005401615365138,0.20642935175665733,5.336878300021027,12.324390670881446,292.10369065187433,0.8392281992788141,True,True,True,True,True,True,True
7,5,4,201.19239837937343,1.005410918290792,0.9901591759503855,1.0183943943347342,5.157918550298163,0.0998486940850147,10.05356002940947,1.0968112837952446,51.790092100170064,3.005401615365138,0.20642935175665733,5.336878300021027,12.324390670881446,292.10369065187433,0.5356002940946958,True,True,True,True,True,True,True
7,5,5,201.19239837937343,1.005410918290792,0.9901591759503855,1.0183943943347342,5.157918550298163,0.10012744301053145,10.079880571295377,1.0968112837952446,51.790092100170064,3.005401615365138,0.20642935175665733,5.336878300021027,12.324390670881446,292.10369065187433,0.7988057129537651,True,True,True,True,True,True,True
7,6,1,201.19239837937343,1.005410918290792,0.9901591759503855,1.0183943943347342,5.157918550298163,0.10168929816211798,10.055074872462525,1.1295821228747016,53.13364383281379,3.012962096717374,0.21178485092631338,5.672302937863455,12.324390670881446,292.10369065187433,0.5507487246252474,True,True,True,True,True,True,True
7,6,2,201.19239837937343,1.005410918290792,0.9901591759503855,1.0183943943347342,5.157918550298163,0.10164977378021384,10.096068282804817,1.1295821228747016,53.13364383281379,3.012962096717374,0.21178485092631338,5.672302937863455,12.324390670881446,292.10369065187433,0.9606828280481672,True,True,True,True,True,True,True
7,6,3,201.19239837937343,1.005410918290792,0.9901591759503855,1.0183943943347342,5.157918550298163,0.1018213998562554,10.05364631199623,1.1295821228747016,53.13364383281379,3.012962096717374,0.21178485092631338,5.672302937863455,12.324390670881446,292.10369065187433,0.5364631199623027,True,True,True,True,True,True,True
7,6,4,201.19239837937343,1.005410918290792,0.9901591759503855,1.0183943943347342,5.157918550298163,0.1019365390834818,10.079980310934067,1.1295821228747016,53.13364383281379,3.012962096717374,0.21178485092631338,5.672302937863455,12.324390670881446,292.10369065187433,0.7998031093406688,True,True,True,True,True,True,True
7,6,5,201.19239837937343,1.005410918290792,0.9901591759503855,1.0183943943347342,5.157918550298163,0.10176499435694777,10.063800191747939,1.1295821228747016,53.13364383281379,3.012962096717374,0.21178485092631338,5.672302937863455,12.324390670881446,292.10369065187433,0.6380019174793894,True,True,True,True,True,True,True
7,7,1,201.19239837937343,1.005410918290792,0.9901591759503855,1.0183943943347342,5.157918550298163,0.09924271477958137,10.045592880750055,1.1678057860633866,53.687809020399094,3.013645282928713,0.20451623806639205,5.220706264166359,12.324390670881446,292.10369065187433,0.4559288075005519,True,True,True,True,True,True,True
7,7,2,201.19239837937343,1.005410918290792,0.9901591759503855,1.0183943943347342,5.157918550298163,0.099495041676063,10.03556988174505,1.1678057860633866,53.687809020399094,3.013645282928713,0.20451623806639205,5.220706264166359,12.324390670881446,292.10369065187433,0.3556988174504916,True,True,True,True,True,True,True
7,7,3,201.19239837937343,1.005410918290792,0.9901591759503855,1.0183943943347342,5.157918550298163,0.09967961958776769,10.022419568975138,1.1678057860633866,53.687809020399094,3.013645282928713,0.20451623806639205,5.220706264166359,12.324390670881446,292.10369065187433,0.22419568975138304,True,True,True,True,True,True,True
7,7,4,201.19239837937343,1.005410918290792,0.9901591759503855,1.0183943943347342,5.157918550298163,0.10002489642974582,10.076342850598259,1.1678057860633866,53.687809020399094,3.013645282928713,0.20451623806639205,5.220706264166359,12.324390670881446,292.10369065187433,0.7634285059825885,True,True,True,True,True,True,True
7,7,5,201.19239837937343,1.005410918290792,0.9901591759503855,1.0183943943347342,5.157918550298163,0.10016152205312738,10.075824064529694,1.1678057860633866,53.687809020399094,3.013645282928713,0.20451623806639205,5.220706264166359,12.324390670881446,292.10369065187433,0.7582406452969437,True,True,True,True,True,True,True
7,8,1,201.19239837937343,1.005410918290792,0.9901591759503855,1.0183943943347342,5.157918550298163,0.09968428685705932,10.093225711276036,1.115075328370885,54.119012183287886,3.0063282511955207,0.20766209158259732,5.378952347493073,12.324390670881446,292.10369065187433,0.9322571127603574,True,True,True,True,True,True,True
7,8,2,201.19239837937343,1.005410918290792,0.9901591759503855,1.0183943943347342,5.157918550298163,0.10004706904931705,10.083610411286552,1.115075328370885,54.119012183287886,3.0063282511955207,0.20766209158259732,5.378952347493073,12.324390670881446,292.10369065187433,0.8361041128655166,True,True,True,True,True,True,True
7,8,3,201.19239837937343,1.005410918290792,0.9901591759503855,1.0183943943347342,5.157918550298163,0.09978335963760325,10.106507674573844,1.115075328370885,54.119012183287886,3.0063282511955207,0.20766209158259732,5.378952347493073,12.324390670881446,292.10369065187433,1.0650767457384447,True,True,True,True,True,True,True
7,8,4,201.19239837937343,1.005410918290792,0.9901591759503855,1.0183943943347342,5.157918550298163,0.10019227849758217,10.101955543272977,1.115075328370885,54.119012183287886,3.0063282511955207,0.20766209158259732,5.378952347493073,12.324390670881446,292.10369065187433,1.0195554327297707,True,True,True,True,True,True,True
7,8,5,201.19239837937343,1.005410918290792,0.9901591759503855,1.0183943943347342,5.157918550298163,0.10048668142277736,10.11091974256948,1.115075328370885,54.119012183287886,3.0063282511955207,0.20766209158259732,5.378952347493073,12.324390670881446,292.10369065187433,1.1091974256948056,True,True,True,True,True,True,True
7,9,1,201.19239837937343,1.005410918290792,0.9901591759503855,1.0183943943347342,5.157918550298163,0.09988933248371414,10.089069559397508,1.1498643860312454,52.85932144465782,3.0144358517189613,0.2061874303489021,5.173116855335591,12.324390670881446,292.10369065187433,0.8906955939750817,True,True,True,True,True,True,True
7,9,2,201.19239837937343,1.005410918290792,0.9901591759503855,1.0183943943347342,5.157918550298163,0.10023099160753188,10.092837656909293,1.1498643860312454,52.85932144465782,3.0144358517189613,0.2061874303489021,5.173116855335591,12.324390670881446,292.10369065187433,0.9283765690929258,True,True,True,True,True,True,True
7,9,3,201.19239837937343,1.005410918290792,0.9901591759503855,1.0183943943347342,5.157918550298163,0.09970172853999004,10.13951786123117,1.1498643860312454,52.85932144465782,3.0144358517189613,0.2061874303489021,5.173116855335591,12.324390670881446,292.10369065187433,1.395178612311696,True,True,True,True,True,True,True
7,9,4,201.19239837937343,1.005410918290792,0.9901591759503855,1.0183943943347342,5.157918550298163,0.09972318438017665,10.121083240724445,1.1498643860312454,52.85932144465782,3.0144358517189613,0.2061874303489021,5.173116855335591,12.324390670881446,292.10369065187433,1.2108324072444532,True,True,True,True,True,True,True
7,9,5,201.19239837937343,1.005410918290792,0.9901591759503855,1.0183943943347342,5.157918550298163,0.10017315024793866,10.106963810270983,1.1498643860312454,52.85932144465782,3.0144358517189613,0.2061874303489021,5.173116855335591,12.324390670881446,292.10369065187433,1.0696381027098312,True,True,True,True,True,True,True
7,10,1,201.19239837937343,1.005410918290792,0.9901591759503855,1.0183943943347342,5.157918550298163,0.10209890375273942,10.07597884107677,1.0848898253840171,54.38963428168803,3.0096985547214783,0.20837080449998152,5.165751351115575,12.324390670881446,292.10369065187433,0.7597884107677011,True,True,True,True,True,True,True
7,10,2,201.19239837937343,1.005410918290792,0.9901591759503855,1.0183943943347342,5.157918550298163,0.10233217787690362,10.064090847343204,1.0848898253840171,54.38963428168803,3.0096985547214783,0.20837080449998152,5.165751351115575,12.324390670881446,292.10369065187433,0.640908473432038,True,True,True,True,True,True,True
7,10,3,201.19239837937343,1.005410918290792,0.9901591759503855,1.0183943943347342,5.157918550298163,0.10231161982500075,10.086556500931854,1.0848898253840171,54.38963428168803,3.0096985547214783,0.20837080449998152,5.165751351115575,12.324390670881446,292.10369065187433,0.8655650093185409,True,True,True,True,True,True,True
7,10,4,201.19239837937343,1.005410918290792,0.9901591759503855,1.0183943943347342,5.157918550298163,0.10256835685689998,10.099959304552952,1.0848898253840171,54.38963428168803,3.0096985547214783,0.20837080449998152,5.165751351115575,12.324390670881446,292.10369065187433,0.9995930455295187,True,True,True,True,True,True,True
7,10,5,201.19239837937343,1.005410918290792,0.9901591759503855,1.0183943943347342,5.157918550298163,0.10224546911205934,10.071060604019198,1.0848898253840171,54.38963428168803,3.0096985547214783,0.20837080449998152,5.165751351115575,12.324390670881446,292.10369065187433,0.7106060401919834,True,True,True,True,True,True,True
8,1,1,199.06459896611267,1.0007006594834367,0.9910037582632171,1.0243010546370408,5.036369815034297,0.09973166146543942,10.023202990387594,0.8864560495284073,44.78189183519999,3.0127861125540107,0.19928752275085887,5.044332193537821,12.088044442968851,297.814920931564,0.2320299038759366,True,True,True,True,True,True,True
8,1,2,199.06459896611267,1.0007006594834367,0.9910037582632171,1.0243010546370408,5.036369815034297,0.0991816835410119,10.068070033815959,0.8864560495284073,44.78189183519999,3.0127861125540107,0.19928752275085887,5.044332193537821,12.088044442968851,297.814920931564,0.6807003381595855,True,True,True,True,True,True,True
8,1,3,199.06459896611267,1.0007006594834367,0.9910037582632171,1.0243010546370408,5.036369815034297,0.09930712994949305,10.045341496594563,0.8864560495284073,44.78189183519999,3.0127861125540107,0.19928752275085887,5.044332193537821,12.088044442968851,297.814920931564,0.4534149659456333,True,True,True,True,True,True,True
8,1,4,199.06459896611267,1.0007006594834367,0.9910037582632171,1.0243010546370408,5.036369815034297,0.09967041382720965,10.040757262668185,0.8864560495284073,44.78189183519999,3.0127861125540107,0.19928752275085887,5.044332193537821,12.088044442968851,297.814920931564,0.40757262668185135,True,True,True,True,True,True,True
8,1,5,199.06459896611267,1.0007006594834367,0.9910037582632171,1.0243010546370408,5.036369815034297,0.0998386504706702,10.023878643391678,0.8864560495284073,44.78189183519999,3.0127861125540107,0.19928752275085887,5.044332193537821,12.088044442968851,297.814920931564,0.23878643391677554,True,True,True,True,True,True,True
8,2,1,199.06459896611267,1.0007006594834367,0.9910037582632171,1.0243010546370408,5.036369815034297,0.09971344532788928,10.100411653394644,0.7519295119168308,42.96127358940174,3.01810208949881,0.19227070163898796,5.053977748634919,12.088044442968851,297.814920931564,1.0041165339464442,True,True,True,True,True,True,True
8,2,2,199.06459896611267,1.0007006594834367,0.9910037582632171,1.0243010546370408,5.036369815034297,0.09959326044363452,10.108074563931611,0.7519295119168308,42.96127358940174,3.01810208949881,0.19227070163898796,5.053977748634919,12.088044442968851,297.814920931564,1.0807456393161097,True,True,True,True,True,True,True
8,2,3,199.06459896611267,1.0007006594834367,0.9910037582632171,1.0243010546370408,5.036369815034297,0.10002294198933284,10.126903358675657,0.7519295119168308,42.96127358940174,3.01810208949881,0.19227070163898796,5.053977748634919,12.088044442968851,297.814920931564,1.2690335867565672,True,True,True,True,True,True,True
8,2,4,199.06459896611267,1.0007006594834367,0.9910037582632171,1.0243010546370408,5.036369815034297,0.09958488754830061,10.115240945921208,0.7519295119168308,42.96127358940174,3.01810208949881,0.19227070163898796,5.053977748634919,12.088044442968851,297.814920931564,1.1524094592120804,True,True,True,True,True,True,True
8,2,5,199.06459896611267,1.0007006594834367,0.9910037582632171,1.0243010546370408,5.036369815034297,0.09982919830640195,10.09578169127608,0.7519295119168308,42.96127358940174,3.01810208949881,0.19227070163898796,5.053977748634919,12.088044442968851,297.814920931564,0.957816912760805,True,True,True,True,True,True,True
8,3,1,199.06459896611267,1.0007006594834367,0.9910037582632171,1.0243010546370408,5.036369815034297,0.09918721018827427,10.04845020644994,0.8256833333708907,42.394807870064284,3.0130814299729414,0.2035070832999487,5.185277198676162,12.088044442968851,297.814920931564,0.48450206449940586,True,True,True,True,True,True,True
8,3,2,199.06459896611267,1.0007006594834367,0.9910037582632171,1.0243010546370408,5.036369815034297,0.0986609563467834,10.083667439122962,0.8256833333708907,42.394807870064284,3.0130814299729414,0.2035070832999487,5.185277198676162,12.088044442968851,297.814920931564,0.8366743912296215,True,True,True,True,True,True,True
8,3,3,199.06459896611267,1.0007006594834367,0.9910037582632171,1.0243010546370408,5.036369815034297,0.09948731605779763,10.056218057855258,0.8256833333708907,42.394807870064284,3.0130814299729414,0.2035070832999487,5.185277198676162,12.088044442968851,297.814920931564,0.562180578552578,True,True,True,True,True,True,True
8,3,4,199.06459896611267,1.0007006594834367,0.9910037582632171,1.0243010546370408,5.036369815034297,0.0993479444512112,10.076537145220318,0.8256833333708907,42.394807870064284,3.0130814299729414,0.2035070832999487,5.185277198676162,12.088044442968851,297.814920931564,0.7653714522031763,True,True,True,True,True,True,True
8,3,5,199.06459896611267,1.0007006594834367,0.9910037582632171,1.0243010546370408,5.036369815034297,0.09936491881012503,10.100550878957932,0.8256833333708907,42.394807870064284,3.0130814299729414,0.2035070832999487,5.185277198676162,12.088044442968851,297.814920931564,1.0055087895793235,True,True,True,True,True,True,True
8,4,1,199.06459896611267,1.0007006594834367,0.9910037582632171,1.0243010546370408,5.036369815034297,0.10253450605624506,10.09974990441313,0.8199366304736523,43.159809451785634,3.0140765618195324,0.20192165756934038,5.017241793317072,12.088044442968851,297.814920931564,0.9974990441313025,True,True,True,True,True,True,True
8,4,2,199.06459896611267,1.0007006594834367,0.9910037582632171,1.0243010546370408,5.036369815034297,0.10162186711519741,10.120373826038518,0.8199366304736523,43.159809451785634,3.0140765618195324,0.20192165756934038,5.017241793317072,12.088044442968851,297.814920931564,1.2037382603851832,True,True,True,True,True,True,True
8,4,3,199.06459896611267,1.0007006594834367,0.9910037582632171,1.0243010546370408,5.036369815034297,0.10180880918414964,10.129312112339857,0.8199366304736523,43.159809451785634,3.0140765618195324,0.20192165756934038,5.017241793317072,12.088044442968851,297.814920931564,1.2931211233985707,True,True,True,True,True,True,True
8,4,4,199.06459896611267,1.0007006594834367,0.9910037582632171,1.0243010546370408,5.036369815034297,0.10201023459119238,10.111577589217374,0.8199366304736523,43.159809451785634,3.0140765618195324,0.20192165756934038,5.017241793317072,12.088044442968851,297.814920931564,1.1157758921737404,True,True,True,True,True,True,True
8,4,5,199.06459896611267,1.0007006594834367,0.9910037582632171,1.0243010546370408,5.036369815034297,0.10194734089079319,10.095812703107509,0.8199366304736523,43.159809451785634,3.0140765618195324,0.20192165756934038,5.017241793317072,12.088044442968851,297.814920931564,0.9581270310750867,True,True,True,True,True,True,True
8,5,1,199.06459896611267,1.0007006594834367,0.9910037582632171,1.0243010546370408,5.036369815034297,0.09952593570663852,10.167381681988191,0.8150644041028631,43.45058693497589,3.009885879961571,0.19984279644703035,5.047769438611853,12.088044442968851,297.814920931564,1.6738168198819106,True,True,True,True,True,True,True
8,5,2,199.06459896611267,1.0007006594834367,0.9910037582632171,1.0243010546370408,5.036369815034297,0.09993199248005845,10.166554511948432,0.8150644041028631,43.45058693497589,3.009885879961571,0.19984279644703035,5.047769438611853,12.088044442968851,297.814920931564,1.6655451194843174,True,True,True,True,True,True,True
8,5,3,199.06459896611267,1.0007006594834367,0.9910037582632171,1.0243010546370408,5.036369815034297,0.09970780206454095,10.159167098439077,0.8150644041028631,43.45058693497589,3.009885879961571,0.19984279644703035,5.047769438611853,12.088044442968851,297.814920931564,1.591670984390774,True,True,True,True,True,True,True
8,5,4,199.06459896611267,1.0007006594834367,0.9910037582632171,1.0243010546370408,5.036369815034297,0.10041958892565278,10.17366136728231,0.8150644041028631,43.45058693497589,3.009885879961571,0.19984279644703035,5.047769438611853,12.088044442968851,297.814920931564,1.7366136728231043,True,True,True,True,True,True,True
8,5,5,199.06459896611267,1.0007006594834367,0.9910037582632171,1.0243010546370408,5.036369815034297,0.09959147200486315,10.16804082847211,0.8150644041028631,43.45058693497589,3.009885879961571,0.19984279644703035,5.047769438611853,12.088044442968851,297.814920931564,1.6804082847211002,True,True,True,True,True,True,True
8,6,1,199.06459896611267,1.0007006594834367,0.9910037582632171,1.0243010546370408,5.036369815034297,0.10043892379562787,10.125021790207969,0.77819262980239,43.933394831633315,3.013760252273463,0.20227291030264313,5.161563312590782,12.088044442968851,297.814920931564,1.2502179020796866,True,True,True,True,True,True,True
8,6,2,199.06459896611267,1.0007006594834367,0.9910037582632171,1.0243010546370408,5.036369815034297,0.09913672389181712,10.139212934265194,0.77819262980239,43.933394831633315,3.013760252273463,0.20227291030264313,5.161563312590782,12.088044442968851,297.814920931564,1.3921293426519377,True,True,True,True,True,True,True
8,6,3,199.06459896611267,1.0007006594834367,0.9910037582632171,1.0243010546370408,5.036369815034297,0.09994744506968875,10.115781631655135,0.77819262980239,43.933394831633315,3.013760252273463,0.20227291030264313,5.161563312590782,12.088044442968851,297.814920931564,1.1578163165513544,True,True,True,True,True,True,True
8,6,4,199.06459896611267,1.0007006594834367,0.9910037582632171,1.0243010546370408,5.036369815034297,0.10002509529542163,10.09400220002323,0.77819262980239,43.933394831633315,3.013760252273463,0.20227291030264313,5.161563312590782,12.088044442968851,297.814920931564,0.9400220002322968,True,True,True,True,True,True,True
8,6,5,199.06459896611267,1.0007006594834367,0.9910037582632171,1.0243010546370408,5.036369815034297,0.09967087002007476,10.139557902971058,0.77819262980239,43.933394831633315,3.013760252273463,0.20227291030264313,5.161563312590782,12.088044442968851,297.814920931564,1.3955790297105786,True,True,True,True,True,True,True
8,7,1,199.06459896611267,1.0007006594834367,0.9910037582632171,1.0243010546370408,5.036369815034297,0.09912109325989817,10.133907854251769,0.8061934065059767,45.435085849574165,3.0092247907277376,0.20199132194820557,4.741606733835215,12.088044442968851,297.814920931564,1.3390785425176865,True,True,True,True,True,True,True
8,7,2,199.06459896611267,1.0007006594834367,0.9910037582632171,1.0243010546370408,5.036369815034297,0.0991129614790062,10.102911455232075,0.8061934065059767,45.435085849574165,3.0092247907277376,0.20199132194820557,4.741606733835215,12.088044442968851,297.814920931564,1.029114552320749,True,True,True,True,True,True,True
8,7,3,199.06459896611267,1.0007006594834367,0.9910037582632171,1.0243010546370408,5.036369815034297,0.09929505674853202,10.084307110635677,0.8061934065059767,45.435085849574165,3.0092247907277376,0.20199132194820557,4.741606733835215,12.088044442968851,297.814920931564,0.8430711063567742,True,True,True,True,True,True,True
8,7,4,199.06459896611267,1.0007006594834367,0.9910037582632171,1.0243010546370408,5.036369815034297,0.09887907667149169,10.10076675349729,0.8061934065059767,45.435085849574165,3.0092247907277376,0.20199132194820557,4.741606733835215,12.088044442968851,297.814920931564,1.0076675349728959,True,True,True,True,True,True,True
8,7,5,199.06459896611267,1.0007006594834367,0.9910037582632171,1.0243010546370408,5.036369815034297,0.09876610210518255,10.09822511225643,0.8061934065059767,45.435085849574165,3.0092247907277376,0.20199132194820557,4.741606733835215,12.088044442968851,297.814920931564,0.9822511225642927,True,True,True,True,True,True,True
8,8,1,199.06459896611267,1.0007006594834367,0.9910037582632171,1.0243010546370408,5.036369815034297,0.10025596298499564,10.092735585952324,0.8459032114584583,43.94889752591856,3.0145035788836827,0.19934813824939857,5.582338080217383,12.088044442968851,297.814920931564,0.9273558595232424,True,True,True,True,True,True,True
8,8,2,199.06459896611267,1.0007006594834367,0.9910037582632171,1.0243010546370408,5.036369815034297,0.09962203414613707,10.137286317597734,0.8459032114584583,43.94889752591856,3.0145035788836827,0.19934813824939857,5.582338080217383,12.088044442968851,297.814920931564,1.3728631759773435,True,True,True,True,True,True,True
8,8,3,199.06459896611267,1.0007006594834367,0.9910037582632171,1.0243010546370408,5.036369815034297,0.10017632887281035,10.150357370691168,0.8459032114584583,43.94889752591856,3.0145035788836827,0.19934813824939857,5.582338080217383,12.088044442968851,297.814920931564,1.5035737069116806,True,True,True,True,True,True,True
8,8,4,199.06459896611267,1.0007006594834367,0.9910037582632171,1.0243010546370408,5.036369815034297,0.09988608844403452,10.131265438629162,0.8459032114584583,43.94889752591856,3.0145035788836827,0.19934813824939857,5.582338080217383,12.088044442968851,297.814920931564,1.312654386291623,True,True,True,True,True,True,True
8,8,5,199.06459896611267,1.0007006594834367,0.9910037582632171,1.0243010546370408,5.036369815034297,0.09981485913981486,10.113232243350607,0.8459032114584583,43.94889752591856,3.0145035788836827,0.19934813824939857,5.582338080217383,12.088044442968851,297.814920931564,1.1323224335060722,True,True,True,True,True,True,True
8,9,1,199.06459896611267,1.0007006594834367,0.9910037582632171,1.0243010546370408,5.036369815034297,0.10071262688882314,10.118619769303882,0.8317901937522096,43.04624859226684,3.0160597151402215,0.20336813672035806,5.2594341969565415,12.088044442968851,297.814920931564,1.1861976930388174,True,True,True,True,True,True,True
8,9,2,199.06459896611267,1.0007006594834367,0.9910037582632171,1.0243010546370408,5.036369815034297,0.10053344729867825,10.093232895945043,0.8317901937522096,43.04624859226684,3.0160597151402215,0.20336813672035806,5.2594341969565415,12.088044442968851,297.814920931564,0.9323289594504302,True,True,True,True,True,True,True
8,9,3,199.06459896611267,1.0007006594834367,0.9910037582632171,1.0243010546370408,5.036369815034297,0.10086498991133427,10.0825220594117,0.8317901937522096,43.04624859226684,3.0160597151402215,0.20336813672035806,5.2594341969565415,12.088044442968851,297.814920931564,0.8252205941169954,True,True,True,True,True,True,True
8,9,4,199.06459896611267,1.0007006594834367,0.9910037582632171,1.0243010546370408,5.036369815034297,0.10066190901651158,10.106052113342688,0.8317901937522096,43.04624859226684,3.0160597151402215,0.20336813672035806,5.2594341969565415,12.088044442968851,297.814920931564,1.0605211334268816,True,True,True,True,True,True,True
8,9,5,199.06459896611267,1.0007006594834367,0.9910037582632171,1.0243010546370408,5.036369815034297,0.10041971008696224,10.062507212518316,0.8317901937522096,43.04624859226684,3.0160597151402215,0.20336813672035806,5.2594341969565415,12.088044442968851,297.814920931564,0.6250721251831592,True,True,True,True,True,True,True
8,10,1,199.06459896611267,1.0007006594834367,0.9910037582632171,1.0243010546370408,5.036369815034297,0.09959618753796969,10.16477404638088,0.8371685175460722,42.56700678542887,3.0191311072400926,0.20017260150100966,5.184684020311597,12.088044442968851,297.814920931564,1.647740463808791,True,True,True,True,True,True,True
8,10,2,199.06459896611267,1.0007006594834367,0.9910037582632171,1.0243010546370408,5.036369815034297,0.09896328945233175,10.124777785618097,0.8371685175460722,42.56700678542887,3.0191311072400926,0.20017260150100966,5.184684020311597,12.088044442968851,297.814920931564,1.2477778561809671,True,True,True,True,True,True,True
8,10,3,199.06459896611267,1.0007006594834367,0.9910037582632171,1.0243010546370408,5.036369815034297,0.09929422498233582,10.124489409846035,0.8371685175460722,42.56700678542887,3.0191311072400926,0.20017260150100966,5.184684020311597,12.088044442968851,297.814920931564,1.2448940984603496,True,True,True,True,True,True,True
8,10,4,199.06459896611267,1.0007006594834367,0.9910037582632171,1.0243010546370408,5.036369815034297,0.09902268226429183,10.127836999115528,0.8371685175460722,42.56700678542887,3.0191311072400926,0.20017260150100966,5.184684020311597,12.088044442968851,297.814920931564,1.2783699911552837,True,True,True,True,True,True,True
8,10,5,199.06459896611267,1.0007006594834367,0.9910037582632171,1.0243010546370408,5.036369815034297,0.09910699254025951,10.151728368191577,0.8371685175460722,42.56700678542887,3.0191311072400926,0.20017260150100966,5.184684020311597,12.088044442968851,297.814920931564,1.517283681915771,True,True,True,True,True,True,True
9,1,1,203.44938363955598,1.0027222769125652,1.026779775913371,1.0053597913406593,5.0962960573249445,0.09812778535743956,9.886762671250457,1.0400610371846117,54.09070364910397,3.0005367685953828,0.18035482237714948,4.286908395030972,12.224731681903918,294.4849910553885,-1.1323732874954295,True,True,True,True,True,True,True
9,1,2,203.44938363955598,1.0027222769125652,1.026779775913371,1.0053597913406593,5.0962960573249445,0.09738178245159217,9.86756275013638,1.0400610371846117,54.09070364910397,3.0005367685953828,0.18035482237714948,4.286908395030972,12.224731681903918,294.4849910553885,-1.3243724986362082,True,True,True,True,True,True,True
9,1,3,203.44938363955598,1.0027222769125652,1.026779775913371,1.0053597913406593,5.0962960573249445,0.09763397923477589,9.91448181369455,1.0400610371846117,54.09070364910397,3.0005367685953828,0.18035482237714948,4.286908395030972,12.224731681903918,294.4849910553885,-0.8551818630544972,True,True,True,True,True,True,True
9,1,4,203.44938363955598,1.0027222769125652,1.026779775913371,1.0053597913406593,5.0962960573249445,0.09753336106347908,9.897533648072226,1.0400610371846117,54.09070364910397,3.0005367685953828,0.18035482237714948,4.286908395030972,12.224731681903918,294.4849910553885,-1.0246635192777376,True,True,True,True,True,True,True
9,1,5,203.44938363955598,1.0027222769125652,1.026779775913371,1.0053597913406593,5.0962960573249445,0.09773226859145548,9.894071898909512,1.0400610371846117,54.09070364910397,3.0005367685953828,0.18035482237714948,4.286908395030972,12.224731681903918,294.4849910553885,-1.0592810109048756,True,True,True,True,True,True,True
9,2,1,203.44938363955598,1.0027222769125652,1.026779775913371,1.0053597913406593,5.0962960573249445,0.09929401988779146,9.898328738113538,0.9955863858946329,53.29402770022748,3.0014975523464384,0.18528718738458672,4.315950918501272,12.224731681903918,294.4849910553885,-1.0167126188646236,True,True,True,True,True,True,True
9,2,2,203.44938363955598,1.0027222769125652,1.026779775913371,1.0053597913406593,5.0962960573249445,0.0992843336952385,9.902325338366671,0.9955863858946329,53.29402770022748,3.0014975523464384,0.18528718738458672,4.315950918501272,12.224731681903918,294.4849910553885,-0.9767466163332905,True,True,True,True,True,True,True
9,2,3,203.44938363955598,1.0027222769125652,1.026779775913371,1.0053597913406593,5.0962960573249445,0.09927050463760428,9.912377750974228,0.9955863858946329,53.29402770022748,3.0014975523464384,0.18528718738458672,4.315950918501272,12.224731681903918,294.4849910553885,-0.876222490257721,True,True,True,True,True,True,True
9,2,4,203.44938363955598,1.0027222769125652,1.026779775913371,1.0053597913406593,5.0962960573249445,0.09926108656547135,9.91816149270961,0.9955863858946329,53.29402770022748,3.0014975523464384,0.18528718738458672,4.315950918501272,12.224731681903918,294.4849910553885,-0.8183850729039044,True,True,True,True,True,True,True
9,2,5,203.44938363955598,1.0027222769125652,1.026779775913371,1.0053597913406593,5.0962960573249445,0.09942814926338543,9.899164619437991,0.9955863858946329,53.29402770022748,3.0014975523464384,0.18528718738458672,4.315950918501272,12.224731681903918,294.4849910553885,-1.0083538056200858,True,True,True,True,True,True,True
9,3,1,203.44938363955598,1.0027222769125652,1.026779775913371,1.0053597913406593,5.0962960573249445,0.0991976893299675,9.973161615242512,1.0304244623248673,53.46437916846567,2.9900678857933585,0.1870066658802403,4.665030944973479,12.224731681903918,294.4849910553885,-0.2683838475748779,True,True,True,True,True,True,True
9,3,2,203.44938363955598,1.0027222769125652,1.026779775913371,1.0053597913406593,5.0962960573249445,0.099445996952211,9.979380370424488,1.0304244623248673,53.46437916846567,2.9900678857933585,0.1870066658802403,4.665030944973479,12.224731681903918,294.4849910553885,-0.20619629575511664,True,True,True,True,True,True,True
9,3,3,203.44938363955598,1.0027222769125652,1.026779775913371,1.0053597913406593,5.0962960573249445,0.0986726174346794,9.941306482245626,1.0304244623248673,53.46437916846567,2.9900678857933585,0.1870066658802403,4.665030944973479,12.224731681903918,294.4849910553885,-0.5869351775437437,True,True,True,True,True,True,True
9,3,4,203.44938363955598,1.0027222769125652,1.026779775913371,1.0053597913406593,5.0962960573249445,0.09896285241064745,9.974327417709757,1.0304244623248673,53.46437916846567,2.9900678857933585,0.1870066658802403,4.665030944973479,12.224731681903918,294.4849910553885,-0.2567258229024283,True,True,True,True,True,True,True
9,3,5,203.44938363955598,1.0027222769125652,1.026779775913371,1.0053597913406593,5.0962960573249445,0.09908276306225114,9.99080580285138,1.0304244623248673,53.46437916846567,2.9900678857933585,0.1870066658802403,4.665030944973479,12.224731681903918,294.4849910553885,-0.0919419714862002,True,True,True,True,True,True,True
9,4,1,203.44938363955598,1.0027222769125652,1.026779775913371,1.0053597913406593,5.0962960573249445,0.0978475557622414,9.891811114430878,0.9542861958122818,52.73153419011303,2.999661926893685,0.18586267851981736,4.506295539880196,12.224731681903918,294.4849910553885,-1.081888855691222,True,True,True,True,True,True,True
9,4,2,203.44938363955598,1.0027222769125652,1.026779775913371,1.0053597913406593,5.0962960573249445,0.09808385676339591,9.84244259058521,0.9542861958122818,52.73153419011303,2.999661926893685,0.18586267851981736,4.506295539880196,12.224731681903918,294.4849910553885,-1.5755740941479068,True,True,True,True,True,True,True
9,4,3,203.44938363955598,1.0027222769125652,1.026779775913371,1.0053597913406593,5.0962960573249445,0.09799148976029531,9.882285219853024,0.9542861958122818,52.73153419011303,2.999661926893685,0.18586267851981736,4.506295539880196,12.224731681903918,294.4849910553885,-1.1771478014697578,True,True,True,True,True,True,True
9,4,4,203.44938363955598,1.0027222769125652,1.026779775913371,1.0053597913406593,5.0962960573249445,0.09754922386030991,9.888596514253607,0.9542861958122818,52.73153419011303,2.999661926893685,0.18586267851981736,4.506295539880196,12.224731681903918,294.4849910553885,-1.1140348574639347,True,True,True,True,True,True,True
9,4,5,203.44938363955598,1.0027222769125652,1.026779775913371,1.0053597913406593,5.0962960573249445,0.09761084396330567,9.90381158574977,0.9542861958122818,52.73153419011303,2.999661926893685,0.18586267851981736,4.506295539880196,12.224731681903918,294.4849910553885,-0.9618841425023028,True,True,True,True,True,True,True
9,5,1,203.44938363955598,1.0027222769125652,1.026779775913371,1.0053597913406593,5.0962960573249445,0.09797236036467255,9.952455298813943,1.0088685357830975,54.48202837412128,2.999299348415003,0.18965583446456144,4.360815483600331,12.224731681903918,294.4849910553885,-0.47544701186057026,True,True,True,True,True,True,True
9,5,2,203.44938363955598,1.0027222769125652,1.026779775913371,1.0053597913406593,5.0962960573249445,0.0970289838349237,9.950488871698727,1.0088685357830975,54.48202837412128,2.999299348415003,0.18965583446456144,4.360815483600331,12.224731681903918,294.4849910553885,-0.4951112830127257,True,True,True,True,True,True,True
9,5,3,203.44938363955598,1.0027222769125652,1.026779775913371,1.0053597913406593,5.0962960573249445,0.09772856278580325,9.94202922773186,1.0088685357830975,54.48202837412128,2.999299348415003,0.18965583446456144,4.360815483600331,12.224731681903918,294.4849910553885,-0.5797077226814018,True,True,True,True,True,True,True
9,5,4,203.44938363955598,1.0027222769125652,1.026779775913371,1.0053597913406593,5.0962960573249445,0.09709308779212211,9.959927792348433,1.0088685357830975,54.48202837412128,2.999299348415003,0.18965583446456144,4.360815483600331,12.224731681903918,294.4849910553885,-0.4007220765156738,True,True,True,True,True,True,True
9,5,5,203.44938363955598,1.0027222769125652,1.026779775913371,1.0053597913406593,5.0962960573249445,0.09738868886243207,9.94320725004232,1.0088685357830975,54.48202837412128,2.999299348415003,0.18965583446456144,4.360815483600331,12.224731681903918,294.4849910553885,-0.5679274995767969,True,True,True,True,True,True,True
9,6,1,203.44938363955598,1.0027222769125652,1.026779775913371,1.0053597913406593,5.0962960573249445,0.09785432984545392,9.91497603137222,1.0179253431576147,52.237049242136415,3.0044615138288164,0.1895634305821338,4.2946755231477285,12.224731681903918,294.4849910553885,-0.8502396862778029,True,True,True,True,True,True,True
9,6,2,203.44938363955598,1.0027222769125652,1.026779775913371,1.0053597913406593,5.0962960573249445,0.09746830292719195,9.908658430087291,1.0179253431576147,52.237049242136415,3.0044615138288164,0.1895634305821338,4.2946755231477285,12.224731681903918,294.4849910553885,-0.9134156991270893,True,True,True,True,True,True,True
9,6,3,203.44938363955598,1.0027222769125652,1.026779775913371,1.0053597913406593,5.0962960573249445,0.09762190860265076,9.906818425856292,1.0179253431576147,52.237049242136415,3.0044615138288164,0.1895634305821338,4.2946755231477285,12.224731681903918,294.4849910553885,-0.9318157414370809,True,True,True,True,True,True,True
9,6,4,203.44938363955598,1.0027222769125652,1.026779775913371,1.0053597913406593,5.0962960573249445,0.09786097041956104,9.903496156032242,1.0179253431576147,52.237049242136415,3.0044615138288164,0.1895634305821338,4.2946755231477285,12.224731681903918,294.4849910553885,-0.9650384396775813,True,True,True,True,True,True,True
9,6,5,203.44938363955598,1.0027222769125652,1.026779775913371,1.0053597913406593,5.0962960573249445,0.09733622306160272,9.93166911579436,1.0179253431576147,52.237049242136415,3.0044615138288164,0.1895634305821338,4.2946755231477285,12.224731681903918,294.4849910553885,-0.6833088420563982,True,True,True,True,True,True,True
9,7,1,203.44938363955598,1.0027222769125652,1.026779775913371,1.0053597913406593,5.0962960573249445,0.09807287857519746,9.947775444044892,1.0470217369673032,52.95272095929236,2.993335851130349,0.18334889875259155,4.324955058675219,12.224731681903918,294.4849910553885,-0.5222455595510844,True,True,True,True,True,True,True
9,7,2,203.44938363955598,1.0027222769125652,1.026779775913371,1.0053597913406593,5.0962960573249445,0.09909402138809666,9.937598841501915,1.0470217369673032,52.95272095929236,2.993335851130349,0.18334889875259155,4.324955058675219,12.224731681903918,294.4849910553885,-0.6240115849808525,True,True,True,True,True,True,True
9,7,3,203.44938363955598,1.0027222769125652,1.026779775913371,1.0053597913406593,5.0962960573249445,0.09890219553531829,9.93016809226966,1.0470217369673032,52.95272095929236,2.993335851130349,0.18334889875259155,4.324955058675219,12.224731681903918,294.4849910553885,-0.6983190773033954,True,True,True,True,True,True,True
9,7,4,203.44938363955598,1.0027222769125652,1.026779775913371,1.0053597913406593,5.0962960573249445,0.0987013249267273,9.921973178998089,1.0470217369673032,52.95272095929236,2.993335851130349,0.18334889875259155,4.324955058675219,12.224731681903918,294.4849910553885,-0.7802682100191127,True,True,True,True,True,True,True
9,7,5,203.44938363955598,1.0027222769125652,1.026779775913371,1.0053597913406593,5.0962960573249445,0.0980338317939847,9.908298515813055,1.0470217369673032,52.95272095929236,2.993335851130349,0.18334889875259155,4.324955058675219,12.224731681903918,294.4849910553885,-0.9170148418694523,True,True,True,True,True,True,True
9,8,1,203.44938363955598,1.0027222769125652,1.026779775913371,1.0053597913406593,5.0962960573249445,0.09826084900623774,9.965435828547404,1.0231106410510962,51.57921747412575,2.9935539990145874,0.1866145535488792,4.193803647671745,12.224731681903918,294.4849910553885,-0.34564171452595716,True,True,True,True,True,True,True
9,8,2,203.44938363955598,1.0027222769125652,1.026779775913371,1.0053597913406593,5.0962960573249445,0.0981966677178224,9.964582453627099,1.0231106410510962,51.57921747412575,2.9935539990145874,0.1866145535488792,4.193803647671745,12.224731681903918,294.4849910553885,-0.354175463729014,True,True,True,True,True,True,True
9,8,3,203.44938363955598,1.0027222769125652,1.026779775913371,1.0053597913406593,5.0962960573249445,0.09780480934983041,9.983360419193787,1.0231106410510962,51.57921747412575,2.9935539990145874,0.1866145535488792,4.193803647671745,12.224731681903918,294.4849910553885,-0.16639580806213417,True,True,True,True,True,True,True
9,8,4,203.44938363955598,1.0027222769125652,1.026779775913371,1.0053597913406593,5.0962960573249445,0.09846489442669974,9.958968351911109,1.0231106410510962,51.57921747412575,2.9935539990145874,0.1866145535488792,4.193803647671745,12.224731681903918,294.4849910553885,-0.4103164808889126,True,True,True,True,True,True,True
9,8,5,203.44938363955598,1.0027222769125652,1.026779775913371,1.0053597913406593,5.0962960573249445,0.0976985583857405,9.978680886071539,1.0231106410510962,51.57921747412575,2.9935539990145874,0.1866145535488792,4.193803647671745,12.224731681903918,294.4849910553885,-0.21319113928461422,True,True,True,True,True,True,True
9,9,1,203.44938363955598,1.0027222769125652,1.026779775913371,1.0053597913406593,5.0962960573249445,0.09998680671310389,9.918636368538955,1.052018849557171,53.16092275887572,2.999515424062834,0.18598466387203982,4.369673581635547,12.224731681903918,294.4849910553885,-0.8136363146104487,True,True,True,True,True,True,True
9,9,2,203.44938363955598,1.0027222769125652,1.026779775913371,1.0053597913406593,5.0962960573249445,0.09979615884086918,9.923562432094737,1.052018849557171,53.16092275887572,2.999515424062834,0.18598466387203982,4.369673581635547,12.224731681903918,294.4849910553885,-0.7643756790526268,True,True,True,True,True,True,True
9,9,3,203.44938363955598,1.0027222769125652,1.026779775913371,1.0053597913406593,5.0962960573249445,0.10087385369394186,9.930312596108175,1.052018849557171,53.16092275887572,2.999515424062834,0.18598466387203982,4.369673581635547,12.224731681903918,294.4849910553885,-0.6968740389182493,True,True,True,True,True,True,True
9,9,4,203.44938363955598,1.0027222769125652,1.026779775913371,1.0053597913406593,5.0962960573249445,0.10009678405667423,9.895944662640808,1.052018849557171,53.16092275887572,2.999515424062834,0.18598466387203982,4.369673581635547,12.224731681903918,294.4849910553885,-1.0405533735919192,True,True,True,True,True,True,True
9,9,5,203.44938363955598,1.0027222769125652,1.026779775913371,1.0053597913406593,5.0962960573249445,0.10017280107267301,9.9110782444984,1.052018849557171,53.16092275887572,2.999515424062834,0.18598466387203982,4.369673581635547,12.224731681903918,294.4849910553885,-0.8892175550159997,True,True,True,True,True,True,True
9,10,1,203.44938363955598,1.0027222769125652,1.026779775913371,1.0053597913406593,5.0962960573249445,0.09984592024868094,9.938674733829934,1.0720416736964624,53.15808084516413,3.006264108972078,0.18010317296779702,4.594692755550054,12.224731681903918,294.4849910553885,-0.6132526617006562,True,True,True,True,True,True,True
9,10,2,203.44938363955598,1.0027222769125652,1.026779775913371,1.0053597913406593,5.0962960573249445,0.0992733362774758,9.914910749821958,1.0720416736964624,53.15808084516413,3.006264108972078,0.18010317296779702,4.594692755550054,12.224731681903918,294.4849910553885,-0.8508925017804181,True,True,True,True,True,True,True
9,10,3,203.44938363955598,1.0027222769125652,1.026779775913371,1.0053597913406593,5.0962960573249445,0.09951745587515615,9.935260873200935,1.0720416736964624,53.15808084516413,3.006264108972078,0.18010317296779702,4.594692755550054,12.224731681903918,294.4849910553885,-0.647391267990649,True,True,True,True,True,True,True
9,10,4,203.44938363955598,1.0027222769125652,1.026779775913371,1.0053597913406593,5.0962960573249445,0.09984792179023638,9.937304063796065,1.0720416736964624,53.15808084516413,3.006264108972078,0.18010317296779702,4.594692755550054,12.224731681903918,294.4849910553885,-0.6269593620393543,True,True,True,True,True,True,True
9,10,5,203.44938363955598,1.0027222769125652,1.026779775913371,1.0053597913406593,5.0962960573249445,0.09981471296347258,9.906785317679542,1.0720416736964624,53.15808084516413,3.006264108972078,0.18010317296779702,4.594692755550054,12.224731681903918,294.4849910553885,-0.9321468232045761,True,True,True,True,True,True,True
10,1,1,200.0124228649369,0.9938865441662635,0.9779332714842266,1.007545730025653,4.7585892148968965,0.10221643617161244,9.839572373424383,1.0203655420848248,49.256863506493076,3.0163608401095856,0.19351191703810475,4.725232461141049,11.502657431303673,312.9711565783793,-1.604276265756166,True,True,True,True,True,True,True
10,1,2,200.0124228649369,0.9938865441662635,0.9779332714842266,1.007545730025653,4.7585892148968965,0.10270698277173398,9.867518266087487,1.0203655420848248,49.256863506493076,3.0163608401095856,0.19351191703810475,4.725232461141049,11.502657431303673,312.9711565783793,-1.3248173391251328,True,True,True,True,True,True,True
10,1,3,200.0124228649369,0.9938865441662635,0.9779332714842266,1.007545730025653,4.7585892148968965,0.10196009860454962,9.849334598928525,1.0203655420848248,49.256863506493076,3.0163608401095856,0.19351191703810475,4.725232461141049,11.502657431303673,312.9711565783793,-1.5066540107147475,True,True,True,True,True,True,True
10,1,4,200.0124228649369,0.9938865441662635,0.9779332714842266,1.007545730025653,4.7585892148968965,0.10234831412394924,9.892226690267014,1.0203655420848248,49.256863506493076,3.0163608401095856,0.19351191703810475,4.725232461141049,11.502657431303673,312.9711565783793,-1.0777330973298582,True,True,True,True,True,True,True
10,1,5,200.0124228649369,0.9938865441662635,0.9779332714842266,1.007545730025653,4.7585892148968965,0.10205808746037384,9.855312029491836,1.0203655420848248,49.256863506493076,3.0163608401095856,0.19351191703810475,4.725232461141049,11.502657431303673,312.9711565783793,-1.4468797050816384,True,True,True,True,True,True,True
10,2,1,200.0124228649369,0.9938865441662635,0.9779332714842266,1.007545730025653,4.7585892148968965,0.10071364044359796,9.877320206527632,0.9833162199298531,49.5531730853155,3.0095528103330245,0.19861881866546535,4.736687320056837,11.502657431303673,312.9711565783793,-1.2267979347236846,True,True,True,True,True,True,True
10,2,2,200.0124228649369,0.9938865441662635,0.9779332714842266,1.007545730025653,4.7585892148968965,0.10130751322217124,9.895341864395306,0.9833162199298531,49.5531730853155,3.0095528103330245,0.19861881866546535,4.736687320056837,11.502657431303673,312.9711565783793,-1.0465813560469428,True,True,True,True,True,True,True
10,2,3,200.0124228649369,0.9938865441662635,0.9779332714842266,1.007545730025653,4.7585892148968965,0.10111397557672197,9.869930501831826,0.9833162199298531,49.5531730853155,3.0095528103330245,0.19861881866546535,4.736687320056837,11.502657431303673,312.9711565783793,-1.3006949816817404,True,True,True,True,True,True,True
10,2,4,200.0124228649369,0.9938865441662635,0.9779332714842266,1.007545730025653,4.7585892148968965,0.10089053267244003,9.858449322336206,0.9833162199298531,49.5531730853155,3.0095528103330245,0.19861881866546535,4.736687320056837,11.502657431303673,312.9711565783793,-1.4155067766379403,True,True,True,True,True,True,True
10,2,5,200.0124228649369,0.9938865441662635,0.9779332714842266,1.007545730025653,4.7585892148968965,0.10156668195445744,9.872719876442869,0.9833162199298531,49.5531730853155,3.0095528103330245,0.19861881866546535,4.736687320056837,11.502657431303673,312.9711565783793,-1.2728012355713147,True,True,True,True,True,True,True
10,3,1,200.0124228649369,0.9938865441662635,0.9779332714842266,1.007545730025653,4.7585892148968965,0.10107017723491198,9.838413796218342,0.9881271469235505,49.89044104886811,3.016836094698689,0.20083261811013933,4.553393115239364,11.502657431303673,312.9711565783793,-1.61586203781658,True,True,True,True,True,True,True
10,3,2,200.0124228649369,0.9938865441662635,0.9779332714842266,1.007545730025653,4.7585892148968965,0.10111004395311765,9.853807636223964,0.9881271469235505,49.89044104886811,3.016836094698689,0.20083261811013933,4.553393115239364,11.502657431303673,312.9711565783793,-1.4619236377603606,True,True,True,True,True,True,True
10,3,3,200.0124228649369,0.9938865441662635,0.9779332714842266,1.007545730025653,4.7585892148968965,0.10134503149486365,9.867743507694438,0.9881271469235505,49.89044104886811,3.016836094698689,0.20083261811013933,4.553393115239364,11.502657431303673,312.9711565783793,-1.3225649230556158,True,True,True,True,True,True,True
10,3,4,200.0124228649369,0.9938865441662635,0.9779332714842266,1.007545730025653,4.7585892148968965,0.10096344756577993,9.8968018396983,0.9881271469235505,49.89044104886811,3.016836094698689,0.20083261811013933,4.553393115239364,11.502657431303673,312.9711565783793,-1.0319816030169982,True,True,True,True,True,True,True
10,3,5,200.0124228649369,0.9938865441662635,0.9779332714842266,1.007545730025653,4.7585892148968965,0.10114637603726938,9.86468768752966,0.9881271469235505,49.89044104886811,3.016836094698689,0.20083261811013933,4.553393115239364,11.502657431303673,312.9711565783793,-1.3531231247034015,True,True,True,True,True,True,True
10,4,1,200.0124228649369,0.9938865441662635,0.9779332714842266,1.007545730025653,4.7585892148968965,0.1010365405455224,9.88117400827693,0.9345154917631694,49.879319604804266,3.027057609520779,0.19685313341475533,4.701285437750323,11.502657431303673,312.9711565783793,-1.1882599172306918,True,True,True,True,True,True,True
10,4,2,200.0124228649369,0.9938865441662635,0.9779332714842266,1.007545730025653,4.7585892148968965,0.10040300567441397,9.857408547417418,0.9345154917631694,49.879319604804266,3.027057609520779,0.19685313341475533,4.701285437750323,11.502657431303673,312.9711565783793,-1.4259145258258243,True,True,True,True,True,True,True
10,4,3,200.0124228649369,0.9938865441662635,0.9779332714842266,1.007545730025653,4.7585892148968965,0.10105177607261183,9.875492210236136,0.9345154917631694,49.879319604804266,3.027057609520779,0.19685313341475533,4.701285437750323,11.502657431303673,312.9711565783793,-1.2450778976386445,True,True,True,True,True,True,True
10,4,4,200.0124228649369,0.9938865441662635,0.9779332714842266,1.007545730025653,4.7585892148968965,0.1011237056086138,9.851019464927017,0.9345154917631694,49.879319604804266,3.027057609520779,0.19685313341475533,4.701285437750323,11.502657431303673,312.9711565783793,-1.4898053507298314,True,True,True,True,True,True,True
10,4,5,200.0124228649369,0.9938865441662635,0.9779332714842266,1.007545730025653,4.7585892148968965,0.10092719875619584,9.857368291621894,0.9345154917631694,49.879319604804266,3.027057609520779,0.19685313341475533,4.701285437750323,11.502657431303673,312.9711565783793,-1.4263170837810613,True,True,True,True,True,True,True
10,5,1,200.0124228649369,0.9938865441662635,0.9779332714842266,1.007545730025653,4.7585892148968965,0.09961972602314864,9.900052366489737,1.0356960915916107,48.244807324897835,3.0142295651676316,0.20398228689206083,4.862750863512709,11.502657431303673,312.9711565783793,-0.9994763351026315,True,True,True,True,True,True,True
10,5,2,200.0124228649369,0.9938865441662635,0.9779332714842266,1.007545730025653,4.7585892148968965,0.0999238676821747,9.890744566923319,1.0356960915916107,48.244807324897835,3.0142295651676316,0.20398228689206083,4.862750863512709,11.502657431303673,312.9711565783793,-1.0925543307668129,True,True,True,True,True,True,True
10,5,3,200.0124228649369,0.9938865441662635,0.9779332714842266,1.007545730025653,4.7585892148968965,0.09987462380891121,9.899160293086984,1.0356960915916107,48.244807324897835,3.0142295651676316,0.20398228689206083,4.862750863512709,11.502657431303673,312.9711565783793,-1.008397069130158,True,True,True,True,True,True,True
10,5,4,200.0124228649369,0.9938865441662635,0.9779332714842266,1.007545730025653,4.7585892148968965,0.09983757255488747,9.898145353476503,1.0356960915916107,48.244807324897835,3.0142295651676316,0.20398228689206083,4.862750863512709,11.502657431303673,312.9711565783793,-1.018546465234973,True,True,True,True,True,True,True
10,5,5,200.0124228649369,0.9938865441662635,0.9779332714842266,1.007545730025653,4.7585892148968965,0.09974693186515075,9.877192788822182,1.0356960915916107,48.244807324897835,3.0142295651676316,0.20398228689206083,4.862750863512709,11.502657431303673,312.9711565783793,-1.2280721117781823,True,True,True,True,True,True,True
10,6,1,200.0124228649369,0.9938865441662635,0.9779332714842266,1.007545730025653,4.7585892148968965,0.09948438262908402,9.915271366307854,0.9985899676632196,48.82273955924539,3.0180998243563986,0.19704754876666064,4.927899134165076,11.502657431303673,312.9711565783793,-0.84728633692146,True,True,True,True,True,True,True
10,6,2,200.0124228649369,0.9938865441662635,0.9779332714842266,1.007545730025653,4.7585892148968965,0.09964552802193856,9.91771825463987,0.9985899676632196,48.82273955924539,3.0180998243563986,0.19704754876666064,4.927899134165076,11.502657431303673,312.9711565783793,-0.8228174536012923,True,True,True,True,True,True,True
10,6,3,200.0124228649369,0.9938865441662635,0.9779332714842266,1.007545730025653,4.7585892148968965,0.09997206928484932,9.899167625569051,0.9985899676632196,48.82273955924539,3.0180998243563986,0.19704754876666064,4.927899134165076,11.502657431303673,312.9711565783793,-1.0083237443094895,True,True,True,True,True,True,True
10,6,4,200.0124228649369,0.9938865441662635,0.9779332714842266,1.007545730025653,4.7585892148968965,0.10014578032371407,9.90043456258954,0.9985899676632196,48.82273955924539,3.0180998243563986,0.19704754876666064,4.927899134165076,11.502657431303673,312.9711565783793,-0.9956543741045997,True,True,True,True,True,True,True
10,6,5,200.0124228649369,0.9938865441662635,0.9779332714842266,1.007545730025653,4.7585892148968965,0.09969223961303977,9.896232253329856,0.9985899676632196,48.82273955924539,3.0180998243563986,0.19704754876666064,4.927899134165076,11.502657431303673,312.9711565783793,-1.0376774667014388,True,True,True,True,True,True,True
10,7,1,200.0124228649369,0.9938865441662635,0.9779332714842266,1.007545730025653,4.7585892148968965,0.10016721992318102,9.862217079372519,1.0372523796758324,50.271289781626535,3.0260927919794685,0.20501638092155886,4.461096521790576,11.502657431303673,312.9711565783793,-1.3778292062748143,True,True,True,True,True,True,True
10,7,2,200.0124228649369,0.9938865441662635,0.9779332714842266,1.007545730025653,4.7585892148968965,0.10033105526509735,9.84967329358334,1.0372523796758324,50.271289781626535,3.0260927919794685,0.20501638092155886,4.461096521790576,11.502657431303673,312.9711565783793,-1.5032670641666002,True,True,True,True,True,True,True
10,7,3,200.0124228649369,0.9938865441662635,0.9779332714842266,1.007545730025653,4.7585892148968965,0.10020451383630452,9.845538271769868,1.0372523796758324,50.271289781626535,3.0260927919794685,0.20501638092155886,4.461096521790576,11.502657431303673,312.9711565783793,-1.5446172823013171,True,True,True,True,True,True,True
10,7,4,200.0124228649369,0.9938865441662635,0.9779332714842266,1.007545730025653,4.7585892148968965,0.10015506449265812,9.859041235959145,1.0372523796758324,50.271289781626535,3.0260927919794685,0.20501638092155886,4.461096521790576,11.502657431303673,312.9711565783793,-1.4095876404085494,True,True,True,True,True,True,True
10,7,5,200.0124228649369,0.9938865441662635,0.9779332714842266,1.007545730025653,4.7585892148968965,0.10024475395694879,9.873631998868264,1.0372523796758324,50.271289781626535,3.0260927919794685,0.20501638092155886,4.461096521790576,11.502657431303673,312.9711565783793,-1.2636800113173585,True,True,True,True,True,True,True
10,8,1,200.0124228649369,0.9938865441662635,0.9779332714842266,1.007545730025653,4.7585892148968965,0.10067468351940395,9.943783346357028,1.0064371622669095,48.3471523035502,3.0260735310000464,0.20157195035226985,4.708191878468509,11.502657431303673,312.9711565783793,-0.5621665364297179,True,True,True,True,True,True,True
10,8,2,200.0124228649369,0.9938865441662635,0.9779332714842266,1.007545730025653,4.7585892148968965,0.10105019003512856,9.947151719250693,1.0064371622669095,48.3471523035502,3.0260735310000464,0.20157195035226985,4.708191878468509,11.502657431303673,312.9711565783793,-0.5284828074930736,True,True,True,True,True,True,True
10,8,3,200.0124228649369,0.9938865441662635,0.9779332714842266,1.007545730025653,4.7585892148968965,0.10064011516763288,9.976006598675477,1.0064371622669095,48.3471523035502,3.0260735310000464,0.20157195035226985,4.708191878468509,11.502657431303673,312.9711565783793,-0.23993401324522876,True,True,True,True,True,True,True
10,8,4,200.0124228649369,0.9938865441662635,0.9779332714842266,1.007545730025653,4.7585892148968965,0.10031645866248885,9.927498729626627,1.0064371622669095,48.3471523035502,3.0260735310000464,0.20157195035226985,4.708191878468509,11.502657431303673,312.9711565783793,-0.7250127037337251,True,True,True,True,True,True,True
10,8,5,200.0124228649369,0.9938865441662635,0.9779332714842266,1.007545730025653,4.7585892148968965,0.1009753485636035,9.974191668027814,1.0064371622669095,48.3471523035502,3.0260735310000464,0.20157195035226985,4.708191878468509,11.502657431303673,312.9711565783793,-0.2580833197218624,True,True,True,True,True,True,True
10,9,1,200.0124228649369,0.9938865441662635,0.9779332714842266,1.007545730025653,4.7585892148968965,0.09914333205844454,9.9090369789862,1.013323202213785,50.65800870449917,3.0092513943814967,0.19818973476374138,4.703897507722008,11.502657431303673,312.9711565783793,-0.9096302101380082,True,True,True,True,True,True,True
10,9,2,200.0124228649369,0.9938865441662635,0.9779332714842266,1.007545730025653,4.7585892148968965,0.0996007889859884,9.90866621088009,1.013323202213785,50.65800870449917,3.0092513943814967,0.19818973476374138,4.703897507722008,11.502657431303673,312.9711565783793,-0.9133378911990953,True,True,True,True,True,True,True
10,9,3,200.0124228649369,0.9938865441662635,0.9779332714842266,1.007545730025653,4.7585892148968965,0.09952993918743738,9.91130755203962,1.013323202213785,50.65800870449917,3.0092513943814967,0.19818973476374138,4.703897507722008,11.502657431303673,312.9711565783793,-0.8869244796037989,True,True,True,True,True,True,True
10,9,4,200.0124228649369,0.9938865441662635,0.9779332714842266,1.007545730025653,4.7585892148968965,0.09968706873036082,9.906921720070654,1.013323202213785,50.65800870449917,3.0092513943814967,0.19818973476374138,4.703897507722008,11.502657431303673,312.9711565783793,-0.9307827992934569,True,True,True,True,True,True,True
10,9,5,200.0124228649369,0.9938865441662635,0.9779332714842266,1.007545730025653,4.7585892148968965,0.0996076525862079,9.920088844653959,1.013323202213785,50.65800870449917,3.0092513943814967,0.19818973476374138,4.703897507722008,11.502657431303673,312.9711565783793,-0.7991115534604099,True,True,True,True,True,True,True
10,10,1,200.0124228649369,0.9938865441662635,0.9779332714842266,1.007545730025653,4.7585892148968965,0.10045432408650394,9.839581755633517,0.9466491552325426,50.11952861524269,3.0175402567237932,0.19833252888965378,4.831739926347722,11.502657431303673,312.9711565783793,-1.6041824436648255,True,True,True,True,True,True,True
10,10,2,200.0124228649369,0.9938865441662635,0.9779332714842266,1.007545730025653,4.7585892148968965,0.10104433919092308,9.872541808060866,0.9466491552325426,50.11952861524269,3.0175402567237932,0.19833252888965378,4.831739926347722,11.502657431303673,312.9711565783793,-1.2745819193913377,True,True,True,True,True,True,True
10,10,3,200.0124228649369,0.9938865441662635,0.9779332714842266,1.007545730025653,4.7585892148968965,0.1009078361249099,9.871007846682051,0.9466491552325426,50.11952861524269,3.0175402567237932,0.19833252888965378,4.831739926347722,11.502657431303673,312.9711565783793,-1.2899215331794878,True,True,True,True,True,True,True
10,10,4,200.0124228649369,0.9938865441662635,0.9779332714842266,1.007545730025653,4.7585892148968965,0.10132626590035897,9.878323012957832,0.9466491552325426,50.11952861524269,3.0175402567237932,0.19833252888965378,4.831739926347722,11.502657431303673,312.9711565783793,-1.216769870421679,True,True,True,True,True,True,True
10,10,5,200.0124228649369,0.9938865441662635,0.9779332714842266,1.007545730025653,4.7585892148968965,0.10096822570994025,9.87565302354857,0.9466491552325426,50.11952861524269,3.0175402567237932,0.19833252888965378,4.831739926347722,11.502657431303673,312.9711565783793,-1.2434697645142911,True,True,True,True,True,True,True
11,1,1,196.8384659185784,1.0230770862411138,1.0183259299932639,1.0096683761797598,4.912035757263249,0.10116618838969386,10.021533997005266,1.142065148838382,47.45963312364713,2.9977011058677374,0.20669660280637736,5.3260581848483906,11.852065820699522,303.7445163114631,0.215339970052657,True,True,True,True,True,True,True
11,1,2,196.8384659185784,1.0230770862411138,1.0183259299932639,1.0096683761797598,4.912035757263249,0.10160607082683328,10.035257151067471,1.142065148838382,47.45963312364713,2.9977011058677374,0.20669660280637736,5.3260581848483906,11.852065820699522,303.7445163114631,0.3525715106747107,True,True,True,True,True,True,True
11,1,3,196.8384659185784,1.0230770862411138,1.0183259299932639,1.0096683761797598,4.912035757263249,0.10094929559359338,10.012552374303631,1.142065148838382,47.45963312364713,2.9977011058677374,0.20669660280637736,5.3260581848483906,11.852065820699522,303.7445163114631,0.12552374303631098,True,True,True,True,True,True,True
11,1,4,196.8384659185784,1.0230770862411138,1.0183259299932639,1.0096683761797598,4.912035757263249,0.10135219318609899,10.004418601184886,1.142065148838382,47.45963312364713,2.9977011058677374,0.20669660280637736,5.3260581848483906,11.852065820699522,303.7445163114631,0.044186011848861284,True,True,True,True,True,True,True
11,1,5,196.8384659185784,1.0230770862411138,1.0183259299932639,1.0096683761797598,4.912035757263249,0.10122701958551764,10.01825833782493,1.142065148838382,47.45963312364713,2.9977011058677374,0.20669660280637736,5.3260581848483906,11.852065820699522,303.7445163114631,0.18258337824930138,True,True,True,True,True,True,True
11,2,1,196.8384659185784,1.0230770862411138,1.0183259299932639,1.0096683761797598,4.912035757263249,0.10081058043319152,10.086268069019242,1.1316437605062277,47.07233231956441,2.99996375280732,0.20889810471347858,4.8895238172256,11.852065820699522,303.7445163114631,0.8626806901924234,True,True,True,True,True,True,True
11,2,2,196.8384659185784,1.0230770862411138,1.0183259299932639,1.0096683761797598,4.912035757263249,0.10007836879655004,10.094773377713043,1.1316437605062277,47.07233231956441,2.99996375280732,0.20889810471347858,4.8895238172256,11.852065820699522,303.7445163114631,0.9477337771304306,True,True,True,True,True,True,True
11,2,3,196.8384659185784,1.0230770862411138,1.0183259299932639,1.0096683761797598,4.912035757263249,0.10017207422714451,10.098741934094527,1.1316437605062277,47.07233231956441,2.99996375280732,0.20889810471347858,4.8895238172256,11.852065820699522,303.7445163114631,0.987419340945266,True,True,True,True,True,True,True
11,2,4,196.8384659185784,1.0230770862411138,1.0183259299932639,1.0096683761797598,4.912035757263249,0.10080468706582768,10.11019620070588,1.1316437605062277,47.07233231956441,2.99996375280732,0.20889810471347858,4.8895238172256,11.852065820699522,303.7445163114631,1.1019620070588054,True,True,True,True,True,True,True
11,2,5,196.8384659185784,1.0230770862411138,1.0183259299932639,1.0096683761797598,4.912035757263249,0.10054462726690623,10.09320721859066,1.1316437605062277,47.07233231956441,2.99996375280732,0.20889810471347858,4.8895238172256,11.852065820699522,303.7445163114631,0.9320721859065983,True,True,True,True,True,True,True
11,3,1,196.8384659185784,1.0230770862411138,1.0183259299932639,1.0096683761797598,4.912035757263249,0.10123416892778382,10.04450073355955,1.113581954740065,47.60724009795602,3.000962853064435,0.20578730088085778,4.904758974336489,11.852065820699522,303.7445163114631,0.44500733559550193,True,True,True,True,True,True,True
11,3,2,196.8384659185784,1.0230770862411138,1.0183259299932639,1.0096683761797598,4.912035757263249,0.10177245938832633,10.034930818946446,1.113581954740065,47.60724009795602,3.000962853064435,0.20578730088085778,4.904758974336489,11.852065820699522,303.7445163114631,0.34930818946445896,True,True,True,True,True,True,True
11,3,3,196.8384659185784,1.0230770862411138,1.0183259299932639,1.0096683761797598,4.912035757263249,0.10198110943466276,10.089831618614289,1.113581954740065,47.60724009795602,3.000962853064435,0.20578730088085778,4.904758974336489,11.852065820699522,303.7445163114631,0.898316186142889,True,True,True,True,True,True,True
11,3,4,196.8384659185784,1.0230770862411138,1.0183259299932639,1.0096683761797598,4.912035757263249,0.10177096715308853,10.037984456497627,1.113581954740065,47.60724009795602,3.000962853064435,0.20578730088085778,4.904758974336489,11.852065820699522,303.7445163114631,0.3798445649762705,True,True,True,True,True,True,True
11,3,5,196.8384659185784,1.0230770862411138,1.0183259299932639,1.0096683761797598,4.912035757263249,0.10141646775740007,10.08399321607978,1.113581954740065,47.60724009795602,3.000962853064435,0.20578730088085778,4.904758974336489,11.852065820699522,303.7445163114631,0.8399321607977939,True,True,True,True,True,True,True
11,4,1,196.8384659185784,1.0230770862411138,1.0183259299932639,1.0096683761797598,4.912035757263249,0.09916942319134335,10.08738494540159,1.132707384863226,46.308110497881415,2.9976013563213955,0.2027891117448679,5.137899991203558,11.852065820699522,303.7445163114631,0.8738494540159004,True,True,True,True,True,True,True
11,4,2,196.8384659185784,1.0230770862411138,1.0183259299932639,1.0096683761797598,4.912035757263249,0.09875757023709292,10.054730283868151,1.132707384863226,46.308110497881415,2.9976013563213955,0.2027891117448679,5.137899991203558,11.852065820699522,303.7445163114631,0.5473028386815137,True,True,True,True,True,True,True
11,4,3,196.8384659185784,1.0230770862411138,1.0183259299932639,1.0096683761797598,4.912035757263249,0.09922989896957342,10.06788181279441,1.132707384863226,46.308110497881415,2.9976013563213955,0.2027891117448679,5.137899991203558,11.852065820699522,303.7445163114631,0.6788181279440941,True,True,True,True,True,True,True
11,4,4,196.8384659185784,1.0230770862411138,1.0183259299932639,1.0096683761797598,4.912035757263249,0.09954028277675156,10.048474166867392,1.132707384863226,46.308110497881415,2.9976013563213955,0.2027891117448679,5.137899991203558,11.852065820699522,303.7445163114631,0.4847416686739159,True,True,True,True,True,True,True
11,4,5,196.8384659185784,1.0230770862411138,1.0183259299932639,1.0096683761797598,4.912035757263249,0.09908165636226433,10.065108661612689,1.132707384863226,46.308110497881415,2.9976013563213955,0.2027891117448679,5.137899991203558,11.852065820699522,303.7445163114631,0.6510866161268858,True,True,True,True,True,True,True
11,5,1,196.8384659185784,1.0230770862411138,1.0183259299932639,1.0096683761797598,4.912035757263249,0.10172678426909572,10.054312016356134,1.1427934081365836,47.24164416581764,2.9996987063241622,0.20398998464227436,5.035216223260389,11.852065820699522,303.7445163114631,0.543120163561337,True,True,True,True,True,True,True
11,5,2,196.8384659185784,1.0230770862411138,1.0183259299932639,1.0096683761797598,4.912035757263249,0.10163360518525201,10.058656570234659,1.1427934081365836,47.24164416581764,2.9996987063241622,0.20398998464227436,5.035216223260389,11.852065820699522,303.7445163114631,0.5865657023465864,True,True,True,True,True,True,True
11,5,3,196.8384659185784,1.0230770862411138,1.0183259299932639,1.0096683761797598,4.912035757263249,0.10203329285310472,10.05977781619062,1.1427934081365836,47.24164416581764,2.9996987063241622,0.20398998464227436,5.035216223260389,11.852065820699522,303.7445163114631,0.597778161906195,True,True,True,True,True,True,True
11,5,4,196.8384659185784,1.0230770862411138,1.0183259299932639,1.0096683761797598,4.912035757263249,0.10222482693269838,10.008105336789992,1.1427934081365836,47.24164416581764,2.9996987063241622,0.20398998464227436,5.035216223260389,11.852065820699522,303.7445163114631,0.08105336789991924,True,True,True,True,True,True,True
11,5,5,196.8384659185784,1.0230770862411138,1.0183259299932639,1.0096683761797598,4.912035757263249,0.10168292051397851,10.006138051905774,1.1427934081365836,47.24164416581764,2.9996987063241622,0.20398998464227436,5.035216223260389,11.852065820699522,303.7445163114631,0.06138051905773878,True,True,True,True,True,True,True
11,6,1,196.8384659185784,1.0230770862411138,1.0183259299932639,1.0096683761797598,4.912035757263249,0.10039914361116696,10.09897979837639,1.0807197203498407,46.27793316559946,3.001737709963441,0.20170820691978864,5.255799565106668,11.852065820699522,303.7445163114631,0.989797983763907,True,True,True,True,True,True,True
11,6,2,196.8384659185784,1.0230770862411138,1.0183259299932639,1.0096683761797598,4.912035757263249,0.10045169490796921,10.090980548687861,1.0807197203498407,46.27793316559946,3.001737709963441,0.20170820691978864,5.255799565106668,11.852065820699522,303.7445163114631,0.9098054868786143,True,True,True,True,True,True,True
11,6,3,196.8384659185784,1.0230770862411138,1.0183259299932639,1.0096683761797598,4.912035757263249,0.10097659055322855,10.112937650720921,1.0807197203498407,46.27793316559946,3.001737709963441,0.20170820691978864,5.255799565106668,11.852065820699522,303.7445163114631,1.1293765072092121,True,True,True,True,True,True,True
11,6,4,196.8384659185784,1.0230770862411138,1.0183259299932639,1.0096683761797598,4.912035757263249,0.1006357845747439,10.073769766823771,1.0807197203498407,46.27793316559946,3.001737709963441,0.20170820691978864,5.255799565106668,11.852065820699522,303.7445163114631,0.7376976682377112,True,True,True,True,True,True,True
11,6,5,196.8384659185784,1.0230770862411138,1.0183259299932639,1.0096683761797598,4.912035757263249,0.1011449152008375,10.086737557144827,1.0807197203498407,46.27793316559946,3.001737709963441,0.20170820691978864,5.255799565106668,11.852065820699522,303.7445163114631,0.8673755714482746,True,True,True,True,True,True,True
11,7,1,196.8384659185784,1.0230770862411138,1.0183259299932639,1.0096683761797598,4.912035757263249,0.10192570020904211,10.029486965236861,1.1237064576384188,46.20973582093604,2.9932168103117913,0.2050678639891292,4.772317836645655,11.852065820699522,303.7445163114631,0.2948696523686145,True,True,True,True,True,True,True
11,7,2,196.8384659185784,1.0230770862411138,1.0183259299932639,1.0096683761797598,4.912035757263249,0.10218017193299521,9.995263304384888,1.1237064576384188,46.20973582093604,2.9932168103117913,0.2050678639891292,4.772317836645655,11.852065820699522,303.7445163114631,-0.04736695615111586,True,True,True,True,True,True,True
11,7,3,196.8384659185784,1.0230770862411138,1.0183259299932639,1.0096683761797598,4.912035757263249,0.10206842661382941,10.000941844289446,1.1237064576384188,46.20973582093604,2.9932168103117913,0.2050678639891292,4.772317836645655,11.852065820699522,303.7445163114631,0.009418442894464363,True,True,True,True,True,True,True
11,7,4,196.8384659185784,1.0230770862411138,1.0183259299932639,1.0096683761797598,4.912035757263249,0.10203271005264192,10.014385762748887,1.1237064576384188,46.20973582093604,2.9932168103117913,0.2050678639891292,4.772317836645655,11.852065820699522,303.7445163114631,0.14385762748887032,True,True,True,True,True,True,True
11,7,5,196.8384659185784,1.0230770862411138,1.0183259299932639,1.0096683761797598,4.912035757263249,0.10231099834440052,10.058159239771776,1.1237064576384188,46.20973582093604,2.9932168103117913,0.2050678639891292,4.772317836645655,11.852065820699522,303.7445163114631,0.5815923977177562,True,True,True,True,True,True,True
11,8,1,196.8384659185784,1.0230770862411138,1.0183259299932639,1.0096683761797598,4.912035757263249,0.09941375746143515,10.071925935715592,1.105086405814819,47.58697285725764,2.991480536667273,0.2101969090419885,4.7867847806005726,11.852065820699522,303.7445163114631,0.7192593571559236,True,True,True,True,True,True,True
11,8,2,196.8384659185784,1.0230770862411138,1.0183259299932639,1.0096683761797598,4.912035757263249,0.09939742593187119,10.078737787774122,1.105086405814819,47.58697285725764,2.991480536667273,0.2101969090419885,4.7867847806005726,11.852065820699522,303.7445163114631,0.7873778777412178,True,True,True,True,True,True,True
11,8,3,196.8384659185784,1.0230770862411138,1.0183259299932639,1.0096683761797598,4.912035757263249,0.09951873392589441,10.072159793112775,1.105086405814819,47.58697285725764,2.991480536667273,0.2101969090419885,4.7867847806005726,11.852065820699522,303.7445163114631,0.7215979311277465,True,True,True,True,True,True,True
11,8,4,196.8384659185784,1.0230770862411138,1.0183259299932639,1.0096683761797598,4.912035757263249,0.09973510111397695,10.065154366108844,1.105086405814819,47.58697285725764,2.991480536667273,0.2101969090419885,4.7867847806005726,11.852065820699522,303.7445163114631,0.6515436610884429,True,True,True,True,True,True,True
11,8,5,196.8384659185784,1.0230770862411138,1.0183259299932639,1.0096683761797598,4.912035757263249,0.09956298876985185,10.079857275465612,1.105086405814819,47.58697285725764,2.991480536667273,0.2101969090419885,4.7867847806005726,11.852065820699522,303.7445163114631,0.7985727546561173,True,True,True,True,True,True,True
11,9,1,196.8384659185784,1.0230770862411138,1.0183259299932639,1.0096683761797598,4.912035757263249,0.10107997546654622,10.067452061600886,1.1176302725095015,47.06497293949019,2.9971266313812785,0.2125624805603471,4.759094795201737,11.852065820699522,303.7445163114631,0.6745206160088557,True,True,True,True,True,True,True
11,9,2,196.8384659185784,1.0230770862411138,1.0183259299932639,1.0096683761797598,4.912035757263249,0.10212045166320026,10.05911702139254,1.1176302725095015,47.06497293949019,2.9971266313812785,0.2125624805603471,4.759094795201737,11.852065820699522,303.7445163114631,0.5911702139253983,True,True,True,True,True,True,True
11,9,3,196.8384659185784,1.0230770862411138,1.0183259299932639,1.0096683761797598,4.912035757263249,0.10169911433847958,10.063210683850171,1.1176302725095015,47.06497293949019,2.9971266313812785,0.2125624805603471,4.759094795201737,11.852065820699522,303.7445163114631,0.6321068385017092,True,True,True,True,True,True,True
11,9,4,196.8384659185784,1.0230770862411138,1.0183259299932639,1.0096683761797598,4.912035757263249,0.10165724097506422,10.047386040260275,1.1176302725095015,47.06497293949019,2.9971266313812785,0.2125624805603471,4.759094795201737,11.852065820699522,303.7445163114631,0.47386040260274603,True,True,True,True,True,True,True
11,9,5,196.8384659185784,1.0230770862411138,1.0183259299932639,1.0096683761797598,4.912035757263249,0.10141213383253823,10.052037670400292,1.1176302725095015,47.06497293949019,2.9971266313812785,0.2125624805603471,4.759094795201737,11.852065820699522,303.7445163114631,0.5203767040029206,True,True,True,True,True,True,True
11,10,1,196.8384659185784,1.0230770862411138,1.0183259299932639,1.0096683761797598,4.912035757263249,0.1014589476668214,10.063582027065245,1.1016887877680077,46.56538840663145,2.989801964043877,0.20864489558970126,5.13839582906102,11.852065820699522,303.7445163114631,0.6358202706524452,True,True,True,True,True,True,True
11,10,2,196.8384659185784,1.0230770862411138,1.0183259299932639,1.0096683761797598,4.912035757263249,0.10128699980021252,10.06141217500401,1.1016887877680077,46.56538840663145,2.989801964043877,0.20864489558970126,5.13839582906102,11.852065820699522,303.7445163114631,0.6141217500401019,True,True,True,True,True,True,True
11,10,3,196.8384659185784,1.0230770862411138,1.0183259299932639,1.0096683761797598,4.912035757263249,0.10114193451317734,10.064671187051507,1.1016887877680077,46.56538840663145,2.989801964043877,0.20864489558970126,5.13839582906102,11.852065820699522,303.7445163114631,0.6467118705150732,True,True,True,True,True,True,True
11,10,4,196.8384659185784,1.0230770862411138,1.0183259299932639,1.0096683761797598,4.912035757263249,0.10183364230374037,10.052076070939394,1.1016887877680077,46.56538840663145,2.989801964043877,0.20864489558970126,5.13839582906102,11.852065820699522,303.7445163114631,0.5207607093939437,True,True,True,True,True,True,True
11,10,5,196.8384659185784,1.0230770862411138,1.0183259299932639,1.0096683761797598,4.912035757263249,0.10096963320566667,10.053266242242733,1.1016887877680077,46.56538840663145,2.989801964043877,0.20864489558970126,5.13839582906102,11.852065820699522,303.7445163114631,0.5326624224273324,True,True,True,True,True,True,True
12,1,1,200.65101473517515,1.0075556324588502,0.9789281267858451,1.016840173818456,4.990580542464917,0.09850002054048997,10.131243436736524,1.0492115534745714,45.546073908134275,3.029566994800401,0.2080177825856339,4.997834976557345,11.976929385534136,300.57787635853634,1.3124343673652383,True,True,True,True,True,True,True
12,1,2,200.65101473517515,1.0075556324588502,0.9789281267858451,1.016840173818456,4.990580542464917,0.09806099928861989,10.14220101460088,1.0492115534745714,45.546073908134275,3.029566994800401,0.2080177825856339,4.997834976557345,11.976929385534136,300.57787635853634,1.4220101460088053,True,True,True,True,True,True,True
12,1,3,200.65101473517515,1.0075556324588502,0.9789281267858451,1.016840173818456,4.990580542464917,0.09863058759788307,10.120869526122199,1.0492115534745714,45.546073908134275,3.029566994800401,0.2080177825856339,4.997834976557345,11.976929385534136,300.57787635853634,1.2086952612219903,True,True,True,True,True,True,True
12,1,4,200.65101473517515,1.0075556324588502,0.9789281267858451,1.016840173818456,4.990580542464917,0.09852266474232851,10.103675539564282,1.0492115534745714,45.546073908134275,3.029566994800401,0.2080177825856339,4.997834976557345,11.976929385534136,300.57787635853634,1.036755395642821,True,True,True,True,True,True,True
12,1,5,200.65101473517515,1.0075556324588502,0.9789281267858451,1.016840173818456,4.990580542464917,0.09885351556630412,10.135989012479113,1.0492115534745714,45.546073908134275,3.029566994800401,0.2080177825856339,4.997834976557345,11.976929385534136,300.57787635853634,1.3598901247911321,True,True,True,True,True,True,True
12,2,1,200.65101473517515,1.0075556324588502,0.9789281267858451,1.016840173818456,4.990580542464917,0.09894956858134546,10.065132945105583,1.0381466304905587,46.3201221776424,3.030341925258466,0.2052003065346882,5.194009699310576,11.976929385534136,300.57787635853634,0.6513294510558332,True,True,True,True,True,True,True
12,2,2,200.65101473517515,1.0075556324588502,0.9789281267858451,1.016840173818456,4.990580542464917,0.09905920197611505,10.094108423478566,1.0381466304905587,46.3201221776424,3.030341925258466,0.2052003065346882,5.194009699310576,11.976929385534136,300.57787635853634,0.9410842347856629,True,True,True,True,True,True,True
12,2,3,200.65101473517515,1.0075556324588502,0.9789281267858451,1.016840173818456,4.990580542464917,0.09863215893338476,10.109134992777605,1.0381466304905587,46.3201221776424,3.030341925258466,0.2052003065346882,5.194009699310576,11.976929385534136,300.57787635853634,1.0913499277760508,True,True,True,True,True,True,True
12,2,4,200.65101473517515,1.0075556324588502,0.9789281267858451,1.016840173818456,4.990580542464917,0.09856289019602942,10.059304829037307,1.0381466304905587,46.3201221776424,3.030341925258466,0.2052003065346882,5.194009699310576,11.976929385534136,300.57787635853634,0.5930482903730727,True,True,True,True,True,True,True
12,2,5,200.65101473517515,1.0075556324588502,0.9789281267858451,1.016840173818456,4.990580542464917,0.09901056760885876,10.090143940377837,1.0381466304905587,46.3201221776424,3.030341925258466,0.2052003065346882,5.194009699310576,11.976929385534136,300.57787635853634,0.9014394037783724,True,True,True,True,True,True,True
12,3,1,200.65101473517515,1.0075556324588502,0.9789281267858451,1.016840173818456,4.990580542464917,0.09728737978722206,10.107032117116484,1.073060064527564,44.98166924650572,3.03245249051575,0.21516028895308154,5.0681174439365595,11.976929385534136,300.57787635853634,1.0703211711648386,True,True,True,True,True,True,True
12,3,2,200.65101473517515,1.0075556324588502,0.9789281267858451,1.016840173818456,4.990580542464917,0.09725442190898166,10.070779760437807,1.073060064527564,44.98166924650572,3.03245249051575,0.21516028895308154,5.0681174439365595,11.976929385534136,300.57787635853634,0.7077976043780687,True,True,True,True,True,True,True
12,3,3,200.65101473517515,1.0075556324588502,0.9789281267858451,1.016840173818456,4.990580542464917,0.09700113634496622,10.081645192164292,1.073060064527564,44.98166924650572,3.03245249051575,0.21516028895308154,5.0681174439365595,11.976929385534136,300.57787635853634,0.8164519216429156,True,True,True,True,True,True,True
12,3,4,200.65101473517515,1.0075556324588502,0.9789281267858451,1.016840173818456,4.990580542464917,0.09751709647329845,10.124288705325228,1.073060064527564,44.98166924650572,3.03245249051575,0.21516028895308154,5.0681174439365595,11.976929385534136,300.57787635853634,1.242887053252275,True,True,True,True,True,True,True
12,3,5,200.65101473517515,1.0075556324588502,0.9789281267858451,1.016840173818456,4.990580542464917,0.09734253100833186,10.103950845064023,1.073060064527564,44.98166924650572,3.03245249051575,0.21516028895308154,5.0681174439365595,11.976929385534136,300.57787635853634,1.0395084506402341,True,True,True,True,True,True,True
12,4,1,200.65101473517515,1.0075556324588502,0.9789281267858451,1.016840173818456,4.990580542464917,0.09902677533264799,10.059934436825587,1.049083932166836,46.737067962180994,3.0256777211146404,0.2055615150114658,4.713806010257245,11.976929385534136,300.57787635853634,0.5993443682558741,True,True,True,True,True,True,True
12,4,2,200.65101473517515,1.0075556324588502,0.9789281267858451,1.016840173818456,4.990580542464917,0.09871940489195527,10.090722341325357,1.049083932166836,46.737067962180994,3.0256777211146404,0.2055615150114658,4.713806010257245,11.976929385534136,300.57787635853634,0.9072234132535684,True,True,True,True,True,True,True
12,4,3,200.65101473517515,1.0075556324588502,0.9789281267858451,1.016840173818456,4.990580542464917,0.09912136967186505,10.089345504921022,1.049083932166836,46.737067962180994,3.0256777211146404,0.2055615150114658,4.713806010257245,11.976929385534136,300.57787635853634,0.8934550492102211,True,True,True,True,True,True,True
12,4,4,200.65101473517515,1.0075556324588502,0.9789281267858451,1.016840173818456,4.990580542464917,0.09883070650512406,10.057236523201896,1.049083932166836,46.737067962180994,3.0256777211146404,0.2055615150114658,4.713806010257245,11.976929385534136,300.57787635853634,0.5723652320189565,True,True,True,True,True,True,True
12,4,5,200.65101473517515,1.0075556324588502,0.9789281267858451,1.016840173818456,4.990580542464917,0.09922136152178662,10.096031133090435,1.049083932166836,46.737067962180994,3.0256777211146404,0.2055615150114658,4.713806010257245,11.976929385534136,300.57787635853634,0.9603113309043464,True,True,True,True,True,True,True
12,5,1,200.65101473517515,1.0075556324588502,0.9789281267858451,1.016840173818456,4.990580542464917,0.09851889298951909,10.067222843893761,1.0807262624885066,46.98344698314716,3.026181313668796,0.20518404474368906,4.869161382703181,11.976929385534136,300.57787635853634,0.6722284389376121,True,True,True,True,True,True,True
12,5,2,200.65101473517515,1.0075556324588502,0.9789281267858451,1.016840173818456,4.990580542464917,0.09849992394151257,10.069661189408762,1.0807262624885066,46.98344698314716,3.026181313668796,0.20518404474368906,4.869161382703181,11.976929385534136,300.57787635853634,0.6966118940876243,True,True,True,True,True,True,True
12,5,3,200.65101473517515,1.0075556324588502,0.9789281267858451,1.016840173818456,4.990580542464917,0.09848873955746354,10.072518677359309,1.0807262624885066,46.98344698314716,3.026181313668796,0.20518404474368906,4.869161382703181,11.976929385534136,300.57787635853634,0.7251867735930873,True,True,True,True,True,True,True
12,5,4,200.65101473517515,1.0075556324588502,0.9789281267858451,1.016840173818456,4.990580542464917,0.09872160862868622,10.072004473726794,1.0807262624885066,46.98344698314716,3.026181313668796,0.20518404474368906,4.869161382703181,11.976929385534136,300.57787635853634,0.7200447372679442,True,True,True,True,True,True,True
12,5,5,200.65101473517515,1.0075556324588502,0.9789281267858451,1.016840173818456,4.990580542464917,0.097917918583515,10.048022824803425,1.0807262624885066,46.98344698314716,3.026181313668796,0.20518404474368906,4.869161382703181,11.976929385534136,300.57787635853634,0.4802282480342512,True,True,True,True,True,True,True
12,6,1,200.65101473517515,1.0075556324588502,0.9789281267858451,1.016840173818456,4.990580542464917,0.0982247441978311,10.16315918207811,0.9986194688628087,45.49255452693755,3.030517114065715,0.20574894319026327,4.892594079072421,11.976929385534136,300.57787635853634,1.631591820781093,True,True,True,True,True,True,True
12,6,2,200.65101473517515,1.0075556324588502,0.9789281267858451,1.016840173818456,4.990580542464917,0.09860234628426072,10.129705761061782,0.9986194688628087,45.49255452693755,3.030517114065715,0.20574894319026327,4.892594079072421,11.976929385534136,300.57787635853634,1.29705761061782,True,True,True,True,True,True,True
12,6,3,200.65101473517515,1.0075556324588502,0.9789281267858451,1.016840173818456,4.990580542464917,0.09868783325204845,10.14778778776866,0.9986194688628087,45.49255452693755,3.030517114065715,0.20574894319026327,4.892594079072421,11.976929385534136,300.57787635853634,1.477877877686602,True,True,True,True,True,True,True
12,6,4,200.65101473517515,1.0075556324588502,0.9789281267858451,1.016840173818456,4.990580542464917,0.09859850392795069,10.155710342431732,0.9986194688628087,45.49255452693755,3.030517114065715,0.20574894319026327,4.892594079072421,11.976929385534136,300.57787635853634,1.5571034243173187,True,True,True,True,True,True,True
12,6,5,200.65101473517515,1.0075556324588502,0.9789281267858451,1.016840173818456,4.990580542464917,0.09846116756395172,10.149292772177661,0.9986194688628087,45.49255452693755,3.030517114065715,0.20574894319026327,4.892594079072421,11.976929385534136,300.57787635853634,1.4929277217766135,True,True,True,True,True,True,True
12,7,1,200.65101473517515,1.0075556324588502,0.9789281267858451,1.016840173818456,4.990580542464917,0.09841122536575062,10.098026481782671,1.0565069898022634,46.97891383173902,3.02943347101359,0.2067206246923625,4.8332417440412225,11.976929385534136,300.57787635853634,0.9802648178267148,True,True,True,True,True,True,True
12,7,2,200.65101473517515,1.0075556324588502,0.9789281267858451,1.016840173818456,4.990580542464917,0.09908158829336146,10.099927398655678,1.0565069898022634,46.97891383173902,3.02943347101359,0.2067206246923625,4.8332417440412225,11.976929385534136,300.57787635853634,0.9992739865567835,True,True,True,True,True,True,True
12,7,3,200.65101473517515,1.0075556324588502,0.9789281267858451,1.016840173818456,4.990580542464917,0.09854631740695695,10.089068764736467,1.0565069898022634,46.97891383173902,3.02943347101359,0.2067206246923625,4.8332417440412225,11.976929385534136,300.57787635853634,0.8906876473646719,True,True,True,True,True,True,True
12,7,4,200.65101473517515,1.0075556324588502,0.9789281267858451,1.016840173818456,4.990580542464917,0.09844903127544916,10.113183961334867,1.0565069898022634,46.97891383173902,3.02943347101359,0.2067206246923625,4.8332417440412225,11.976929385534136,300.57787635853634,1.1318396133486708,True,True,True,True,True,True,True
12,7,5,200.65101473517515,1.0075556324588502,0.9789281267858451,1.016840173818456,4.990580542464917,0.0983062189136999,10.132409405330735,1.0565069898022634,46.97891383173902,3.02943347101359,0.2067206246923625,4.8332417440412225,11.976929385534136,300.57787635853634,1.324094053307352,True,True,True,True,True,True,True
12,8,1,200.65101473517515,1.0075556324588502,0.9789281267858451,1.016840173818456,4.990580542464917,0.09759490820231034,10.103478446130286,1.0395083036733936,46.45530793455292,3.0308892629154043,0.20754525818573266,5.246468150442643,11.976929385534136,300.57787635853634,1.0347844613028556,True,True,True,True,True,True,True
12,8,2,200.65101473517515,1.0075556324588502,0.9789281267858451,1.016840173818456,4.990580542464917,0.09781283005609465,10.145903192277213,1.0395083036733936,46.45530793455292,3.0308892629154043,0.20754525818573266,5.246468150442643,11.976929385534136,300.57787635853634,1.4590319227721338,True,True,True,True,True,True,True
12,8,3,200.65101473517515,1.0075556324588502,0.9789281267858451,1.016840173818456,4.990580542464917,0.09748627963258762,10.094012418228646,1.0395083036733936,46.45530793455292,3.0308892629154043,0.20754525818573266,5.246468150442643,11.976929385534136,300.57787635853634,0.9401241822864569,True,True,True,True,True,True,True
12,8,4,200.65101473517515,1.0075556324588502,0.9789281267858451,1.016840173818456,4.990580542464917,0.09797552956801908,10.090629316453853,1.0395083036733936,46.45530793455292,3.0308892629154043,0.20754525818573266,5.246468150442643,11.976929385534136,300.57787635853634,0.9062931645385319,True,True,True,True,True,True,True
12,8,5,200.65101473517515,1.0075556324588502,0.9789281267858451,1.016840173818456,4.990580542464917,0.09773276750395898,10.099394867198319,1.0395083036733936,46.45530793455292,3.0308892629154043,0.20754525818573266,5.246468150442643,11.976929385534136,300.57787635853634,0.9939486719831868,True,True,True,True,True,True,True
12,9,1,200.65101473517515,1.0075556324588502,0.9789281267858451,1.016840173818456,4.990580542464917,0.09912204273615659,10.080924406876179,1.0246517229411718,45.13080173801325,3.0277792291397736,0.20839085153776163,5.061340594048737,11.976929385534136,300.57787635853634,0.8092440687617852,True,True,True,True,True,True,True
12,9,2,200.65101473517515,1.0075556324588502,0.9789281267858451,1.016840173818456,4.990580542464917,0.09876233569009327,10.081917466748124,1.0246517229411718,45.13080173801325,3.0277792291397736,0.20839085153776163,5.061340594048737,11.976929385534136,300.57787635853634,0.819174667481235,True,True,True,True,True,True,True
12,9,3,200.65101473517515,1.0075556324588502,0.9789281267858451,1.016840173818456,4.990580542464917,0.09930914478812479,10.078888111036637,1.0246517229411718,45.13080173801325,3.0277792291397736,0.20839085153776163,5.061340594048737,11.976929385534136,300.57787635853634,0.7888811103663684,True,True,True,True,True,True,True
12,9,4,200.65101473517515,1.0075556324588502,0.9789281267858451,1.016840173818456,4.990580542464917,0.09910029529623283,10.102769205196386,1.0246517229411718,45.13080173801325,3.0277792291397736,0.20839085153776163,5.061340594048737,11.976929385534136,300.57787635853634,1.0276920519638644,True,True,True,True,True,True,True
12,9,5,200.65101473517515,1.0075556324588502,0.9789281267858451,1.016840173818456,4.990580542464917,0.0997625920580008,10.112061842210633,1.0246517229411718,45.13080173801325,3.0277792291397736,0.20839085153776163,5.061340594048737,11.976929385534136,300.57787635853634,1.1206184221063253,True,True,True,True,True,True,True
12,10,1,200.65101473517515,1.0075556324588502,0.9789281267858451,1.016840173818456,4.990580542464917,0.09775841158890333,10.048385705587272,1.0315687932024566,45.35555440177357,3.021269826365847,0.20568901449149585,4.751829291772615,11.976929385534136,300.57787635853634,0.4838570558727185,True,True,True,True,True,True,True
12,10,2,200.65101473517515,1.0075556324588502,0.9789281267858451,1.016840173818456,4.990580542464917,0.09789522062796621,10.050584990240356,1.0315687932024566,45.35555440177357,3.021269826365847,0.20568901449149585,4.751829291772615,11.976929385534136,300.57787635853634,0.5058499024035612,True,True,True,True,True,True,True
12,10,3,200.65101473517515,1.0075556324588502,0.9789281267858451,1.016840173818456,4.990580542464917,0.09763087941142758,10.052422592559441,1.0315687932024566,45.35555440177357,3.021269826365847,0.20568901449149585,4.751829291772615,11.976929385534136,300.57787635853634,0.5242259255944148,True,True,True,True,True,True,True
12,10,4,200.65101473517515,1.0075556324588502,0.9789281267858451,1.016840173818456,4.990580542464917,0.09781323142741938,10.0752933309602,1.0315687932024566,45.35555440177357,3.021269826365847,0.20568901449149585,4.751829291772615,11.976929385534136,300.57787635853634,0.7529333096019997,True,True,True,True,True,True,True
12,10,5,200.65101473517515,1.0075556324588502,0.9789281267858451,1.016840173818456,4.990580542464917,0.09744218936874488,10.015279943183977,1.0315687932024566,45.35555440177357,3.021269826365847,0.20568901449149585,4.751829291772615,11.976929385534136,300.57787635853634,0.1527994318397674,True,True,True,True,True,True,True
13,1,1,197.3892455164583,1.0005200388745392,0.9981729216392,0.9929736145315081,5.2010926112400515,0.10115898883889944,10.06176687192528,0.9190596459914978,46.18917491366029,2.997854406576849,0.20119949381580388,4.08663315848235,12.393331758650811,290.4787889251107,0.6176687192528085,True,True,True,True,True,True,True
13,1,2,197.3892455164583,1.0005200388745392,0.9981729216392,0.9929736145315081,5.2010926112400515,0.10069788511857956,10.048208776533523,0.9190596459914978,46.18917491366029,2.997854406576849,0.20119949381580388,4.08663315848235,12.393331758650811,290.4787889251107,0.48208776533522624,True,True,True,True,True,True,True
13,1,3,197.3892455164583,1.0005200388745392,0.9981729216392,0.9929736145315081,5.2010926112400515,0.10101798545233744,10.059246634424246,0.9190596459914978,46.18917491366029,2.997854406576849,0.20119949381580388,4.08663315848235,12.393331758650811,290.4787889251107,0.5924663442424638,True,True,True,True,True,True,True
13,1,4,197.3892455164583,1.0005200388745392,0.9981729216392,0.9929736145315081,5.2010926112400515,0.10107185002050402,10.046099941599358,0.9190596459914978,46.18917491366029,2.997854406576849,0.20119949381580388,4.08663315848235,12.393331758650811,290.4787889251107,0.46099941599358374,True,True,True,True,True,True,True
13,1,5,197.3892455164583,1.0005200388745392,0.9981729216392,0.9929736145315081,5.2010926112400515,0.10122223791711178,10.067418376088272,0.9190596459914978,46.18917491366029,2.997854406576849,0.20119949381580388,4.08663315848235,12.393331758650811,290.4787889251107,0.6741837608827161,True,True,True,True,True,True,True
13,2,1,197.3892455164583,1.0005200388745392,0.9981729216392,0.9929736145315081,5.2010926112400515,0.09989983470232344,10.113153119452575,0.925931067244607,47.01384302262563,3.000061714643792,0.19978228263769185,3.8298851344018283,12.393331758650811,290.4787889251107,1.1315311945257456,True,True,True,True,True,True,True
13,2,2,197.3892455164583,1.0005200388745392,0.9981729216392,0.9929736145315081,5.2010926112400515,0.09989212833767816,10.113051709264571,0.925931067244607,47.01384302262563,3.000061714643792,0.19978228263769185,3.8298851344018283,12.393331758650811,290.4787889251107,1.1305170926457109,True,True,True,True,True,True,True
13,2,3,197.3892455164583,1.0005200388745392,0.9981729216392,0.9929736145315081,5.2010926112400515,0.10020063090830088,10.095068191615228,0.925931067244607,47.01384302262563,3.000061714643792,0.19978228263769185,3.8298851344018283,12.393331758650811,290.4787889251107,0.9506819161522805,True,True,True,True,True,True,True
13,2,4,197.3892455164583,1.0005200388745392,0.9981729216392,0.9929736145315081,5.2010926112400515,0.10030412599158409,10.114036513265248,0.925931067244607,47.01384302262563,3.000061714643792,0.19978228263769185,3.8298851344018283,12.393331758650811,290.4787889251107,1.1403651326524766,True,True,True,True,True,True,True
13,2,5,197.3892455164583,1.0005200388745392,0.9981729216392,0.9929736145315081,5.2010926112400515,0.10021352825955107,10.144901746093872,0.925931067244607,47.01384302262563,3.000061714643792,0.19978228263769185,3.8298851344018283,12.393331758650811,290.4787889251107,1.4490174609387196,True,True,True,True,True,True,True
13,3,1,197.3892455164583,1.0005200388745392,0.9981729216392,0.9929736145315081,5.2010926112400515,0.09969067329608851,10.07136212898012,0.8869068977485405,48.5853947727803,2.9959346835867877,0.19859823918211633,4.065476027793781,12.393331758650811,290.4787889251107,0.7136212898011962,True,True,True,True,True,True,True
13,3,2,197.3892455164583,1.0005200388745392,0.9981729216392,0.9929736145315081,5.2010926112400515,0.10033023796331653,10.068116987046011,0.8869068977485405,48.5853947727803,2.9959346835867877,0.19859823918211633,4.065476027793781,12.393331758650811,290.4787889251107,0.6811698704601099,True,True,True,True,True,True,True
13,3,3,197.3892455164583,1.0005200388745392,0.9981729216392,0.9929736145315081,5.2010926112400515,0.09954332350271165,10.060547026242128,0.8869068977485405,48.5853947727803,2.9959346835867877,0.19859823918211633,4.065476027793781,12.393331758650811,290.4787889251107,0.6054702624212815,True,True,True,True,True,True,True
13,3,4,197.3892455164583,1.0005200388745392,0.9981729216392,0.9929736145315081,5.2010926112400515,0.10010911432160291,10.086966583314652,0.8869068977485405,48.5853947727803,2.9959346835867877,0.19859823918211633,4.065476027793781,12.393331758650811,290.4787889251107,0.8696658331465202,True,True,True,True,True,True,True
13,3,5,197.3892455164583,1.0005200388745392,0.9981729216392,0.9929736145315081,5.2010926112400515,0.09948677514318342,10.063349384027036,0.8869068977485405,48.5853947727803,2.9959346835867877,0.19859823918211633,4.065476027793781,12.393331758650811,290.4787889251107,0.6334938402703649,True,True,True,True,True,True,True
13,4,1,197.3892455164583,1.0005200388745392,0.9981729216392,0.9929736145315081,5.2010926112400515,0.10042497558997401,10.051181434266002,0.9604842836611462,45.96598335113731,3.000129483078897,0.20375550537620696,3.6839982305755914,12.393331758650811,290.4787889251107,0.5118143426600241,True,True,True,True,True,True,True
13,4,2,197.3892455164583,1.0005200388745392,0.9981729216392,0.9929736145315081,5.2010926112400515,0.10085371570651917,10.040617078096782,0.9604842836611462,45.96598335113731,3.000129483078897,0.20375550537620696,3.6839982305755914,12.393331758650811,290.4787889251107,0.40617078096781606,True,True,True,True,True,True,True
13,4,3,197.3892455164583,1.0005200388745392,0.9981729216392,0.9929736145315081,5.2010926112400515,0.100944988075904,10.051946151829668,0.9604842836611462,45.96598335113731,3.000129483078897,0.20375550537620696,3.6839982305755914,12.393331758650811,290.4787889251107,0.51946151829668,True,True,True,True,True,True,True
13,4,4,197.3892455164583,1.0005200388745392,0.9981729216392,0.9929736145315081,5.2010926112400515,0.10054427698748915,9.999833033576786,0.9604842836611462,45.96598335113731,3.000129483078897,0.20375550537620696,3.6839982305755914,12.393331758650811,290.4787889251107,-0.0016696642321356592,True,True,True,True,True,True,True
13,4,5,197.3892455164583,1.0005200388745392,0.9981729216392,0.9929736145315081,5.2010926112400515,0.10072121679580001,10.037699868588312,0.9604842836611462,45.96598335113731,3.000129483078897,0.20375550537620696,3.6839982305755914,12.393331758650811,290.4787889251107,0.37699868588312313,True,True,True,True,True,True,True
13,5,1,197.3892455164583,1.0005200388745392,0.9981729216392,0.9929736145315081,5.2010926112400515,0.1016443499746876,10.056024126996917,0.9437676730575221,46.7882903834525,2.991320397430852,0.20036362764995783,4.139659665879195,12.393331758650811,290.4787889251107,0.5602412699691683,True,True,True,True,True,True,True
13,5,2,197.3892455164583,1.0005200388745392,0.9981729216392,0.9929736145315081,5.2010926112400515,0.10149302764853989,10.086224107417912,0.9437676730575221,46.7882903834525,2.991320397430852,0.20036362764995783,4.139659665879195,12.393331758650811,290.4787889251107,0.8622410741791242,True,True,True,True,True,True,True
13,5,3,197.3892455164583,1.0005200388745392,0.9981729216392,0.9929736145315081,5.2010926112400515,0.10107154104683759,10.026209539582648,0.9437676730575221,46.7882903834525,2.991320397430852,0.20036362764995783,4.139659665879195,12.393331758650811,290.4787889251107,0.2620953958264849,True,True,True,True,True,True,True
13,5,4,197.3892455164583,1.0005200388745392,0.9981729216392,0.9929736145315081,5.2010926112400515,0.10129100621774262,10.100997379787911,0.9437676730575221,46.7882903834525,2.991320397430852,0.20036362764995783,4.139659665879195,12.393331758650811,290.4787889251107,1.009973797879109,True,True,True,True,True,True,True
13,5,5,197.3892455164583,1.0005200388745392,0.9981729216392,0.9929736145315081,5.2010926112400515,0.10182554177214422,10.042521498777644,0.9437676730575221,46.7882903834525,2.991320397430852,0.20036362764995783,4.139659665879195,12.393331758650811,290.4787889251107,0.42521498777643885,True,True,True,True,True,True,True
13,6,1,197.3892455164583,1.0005200388745392,0.9981729216392,0.9929736145315081,5.2010926112400515,0.10123332490692788,10.073141151594347,0.9338228812212127,47.46112446221913,3.002367128725027,0.20382253633228528,4.442777896454925,12.393331758650811,290.4787889251107,0.7314115159434742,True,True,True,True,True,True,True
13,6,2,197.3892455164583,1.0005200388745392,0.9981729216392,0.9929736145315081,5.2010926112400515,0.1020498709327125,10.065229975211706,0.9338228812212127,47.46112446221913,3.002367128725027,0.20382253633228528,4.442777896454925,12.393331758650811,290.4787889251107,0.6522997521170559,True,True,True,True,True,True,True
13,6,3,197.3892455164583,1.0005200388745392,0.9981729216392,0.9929736145315081,5.2010926112400515,0.10157944520736381,10.076636896667674,0.9338228812212127,47.46112446221913,3.002367128725027,0.20382253633228528,4.442777896454925,12.393331758650811,290.4787889251107,0.7663689666767404,True,True,True,True,True,True,True
13,6,4,197.3892455164583,1.0005200388745392,0.9981729216392,0.9929736145315081,5.2010926112400515,0.1019857494221469,10.076067238644155,0.9338228812212127,47.46112446221913,3.002367128725027,0.20382253633228528,4.442777896454925,12.393331758650811,290.4787889251107,0.7606723864415521,True,True,True,True,True,True,True
13,6,5,197.3892455164583,1.0005200388745392,0.9981729216392,0.9929736145315081,5.2010926112400515,0.10148242618140699,10.097304328761645,0.9338228812212127,47.46112446221913,3.002367128725027,0.20382253633228528,4.442777896454925,12.393331758650811,290.4787889251107,0.9730432876164485,True,True,True,True,True,True,True
13,7,1,197.3892455164583,1.0005200388745392,0.9981729216392,0.9929736145315081,5.2010926112400515,0.10115919342740615,10.035347454342014,0.9108074564634685,46.112544576243366,2.9867387049580856,0.20042597297535286,4.1320029556101945,12.393331758650811,290.4787889251107,0.3534745434201447,True,True,True,True,True,True,True
13,7,2,197.3892455164583,1.0005200388745392,0.9981729216392,0.9929736145315081,5.2010926112400515,0.10096588778890264,10.042978925634264,0.9108074564634685,46.112544576243366,2.9867387049580856,0.20042597297535286,4.1320029556101945,12.393331758650811,290.4787889251107,0.4297892563426409,True,True,True,True,True,True,True
13,7,3,197.3892455164583,1.0005200388745392,0.9981729216392,0.9929736145315081,5.2010926112400515,0.10082650126531538,10.04671551070031,0.9108074564634685,46.112544576243366,2.9867387049580856,0.20042597297535286,4.1320029556101945,12.393331758650811,290.4787889251107,0.4671551070030944,True,True,True,True,True,True,True
13,7,4,197.3892455164583,1.0005200388745392,0.9981729216392,0.9929736145315081,5.2010926112400515,0.10098921446191847,10.046983971332299,0.9108074564634685,46.112544576243366,2.9867387049580856,0.20042597297535286,4.1320029556101945,12.393331758650811,290.4787889251107,0.46983971332299035,True,True,True,True,True,True,True
13,7,5,197.3892455164583,1.0005200388745392,0.9981729216392,0.9929736145315081,5.2010926112400515,0.10072741528477404,10.043620109833636,0.9108074564634685,46.112544576243366,2.9867387049580856,0.20042597297535286,4.1320029556101945,12.393331758650811,290.4787889251107,0.4362010983363617,True,True,True,True,True,True,True
13,8,1,197.3892455164583,1.0005200388745392,0.9981729216392,0.9929736145315081,5.2010926112400515,0.10059636086992932,10.086363753205244,0.937663590532372,49.236951572204646,2.999200097775977,0.202988466075082,4.276703414309219,12.393331758650811,290.4787889251107,0.8636375320524436,True,True,True,True,True,True,True
13,8,2,197.3892455164583,1.0005200388745392,0.9981729216392,0.9929736145315081,5.2010926112400515,0.10074785679020805,10.03314367757547,0.937663590532372,49.236951572204646,2.999200097775977,0.202988466075082,4.276703414309219,12.393331758650811,290.4787889251107,0.3314367757547032,True,True,True,True,True,True,True
13,8,3,197.3892455164583,1.0005200388745392,0.9981729216392,0.9929736145315081,5.2010926112400515,0.10103382711389589,10.035619394224364,0.937663590532372,49.236951572204646,2.999200097775977,0.202988466075082,4.276703414309219,12.393331758650811,290.4787889251107,0.3561939422436389,True,True,True,True,True,True,True
13,8,4,197.3892455164583,1.0005200388745392,0.9981729216392,0.9929736145315081,5.2010926112400515,0.10089274815057511,10.07170138005757,0.937663590532372,49.236951572204646,2.999200097775977,0.202988466075082,4.276703414309219,12.393331758650811,290.4787889251107,0.7170138005757032,True,True,True,True,True,True,True
13,8,5,197.3892455164583,1.0005200388745392,0.9981729216392,0.9929736145315081,5.2010926112400515,0.1001270937026235,10.055516468110447,0.937663590532372,49.236951572204646,2.999200097775977,0.202988466075082,4.276703414309219,12.393331758650811,290.4787889251107,0.5551646811044719,True,True,True,True,True,True,True
13,9,1,197.3892455164583,1.0005200388745392,0.9981729216392,0.9929736145315081,5.2010926112400515,0.10124043020230611,10.078698487789728,0.9107678961799167,47.087226606739726,3.014389261946616,0.20423364803862945,4.242780009580744,12.393331758650811,290.4787889251107,0.7869848778972788,True,True,True,True,True,True,True
13,9,2,197.3892455164583,1.0005200388745392,0.9981729216392,0.9929736145315081,5.2010926112400515,0.10018016316684787,10.06308606081198,0.9107678961799167,47.087226606739726,3.014389261946616,0.20423364803862945,4.242780009580744,12.393331758650811,290.4787889251107,0.6308606081197965,True,True,True,True,True,True,True
13,9,3,197.3892455164583,1.0005200388745392,0.9981729216392,0.9929736145315081,5.2010926112400515,0.1010401122721494,10.063108490880673,0.9107678961799167,47.087226606739726,3.014389261946616,0.20423364803862945,4.242780009580744,12.393331758650811,290.4787889251107,0.6310849088067272,True,True,True,True,True,True,True
13,9,4,197.3892455164583,1.0005200388745392,0.9981729216392,0.9929736145315081,5.2010926112400515,0.10074368177400365,10.051312988367023,0.9107678961799167,47.087226606739726,3.014389261946616,0.20423364803862945,4.242780009580744,12.393331758650811,290.4787889251107,0.5131298836702314,True,True,True,True,True,True,True
13,9,5,197.3892455164583,1.0005200388745392,0.9981729216392,0.9929736145315081,5.2010926112400515,0.10124720033470339,10.05551095480841,0.9107678961799167,47.087226606739726,3.014389261946616,0.20423364803862945,4.242780009580744,12.393331758650811,290.4787889251107,0.5551095480841006,True,True,True,True,True,True,True
13,10,1,197.3892455164583,1.0005200388745392,0.9981729216392,0.9929736145315081,5.2010926112400515,0.10144190388451219,10.082971567227831,0.9441621603582608,46.96531607345484,3.001539863899092,0.19817451765492533,3.715730171412244,12.393331758650811,290.4787889251107,0.8297156722783149,True,True,True,True,True,True,True
13,10,2,197.3892455164583,1.0005200388745392,0.9981729216392,0.9929736145315081,5.2010926112400515,0.10181610755245525,10.098987536421657,0.9441621603582608,46.96531607345484,3.001539863899092,0.19817451765492533,3.715730171412244,12.393331758650811,290.4787889251107,0.9898753642165659,True,True,True,True,True,True,True
13,10,3,197.3892455164583,1.0005200388745392,0.9981729216392,0.9929736145315081,5.2010926112400515,0.10104529972964238,10.104442213191792,0.9441621603582608,46.96531607345484,3.001539863899092,0.19817451765492533,3.715730171412244,12.393331758650811,290.4787889251107,1.0444221319179192,True,True,True,True,True,True,True
13,10,4,197.3892455164583,1.0005200388745392,0.9981729216392,0.9929736145315081,5.2010926112400515,0.10148880709639495,10.075375564100575,0.9441621603582608,46.96531607345484,3.001539863899092,0.19817451765492533,3.715730171412244,12.393331758650811,290.4787889251107,0.7537556410057533,True,True,True,True,True,True,True
13,10,5,197.3892455164583,1.0005200388745392,0.9981729216392,0.9929736145315081,5.2010926112400515,0.10178873656874471,10.118987247976555,0.9441621603582608,46.96531607345484,3.001539863899092,0.19817451765492533,3.715730171412244,12.393331758650811,290.4787889251107,1.1898724797655547,True,True,True,True,True,True,True
14,1,1,201.67909574299756,0.9883663613335213,0.9867520055326732,1.0118336182507486,4.889933873576564,0.09909033970007487,9.982891529869248,1.1192218472552915,49.72624867290567,2.9557469310296476,0.20349340380176162,4.7777335070791,11.77845337093655,305.64284517040545,-0.1710847013075245,True,True,True,True,True,True,True
14,1,2,201.67909574299756,0.9883663613335213,0.9867520055326732,1.0118336182507486,4.889933873576564,0.09990991010198833,10.00211592374442,1.1192218472552915,49.72624867290567,2.9557469310296476,0.20349340380176162,4.7777335070791,11.77845337093655,305.64284517040545,0.0211592374441949,True,True,True,True,True,True,True
14,1,3,201.67909574299756,0.9883663613335213,0.9867520055326732,1.0118336182507486,4.889933873576564,0.098984728033315,9.99142112584951,1.1192218472552915,49.72624867290567,2.9557469310296476,0.20349340380176162,4.7777335070791,11.77845337093655,305.64284517040545,-0.08578874150490634,True,True,True,True,True,True,True
14,1,4,201.67909574299756,0.9883663613335213,0.9867520055326732,1.0118336182507486,4.889933873576564,0.09907501534842995,10.002676696183972,1.1192218472552915,49.72624867290567,2.9557469310296476,0.20349340380176162,4.7777335070791,11.77845337093655,305.64284517040545,0.026766961839719272,True,True,True,True,True,True,True
14,1,5,201.67909574299756,0.9883663613335213,0.9867520055326732,1.0118336182507486,4.889933873576564,0.09930674256543322,9.996723848274986,1.1192218472552915,49.72624867290567,2.9557469310296476,0.20349340380176162,4.7777335070791,11.77845337093655,305.64284517040545,-0.03276151725014387,True,True,True,True,True,True,True
14,2,1,201.67909574299756,0.9883663613335213,0.9867520055326732,1.0118336182507486,4.889933873576564,0.09907955029788691,9.960253598317188,1.1219340404370068,48.291699840734516,2.9663547718124867,0.2037062383412482,4.83282375099217,11.77845337093655,305.64284517040545,-0.39746401682812404,True,True,True,True,True,True,True
14,2,2,201.67909574299756,0.9883663613335213,0.9867520055326732,1.0118336182507486,4.889933873576564,0.09879456857015156,9.943122518199154,1.1219340404370068,48.291699840734516,2.9663547718124867,0.2037062383412482,4.83282375099217,11.77845337093655,305.64284517040545,-0.568774818008464,True,True,True,True,True,True,True
14,2,3,201.67909574299756,0.9883663613335213,0.9867520055326732,1.0118336182507486,4.889933873576564,0.09918244119569039,9.960396368321769,1.1219340404370068,48.291699840734516,2.9663547718124867,0.2037062383412482,4.83282375099217,11.77845337093655,305.64284517040545,-0.3960363167823111,True,True,True,True,True,True,True
14,2,4,201.67909574299756,0.9883663613335213,0.9867520055326732,1.0118336182507486,4.889933873576564,0.09912810299803498,9.920627973192138,1.1219340404370068,48.291699840734516,2.9663547718124867,0.2037062383412482,4.83282375099217,11.77845337093655,305.64284517040545,-0.7937202680786192,True,True,True,True,True,True,True
14,2,5,201.67909574299756,0.9883663613335213,0.9867520055326732,1.0118336182507486,4.889933873576564,0.099761520737517,9.942598419360609,1.1219340404370068,48.291699840734516,2.9663547718124867,0.2037062383412482,4.83282375099217,11.77845337093655,305.64284517040545,-0.5740158063939127,True,True,True,True,True,True,True
14,3,1,201.67909574299756,0.9883663613335213,0.9867520055326732,1.0118336182507486,4.889933873576564,0.09793090672839065,9.905085017059754,1.1607320564229957,50.29267124858493,2.959686340727783,0.20314818900819798,4.765120912581761,11.77845337093655,305.64284517040545,-0.949149829402458,True,True,True,True,True,True,True
14,3,2,201.67909574299756,0.9883663613335213,0.9867520055326732,1.0118336182507486,4.889933873576564,0.09895423200358106,9.935595668750844,1.1607320564229957,50.29267124858493,2.959686340727783,0.20314818900819798,4.765120912581761,11.77845337093655,305.64284517040545,-0.6440433124915579,True,True,True,True,True,True,True
14,3,3,201.67909574299756,0.9883663613335213,0.9867520055326732,1.0118336182507486,4.889933873576564,0.09851954587126287,9.933284718986911,1.1607320564229957,50.29267124858493,2.959686340727783,0.20314818900819798,4.765120912581761,11.77845337093655,305.64284517040545,-0.6671528101308866,True,True,True,True,True,True,True
14,3,4,201.67909574299756,0.9883663613335213,0.9867520055326732,1.0118336182507486,4.889933873576564,0.09912133025372576,9.95668573780205,1.1607320564229957,50.29267124858493,2.959686340727783,0.20314818900819798,4.765120912581761,11.77845337093655,305.64284517040545,-0.43314262197949205,True,True,True,True,True,True,True
14,3,5,201.67909574299756,0.9883663613335213,0.9867520055326732,1.0118336182507486,4.889933873576564,0.09848421381662228,9.931180690158254,1.1607320564229957,50.29267124858493,2.959686340727783,0.20314818900819798,4.765120912581761,11.77845337093655,305.64284517040545,-0.6881930984174645,True,True,True,True,True,True,True
14,4,1,201.67909574299756,0.9883663613335213,0.9867520055326732,1.0118336182507486,4.889933873576564,0.09850751036265254,10.030615707838505,1.1582603992464393,47.91759255875971,2.9639236172569268,0.20431658933442387,4.472280174196136,11.77845337093655,305.64284517040545,0.306157078385052,True,True,True,True,True,True,True
14,4,2,201.67909574299756,0.9883663613335213,0.9867520055326732,1.0118336182507486,4.889933873576564,0.09838566519241985,10.060430158896189,1.1582603992464393,47.91759255875971,2.9639236172569268,0.20431658933442387,4.472280174196136,11.77845337093655,305.64284517040545,0.6043015889618886,True,True,True,True,True,True,True
14,4,3,201.67909574299756,0.9883663613335213,0.9867520055326732,1.0118336182507486,4.889933873576564,0.09859593827326373,10.04648570425855,1.1582603992464393,47.91759255875971,2.9639236172569268,0.20431658933442387,4.472280174196136,11.77845337093655,305.64284517040545,0.4648570425855069,True,True,True,True,True,True,True
14,4,4,201.67909574299756,0.9883663613335213,0.9867520055326732,1.0118336182507486,4.889933873576564,0.09864649380590028,10.03078873766448,1.1582603992464393,47.91759255875971,2.9639236172569268,0.20431658933442387,4.472280174196136,11.77845337093655,305.64284517040545,0.3078873766447998,True,True,True,True,True,True,True
14,4,5,201.67909574299756,0.9883663613335213,0.9867520055326732,1.0118336182507486,4.889933873576564,0.09920567394300153,10.057775208741221,1.1582603992464393,47.91759255875971,2.9639236172569268,0.20431658933442387,4.472280174196136,11.77845337093655,305.64284517040545,0.5777520874122111,True,True,True,True,True,True,True
14,5,1,201.67909574299756,0.9883663613335213,0.9867520055326732,1.0118336182507486,4.889933873576564,0.09915271983579055,9.967156627539225,1.150501943277037,49.755012260033105,2.9607358196545275,0.20383495844583455,4.751149995465588,11.77845337093655,305.64284517040545,-0.32843372460774845,True,True,True,True,True,True,True
14,5,2,201.67909574299756,0.9883663613335213,0.9867520055326732,1.0118336182507486,4.889933873576564,0.09957466163764173,9.980886141375564,1.150501943277037,49.755012260033105,2.9607358196545275,0.20383495844583455,4.751149995465588,11.77845337093655,305.64284517040545,-0.19113858624436375,True,True,True,True,True,True,True
14,5,3,201.67909574299756,0.9883663613335213,0.9867520055326732,1.0118336182507486,4.889933873576564,0.09872316469358584,9.970494570150723,1.150501943277037,49.755012260033105,2.9607358196545275,0.20383495844583455,4.751149995465588,11.77845337093655,305.64284517040545,-0.2950542984927651,True,True,True,True,True,True,True
14,5,4,201.67909574299756,0.9883663613335213,0.9867520055326732,1.0118336182507486,4.889933873576564,0.0988980561121832,9.950854842787772,1.150501943277037,49.755012260033105,2.9607358196545275,0.20383495844583455,4.751149995465588,11.77845337093655,305.64284517040545,-0.49145157212228346,True,True,True,True,True,True,True
14,5,5,201.67909574299756,0.9883663613335213,0.9867520055326732,1.0118336182507486,4.889933873576564,0.09922949680460907,9.959887774293172,1.150501943277037,49.755012260033105,2.9607358196545275,0.20383495844583455,4.751149995465588,11.77845337093655,305.64284517040545,-0.4011222570682804,True,True,True,True,True,True,True
14,6,1,201.67909574299756,0.9883663613335213,0.9867520055326732,1.0118336182507486,4.889933873576564,0.0989501717086857,9.948299706952524,1.104210390580363,48.49540023027297,2.9700237770790268,0.20703028924491626,4.6534894602281245,11.77845337093655,305.64284517040545,-0.5170029304747636,True,True,True,True,True,True,True
14,6,2,201.67909574299756,0.9883663613335213,0.9867520055326732,1.0118336182507486,4.889933873576564,0.09925539222767829,9.960078273880342,1.104210390580363,48.49540023027297,2.9700237770790268,0.20703028924491626,4.6534894602281245,11.77845337093655,305.64284517040545,-0.39921726119658274,True,True,True,True,True,True,True
14,6,3,201.67909574299756,0.9883663613335213,0.9867520055326732,1.0118336182507486,4.889933873576564,0.09909108573235687,9.941630860145116,1.104210390580363,48.49540023027297,2.9700237770790268,0.20703028924491626,4.6534894602281245,11.77845337093655,305.64284517040545,-0.5836913985488401,True,True,True,True,True,True,True
14,6,4,201.67909574299756,0.9883663613335213,0.9867520055326732,1.0118336182507486,4.889933873576564,0.09914365564092378,9.924846388937212,1.104210390580363,48.49540023027297,2.9700237770790268,0.20703028924491626,4.6534894602281245,11.77845337093655,305.64284517040545,-0.7515361106278817,True,True,True,True,True,True,True
14,6,5,201.67909574299756,0.9883663613335213,0.9867520055326732,1.0118336182507486,4.889933873576564,0.09899612091760833,9.966565113239657,1.104210390580363,48.49540023027297,2.9700237770790268,0.20703028924491626,4.6534894602281245,11.77845337093655,305.64284517040545,-0.3343488676034312,True,True,True,True,True,True,True
14,7,1,201.67909574299756,0.9883663613335213,0.9867520055326732,1.0118336182507486,4.889933873576564,0.09935067558646313,10.058040488192622,1.1339561795889226,48.90008334445501,2.9629097670841937,0.20470147997261046,4.670412704318852,11.77845337093655,305.64284517040545,0.5804048819262242,True,True,True,True,True,True,True
14,7,2,201.67909574299756,0.9883663613335213,0.9867520055326732,1.0118336182507486,4.889933873576564,0.0991819495372322,10.045229628177156,1.1339561795889226,48.90008334445501,2.9629097670841937,0.20470147997261046,4.670412704318852,11.77845337093655,305.64284517040545,0.45229628177155584,True,True,True,True,True,True,True
14,7,3,201.67909574299756,0.9883663613335213,0.9867520055326732,1.0118336182507486,4.889933873576564,0.09916714135139858,10.03468938375304,1.1339561795889226,48.90008334445501,2.9629097670841937,0.20470147997261046,4.670412704318852,11.77845337093655,305.64284517040545,0.34689383753040204,True,True,True,True,True,True,True
14,7,4,201.67909574299756,0.9883663613335213,0.9867520055326732,1.0118336182507486,4.889933873576564,0.09926455269640715,10.033781926123758,1.1339561795889226,48.90008334445501,2.9629097670841937,0.20470147997261046,4.670412704318852,11.77845337093655,305.64284517040545,0.3378192612375841,True,True,True,True,True,True,True
14,7,5,201.67909574299756,0.9883663613335213,0.9867520055326732,1.0118336182507486,4.889933873576564,0.0989007295491893,10.078573239916496,1.1339561795889226,48.90008334445501,2.9629097670841937,0.20470147997261046,4.670412704318852,11.77845337093655,305.64284517040545,0.7857323991649601,True,True,True,True,True,True,True
14,8,1,201.67909574299756,0.9883663613335213,0.9867520055326732,1.0118336182507486,4.889933873576564,0.0994797142299278,9.94323092648882,1.1643892211585039,49.48898487814621,2.964655823414786,0.20807045154448922,4.740606890480802,11.77845337093655,305.64284517040545,-0.5676907351118032,True,True,True,True,True,True,True
14,8,2,201.67909574299756,0.9883663613335213,0.9867520055326732,1.0118336182507486,4.889933873576564,0.09931152595210559,9.947756404693642,1.1643892211585039,49.48898487814621,2.964655823414786,0.20807045154448922,4.740606890480802,11.77845337093655,305.64284517040545,-0.522435953063578,True,True,True,True,True,True,True
14,8,3,201.67909574299756,0.9883663613335213,0.9867520055326732,1.0118336182507486,4.889933873576564,0.09911174900500797,9.938579044360276,1.1643892211585039,49.48898487814621,2.964655823414786,0.20807045154448922,4.740606890480802,11.77845337093655,305.64284517040545,-0.6142095563972383,True,True,True,True,True,True,True
14,8,4,201.67909574299756,0.9883663613335213,0.9867520055326732,1.0118336182507486,4.889933873576564,0.0997159174190594,9.916147516984104,1.1643892211585039,49.48898487814621,2.964655823414786,0.20807045154448922,4.740606890480802,11.77845337093655,305.64284517040545,-0.8385248301589598,True,True,True,True,True,True,True
14,8,5,201.67909574299756,0.9883663613335213,0.9867520055326732,1.0118336182507486,4.889933873576564,0.09944535129669242,9.928320636862017,1.1643892211585039,49.48898487814621,2.964655823414786,0.20807045154448922,4.740606890480802,11.77845337093655,305.64284517040545,-0.7167936313798329,True,True,True,True,True,True,True
14,9,1,201.67909574299756,0.9883663613335213,0.9867520055326732,1.0118336182507486,4.889933873576564,0.0991089938942386,10.02124632984453,1.1277624539072968,50.371902108888676,2.966187455792808,0.19991002699743332,4.6104493937109305,11.77845337093655,305.64284517040545,0.2124632984453001,True,True,True,True,True,True,True
14,9,2,201.67909574299756,0.9883663613335213,0.9867520055326732,1.0118336182507486,4.889933873576564,0.09974104761842036,9.967534157735416,1.1277624539072968,50.371902108888676,2.966187455792808,0.19991002699743332,4.6104493937109305,11.77845337093655,305.64284517040545,-0.324658422645836,True,True,True,True,True,True,True
14,9,3,201.67909574299756,0.9883663613335213,0.9867520055326732,1.0118336182507486,4.889933873576564,0.09915212909514975,10.004756840973462,1.1277624539072968,50.371902108888676,2.966187455792808,0.19991002699743332,4.6104493937109305,11.77845337093655,305.64284517040545,0.04756840973461962,True,True,True,True,True,True,True
14,9,4,201.67909574299756,0.9883663613335213,0.9867520055326732,1.0118336182507486,4.889933873576564,0.09949783853173111,9.988958339242275,1.1277624539072968,50.371902108888676,2.966187455792808,0.19991002699743332,4.6104493937109305,11.77845337093655,305.64284517040545,-0.11041660757724614,True,True,True,True,True,True,True
14,9,5,201.67909574299756,0.9883663613335213,0.9867520055326732,1.0118336182507486,4.889933873576564,0.09951760988014839,9.986401254652561,1.1277624539072968,50.371902108888676,2.966187455792808,0.19991002699743332,4.6104493937109305,11.77845337093655,305.64284517040545,-0.1359874534743888,True,True,True,True,True,True,True
14,10,1,201.67909574299756,0.9883663613335213,0.9867520055326732,1.0118336182507486,4.889933873576564,0.10002746251233958,10.0162918037272,1.1317984112898924,48.76094005440679,2.968639456022457,0.2024484179803192,4.348779270237049,11.77845337093655,305.64284517040545,0.16291803727199294,True,True,True,True,True,True,True
14,10,2,201.67909574299756,0.9883663613335213,0.9867520055326732,1.0118336182507486,4.889933873576564,0.09996040952480485,10.014277396255721,1.1317984112898924,48.76094005440679,2.968639456022457,0.2024484179803192,4.348779270237049,11.77845337093655,305.64284517040545,0.14277396255721442,True,True,True,True,True,True,True
14,10,3,201.67909574299756,0.9883663613335213,0.9867520055326732,1.0118336182507486,4.889933873576564,0.1000743358252351,10.002257182582039,1.1317984112898924,48.76094005440679,2.968639456022457,0.2024484179803192,4.348779270237049,11.77845337093655,305.64284517040545,0.022571825820385527,True,True,True,True,True,True,True
14,10,4,201.67909574299756,0.9883663613335213,0.9867520055326732,1.0118336182507486,4.889933873576564,0.09969195694567488,10.006384832000967,1.1317984112898924,48.76094005440679,2.968639456022457,0.2024484179803192,4.348779270237049,11.77845337093655,305.64284517040545,0.06384832000966512,True,True,True,True,True,True,True
14,10,5,201.67909574299756,0.9883663613335213,0.9867520055326732,1.0118336182507486,4.889933873576564,0.10044428292355219,10.00238701027958,1.1317984112898924,48.76094005440679,2.968639456022457,0.2024484179803192,4.348779270237049,11.77845337093655,305.64284517040545,0.02387010279580437,True,True,True,True,True,True,True
15,1,1,197.39753587693184,1.014993643128874,0.9748133435856442,0.9983764999251554,4.956637251484581,0.09636641897516672,10.048545598244154,1.0094416536514983,45.38476455765637,3.018261364875992,0.21152544897319994,5.791331719130705,11.886464346479963,302.8655027317772,0.4854559824415361,True,True,True,True,True,True,True
15,1,2,197.39753587693184,1.014993643128874,0.9748133435856442,0.9983764999251554,4.956637251484581,0.0975912016136357,10.048995142830714,1.0094416536514983,45.38476455765637,3.018261364875992,0.21152544897319994,5.791331719130705,11.886464346479963,302.8655027317772,0.48995142830714045,True,True,True,True,True,True,True
15,1,3,197.39753587693184,1.014993643128874,0.9748133435856442,0.9983764999251554,4.956637251484581,0.09735132799027442,10.051564502545792,1.0094416536514983,45.38476455765637,3.018261364875992,0.21152544897319994,5.791331719130705,11.886464346479963,302.8655027317772,0.5156450254579248,True,True,True,True,True,True,True
15,1,4,197.39753587693184,1.014993643128874,0.9748133435856442,0.9983764999251554,4.956637251484581,0.09688733856864674,10.044680439927191,1.0094416536514983,45.38476455765637,3.018261364875992,0.21152544897319994,5.791331719130705,11.886464346479963,302.8655027317772,0.44680439927191173,True,True,True,True,True,True,True
15,1,5,197.39753587693184,1.014993643128874,0.9748133435856442,0.9983764999251554,4.956637251484581,0.09666455607144656,10.047668264045157,1.0094416536514983,45.38476455765637,3.018261364875992,0.21152544897319994,5.791331719130705,11.886464346479963,302.8655027317772,0.47668264045157116,True,True,True,True,True,True,True
15,2,1,197.39753587693184,1.014993643128874,0.9748133435856442,0.9983764999251554,4.956637251484581,0.098183806341153,10.009024507795777,1.01076722531062,42.71127465672892,3.017433515384383,0.2140891818530713,5.823151026617758,11.886464346479963,302.8655027317772,0.09024507795777126,True,True,True,True,True,True,True
15,2,2,197.39753587693184,1.014993643128874,0.9748133435856442,0.9983764999251554,4.956637251484581,0.09830854979930627,10.00336080091395,1.01076722531062,42.71127465672892,3.017433515384383,0.2140891818530713,5.823151026617758,11.886464346479963,302.8655027317772,0.03360800913949191,True,True,True,True,True,True,True
15,2,3,197.39753587693184,1.014993643128874,0.9748133435856442,0.9983764999251554,4.956637251484581,0.09807275648245656,10.006761941291396,1.01076722531062,42.71127465672892,3.017433515384383,0.2140891818530713,5.823151026617758,11.886464346479963,302.8655027317772,0.06761941291395956,True,True,True,True,True,True,True
15,2,4,197.39753587693184,1.014993643128874,0.9748133435856442,0.9983764999251554,4.956637251484581,0.09853309890392714,9.98961817651708,1.01076722531062,42.71127465672892,3.017433515384383,0.2140891818530713,5.823151026617758,11.886464346479963,302.8655027317772,-0.10381823482919829,True,True,True,True,True,True,True
15,2,5,197.39753587693184,1.014993643128874,0.9748133435856442,0.9983764999251554,4.956637251484581,0.09809940042831922,10.00916863259692,1.01076722531062,42.71127465672892,3.017433515384383,0.2140891818530713,5.823151026617758,11.886464346479963,302.8655027317772,0.09168632596919579,True,True,True,True,True,True,True
15,3,1,197.39753587693184,1.014993643128874,0.9748133435856442,0.9983764999251554,4.956637251484581,0.0961879452329358,10.003860467022012,1.0067334656621862,43.98927209060887,3.003024622687469,0.21746493156684082,5.620099530403976,11.886464346479963,302.8655027317772,0.03860467022011704,True,True,True,True,True,True,True
15,3,2,197.39753587693184,1.014993643128874,0.9748133435856442,0.9983764999251554,4.956637251484581,0.0965679823100944,9.985792574690283,1.0067334656621862,43.98927209060887,3.003024622687469,0.21746493156684082,5.620099530403976,11.886464346479963,302.8655027317772,-0.1420742530971708,True,True,True,True,True,True,True
15,3,3,197.39753587693184,1.014993643128874,0.9748133435856442,0.9983764999251554,4.956637251484581,0.09591644189416673,9.969288136819278,1.0067334656621862,43.98927209060887,3.003024622687469,0.21746493156684082,5.620099530403976,11.886464346479963,302.8655027317772,-0.3071186318072172,True,True,True,True,True,True,True
15,3,4,197.39753587693184,1.014993643128874,0.9748133435856442,0.9983764999251554,4.956637251484581,0.09646244777640328,9.979784892950306,1.0067334656621862,43.98927209060887,3.003024622687469,0.21746493156684082,5.620099530403976,11.886464346479963,302.8655027317772,-0.2021510704969387,True,True,True,True,True,True,True
15,3,5,197.39753587693184,1.014993643128874,0.9748133435856442,0.9983764999251554,4.956637251484581,0.09571388555655018,9.962798601182117,1.0067334656621862,43.98927209060887,3.003024622687469,0.21746493156684082,5.620099530403976,11.886464346479963,302.8655027317772,-0.372013988178832,True,True,True,True,True,True,True
15,4,1,197.39753587693184,1.014993643128874,0.9748133435856442,0.9983764999251554,4.956637251484581,0.09688728774099635,10.04427841156432,0.9578301746370158,41.845570570376104,3.0091986247898537,0.2143273598899959,5.958865316536418,11.886464346479963,302.8655027317772,0.44278411564320663,True,True,True,True,True,True,True
15,4,2,197.39753587693184,1.014993643128874,0.9748133435856442,0.9983764999251554,4.956637251484581,0.09618514736445105,10.045585792822942,0.9578301746370158,41.845570570376104,3.0091986247898537,0.2143273598899959,5.958865316536418,11.886464346479963,302.8655027317772,0.45585792822942395,True,True,True,True,True,True,True
15,4,3,197.39753587693184,1.014993643128874,0.9748133435856442,0.9983764999251554,4.956637251484581,0.09645351295063577,10.07910084239566,0.9578301746370158,41.845570570376104,3.0091986247898537,0.2143273598899959,5.958865316536418,11.886464346479963,302.8655027317772,0.791008423956594,True,True,True,True,True,True,True
15,4,4,197.39753587693184,1.014993643128874,0.9748133435856442,0.9983764999251554,4.956637251484581,0.09634353496557242,10.047584877294689,0.9578301746370158,41.845570570376104,3.0091986247898537,0.2143273598899959,5.958865316536418,11.886464346479963,302.8655027317772,0.47584877294688965,True,True,True,True,True,True,True
15,4,5,197.39753587693184,1.014993643128874,0.9748133435856442,0.9983764999251554,4.956637251484581,0.0968299357508143,10.07632112737772,0.9578301746370158,41.845570570376104,3.0091986247898537,0.2143273598899959,5.958865316536418,11.886464346479963,302.8655027317772,0.7632112737771912,True,True,True,True,True,True,True
15,5,1,197.39753587693184,1.014993643128874,0.9748133435856442,0.9983764999251554,4.956637251484581,0.09673974768740921,10.024666174281164,0.9723016598546514,42.71614086179967,3.0123150960983636,0.21436603036124446,6.007085144933253,11.886464346479963,302.8655027317772,0.24666174281163578,True,True,True,True,True,True,True
15,5,2,197.39753587693184,1.014993643128874,0.9748133435856442,0.9983764999251554,4.956637251484581,0.09703779819753361,10.003331551691938,0.9723016598546514,42.71614086179967,3.0123150960983636,0.21436603036124446,6.007085144933253,11.886464346479963,302.8655027317772,0.03331551691937662,True,True,True,True,True,True,True
15,5,3,197.39753587693184,1.014993643128874,0.9748133435856442,0.9983764999251554,4.956637251484581,0.09701510255243813,9.997759378655623,0.9723016598546514,42.71614086179967,3.0123150960983636,0.21436603036124446,6.007085144933253,11.886464346479963,302.8655027317772,-0.022406213443773026,True,True,True,True,True,True,True
15,5,4,197.39753587693184,1.014993643128874,0.9748133435856442,0.9983764999251554,4.956637251484581,0.09654769093359533,10.005223488614519,0.9723016598546514,42.71614086179967,3.0123150960983636,0.21436603036124446,6.007085144933253,11.886464346479963,302.8655027317772,0.05223488614518601,True,True,True,True,True,True,True
15,5,5,197.39753587693184,1.014993643128874,0.9748133435856442,0.9983764999251554,4.956637251484581,0.09727262811572625,9.992181007183058,0.9723016598546514,42.71614086179967,3.0123150960983636,0.21436603036124446,6.007085144933253,11.886464346479963,302.8655027317772,-0.07818992816941872,True,True,True,True,True,True,True
15,6,1,197.39753587693184,1.014993643128874,0.9748133435856442,0.9983764999251554,4.956637251484581,0.09793669809848092,10.045765589289443,0.9541878672031769,43.99358617344777,3.024556904976705,0.21117790154589952,5.3089396794990495,11.886464346479963,302.8655027317772,0.457655892894433,True,True,True,True,True,True,True
15,6,2,197.39753587693184,1.014993643128874,0.9748133435856442,0.9983764999251554,4.956637251484581,0.09800896536696337,10.026104342016874,0.9541878672031769,43.99358617344777,3.024556904976705,0.21117790154589952,5.3089396794990495,11.886464346479963,302.8655027317772,0.26104342016873616,True,True,True,True,True,True,True
15,6,3,197.39753587693184,1.014993643128874,0.9748133435856442,0.9983764999251554,4.956637251484581,0.09789957996794312,10.030448825238915,0.9541878672031769,43.99358617344777,3.024556904976705,0.21117790154589952,5.3089396794990495,11.886464346479963,302.8655027317772,0.30448825238915234,True,True,True,True,True,True,True
15,6,4,197.39753587693184,1.014993643128874,0.9748133435856442,0.9983764999251554,4.956637251484581,0.09831968542806581,10.023709526740964,0.9541878672031769,43.99358617344777,3.024556904976705,0.21117790154589952,5.3089396794990495,11.886464346479963,302.8655027317772,0.23709526740963938,True,True,True,True,True,True,True
15,6,5,197.39753587693184,1.014993643128874,0.9748133435856442,0.9983764999251554,4.956637251484581,0.09797471562120508,10.011251171780604,0.9541878672031769,43.99358617344777,3.024556904976705,0.21117790154589952,5.3089396794990495,11.886464346479963,302.8655027317772,0.11251171780603642,True,True,True,True,True,True,True
15,7,1,197.39753587693184,1.014993643128874,0.9748133435856442,0.9983764999251554,4.956637251484581,0.09593672397735924,10.010812605066494,0.9569201255406619,43.82117751221917,3.0105957766536715,0.2135359323010942,5.740488717681564,11.886464346479963,302.8655027317772,0.10812605066494285,True,True,True,True,True,True,True
15,7,2,197.39753587693184,1.014993643128874,0.9748133435856442,0.9983764999251554,4.956637251484581,0.09559009108994054,10.042253279839558,0.9569201255406619,43.82117751221917,3.0105957766536715,0.2135359323010942,5.740488717681564,11.886464346479963,302.8655027317772,0.42253279839558294,True,True,True,True,True,True,True
15,7,3,197.39753587693184,1.014993643128874,0.9748133435856442,0.9983764999251554,4.956637251484581,0.09565752006096878,10.027962103810582,0.9569201255406619,43.82117751221917,3.0105957766536715,0.2135359323010942,5.740488717681564,11.886464346479963,302.8655027317772,0.2796210381058195,True,True,True,True,True,True,True
15,7,4,197.39753587693184,1.014993643128874,0.9748133435856442,0.9983764999251554,4.956637251484581,0.09619913906696015,10.026162729041827,0.9569201255406619,43.82117751221917,3.0105957766536715,0.2135359323010942,5.740488717681564,11.886464346479963,302.8655027317772,0.2616272904182715,True,True,True,True,True,True,True
15,7,5,197.39753587693184,1.014993643128874,0.9748133435856442,0.9983764999251554,4.956637251484581,0.09519738084595628,10.028314750869537,0.9569201255406619,43.82117751221917,3.0105957766536715,0.2135359323010942,5.740488717681564,11.886464346479963,302.8655027317772,0.28314750869537164,True,True,True,True,True,True,True
15,8,1,197.39753587693184,1.014993643128874,0.9748133435856442,0.9983764999251554,4.956637251484581,0.09778681724575933,10.018320118080966,0.9629490699246812,44.698015778434105,3.009142943655854,0.20989344430132253,5.777503162741627,11.886464346479963,302.8655027317772,0.18320118080966452,True,True,True,True,True,True,True
15,8,2,197.39753587693184,1.014993643128874,0.9748133435856442,0.9983764999251554,4.956637251484581,0.09728581967790352,10.064174346603966,0.9629490699246812,44.698015778434105,3.009142943655854,0.20989344430132253,5.777503162741627,11.886464346479963,302.8655027317772,0.6417434660396637,True,True,True,True,True,True,True
15,8,3,197.39753587693184,1.014993643128874,0.9748133435856442,0.9983764999251554,4.956637251484581,0.09754913887607894,10.02550685946217,0.9629490699246812,44.698015778434105,3.009142943655854,0.20989344430132253,5.777503162741627,11.886464346479963,302.8655027317772,0.25506859462170794,True,True,True,True,True,True,True
15,8,4,197.39753587693184,1.014993643128874,0.9748133435856442,0.9983764999251554,4.956637251484581,0.09774903351393355,10.043831213715336,0.9629490699246812,44.698015778434105,3.009142943655854,0.20989344430132253,5.777503162741627,11.886464346479963,302.8655027317772,0.4383121371533604,True,True,True,True,True,True,True
15,8,5,197.39753587693184,1.014993643128874,0.9748133435856442,0.9983764999251554,4.956637251484581,0.09814505304835491,10.065866302072596,0.9629490699246812,44.698015778434105,3.009142943655854,0.20989344430132253,5.777503162741627,11.886464346479963,302.8655027317772,0.6586630207259603,True,True,True,True,True,True,True
15,9,1,197.39753587693184,1.014993643128874,0.9748133435856442,0.9983764999251554,4.956637251484581,0.09705222118708173,10.06390146895107,0.9813938483341691,42.8403986170029,3.0168795731293967,0.21101392901681176,5.937033881800898,11.886464346479963,302.8655027317772,0.6390146895106952,True,True,True,True,True,True,True
15,9,2,197.39753587693184,1.014993643128874,0.9748133435856442,0.9983764999251554,4.956637251484581,0.09710905477894821,10.043372076929108,0.9813938483341691,42.8403986170029,3.0168795731293967,0.21101392901681176,5.937033881800898,11.886464346479963,302.8655027317772,0.43372076929108166,True,True,True,True,True,True,True
15,9,3,197.39753587693184,1.014993643128874,0.9748133435856442,0.9983764999251554,4.956637251484581,0.09707963927200094,10.002907100673358,0.9813938483341691,42.8403986170029,3.0168795731293967,0.21101392901681176,5.937033881800898,11.886464346479963,302.8655027317772,0.02907100673358087,True,True,True,True,True,True,True
15,9,4,197.39753587693184,1.014993643128874,0.9748133435856442,0.9983764999251554,4.956637251484581,0.09697377337253821,10.04431930270832,0.9813938483341691,42.8403986170029,3.0168795731293967,0.21101392901681176,5.937033881800898,11.886464346479963,302.8655027317772,0.44319302708320407,True,True,True,True,True,True,True
15,9,5,197.39753587693184,1.014993643128874,0.9748133435856442,0.9983764999251554,4.956637251484581,0.09696653112998589,10.056674206283638,0.9813938483341691,42.8403986170029,3.0168795731293967,0.21101392901681176,5.937033881800898,11.886464346479963,302.8655027317772,0.5667420628363828,True,True,True,True,True,True,True
15,10,1,197.39753587693184,1.014993643128874,0.9748133435856442,0.9983764999251554,4.956637251484581,0.09714631432790537,9.999445007742223,0.971623619547049,43.81731488389728,3.013403118198039,0.21746816891464502,5.49548873006043,11.886464346479963,302.8655027317772,-0.005549922577774424,True,True,True,True,True,True,True
15,10,2,197.39753587693184,1.014993643128874,0.9748133435856442,0.9983764999251554,4.956637251484581,0.09681322942255391,9.970799468309727,0.971623619547049,43.81731488389728,3.013403118198039,0.21746816891464502,5.49548873006043,11.886464346479963,302.8655027317772,-0.2920053169027348,True,True,True,True,True,True,True
15,10,3,197.39753587693184,1.014993643128874,0.9748133435856442,0.9983764999251554,4.956637251484581,0.09664812230297797,9.988032464743064,0.971623619547049,43.81731488389728,3.013403118198039,0.21746816891464502,5.49548873006043,11.886464346479963,302.8655027317772,-0.11967535256935946,True,True,True,True,True,True,True
15,10,4,197.39753587693184,1.014993643128874,0.9748133435856442,0.9983764999251554,4.956637251484581,0.09670847020360976,9.98324255802857,0.971623619547049,43.81731488389728,3.013403118198039,0.21746816891464502,5.49548873006043,11.886464346479963,302.8655027317772,-0.16757441971430254,True,True,True,True,True,True,True
15,10,5,197.39753587693184,1.014993643128874,0.9748133435856442,0.9983764999251554,4.956637251484581,0.09638000630996674,10.024420366287993,0.971623619547049,43.81731488389728,3.013403118198039,0.21746816891464502,5.49548873006043,11.886464346479963,302.8655027317772,0.24420366287992934,True,True,True,True,True,True,True
16,1,1,198.24558499628176,0.9609419628950948,1.0259112742994214,0.9930649044171806,4.9974360939652325,0.0980921802884681,9.9108226294011,1.011773275800784,58.53482366385323,3.026111325069853,0.19006102607441858,5.28827191180327,12.013848366647068,299.65418990923393,-0.8917737059890029,True,True,True,True,True,True,True
16,1,2,198.24558499628176,0.9609419628950948,1.0259112742994214,0.9930649044171806,4.9974360939652325,0.09748900993122822,9.893843627945364,1.011773275800784,58.53482366385323,3.026111325069853,0.19006102607441858,5.28827191180327,12.013848366647068,299.65418990923393,-1.0615637205463635,True,True,True,True,True,True,True
16,1,3,198.24558499628176,0.9609419628950948,1.0259112742994214,0.9930649044171806,4.9974360939652325,0.0982984343690345,9.901379954242588,1.011773275800784,58.53482366385323,3.026111325069853,0.19006102607441858,5.28827191180327,12.013848366647068,299.65418990923393,-0.9862004575741246,True,True,True,True,True,True,True
16,1,4,198.24558499628176,0.9609419628950948,1.0259112742994214,0.9930649044171806,4.9974360939652325,0.09816635929176647,9.88190533339237,1.011773275800784,58.53482366385323,3.026111325069853,0.19006102607441858,5.28827191180327,12.013848366647068,299.65418990923393,-1.1809466660763057,True,True,True,True,True,True,True
16,1,5,198.24558499628176,0.9609419628950948,1.0259112742994214,0.9930649044171806,4.9974360939652325,0.09819977595623337,9.904612200228073,1.011773275800784,58.53482366385323,3.026111325069853,0.19006102607441858,5.28827191180327,12.013848366647068,299.65418990923393,-0.9538779977192746,True,True,True,True,True,True,True
16,2,1,198.24558499628176,0.9609419628950948,1.0259112742994214,0.9930649044171806,4.9974360939652325,0.09936604766116565,9.923223023502723,0.9326791662658969,56.841211291526804,3.025326700402249,0.1898446101114994,5.1759894971006535,12.013848366647068,299.65418990923393,-0.7677697649727655,True,True,True,True,True,True,True
16,2,2,198.24558499628176,0.9609419628950948,1.0259112742994214,0.9930649044171806,4.9974360939652325,0.0990712221891828,9.962732072629322,0.9326791662658969,56.841211291526804,3.025326700402249,0.1898446101114994,5.1759894971006535,12.013848366647068,299.65418990923393,-0.37267927370677967,True,True,True,True,True,True,True
16,2,3,198.24558499628176,0.9609419628950948,1.0259112742994214,0.9930649044171806,4.9974360939652325,0.09901326590326338,9.964851684795496,0.9326791662658969,56.841211291526804,3.025326700402249,0.1898446101114994,5.1759894971006535,12.013848366647068,299.65418990923393,-0.3514831520450379,True,True,True,True,True,True,True
16,2,4,198.24558499628176,0.9609419628950948,1.0259112742994214,0.9930649044171806,4.9974360939652325,0.0987911241635637,9.94676103383622,0.9326791662658969,56.841211291526804,3.025326700402249,0.1898446101114994,5.1759894971006535,12.013848366647068,299.65418990923393,-0.5323896616378043,True,True,True,True,True,True,True
16,2,5,198.24558499628176,0.9609419628950948,1.0259112742994214,0.9930649044171806,4.9974360939652325,0.09963067562112486,9.944026131775423,0.9326791662658969,56.841211291526804,3.025326700402249,0.1898446101114994,5.1759894971006535,12.013848366647068,299.65418990923393,-0.5597386822457651,True,True,True,True,True,True,True
16,3,1,198.24558499628176,0.9609419628950948,1.0259112742994214,0.9930649044171806,4.9974360939652325,0.09914021579852099,9.956892848288337,0.9951528514958337,56.36386189935337,3.02840359740756,0.1894874145346559,5.430493937047092,12.013848366647068,299.65418990923393,-0.43107151711662794,True,True,True,True,True,True,True
16,3,2,198.24558499628176,0.9609419628950948,1.0259112742994214,0.9930649044171806,4.9974360939652325,0.0990280258607163,9.942406215749516,0.9951528514958337,56.36386189935337,3.02840359740756,0.1894874145346559,5.430493937047092,12.013848366647068,299.65418990923393,-0.5759378425048389,True,True,True,True,True,True,True
16,3,3,198.24558499628176,0.9609419628950948,1.0259112742994214,0.9930649044171806,4.9974360939652325,0.09885177568858125,9.94015590561011,0.9951528514958337,56.36386189935337,3.02840359740756,0.1894874145346559,5.430493937047092,12.013848366647068,299.65418990923393,-0.5984409438988969,True,True,True,True,True,True,True
16,3,4,198.24558499628176,0.9609419628950948,1.0259112742994214,0.9930649044171806,4.9974360939652325,0.09946866234735478,9.93429505632143,0.9951528514958337,56.36386189935337,3.02840359740756,0.1894874145346559,5.430493937047092,12.013848366647068,299.65418990923393,-0.6570494367857016,True,True,True,True,True,True,True
16,3,5,198.24558499628176,0.9609419628950948,1.0259112742994214,0.9930649044171806,4.9974360939652325,0.09878904635444466,9.93937908322132,0.9951528514958337,56.36386189935337,3.02840359740756,0.1894874145346559,5.430493937047092,12.013848366647068,299.65418990923393,-0.6062091677867976,True,True,True,True,True,True,True
16,4,1,198.24558499628176,0.9609419628950948,1.0259112742994214,0.9930649044171806,4.9974360939652325,0.10056706347911595,9.90521546452903,1.0014561472657795,57.93505999544194,3.019593457820065,0.19319070923259613,5.186739756175608,12.013848366647068,299.65418990923393,-0.9478453547096954,True,True,True,True,True,True,True
16,4,2,198.24558499628176,0.9609419628950948,1.0259112742994214,0.9930649044171806,4.9974360939652325,0.09998154917911319,9.922069190279984,1.0014561472657795,57.93505999544194,3.019593457820065,0.19319070923259613,5.186739756175608,12.013848366647068,299.65418990923393,-0.7793080972001576,True,True,True,True,True,True,True
16,4,3,198.24558499628176,0.9609419628950948,1.0259112742994214,0.9930649044171806,4.9974360939652325,0.10030873277874244,9.896358053866544,1.0014561472657795,57.93505999544194,3.019593457820065,0.19319070923259613,5.186739756175608,12.013848366647068,299.65418990923393,-1.0364194613345568,True,True,True,True,True,True,True
16,4,4,198.24558499628176,0.9609419628950948,1.0259112742994214,0.9930649044171806,4.9974360939652325,0.09970145258355773,9.934730827446804,1.0014561472657795,57.93505999544194,3.019593457820065,0.19319070923259613,5.186739756175608,12.013848366647068,299.65418990923393,-0.6526917255319553,True,True,True,True,True,True,True
16,4,5,198.24558499628176,0.9609419628950948,1.0259112742994214,0.9930649044171806,4.9974360939652325,0.09986330913342648,9.913211299258489,1.0014561472657795,57.93505999544194,3.019593457820065,0.19319070923259613,5.186739756175608,12.013848366647068,299.65418990923393,-0.8678870074151135,True,True,True,True,True,True,True
16,5,1,198.24558499628176,0.9609419628950948,1.0259112742994214,0.9930649044171806,4.9974360939652325,0.09933014450403392,9.917147586210625,0.9685726979677385,56.840934877550474,3.0209170991164958,0.18986485512218557,5.012354583974755,12.013848366647068,299.65418990923393,-0.8285241378937513,True,True,True,True,True,True,True
16,5,2,198.24558499628176,0.9609419628950948,1.0259112742994214,0.9930649044171806,4.9974360939652325,0.09864206250501002,9.918088188931417,0.9685726979677385,56.840934877550474,3.0209170991164958,0.18986485512218557,5.012354583974755,12.013848366647068,299.65418990923393,-0.8191181106858282,True,True,True,True,True,True,True
16,5,3,198.24558499628176,0.9609419628950948,1.0259112742994214,0.9930649044171806,4.9974360939652325,0.09930707651063132,9.910001445882136,0.9685726979677385,56.840934877550474,3.0209170991164958,0.18986485512218557,5.012354583974755,12.013848366647068,299.65418990923393,-0.8999855411786406,True,True,True,True,True,True,True
16,5,4,198.24558499628176,0.9609419628950948,1.0259112742994214,0.9930649044171806,4.9974360939652325,0.09910703482834389,9.890238067360718,0.9685726979677385,56.840934877550474,3.0209170991164958,0.18986485512218557,5.012354583974755,12.013848366647068,299.65418990923393,-1.0976193263928202,True,True,True,True,True,True,True
16,5,5,198.24558499628176,0.9609419628950948,1.0259112742994214,0.9930649044171806,4.9974360939652325,0.09965692805145973,9.903832488980772,0.9685726979677385,56.840934877550474,3.0209170991164958,0.18986485512218557,5.012354583974755,12.013848366647068,299.65418990923393,-0.9616751101922816,True,True,True,True,True,True,True
16,6,1,198.24558499628176,0.9609419628950948,1.0259112742994214,0.9930649044171806,4.9974360939652325,0.09803208035039666,9.989130351582403,1.056005758442685,56.459505096056354,3.025784430286251,0.1943821157646685,5.111753342050995,12.013848366647068,299.65418990923393,-0.10869648417596521,True,True,True,True,True,True,True
16,6,2,198.24558499628176,0.9609419628950948,1.0259112742994214,0.9930649044171806,4.9974360939652325,0.09813354216439067,9.990044612693817,1.056005758442685,56.459505096056354,3.025784430286251,0.1943821157646685,5.111753342050995,12.013848366647068,299.65418990923393,-0.09955387306183282,True,True,True,True,True,True,True
16,6,3,198.24558499628176,0.9609419628950948,1.0259112742994214,0.9930649044171806,4.9974360939652325,0.0980869603366203,9.99965717492783,1.056005758442685,56.459505096056354,3.025784430286251,0.1943821157646685,5.111753342050995,12.013848366647068,299.65418990923393,-0.0034282507217042735,True,True,True,True,True,True,True
16,6,4,198.24558499628176,0.9609419628950948,1.0259112742994214,0.9930649044171806,4.9974360939652325,0.09839315974359364,9.979231327507485,1.056005758442685,56.459505096056354,3.025784430286251,0.1943821157646685,5.111753342050995,12.013848366647068,299.65418990923393,-0.20768672492515347,True,True,True,True,True,True,True
16,6,5,198.24558499628176,0.9609419628950948,1.0259112742994214,0.9930649044171806,4.9974360939652325,0.09828388449197276,9.990434888339864,1.056005758442685,56.459505096056354,3.025784430286251,0.1943821157646685,5.111753342050995,12.013848366647068,299.65418990923393,-0.09565111660135628,True,True,True,True,True,True,True
16,7,1,198.24558499628176,0.9609419628950948,1.0259112742994214,0.9930649044171806,4.9974360939652325,0.09897015618135141,9.925918353614662,0.9641562839732641,56.753909431529095,3.0248120601578785,0.19439857397295945,5.29075182646233,12.013848366647068,299.65418990923393,-0.7408164638533776,True,True,True,True,True,True,True
16,7,2,198.24558499628176,0.9609419628950948,1.0259112742994214,0.9930649044171806,4.9974360939652325,0.09831304783175895,9.908275380742907,0.9641562839732641,56.753909431529095,3.0248120601578785,0.19439857397295945,5.29075182646233,12.013848366647068,299.65418990923393,-0.9172461925709285,True,True,True,True,True,True,True
16,7,3,198.24558499628176,0.9609419628950948,1.0259112742994214,0.9930649044171806,4.9974360939652325,0.09854131015791336,9.928064559015978,0.9641562839732641,56.753909431529095,3.0248120601578785,0.19439857397295945,5.29075182646233,12.013848366647068,299.65418990923393,-0.7193544098402249,True,True,True,True,True,True,True
16,7,4,198.24558499628176,0.9609419628950948,1.0259112742994214,0.9930649044171806,4.9974360939652325,0.09845773385553991,9.906533640677322,0.9641562839732641,56.753909431529095,3.0248120601578785,0.19439857397295945,5.29075182646233,12.013848366647068,299.65418990923393,-0.9346635932267765,True,True,True,True,True,True,True
16,7,5,198.24558499628176,0.9609419628950948,1.0259112742994214,0.9930649044171806,4.9974360939652325,0.09811902353412728,9.891439600846065,0.9641562839732641,56.753909431529095,3.0248120601578785,0.19439857397295945,5.29075182646233,12.013848366647068,299.65418990923393,-1.0856039915393545,True,True,True,True,True,True,True
16,8,1,198.24558499628176,0.9609419628950948,1.0259112742994214,0.9930649044171806,4.9974360939652325,0.09894077747127954,9.944252122972825,1.07297388514075,56.2886572345972,3.0145941514397068,0.19300103796891763,5.64945662341315,12.013848366647068,299.65418990923393,-0.5574787702717465,True,True,True,True,True,True,True
16,8,2,198.24558499628176,0.9609419628950948,1.0259112742994214,0.9930649044171806,4.9974360939652325,0.09856585128151582,9.915792386050224,1.07297388514075,56.2886572345972,3.0145941514397068,0.19300103796891763,5.64945662341315,12.013848366647068,299.65418990923393,-0.842076139497756,True,True,True,True,True,True,True
16,8,3,198.24558499628176,0.9609419628950948,1.0259112742994214,0.9930649044171806,4.9974360939652325,0.09820059099023899,9.927275865718403,1.07297388514075,56.2886572345972,3.0145941514397068,0.19300103796891763,5.64945662341315,12.013848366647068,299.65418990923393,-0.7272413428159652,True,True,True,True,True,True,True
16,8,4,198.24558499628176,0.9609419628950948,1.0259112742994214,0.9930649044171806,4.9974360939652325,0.09809625645874022,9.945033524928135,1.07297388514075,56.2886572345972,3.0145941514397068,0.19300103796891763,5.64945662341315,12.013848366647068,299.65418990923393,-0.5496647507186481,True,True,True,True,True,True,True
16,8,5,198.24558499628176,0.9609419628950948,1.0259112742994214,0.9930649044171806,4.9974360939652325,0.09860794660701933,9.92356830809969,1.07297388514075,56.2886572345972,3.0145941514397068,0.19300103796891763,5.64945662341315,12.013848366647068,299.65418990923393,-0.7643169190031074,True,True,True,True,True,True,True
16,9,1,198.24558499628176,0.9609419628950948,1.0259112742994214,0.9930649044171806,4.9974360939652325,0.09986640650068206,9.904202360239204,0.9903553540279196,58.26852956314514,3.024642982478177,0.19489306019016145,5.323378525405729,12.013848366647068,299.65418990923393,-0.9579763976079647,True,True,True,True,True,True,True
16,9,2,198.24558499628176,0.9609419628950948,1.0259112742994214,0.9930649044171806,4.9974360939652325,0.09959379409713118,9.90179955250011,0.9903553540279196,58.26852956314514,3.024642982478177,0.19489306019016145,5.323378525405729,12.013848366647068,299.65418990923393,-0.9820044749988988,True,True,True,True,True,True,True
16,9,3,198.24558499628176,0.9609419628950948,1.0259112742994214,0.9930649044171806,4.9974360939652325,0.09946768487060731,9.894759395087394,0.9903553540279196,58.26852956314514,3.024642982478177,0.19489306019016145,5.323378525405729,12.013848366647068,299.65418990923393,-1.0524060491260556,True,True,True,True,True,True,True
16,9,4,198.24558499628176,0.9609419628950948,1.0259112742994214,0.9930649044171806,4.9974360939652325,0.09968474783788075,9.905956832812551,0.9903553540279196,58.26852956314514,3.024642982478177,0.19489306019016145,5.323378525405729,12.013848366647068,299.65418990923393,-0.9404316718744887,True,True,True,True,True,True,True
16,9,5,198.24558499628176,0.9609419628950948,1.0259112742994214,0.9930649044171806,4.9974360939652325,0.09951427894430892,9.88984818733131,0.9903553540279196,58.26852956314514,3.024642982478177,0.19489306019016145,5.323378525405729,12.013848366647068,299.65418990923393,-1.1015181266868979,True,True,True,True,True,True,True
16,10,1,198.24558499628176,0.9609419628950948,1.0259112742994214,0.9930649044171806,4.9974360939652325,0.10001776956446058,9.903555953511928,0.9835464783567989,56.51193079763641,3.0249238025626237,0.1897892753926942,5.0242706584885335,12.013848366647068,299.65418990923393,-0.9644404648807203,True,True,True,True,True,True,True
16,10,2,198.24558499628176,0.9609419628950948,1.0259112742994214,0.9930649044171806,4.9974360939652325,0.10019125266743516,9.88234351677951,0.9835464783567989,56.51193079763641,3.0249238025626237,0.1897892753926942,5.0242706584885335,12.013848366647068,299.65418990923393,-1.176564832204896,True,True,True,True,True,True,True
16,10,3,198.24558499628176,0.9609419628950948,1.0259112742994214,0.9930649044171806,4.9974360939652325,0.1001849098485903,9.905356142248923,0.9835464783567989,56.51193079763641,3.0249238025626237,0.1897892753926942,5.0242706584885335,12.013848366647068,299.65418990923393,-0.9464385775107687,True,True,True,True,True,True,True
16,10,4,198.24558499628176,0.9609419628950948,1.0259112742994214,0.9930649044171806,4.9974360939652325,0.10034206176256406,9.870622518594852,0.9835464783567989,56.51193079763641,3.0249238025626237,0.1897892753926942,5.0242706584885335,12.013848366647068,299.65418990923393,-1.2937748140514849,True,True,True,True,True,True,True
16,10,5,198.24558499628176,0.9609419628950948,1.0259112742994214,0.9930649044171806,4.9974360939652325,0.10074527585278925,9.881214893864003,0.9835464783567989,56.51193079763641,3.0249238025626237,0.1897892753926942,5.0242706584885335,12.013848366647068,299.65418990923393,-1.187851061359968,True,True,True,True,True,True,True
17,1,1,199.99832041700316,0.93294893506304,1.005360474582335,1.0291689668839035,5.157592028854539,0.1038187311130941,9.911209754297547,1.096993765328232,48.11083611012068,2.996612233900977,0.18633555741075353,4.538165602344225,12.349713499175317,291.5047381658205,-0.8879024570245342,True,True,True,True,True,True,True
17,1,2,199.99832041700316,0.93294893506304,1.005360474582335,1.0291689668839035,5.157592028854539,0.10323870983142384,9.913981918394295,1.096993765328232,48.11083611012068,2.996612233900977,0.18633555741075353,4.538165602344225,12.349713499175317,291.5047381658205,-0.8601808160570457,True,True,True,True,True,True,True
17,1,3,199.99832041700316,0.93294893506304,1.005360474582335,1.0291689668839035,5.157592028854539,0.10293518708780992,9.857622220595903,1.096993765328232,48.11083611012068,2.996612233900977,0.18633555741075353,4.538165602344225,12.349713499175317,291.5047381658205,-1.4237777940409657,True,True,True,True,True,True,True
17,1,4,199.99832041700316,0.93294893506304,1.005360474582335,1.0291689668839035,5.157592028854539,0.103344899175453,9.919404820216286,1.096993765328232,48.11083611012068,2.996612233900977,0.18633555741075353,4.538165602344225,12.349713499175317,291.5047381658205,-0.805951797837139,True,True,True,True,True,True,True
17,1,5,199.99832041700316,0.93294893506304,1.005360474582335,1.0291689668839035,5.157592028854539,0.10395807374527982,9.88715094733602,1.096993765328232,48.11083611012068,2.996612233900977,0.18633555741075353,4.538165602344225,12.349713499175317,291.5047381658205,-1.1284905266398049,True,True,True,True,True,True,True
17,2,1,199.99832041700316,0.93294893506304,1.005360474582335,1.0291689668839035,5.157592028854539,0.10311677144339174,9.966906932850529,1.064170098946223,47.701915167976736,3.0045001549831913,0.19207061755656152,4.756820371065591,12.349713499175317,291.5047381658205,-0.3309306714947091,True,True,True,True,True,True,True
17,2,2,199.99832041700316,0.93294893506304,1.005360474582335,1.0291689668839035,5.157592028854539,0.10299244897841289,9.938596290902554,1.064170098946223,47.701915167976736,3.0045001549831913,0.19207061755656152,4.756820371065591,12.349713499175317,291.5047381658205,-0.6140370909744597,True,True,True,True,True,True,True
17,2,3,199.99832041700316,0.93294893506304,1.005360474582335,1.0291689668839035,5.157592028854539,0.10201116185193886,9.951665226983158,1.064170098946223,47.701915167976736,3.0045001549831913,0.19207061755656152,4.756820371065591,12.349713499175317,291.5047381658205,-0.4833477301684219,True,True,True,True,True,True,True
17,2,4,199.99832041700316,0.93294893506304,1.005360474582335,1.0291689668839035,5.157592028854539,0.10246055512721508,9.924282055850155,1.064170098946223,47.701915167976736,3.0045001549831913,0.19207061755656152,4.756820371065591,12.349713499175317,291.5047381658205,-0.7571794414984545,True,True,True,True,True,True,True
17,2,5,199.99832041700316,0.93294893506304,1.005360474582335,1.0291689668839035,5.157592028854539,0.10280013028027277,9.963997684164697,1.064170098946223,47.701915167976736,3.0045001549831913,0.19207061755656152,4.756820371065591,12.349713499175317,291.5047381658205,-0.3600231583530267,True,True,True,True,True,True,True
17,3,1,199.99832041700316,0.93294893506304,1.005360474582335,1.0291689668839035,5.157592028854539,0.1047301580844667,9.9000884460781,1.034899503232348,47.80658302660614,3.004886518605323,0.1850616563629877,4.683072359891849,12.349713499175317,291.5047381658205,-0.9991155392190088,True,True,True,True,True,True,True
17,3,2,199.99832041700316,0.93294893506304,1.005360474582335,1.0291689668839035,5.157592028854539,0.10491660626871775,9.913758646861801,1.034899503232348,47.80658302660614,3.004886518605323,0.1850616563629877,4.683072359891849,12.349713499175317,291.5047381658205,-0.8624135313819892,True,True,True,True,True,True,True
17,3,3,199.99832041700316,0.93294893506304,1.005360474582335,1.0291689668839035,5.157592028854539,0.10461560228890396,9.923421655864793,1.034899503232348,47.80658302660614,3.004886518605323,0.1850616563629877,4.683072359891849,12.349713499175317,291.5047381658205,-0.7657834413520703,True,True,True,True,True,True,True
17,3,4,199.99832041700316,0.93294893506304,1.005360474582335,1.0291689668839035,5.157592028854539,0.10429796306960604,9.923111605108893,1.034899503232348,47.80658302660614,3.004886518605323,0.1850616563629877,4.683072359891849,12.349713499175317,291.5047381658205,-0.7688839489110677,True,True,True,True,True,True,True
17,3,5,199.99832041700316,0.93294893506304,1.005360474582335,1.0291689668839035,5.157592028854539,0.10434292339809408,9.915211286539904,1.034899503232348,47.80658302660614,3.004886518605323,0.1850616563629877,4.683072359891849,12.349713499175317,291.5047381658205,-0.8478871346009599,True,True,True,True,True,True,True
17,4,1,199.99832041700316,0.93294893506304,1.005360474582335,1.0291689668839035,5.157592028854539,0.10219681091846317,9.924968145298909,1.0692208592023458,47.22391751473275,3.014862661339328,0.18700128340286784,4.966901872533094,12.349713499175317,291.5047381658205,-0.750318547010913,True,True,True,True,True,True,True
17,4,2,199.99832041700316,0.93294893506304,1.005360474582335,1.0291689668839035,5.157592028854539,0.10198490284844233,9.908203799701898,1.0692208592023458,47.22391751473275,3.014862661339328,0.18700128340286784,4.966901872533094,12.349713499175317,291.5047381658205,-0.9179620029810209,True,True,True,True,True,True,True
17,4,3,199.99832041700316,0.93294893506304,1.005360474582335,1.0291689668839035,5.157592028854539,0.10259482577529065,9.931016563061538,1.0692208592023458,47.22391751473275,3.014862661339328,0.18700128340286784,4.966901872533094,12.349713499175317,291.5047381658205,-0.6898343693846165,True,True,True,True,True,True,True
17,4,4,199.99832041700316,0.93294893506304,1.005360474582335,1.0291689668839035,5.157592028854539,0.1025341407343606,9.931187046231278,1.0692208592023458,47.22391751473275,3.014862661339328,0.18700128340286784,4.966901872533094,12.349713499175317,291.5047381658205,-0.688129537687221,True,True,True,True,True,True,True
17,4,5,199.99832041700316,0.93294893506304,1.005360474582335,1.0291689668839035,5.157592028854539,0.1026072450278421,9.937422942068928,1.0692208592023458,47.22391751473275,3.014862661339328,0.18700128340286784,4.966901872533094,12.349713499175317,291.5047381658205,-0.6257705793107249,True,True,True,True,True,True,True
17,5,1,199.99832041700316,0.93294893506304,1.005360474582335,1.0291689668839035,5.157592028854539,0.10503331641071834,9.911692325031908,1.0584103055907186,47.06755454659219,2.997314076742809,0.1942635497272769,4.831099677838367,12.349713499175317,291.5047381658205,-0.8830767496809244,True,True,True,True,True,True,True
17,5,2,199.99832041700316,0.93294893506304,1.005360474582335,1.0291689668839035,5.157592028854539,0.10524844784306897,9.926891785607124,1.0584103055907186,47.06755454659219,2.997314076742809,0.1942635497272769,4.831099677838367,12.349713499175317,291.5047381658205,-0.7310821439287629,True,True,True,True,True,True,True
17,5,3,199.99832041700316,0.93294893506304,1.005360474582335,1.0291689668839035,5.157592028854539,0.10457900156916201,9.893638365378516,1.0584103055907186,47.06755454659219,2.997314076742809,0.1942635497272769,4.831099677838367,12.349713499175317,291.5047381658205,-1.0636163462148396,True,True,True,True,True,True,True
17,5,4,199.99832041700316,0.93294893506304,1.005360474582335,1.0291689668839035,5.157592028854539,0.10406650479873371,9.909782366182565,1.0584103055907186,47.06755454659219,2.997314076742809,0.1942635497272769,4.831099677838367,12.349713499175317,291.5047381658205,-0.9021763381743496,True,True,True,True,True,True,True
17,5,5,199.99832041700316,0.93294893506304,1.005360474582335,1.0291689668839035,5.157592028854539,0.10457749063491528,9.932434729122283,1.0584103055907186,47.06755454659219,2.997314076742809,0.1942635497272769,4.831099677838367,12.349713499175317,291.5047381658205,-0.675652708777168,True,True,True,True,True,True,True
17,6,1,199.99832041700316,0.93294893506304,1.005360474582335,1.0291689668839035,5.157592028854539,0.10495140576167095,9.93101906052911,1.062374880923314,47.41286339813271,3.003957661839874,0.19023221777155291,4.571733942020517,12.349713499175317,291.5047381658205,-0.6898093947089023,True,True,True,True,True,True,True
17,6,2,199.99832041700316,0.93294893506304,1.005360474582335,1.0291689668839035,5.157592028854539,0.10402083050169708,9.946072857064891,1.062374880923314,47.41286339813271,3.003957661839874,0.19023221777155291,4.571733942020517,12.349713499175317,291.5047381658205,-0.5392714293510892,True,True,True,True,True,True,True
17,6,3,199.99832041700316,0.93294893506304,1.005360474582335,1.0291689668839035,5.157592028854539,0.1050846197397467,9.92215572538862,1.062374880923314,47.41286339813271,3.003957661839874,0.19023221777155291,4.571733942020517,12.349713499175317,291.5047381658205,-0.7784427461137966,True,True,True,True,True,True,True
17,6,4,199.99832041700316,0.93294893506304,1.005360474582335,1.0291689668839035,5.157592028854539,0.10440559020128735,9.946420110367319,1.062374880923314,47.41286339813271,3.003957661839874,0.19023221777155291,4.571733942020517,12.349713499175317,291.5047381658205,-0.5357988963268134,True,True,True,True,True,True,True
17,6,5,199.99832041700316,0.93294893506304,1.005360474582335,1.0291689668839035,5.157592028854539,0.10463821998243904,9.937886185007075,1.062374880923314,47.41286339813271,3.003957661839874,0.19023221777155291,4.571733942020517,12.349713499175317,291.5047381658205,-0.6211381499292479,True,True,True,True,True,True,True
17,7,1,199.99832041700316,0.93294893506304,1.005360474582335,1.0291689668839035,5.157592028854539,0.10198729580306105,9.945636076025242,1.0477437175180286,48.10697213565325,3.0028651680887766,0.18898605326051282,4.447717900690609,12.349713499175317,291.5047381658205,-0.5436392397475842,True,True,True,True,True,True,True
17,7,2,199.99832041700316,0.93294893506304,1.005360474582335,1.0291689668839035,5.157592028854539,0.10170155423917629,9.947569812523858,1.0477437175180286,48.10697213565325,3.0028651680887766,0.18898605326051282,4.447717900690609,12.349713499175317,291.5047381658205,-0.5243018747614236,True,True,True,True,True,True,True
17,7,3,199.99832041700316,0.93294893506304,1.005360474582335,1.0291689668839035,5.157592028854539,0.10140936537141636,9.938881451535467,1.0477437175180286,48.10697213565325,3.0028651680887766,0.18898605326051282,4.447717900690609,12.349713499175317,291.5047381658205,-0.6111854846453291,True,True,True,True,True,True,True
17,7,4,199.99832041700316,0.93294893506304,1.005360474582335,1.0291689668839035,5.157592028854539,0.10203773247311193,9.939237588183133,1.0477437175180286,48.10697213565325,3.0028651680887766,0.18898605326051282,4.447717900690609,12.349713499175317,291.5047381658205,-0.6076241181686726,True,True,True,True,True,True,True
17,7,5,199.99832041700316,0.93294893506304,1.005360474582335,1.0291689668839035,5.157592028854539,0.10139287952044329,9.938536350215026,1.0477437175180286,48.10697213565325,3.0028651680887766,0.18898605326051282,4.447717900690609,12.349713499175317,291.5047381658205,-0.614636497849741,True,True,True,True,True,True,True
17,8,1,199.99832041700316,0.93294893506304,1.005360474582335,1.0291689668839035,5.157592028854539,0.10262683995171121,9.918566383255776,1.0617667717627168,48.319319663853,3.005978559794999,0.18993742525381663,4.944135589840557,12.349713499175317,291.5047381658205,-0.8143361674422422,True,True,True,True,True,True,True
17,8,2,199.99832041700316,0.93294893506304,1.005360474582335,1.0291689668839035,5.157592028854539,0.10288438022801764,9.890349647199004,1.0617667717627168,48.319319663853,3.005978559794999,0.18993742525381663,4.944135589840557,12.349713499175317,291.5047381658205,-1.0965035280099578,True,True,True,True,True,True,True
17,8,3,199.99832041700316,0.93294893506304,1.005360474582335,1.0291689668839035,5.157592028854539,0.10256561365286732,9.897069739290483,1.0617667717627168,48.319319663853,3.005978559794999,0.18993742525381663,4.944135589840557,12.349713499175317,291.5047381658205,-1.0293026070951683,True,True,True,True,True,True,True
17,8,4,199.99832041700316,0.93294893506304,1.005360474582335,1.0291689668839035,5.157592028854539,0.10276475779086988,9.897210623863522,1.0617667717627168,48.319319663853,3.005978559794999,0.18993742525381663,4.944135589840557,12.349713499175317,291.5047381658205,-1.0278937613647798,True,True,True,True,True,True,True
17,8,5,199.99832041700316,0.93294893506304,1.005360474582335,1.0291689668839035,5.157592028854539,0.10281237482510909,9.89379150576418,1.0617667717627168,48.319319663853,3.005978559794999,0.18993742525381663,4.944135589840557,12.349713499175317,291.5047381658205,-1.062084942358208,True,True,True,True,True,True,True
17,9,1,199.99832041700316,0.93294893506304,1.005360474582335,1.0291689668839035,5.157592028854539,0.10352883526389195,9.959982733876947,1.1471264639598064,48.00452456680951,3.0019140121215675,0.1872828743605673,4.725764558564268,12.349713499175317,291.5047381658205,-0.4001726612305312,True,True,True,True,True,True,True
17,9,2,199.99832041700316,0.93294893506304,1.005360474582335,1.0291689668839035,5.157592028854539,0.10316353568358756,9.94086346778022,1.1471264639598064,48.00452456680951,3.0019140121215675,0.1872828743605673,4.725764558564268,12.349713499175317,291.5047381658205,-0.5913653221977988,True,True,True,True,True,True,True
17,9,3,199.99832041700316,0.93294893506304,1.005360474582335,1.0291689668839035,5.157592028854539,0.10243449254336305,9.956586057202763,1.1471264639598064,48.00452456680951,3.0019140121215675,0.1872828743605673,4.725764558564268,12.349713499175317,291.5047381658205,-0.4341394279723687,True,True,True,True,True,True,True
17,9,4,199.99832041700316,0.93294893506304,1.005360474582335,1.0291689668839035,5.157592028854539,0.10328610893437541,9.964991001071388,1.1471264639598064,48.00452456680951,3.0019140121215675,0.1872828743605673,4.725764558564268,12.349713499175317,291.5047381658205,-0.350089989286122,True,True,True,True,True,True,True
17,9,5,199.99832041700316,0.93294893506304,1.005360474582335,1.0291689668839035,5.157592028854539,0.10290314170576666,9.940686455929272,1.1471264639598064,48.00452456680951,3.0019140121215675,0.1872828743605673,4.725764558564268,12.349713499175317,291.5047381658205,-0.5931354407072753,True,True,True,True,True,True,True
17,10,1,199.99832041700316,0.93294893506304,1.005360474582335,1.0291689668839035,5.157592028854539,0.10196118407308985,9.860112371701993,1.10441307900666,47.36759987478243,2.9978203261165635,0.187958856805978,4.580023065334079,12.349713499175317,291.5047381658205,-1.3988762829800727,True,True,True,True,True,True,True
17,10,2,199.99832041700316,0.93294893506304,1.005360474582335,1.0291689668839035,5.157592028854539,0.10146777670158283,9.849886449304867,1.10441307900666,47.36759987478243,2.9978203261165635,0.187958856805978,4.580023065334079,12.349713499175317,291.5047381658205,-1.5011355069513321,True,True,True,True,True,True,True
17,10,3,199.99832041700316,0.93294893506304,1.005360474582335,1.0291689668839035,5.157592028854539,0.10203020920261184,9.86936130433296,1.10441307900666,47.36759987478243,2.9978203261165635,0.187958856805978,4.580023065334079,12.349713499175317,291.5047381658205,-1.3063869566703978,True,True,True,True,True,True,True
17,10,4,199.99832041700316,0.93294893506304,1.005360474582335,1.0291689668839035,5.157592028854539,0.1015398677492789,9.885406366382107,1.10441307900666,47.36759987478243,2.9978203261165635,0.187958856805978,4.580023065334079,12.349713499175317,291.5047381658205,-1.1459363361789343,True,True,True,True,True,True,True
17,10,5,199.99832041700316,0.93294893506304,1.005360474582335,1.0291689668839035,5.157592028854539,0.10150414357734626,9.880954586172702,1.10441307900666,47.36759987478243,2.9978203261165635,0.187958856805978,4.580023065334079,12.349713499175317,291.5047381658205,-1.190454138272976,True,True,True,True,True,True,True
18,1,1,202.7393140203602,0.9659868692374082,1.019927182161876,0.9901527083977192,5.20132464547946,0.1010786070631983,9.952908634259988,0.9194157758564482,51.53056959103104,3.0169652659799917,0.20293929133224847,5.346968965256748,12.412729181518515,290.02485652873906,-0.4709136574001249,True,True,True,True,True,True,True
18,1,2,202.7393140203602,0.9659868692374082,1.019927182161876,0.9901527083977192,5.20132464547946,0.10079239457982532,9.952450606462094,0.9194157758564482,51.53056959103104,3.0169652659799917,0.20293929133224847,5.346968965256748,12.412729181518515,290.02485652873906,-0.47549393537906326,True,True,True,True,True,True,True
18,1,3,202.7393140203602,0.9659868692374082,1.019927182161876,0.9901527083977192,5.20132464547946,0.10074518061848554,9.938999379994302,0.9194157758564482,51.53056959103104,3.0169652659799917,0.20293929133224847,5.346968965256748,12.412729181518515,290.02485652873906,-0.6100062000569828,True,True,True,True,True,True,True
18,1,4,202.7393140203602,0.9659868692374082,1.019927182161876,0.9901527083977192,5.20132464547946,0.10109248453837824,9.922663190757465,0.9194157758564482,51.53056959103104,3.0169652659799917,0.20293929133224847,5.346968965256748,12.412729181518515,290.02485652873906,-0.7733680924253505,True,True,True,True,True,True,True
18,1,5,202.7393140203602,0.9659868692374082,1.019927182161876,0.9901527083977192,5.20132464547946,0.10119871558024009,9.944050709611625,0.9194157758564482,51.53056959103104,3.0169652659799917,0.20293929133224847,5.346968965256748,12.412729181518515,290.02485652873906,-0.5594929038837471,True,True,True,True,True,True,True
18,2,1,202.7393140203602,0.9659868692374082,1.019927182161876,0.9901527083977192,5.20132464547946,0.10088019208191615,9.944929929838514,0.9749194216069261,52.300860519443745,3.0178541232403453,0.1971144108746963,5.09660053423158,12.412729181518515,290.02485652873906,-0.5507007016148613,True,True,True,True,True,True,True
18,2,2,202.7393140203602,0.9659868692374082,1.019927182161876,0.9901527083977192,5.20132464547946,0.100894015757449,9.935741291933482,0.9749194216069261,52.300860519443745,3.0178541232403453,0.1971144108746963,5.09660053423158,12.412729181518515,290.02485652873906,-0.6425870806651801,True,True,True,True,True,True,True
18,2,3,202.7393140203602,0.9659868692374082,1.019927182161876,0.9901527083977192,5.20132464547946,0.10074361770380716,9.927122625041978,0.9749194216069261,52.300860519443745,3.0178541232403453,0.1971144108746963,5.09660053423158,12.412729181518515,290.02485652873906,-0.7287737495802205,True,True,True,True,True,True,True
18,2,4,202.7393140203602,0.9659868692374082,1.019927182161876,0.9901527083977192,5.20132464547946,0.10140080206275383,9.9538320182091,0.9749194216069261,52.300860519443745,3.0178541232403453,0.1971144108746963,5.09660053423158,12.412729181518515,290.02485652873906,-0.46167981790899754,True,True,True,True,True,True,True
18,2,5,202.7393140203602,0.9659868692374082,1.019927182161876,0.9901527083977192,5.20132464547946,0.10167275529592096,9.942977949413141,0.9749194216069261,52.300860519443745,3.0178541232403453,0.1971144108746963,5.09660053423158,12.412729181518515,290.02485652873906,-0.5702205058685905,True,True,True,True,True,True,True
18,3,1,202.7393140203602,0.9659868692374082,1.019927182161876,0.9901527083977192,5.20132464547946,0.10384540697950251,9.911393558421663,0.9513950391757028,52.598736967427236,3.0138007766945325,0.20040982076293629,5.190198468583518,12.412729181518515,290.02485652873906,-0.8860644157833697,True,True,True,True,True,True,True
18,3,2,202.7393140203602,0.9659868692374082,1.019927182161876,0.9901527083977192,5.20132464547946,0.10339353664120028,9.916643514831094,0.9513950391757028,52.598736967427236,3.0138007766945325,0.20040982076293629,5.190198468583518,12.412729181518515,290.02485652873906,-0.8335648516890615,True,True,True,True,True,True,True
18,3,3,202.7393140203602,0.9659868692374082,1.019927182161876,0.9901527083977192,5.20132464547946,0.10343794074773234,9.899570992711022,0.9513950391757028,52.598736967427236,3.0138007766945325,0.20040982076293629,5.190198468583518,12.412729181518515,290.02485652873906,-1.0042900728897841,True,True,True,True,True,True,True
18,3,4,202.7393140203602,0.9659868692374082,1.019927182161876,0.9901527083977192,5.20132464547946,0.10312991910656603,9.911094517830207,0.9513950391757028,52.598736967427236,3.0138007766945325,0.20040982076293629,5.190198468583518,12.412729181518515,290.02485652873906,-0.8890548216979256,True,True,True,True,True,True,True
18,3,5,202.7393140203602,0.9659868692374082,1.019927182161876,0.9901527083977192,5.20132464547946,0.10411392003929423,9.901541565102004,0.9513950391757028,52.598736967427236,3.0138007766945325,0.20040982076293629,5.190198468583518,12.412729181518515,290.02485652873906,-0.9845843489799577,True,True,True,True,True,True,True
18,4,1,202.7393140203602,0.9659868692374082,1.019927182161876,0.9901527083977192,5.20132464547946,0.09982352488970417,9.901291909153088,0.9372742778446223,52.29197577619501,3.0185230014273157,0.20095723364793133,5.158256379692182,12.412729181518515,290.02485652873906,-0.9870809084691244,True,True,True,True,True,True,True
18,4,2,202.7393140203602,0.9659868692374082,1.019927182161876,0.9901527083977192,5.20132464547946,0.0995354998617495,9.897854828977284,0.9372742778446223,52.29197577619501,3.0185230014273157,0.20095723364793133,5.158256379692182,12.412729181518515,290.02485652873906,-1.0214517102271614,True,True,True,True,True,True,True
18,4,3,202.7393140203602,0.9659868692374082,1.019927182161876,0.9901527083977192,5.20132464547946,0.09936487610027422,9.897235654114985,0.9372742778446223,52.29197577619501,3.0185230014273157,0.20095723364793133,5.158256379692182,12.412729181518515,290.02485652873906,-1.0276434588501537,True,True,True,True,True,True,True
18,4,4,202.7393140203602,0.9659868692374082,1.019927182161876,0.9901527083977192,5.20132464547946,0.09992797626694737,9.926699484065386,0.9372742778446223,52.29197577619501,3.0185230014273157,0.20095723364793133,5.158256379692182,12.412729181518515,290.02485652873906,-0.7330051593461384,True,True,True,True,True,True,True
18,4,5,202.7393140203602,0.9659868692374082,1.019927182161876,0.9901527083977192,5.20132464547946,0.099733186676461,9.92539802536286,0.9372742778446223,52.29197577619501,3.0185230014273157,0.20095723364793133,5.158256379692182,12.412729181518515,290.02485652873906,-0.7460197463714024,True,True,True,True,True,True,True
18,5,1,202.7393140203602,0.9659868692374082,1.019927182161876,0.9901527083977192,5.20132464547946,0.0992643333197098,9.919493595732689,0.9841135471779601,52.520663445676256,3.0189252142649794,0.20043291397990123,4.824036505846001,12.412729181518515,290.02485652873906,-0.8050640426731093,True,True,True,True,True,True,True
18,5,2,202.7393140203602,0.9659868692374082,1.019927182161876,0.9901527083977192,5.20132464547946,0.0996849769941173,9.950257959060357,0.9841135471779601,52.520663445676256,3.0189252142649794,0.20043291397990123,4.824036505846001,12.412729181518515,290.02485652873906,-0.49742040939642956,True,True,True,True,True,True,True
18,5,3,202.7393140203602,0.9659868692374082,1.019927182161876,0.9901527083977192,5.20132464547946,0.09918361975932422,9.921433707226452,0.9841135471779601,52.520663445676256,3.0189252142649794,0.20043291397990123,4.824036505846001,12.412729181518515,290.02485652873906,-0.78566292773548,True,True,True,True,True,True,True
18,5,4,202.7393140203602,0.9659868692374082,1.019927182161876,0.9901527083977192,5.20132464547946,0.09937075805148464,9.931048055598254,0.9841135471779601,52.520663445676256,3.0189252142649794,0.20043291397990123,4.824036505846001,12.412729181518515,290.02485652873906,-0.6895194440174635,True,True,True,True,True,True,True
18,5,5,202.7393140203602,0.9659868692374082,1.019927182161876,0.9901527083977192,5.20132464547946,0.09905133403972265,9.921521564897054,0.9841135471779601,52.520663445676256,3.0189252142649794,0.20043291397990123,4.824036505846001,12.412729181518515,290.02485652873906,-0.7847843510294615,True,True,True,True,True,True,True
18,6,1,202.7393140203602,0.9659868692374082,1.019927182161876,0.9901527083977192,5.20132464547946,0.10083050364514957,9.909472838851505,0.9228030914439947,52.22774010569945,3.0210824303449426,0.19538750487051484,4.980855598545968,12.412729181518515,290.02485652873906,-0.9052716114849525,True,True,True,True,True,True,True
18,6,2,202.7393140203602,0.9659868692374082,1.019927182161876,0.9901527083977192,5.20132464547946,0.10130503290655066,9.885749959263057,0.9228030914439947,52.22774010569945,3.0210824303449426,0.19538750487051484,4.980855598545968,12.412729181518515,290.02485652873906,-1.142500407369429,True,True,True,True,True,True,True
18,6,3,202.7393140203602,0.9659868692374082,1.019927182161876,0.9901527083977192,5.20132464547946,0.10128733266982039,9.8897195520156,0.9228030914439947,52.22774010569945,3.0210824303449426,0.19538750487051484,4.980855598545968,12.412729181518515,290.02485652873906,-1.1028044798439929,True,True,True,True,True,True,True
18,6,4,202.7393140203602,0.9659868692374082,1.019927182161876,0.9901527083977192,5.20132464547946,0.10085313076638577,9.900630463585872,0.9228030914439947,52.22774010569945,3.0210824303449426,0.19538750487051484,4.980855598545968,12.412729181518515,290.02485652873906,-0.9936953641412848,True,True,True,True,True,True,True
18,6,5,202.7393140203602,0.9659868692374082,1.019927182161876,0.9901527083977192,5.20132464547946,0.10105211901641253,9.901383295469302,0.9228030914439947,52.22774010569945,3.0210824303449426,0.19538750487051484,4.980855598545968,12.412729181518515,290.02485652873906,-0.9861670453069848,True,True,True,True,True,True,True
18,7,1,202.7393140203602,0.9659868692374082,1.019927182161876,0.9901527083977192,5.20132464547946,0.10005322714089683,9.956055550901468,0.959457103640048,52.282027936066584,3.019310406972432,0.19621730649942284,5.226632879064376,12.412729181518515,290.02485652873906,-0.43944449098532345,True,True,True,True,True,True,True
18,7,2,202.7393140203602,0.9659868692374082,1.019927182161876,0.9901527083977192,5.20132464547946,0.10111853258722603,9.96712791083624,0.959457103640048,52.282027936066584,3.019310406972432,0.19621730649942284,5.226632879064376,12.412729181518515,290.02485652873906,-0.32872089163760165,True,True,True,True,True,True,True
18,7,3,202.7393140203602,0.9659868692374082,1.019927182161876,0.9901527083977192,5.20132464547946,0.10087640009315466,9.964047240008968,0.959457103640048,52.282027936066584,3.019310406972432,0.19621730649942284,5.226632879064376,12.412729181518515,290.02485652873906,-0.3595275999103187,True,True,True,True,True,True,True
18,7,4,202.7393140203602,0.9659868692374082,1.019927182161876,0.9901527083977192,5.20132464547946,0.09994985318706516,9.950370278296228,0.959457103640048,52.282027936066584,3.019310406972432,0.19621730649942284,5.226632879064376,12.412729181518515,290.02485652873906,-0.4962972170377178,True,True,True,True,True,True,True
18,7,5,202.7393140203602,0.9659868692374082,1.019927182161876,0.9901527083977192,5.20132464547946,0.10052482927614703,9.921575228428498,0.959457103640048,52.282027936066584,3.019310406972432,0.19621730649942284,5.226632879064376,12.412729181518515,290.02485652873906,-0.7842477157150186,True,True,True,True,True,True,True
18,8,1,202.7393140203602,0.9659868692374082,1.019927182161876,0.9901527083977192,5.20132464547946,0.10041624842676633,9.885133851294635,0.9563385211175391,52.95912890353251,3.0085258785304227,0.19794621122191422,5.325651841689503,12.412729181518515,290.02485652873906,-1.148661487053655,True,True,True,True,True,True,True
18,8,2,202.7393140203602,0.9659868692374082,1.019927182161876,0.9901527083977192,5.20132464547946,0.10031905819857183,9.893904609597584,0.9563385211175391,52.95912890353251,3.0085258785304227,0.19794621122191422,5.325651841689503,12.412729181518515,290.02485652873906,-1.06095390402416,True,True,True,True,True,True,True
18,8,3,202.7393140203602,0.9659868692374082,1.019927182161876,0.9901527083977192,5.20132464547946,0.10037770460071234,9.917400793979393,0.9563385211175391,52.95912890353251,3.0085258785304227,0.19794621122191422,5.325651841689503,12.412729181518515,290.02485652873906,-0.8259920602060689,True,True,True,True,True,True,True
18,8,4,202.7393140203602,0.9659868692374082,1.019927182161876,0.9901527083977192,5.20132464547946,0.09980984201059445,9.914606189079127,0.9563385211175391,52.95912890353251,3.0085258785304227,0.19794621122191422,5.325651841689503,12.412729181518515,290.02485652873906,-0.853938109208734,True,True,True,True,True,True,True
18,8,5,202.7393140203602,0.9659868692374082,1.019927182161876,0.9901527083977192,5.20132464547946,0.09989951213622639,9.917643354180425,0.9563385211175391,52.95912890353251,3.0085258785304227,0.19794621122191422,5.325651841689503,12.412729181518515,290.02485652873906,-0.8235664581957458,True,True,True,True,True,True,True
18,9,1,202.7393140203602,0.9659868692374082,1.019927182161876,0.9901527083977192,5.20132464547946,0.10143839109516384,9.929208657054224,0.9727745984026869,52.68050029173141,3.0115706163716096,0.19524324184586822,5.197578028323044,12.412729181518515,290.02485652873906,-0.7079134294577649,True,True,True,True,True,True,True
18,9,2,202.7393140203602,0.9659868692374082,1.019927182161876,0.9901527083977192,5.20132464547946,0.10067202873467342,9.925775584629656,0.9727745984026869,52.68050029173141,3.0115706163716096,0.19524324184586822,5.197578028323044,12.412729181518515,290.02485652873906,-0.7422441537034352,True,True,True,True,True,True,True
18,9,3,202.7393140203602,0.9659868692374082,1.019927182161876,0.9901527083977192,5.20132464547946,0.10098246685997816,9.940826987767727,0.9727745984026869,52.68050029173141,3.0115706163716096,0.19524324184586822,5.197578028323044,12.412729181518515,290.02485652873906,-0.5917301223227334,True,True,True,True,True,True,True
18,9,4,202.7393140203602,0.9659868692374082,1.019927182161876,0.9901527083977192,5.20132464547946,0.10089934021433264,9.931533958963406,0.9727745984026869,52.68050029173141,3.0115706163716096,0.19524324184586822,5.197578028323044,12.412729181518515,290.02485652873906,-0.684660410365936,True,True,True,True,True,True,True
18,9,5,202.7393140203602,0.9659868692374082,1.019927182161876,0.9901527083977192,5.20132464547946,0.10083060859562154,9.95092474037574,0.9727745984026869,52.68050029173141,3.0115706163716096,0.19524324184586822,5.197578028323044,12.412729181518515,290.02485652873906,-0.4907525962426007,True,True,True,True,True,True,True
18,10,1,202.7393140203602,0.9659868692374082,1.019927182161876,0.9901527083977192,5.20132464547946,0.10096126129529112,9.867813160081873,0.9254554518239907,52.67406314425882,3.023849218651571,0.19782145760067424,5.101710632268738,12.412729181518515,290.02485652873906,-1.3218683991812696,True,True,True,True,True,True,True
18,10,2,202.7393140203602,0.9659868692374082,1.019927182161876,0.9901527083977192,5.20132464547946,0.10072739077471346,9.90402531238593,0.9254554518239907,52.67406314425882,3.023849218651571,0.19782145760067424,5.101710632268738,12.412729181518515,290.02485652873906,-0.9597468761407056,True,True,True,True,True,True,True
18,10,3,202.7393140203602,0.9659868692374082,1.019927182161876,0.9901527083977192,5.20132464547946,0.10087506695094942,9.92475168205457,0.9254554518239907,52.67406314425882,3.023849218651571,0.19782145760067424,5.101710632268738,12.412729181518515,290.02485652873906,-0.7524831794543019,True,True,True,True,True,True,True
18,10,4,202.7393140203602,0.9659868692374082,1.019927182161876,0.9901527083977192,5.20132464547946,0.10085978219299985,9.906040214308845,0.9254554518239907,52.67406314425882,3.023849218651571,0.19782145760067424,5.101710632268738,12.412729181518515,290.02485652873906,-0.9395978569115471,True,True,True,True,True,True,True
18,10,5,202.7393140203602,0.9659868692374082,1.019927182161876,0.9901527083977192,5.20132464547946,0.10063334412341349,9.880188398158525,0.9254554518239907,52.67406314425882,3.023849218651571,0.19782145760067424,5.101710632268738,12.412729181518515,290.02485652873906,-1.1981160184147477,True,True,True,True,True,True,True
19,1,1,201.44164022918034,0.9367014805936008,0.9885052697557645,0.9940041991556535,5.174362186729157,0.10046276887410252,9.95254947716502,1.0978467873769546,48.05579671821686,3.0126627549033818,0.18807308805875583,5.407516084131212,12.331233842369732,291.9415888157528,-0.4745052283498019,True,True,True,True,True,True,True
19,1,2,201.44164022918034,0.9367014805936008,0.9885052697557645,0.9940041991556535,5.174362186729157,0.10019768756178175,9.942387993029653,1.0978467873769546,48.05579671821686,3.0126627549033818,0.18807308805875583,5.407516084131212,12.331233842369732,291.9415888157528,-0.5761200697034674,True,True,True,True,True,True,True
19,1,3,201.44164022918034,0.9367014805936008,0.9885052697557645,0.9940041991556535,5.174362186729157,0.10049517837840165,9.945556879670882,1.0978467873769546,48.05579671821686,3.0126627549033818,0.18807308805875583,5.407516084131212,12.331233842369732,291.9415888157528,-0.5444312032911824,True,True,True,True,True,True,True
19,1,4,201.44164022918034,0.9367014805936008,0.9885052697557645,0.9940041991556535,5.174362186729157,0.100611928382031,9.974048277973237,1.0978467873769546,48.05579671821686,3.0126627549033818,0.18807308805875583,5.407516084131212,12.331233842369732,291.9415888157528,-0.2595172202676288,True,True,True,True,True,True,True
19,1,5,201.44164022918034,0.9367014805936008,0.9885052697557645,0.9940041991556535,5.174362186729157,0.10125665591394963,9.957853493446935,1.0978467873769546,48.05579671821686,3.0126627549033818,0.18807308805875583,5.407516084131212,12.331233842369732,291.9415888157528,-0.42146506553065066,True,True,True,True,True,True,True
19,2,1,201.44164022918034,0.9367014805936008,0.9885052697557645,0.9940041991556535,5.174362186729157,0.10158208748493622,9.968231118669575,1.1254815479988936,46.76948656090839,3.0129169888739162,0.18489271974069285,5.6800528467990326,12.331233842369732,291.9415888157528,-0.317688813304251,True,True,True,True,True,True,True
19,2,2,201.44164022918034,0.9367014805936008,0.9885052697557645,0.9940041991556535,5.174362186729157,0.10179956567890516,9.987100365397636,1.1254815479988936,46.76948656090839,3.0129169888739162,0.18489271974069285,5.6800528467990326,12.331233842369732,291.9415888157528,-0.1289963460236443,True,True,True,True,True,True,True
19,2,3,201.44164022918034,0.9367014805936008,0.9885052697557645,0.9940041991556535,5.174362186729157,0.10133962192823046,9.968417377266071,1.1254815479988936,46.76948656090839,3.0129169888739162,0.18489271974069285,5.6800528467990326,12.331233842369732,291.9415888157528,-0.31582622733928645,True,True,True,True,True,True,True
19,2,4,201.44164022918034,0.9367014805936008,0.9885052697557645,0.9940041991556535,5.174362186729157,0.10177278781156689,9.98781557514005,1.1254815479988936,46.76948656090839,3.0129169888739162,0.18489271974069285,5.6800528467990326,12.331233842369732,291.9415888157528,-0.12184424859949416,True,True,True,True,True,True,True
19,2,5,201.44164022918034,0.9367014805936008,0.9885052697557645,0.9940041991556535,5.174362186729157,0.10144667427562144,9.946812532446016,1.1254815479988936,46.76948656090839,3.0129169888739162,0.18489271974069285,5.6800528467990326,12.331233842369732,291.9415888157528,-0.5318746755398429,True,True,True,True,True,True,True
19,3,1,201.44164022918034,0.9367014805936008,0.9885052697557645,0.9940041991556535,5.174362186729157,0.1017816667779334,9.956466253933383,1.1316641406174373,48.06235853967212,3.0180627347128044,0.18660363794790433,5.387394246222384,12.331233842369732,291.9415888157528,-0.43533746066616535,True,True,True,True,True,True,True
19,3,2,201.44164022918034,0.9367014805936008,0.9885052697557645,0.9940041991556535,5.174362186729157,0.10121029755060834,9.95985156158925,1.1316641406174373,48.06235853967212,3.0180627347128044,0.18660363794790433,5.387394246222384,12.331233842369732,291.9415888157528,-0.40148438410749776,True,True,True,True,True,True,True
19,3,3,201.44164022918034,0.9367014805936008,0.9885052697557645,0.9940041991556535,5.174362186729157,0.10179283111786812,9.954431067373765,1.1316641406174373,48.06235853967212,3.0180627347128044,0.18660363794790433,5.387394246222384,12.331233842369732,291.9415888157528,-0.45568932626235176,True,True,True,True,True,True,True
19,3,4,201.44164022918034,0.9367014805936008,0.9885052697557645,0.9940041991556535,5.174362186729157,0.10170192228328791,9.956165865107245,1.1316641406174373,48.06235853967212,3.0180627347128044,0.18660363794790433,5.387394246222384,12.331233842369732,291.9415888157528,-0.43834134892755117,True,True,True,True,True,True,True
19,3,5,201.44164022918034,0.9367014805936008,0.9885052697557645,0.9940041991556535,5.174362186729157,0.10145228226582678,9.967660550502574,1.1316641406174373,48.06235853967212,3.0180627347128044,0.18660363794790433,5.387394246222384,12.331233842369732,291.9415888157528,-0.32339449497426287,True,True,True,True,True,True,True
19,4,1,201.44164022918034,0.9367014805936008,0.9885052697557645,0.9940041991556535,5.174362186729157,0.10092764715065229,9.910616434036017,1.1272845279342978,49.46600557798328,3.019047138251484,0.1820064362611633,5.485167668828978,12.331233842369732,291.9415888157528,-0.89383565963983,True,True,True,True,True,True,True
19,4,2,201.44164022918034,0.9367014805936008,0.9885052697557645,0.9940041991556535,5.174362186729157,0.10059925513163698,9.914816970508891,1.1272845279342978,49.46600557798328,3.019047138251484,0.1820064362611633,5.485167668828978,12.331233842369732,291.9415888157528,-0.8518302949110889,True,True,True,True,True,True,True
19,4,3,201.44164022918034,0.9367014805936008,0.9885052697557645,0.9940041991556535,5.174362186729157,0.10100046666450804,9.907767862272303,1.1272845279342978,49.46600557798328,3.019047138251484,0.1820064362611633,5.485167668828978,12.331233842369732,291.9415888157528,-0.922321377276969,True,True,True,True,True,True,True
19,4,4,201.44164022918034,0.9367014805936008,0.9885052697557645,0.9940041991556535,5.174362186729157,0.10063265436559138,9.919072433692008,1.1272845279342978,49.46600557798328,3.019047138251484,0.1820064362611633,5.485167668828978,12.331233842369732,291.9415888157528,-0.8092756630799159,True,True,True,True,True,True,True
19,4,5,201.44164022918034,0.9367014805936008,0.9885052697557645,0.9940041991556535,5.174362186729157,0.10006322451155321,9.9016736932049,1.1272845279342978,49.46600557798328,3.019047138251484,0.1820064362611633,5.485167668828978,12.331233842369732,291.9415888157528,-0.9832630679509967,True,True,True,True,True,True,True
19,5,1,201.44164022918034,0.9367014805936008,0.9885052697557645,0.9940041991556535,5.174362186729157,0.10087908042162487,9.923028653095392,1.0737735605242207,47.9440646887293,3.014856769895784,0.17963358590803702,5.584356422072253,12.331233842369732,291.9415888157528,-0.769713469046085,True,True,True,True,True,True,True
19,5,2,201.44164022918034,0.9367014805936008,0.9885052697557645,0.9940041991556535,5.174362186729157,0.100742375695427,9.917759225924238,1.0737735605242207,47.9440646887293,3.014856769895784,0.17963358590803702,5.584356422072253,12.331233842369732,291.9415888157528,-0.8224077407576225,True,True,True,True,True,True,True
19,5,3,201.44164022918034,0.9367014805936008,0.9885052697557645,0.9940041991556535,5.174362186729157,0.10082430429935281,9.93264496736497,1.0737735605242207,47.9440646887293,3.014856769895784,0.17963358590803702,5.584356422072253,12.331233842369732,291.9415888157528,-0.6735503263502984,True,True,True,True,True,True,True
19,5,4,201.44164022918034,0.9367014805936008,0.9885052697557645,0.9940041991556535,5.174362186729157,0.10065682448136128,9.938724251411804,1.0737735605242207,47.9440646887293,3.014856769895784,0.17963358590803702,5.584356422072253,12.331233842369732,291.9415888157528,-0.6127574858819607,True,True,True,True,True,True,True
19,5,5,201.44164022918034,0.9367014805936008,0.9885052697557645,0.9940041991556535,5.174362186729157,0.1002902113448294,9.91396700401107,1.0737735605242207,47.9440646887293,3.014856769895784,0.17963358590803702,5.584356422072253,12.331233842369732,291.9415888157528,-0.860329959889299,True,True,True,True,True,True,True
19,6,1,201.44164022918034,0.9367014805936008,0.9885052697557645,0.9940041991556535,5.174362186729157,0.10124374715674826,9.941354716021522,1.0861136573532706,48.40366446907611,3.013740392459952,0.18351618936643133,5.475040276808182,12.331233842369732,291.9415888157528,-0.5864528397847835,True,True,True,True,True,True,True
19,6,2,201.44164022918034,0.9367014805936008,0.9885052697557645,0.9940041991556535,5.174362186729157,0.10094560893909987,9.965988790989398,1.0861136573532706,48.40366446907611,3.013740392459952,0.18351618936643133,5.475040276808182,12.331233842369732,291.9415888157528,-0.3401120901060217,True,True,True,True,True,True,True
19,6,3,201.44164022918034,0.9367014805936008,0.9885052697557645,0.9940041991556535,5.174362186729157,0.10127411892514672,9.93689248249874,1.0861136573532706,48.40366446907611,3.013740392459952,0.18351618936643133,5.475040276808182,12.331233842369732,291.9415888157528,-0.6310751750126009,True,True,True,True,True,True,True
19,6,4,201.44164022918034,0.9367014805936008,0.9885052697557645,0.9940041991556535,5.174362186729157,0.1009960962973043,9.937638661940312,1.0861136573532706,48.40366446907611,3.013740392459952,0.18351618936643133,5.475040276808182,12.331233842369732,291.9415888157528,-0.6236133805968791,True,True,True,True,True,True,True
19,6,5,201.44164022918034,0.9367014805936008,0.9885052697557645,0.9940041991556535,5.174362186729157,0.10099303137338499,9.914893079125031,1.0861136573532706,48.40366446907611,3.013740392459952,0.18351618936643133,5.475040276808182,12.331233842369732,291.9415888157528,-0.8510692087496885,True,True,True,True,True,True,True
19,7,1,201.44164022918034,0.9367014805936008,0.9885052697557645,0.9940041991556535,5.174362186729157,0.09921414750471177,9.919485348804782,1.0804907305191265,46.73136081773019,3.018055429782475,0.18821450305301274,5.33645114744771,12.331233842369732,291.9415888157528,-0.8051465119521771,True,True,True,True,True,True,True
19,7,2,201.44164022918034,0.9367014805936008,0.9885052697557645,0.9940041991556535,5.174362186729157,0.09989131487355624,9.916000592847443,1.0804907305191265,46.73136081773019,3.018055429782475,0.18821450305301274,5.33645114744771,12.331233842369732,291.9415888157528,-0.8399940715255738,True,True,True,True,True,True,True
19,7,3,201.44164022918034,0.9367014805936008,0.9885052697557645,0.9940041991556535,5.174362186729157,0.09955770617883813,9.935638094011797,1.0804907305191265,46.73136081773019,3.018055429782475,0.18821450305301274,5.33645114744771,12.331233842369732,291.9415888157528,-0.6436190598820346,True,True,True,True,True,True,True
19,7,4,201.44164022918034,0.9367014805936008,0.9885052697557645,0.9940041991556535,5.174362186729157,0.0993169127268915,9.939015761813152,1.0804907305191265,46.73136081773019,3.018055429782475,0.18821450305301274,5.33645114744771,12.331233842369732,291.9415888157528,-0.6098423818684751,True,True,True,True,True,True,True
19,7,5,201.44164022918034,0.9367014805936008,0.9885052697557645,0.9940041991556535,5.174362186729157,0.0999845188630369,9.904787874370077,1.0804907305191265,46.73136081773019,3.018055429782475,0.18821450305301274,5.33645114744771,12.331233842369732,291.9415888157528,-0.9521212562992255,True,True,True,True,True,True,True
19,8,1,201.44164022918034,0.9367014805936008,0.9885052697557645,0.9940041991556535,5.174362186729157,0.10156731101304053,9.988740151096115,1.1031508241732237,45.58326879197443,3.0050242617757927,0.18679945615145746,5.4573305106925725,12.331233842369732,291.9415888157528,-0.11259848903884874,True,True,True,True,True,True,True
19,8,2,201.44164022918034,0.9367014805936008,0.9885052697557645,0.9940041991556535,5.174362186729157,0.1018309759993536,10.007064422929437,1.1031508241732237,45.58326879197443,3.0050242617757927,0.18679945615145746,5.4573305106925725,12.331233842369732,291.9415888157528,0.07064422929436986,True,True,True,True,True,True,True
19,8,3,201.44164022918034,0.9367014805936008,0.9885052697557645,0.9940041991556535,5.174362186729157,0.10191616954929184,10.007386658532313,1.1031508241732237,45.58326879197443,3.0050242617757927,0.18679945615145746,5.4573305106925725,12.331233842369732,291.9415888157528,0.07386658532313461,True,True,True,True,True,True,True
19,8,4,201.44164022918034,0.9367014805936008,0.9885052697557645,0.9940041991556535,5.174362186729157,0.10151305074034932,10.005456505247494,1.1031508241732237,45.58326879197443,3.0050242617757927,0.18679945615145746,5.4573305106925725,12.331233842369732,291.9415888157528,0.05456505247494192,True,True,True,True,True,True,True
19,8,5,201.44164022918034,0.9367014805936008,0.9885052697557645,0.9940041991556535,5.174362186729157,0.10125411897477908,10.021309733209558,1.1031508241732237,45.58326879197443,3.0050242617757927,0.18679945615145746,5.4573305106925725,12.331233842369732,291.9415888157528,0.21309733209557538,True,True,True,True,True,True,True
19,9,1,201.44164022918034,0.9367014805936008,0.9885052697557645,0.9940041991556535,5.174362186729157,0.10135084265694444,10.060618607423194,1.1157859733543742,48.30354851246924,3.0245221794326684,0.1887887497757877,5.181164942095275,12.331233842369732,291.9415888157528,0.6061860742319425,True,True,True,True,True,True,True
19,9,2,201.44164022918034,0.9367014805936008,0.9885052697557645,0.9940041991556535,5.174362186729157,0.10106933543912536,10.041097103280183,1.1157859733543742,48.30354851246924,3.0245221794326684,0.1887887497757877,5.181164942095275,12.331233842369732,291.9415888157528,0.41097103280183234,True,True,True,True,True,True,True
19,9,3,201.44164022918034,0.9367014805936008,0.9885052697557645,0.9940041991556535,5.174362186729157,0.10125769934375768,10.04740762557612,1.1157859733543742,48.30354851246924,3.0245221794326684,0.1887887497757877,5.181164942095275,12.331233842369732,291.9415888157528,0.47407625576120443,True,True,True,True,True,True,True
19,9,4,201.44164022918034,0.9367014805936008,0.9885052697557645,0.9940041991556535,5.174362186729157,0.1013678819291697,10.040991908044093,1.1157859733543742,48.30354851246924,3.0245221794326684,0.1887887497757877,5.181164942095275,12.331233842369732,291.9415888157528,0.40991908044093245,True,True,True,True,True,True,True
19,9,5,201.44164022918034,0.9367014805936008,0.9885052697557645,0.9940041991556535,5.174362186729157,0.10204778972082162,10.068472632103703,1.1157859733543742,48.30354851246924,3.0245221794326684,0.1887887497757877,5.181164942095275,12.331233842369732,291.9415888157528,0.6847263210370258,True,True,True,True,True,True,True
19,10,1,201.44164022918034,0.9367014805936008,0.9885052697557645,0.9940041991556535,5.174362186729157,0.10119276130700508,9.948775915967378,1.0931578067787586,48.88445882999943,3.0134918977043434,0.18514721571683276,5.7533531377288,12.331233842369732,291.9415888157528,-0.5122408403262213,True,True,True,True,True,True,True
19,10,2,201.44164022918034,0.9367014805936008,0.9885052697557645,0.9940041991556535,5.174362186729157,0.10141534492087659,9.933198303529831,1.0931578067787586,48.88445882999943,3.0134918977043434,0.18514721571683276,5.7533531377288,12.331233842369732,291.9415888157528,-0.6680169647016854,True,True,True,True,True,True,True
19,10,3,201.44164022918034,0.9367014805936008,0.9885052697557645,0.9940041991556535,5.174362186729157,0.10142045542917957,9.985802814289737,1.0931578067787586,48.88445882999943,3.0134918977043434,0.18514721571683276,5.7533531377288,12.331233842369732,291.9415888157528,-0.14197185710262517,True,True,True,True,True,True,True
19,10,4,201.44164022918034,0.9367014805936008,0.9885052697557645,0.9940041991556535,5.174362186729157,0.10095025717648644,9.978647830144668,1.0931578067787586,48.88445882999943,3.0134918977043434,0.18514721571683276,5.7533531377288,12.331233842369732,291.9415888157528,-0.21352169855331837,True,True,True,True,True,True,True
19,10,5,201.44164022918034,0.9367014805936008,0.9885052697557645,0.9940041991556535,5.174362186729157,0.10092113984002882,9.96034508908122,1.0931578067787586,48.88445882999943,3.0134918977043434,0.18514721571683276,5.7533531377288,12.331233842369732,291.9415888157528,-0.39654910918779146,True,True,True,True,True,True,True
20,1,1,199.65835168162798,1.0231663443205752,1.0015273091965495,0.9788103846609817,4.868497089446224,0.09802707984021546,9.989435025048873,1.1979772351974078,54.63780824293543,2.965014746750869,0.21604298584808646,5.000668960300427,11.71733187274998,307.23717985424815,-0.10564974951126516,True,True,True,True,True,True,True
20,1,2,199.65835168162798,1.0231663443205752,1.0015273091965495,0.9788103846609817,4.868497089446224,0.09753601154440686,9.993050656715475,1.1979772351974078,54.63780824293543,2.965014746750869,0.21604298584808646,5.000668960300427,11.71733187274998,307.23717985424815,-0.069493432845249,True,True,True,True,True,True,True
20,1,3,199.65835168162798,1.0231663443205752,1.0015273091965495,0.9788103846609817,4.868497089446224,0.09797811835392142,10.006105498271088,1.1979772351974078,54.63780824293543,2.965014746750869,0.21604298584808646,5.000668960300427,11.71733187274998,307.23717985424815,0.061054982710881944,True,True,True,True,True,True,True
20,1,4,199.65835168162798,1.0231663443205752,1.0015273091965495,0.9788103846609817,4.868497089446224,0.09794799553792936,10.012411340556286,1.1979772351974078,54.63780824293543,2.965014746750869,0.21604298584808646,5.000668960300427,11.71733187274998,307.23717985424815,0.12411340556285565,True,True,True,True,True,True,True
20,1,5,199.65835168162798,1.0231663443205752,1.0015273091965495,0.9788103846609817,4.868497089446224,0.0979055653766267,10.008983845247789,1.1979772351974078,54.63780824293543,2.965014746750869,0.21604298584808646,5.000668960300427,11.71733187274998,307.23717985424815,0.08983845247788835,True,True,True,True,True,True,True
20,2,1,199.65835168162798,1.0231663443205752,1.0015273091965495,0.9788103846609817,4.868497089446224,0.09798732213421225,10.069027828959504,1.1579937712796113,52.875006438940915,2.9667836644687102,0.21336471593489223,5.521012558486625,11.71733187274998,307.23717985424815,0.6902782895950388,True,True,True,True,True,True,True
20,2,2,199.65835168162798,1.0231663443205752,1.0015273091965495,0.9788103846609817,4.868497089446224,0.09832365599950454,10.062436746560726,1.1579937712796113,52.875006438940915,2.9667836644687102,0.21336471593489223,5.521012558486625,11.71733187274998,307.23717985424815,0.6243674656072606,True,True,True,True,True,True,True
20,2,3,199.65835168162798,1.0231663443205752,1.0015273091965495,0.9788103846609817,4.868497089446224,0.09817826836598596,10.043825257644174,1.1579937712796113,52.875006438940915,2.9667836644687102,0.21336471593489223,5.521012558486625,11.71733187274998,307.23717985424815,0.4382525764417444,True,True,True,True,True,True,True
20,2,4,199.65835168162798,1.0231663443205752,1.0015273091965495,0.9788103846609817,4.868497089446224,0.09839650207079845,10.043643181576801,1.1579937712796113,52.875006438940915,2.9667836644687102,0.21336471593489223,5.521012558486625,11.71733187274998,307.23717985424815,0.4364318157680102,True,True,True,True,True,True,True
20,2,5,199.65835168162798,1.0231663443205752,1.0015273091965495,0.9788103846609817,4.868497089446224,0.09764271617616839,10.056896161332189,1.1579937712796113,52.875006438940915,2.9667836644687102,0.21336471593489223,5.521012558486625,11.71733187274998,307.23717985424815,0.5689616133218856,True,True,True,True,True,True,True
20,3,1,199.65835168162798,1.0231663443205752,1.0015273091965495,0.9788103846609817,4.868497089446224,0.09905905660030254,10.023181099546468,1.1596746318161324,54.53508976209571,2.974289616201505,0.21110089068320406,5.57990634108235,11.71733187274998,307.23717985424815,0.23181099546468073,True,True,True,True,True,True,True
20,3,2,199.65835168162798,1.0231663443205752,1.0015273091965495,0.9788103846609817,4.868497089446224,0.09935377071931546,10.06038813265428,1.1596746318161324,54.53508976209571,2.974289616201505,0.21110089068320406,5.57990634108235,11.71733187274998,307.23717985424815,0.6038813265428011,True,True,True,True,True,True,True
20,3,3,199.65835168162798,1.0231663443205752,1.0015273091965495,0.9788103846609817,4.868497089446224,0.09938068213859651,10.039593653053368,1.1596746318161324,54.53508976209571,2.974289616201505,0.21110089068320406,5.57990634108235,11.71733187274998,307.23717985424815,0.3959365305336781,True,True,True,True,True,True,True
20,3,4,199.65835168162798,1.0231663443205752,1.0015273091965495,0.9788103846609817,4.868497089446224,0.0992505173829285,10.04327563225028,1.1596746318161324,54.53508976209571,2.974289616201505,0.21110089068320406,5.57990634108235,11.71733187274998,307.23717985424815,0.43275632250280077,True,True,True,True,True,True,True
20,3,5,199.65835168162798,1.0231663443205752,1.0015273091965495,0.9788103846609817,4.868497089446224,0.09902853351002522,10.054076804618047,1.1596746318161324,54.53508976209571,2.974289616201505,0.21110089068320406,5.57990634108235,11.71733187274998,307.23717985424815,0.5407680461804709,True,True,True,True,True,True,True
20,4,1,199.65835168162798,1.0231663443205752,1.0015273091965495,0.9788103846609817,4.868497089446224,0.09764479037704535,10.01733209306104,1.117543461614526,53.166918975751344,2.9794012542481285,0.21536492932445356,5.178694375479285,11.71733187274998,307.23717985424815,0.17332093061039444,True,True,True,True,True,True,True
20,4,2,199.65835168162798,1.0231663443205752,1.0015273091965495,0.9788103846609817,4.868497089446224,0.09762241210663722,10.0640437697934,1.117543461614526,53.166918975751344,2.9794012542481285,0.21536492932445356,5.178694375479285,11.71733187274998,307.23717985424815,0.6404376979340043,True,True,True,True,True,True,True
20,4,3,199.65835168162798,1.0231663443205752,1.0015273091965495,0.9788103846609817,4.868497089446224,0.09778401877832413,10.060215511396372,1.117543461614526,53.166918975751344,2.9794012542481285,0.21536492932445356,5.178694375479285,11.71733187274998,307.23717985424815,0.6021551139637182,True,True,True,True,True,True,True
20,4,4,199.65835168162798,1.0231663443205752,1.0015273091965495,0.9788103846609817,4.868497089446224,0.09727772339428715,10.047628464271673,1.117543461614526,53.166918975751344,2.9794012542481285,0.21536492932445356,5.178694375479285,11.71733187274998,307.23717985424815,0.47628464271673115,True,True,True,True,True,True,True
20,4,5,199.65835168162798,1.0231663443205752,1.0015273091965495,0.9788103846609817,4.868497089446224,0.09757795993589645,10.054650899003938,1.117543461614526,53.166918975751344,2.9794012542481285,0.21536492932445356,5.178694375479285,11.71733187274998,307.23717985424815,0.5465089900393849,True,True,True,True,True,True,True
20,5,1,199.65835168162798,1.0231663443205752,1.0015273091965495,0.9788103846609817,4.868497089446224,0.09775856313201314,10.05551129917364,1.1704230432778309,54.43937768593827,2.97079005542993,0.21542439495995633,5.409931706822786,11.71733187274998,307.23717985424815,0.5551129917363973,True,True,True,True,True,True,True
20,5,2,199.65835168162798,1.0231663443205752,1.0015273091965495,0.9788103846609817,4.868497089446224,0.0970486586936605,10.081147836261101,1.1704230432778309,54.43937768593827,2.97079005542993,0.21542439495995633,5.409931706822786,11.71733187274998,307.23717985424815,0.8114783626110089,True,True,True,True,True,True,True
20,5,3,199.65835168162798,1.0231663443205752,1.0015273091965495,0.9788103846609817,4.868497089446224,0.0970541144607646,10.073893134265262,1.1704230432778309,54.43937768593827,2.97079005542993,0.21542439495995633,5.409931706822786,11.71733187274998,307.23717985424815,0.7389313426526201,True,True,True,True,True,True,True
20,5,4,199.65835168162798,1.0231663443205752,1.0015273091965495,0.9788103846609817,4.868497089446224,0.09758706094959464,10.047424452694134,1.1704230432778309,54.43937768593827,2.97079005542993,0.21542439495995633,5.409931706822786,11.71733187274998,307.23717985424815,0.4742445269413409,True,True,True,True,True,True,True
20,5,5,199.65835168162798,1.0231663443205752,1.0015273091965495,0.9788103846609817,4.868497089446224,0.09755497489124791,10.039582342866865,1.1704230432778309,54.43937768593827,2.97079005542993,0.21542439495995633,5.409931706822786,11.71733187274998,307.23717985424815,0.395823428668649,True,True,True,True,True,True,True
20,6,1,199.65835168162798,1.0231663443205752,1.0015273091965495,0.9788103846609817,4.868497089446224,0.0977080544752255,10.012804173360244,1.1774040994412323,54.668573543994896,2.9674285061286647,0.21636393620694805,5.492997520494048,11.71733187274998,307.23717985424815,0.1280417336024442,True,True,True,True,True,True,True
20,6,2,199.65835168162798,1.0231663443205752,1.0015273091965495,0.9788103846609817,4.868497089446224,0.09826199525977312,10.05248960441942,1.1774040994412323,54.668573543994896,2.9674285061286647,0.21636393620694805,5.492997520494048,11.71733187274998,307.23717985424815,0.5248960441942074,True,True,True,True,True,True,True
20,6,3,199.65835168162798,1.0231663443205752,1.0015273091965495,0.9788103846609817,4.868497089446224,0.09740191377384891,10.042499071441977,1.1774040994412323,54.668573543994896,2.9674285061286647,0.21636393620694805,5.492997520494048,11.71733187274998,307.23717985424815,0.42499071441977065,True,True,True,True,True,True,True
20,6,4,199.65835168162798,1.0231663443205752,1.0015273091965495,0.9788103846609817,4.868497089446224,0.09801427509145717,10.039087164945153,1.1774040994412323,54.668573543994896,2.9674285061286647,0.21636393620694805,5.492997520494048,11.71733187274998,307.23717985424815,0.39087164945152963,True,True,True,True,True,True,True
20,6,5,199.65835168162798,1.0231663443205752,1.0015273091965495,0.9788103846609817,4.868497089446224,0.09799450310690579,10.04262486188238,1.1774040994412323,54.668573543994896,2.9674285061286647,0.21636393620694805,5.492997520494048,11.71733187274998,307.23717985424815,0.4262486188238057,True,True,True,True,True,True,True
20,7,1,199.65835168162798,1.0231663443205752,1.0015273091965495,0.9788103846609817,4.868497089446224,0.09806382923849392,10.030092959261015,1.1468605379754129,52.18943921349914,2.973258430846376,0.21476891791165442,5.590157662107055,11.71733187274998,307.23717985424815,0.30092959261015295,True,True,True,True,True,True,True
20,7,2,199.65835168162798,1.0231663443205752,1.0015273091965495,0.9788103846609817,4.868497089446224,0.09789385927093278,10.081230005114039,1.1468605379754129,52.18943921349914,2.973258430846376,0.21476891791165442,5.590157662107055,11.71733187274998,307.23717985424815,0.8123000511403865,True,True,True,True,True,True,True
20,7,3,199.65835168162798,1.0231663443205752,1.0015273091965495,0.9788103846609817,4.868497089446224,0.09796302493852511,10.049327317498042,1.1468605379754129,52.18943921349914,2.973258430846376,0.21476891791165442,5.590157662107055,11.71733187274998,307.23717985424815,0.4932731749804198,True,True,True,True,True,True,True
20,7,4,199.65835168162798,1.0231663443205752,1.0015273091965495,0.9788103846609817,4.868497089446224,0.09756322990318944,10.080895209900728,1.1468605379754129,52.18943921349914,2.973258430846376,0.21476891791165442,5.590157662107055,11.71733187274998,307.23717985424815,0.8089520990072785,True,True,True,True,True,True,True
20,7,5,199.65835168162798,1.0231663443205752,1.0015273091965495,0.9788103846609817,4.868497089446224,0.09763042700501011,10.053320368792773,1.1468605379754129,52.18943921349914,2.973258430846376,0.21476891791165442,5.590157662107055,11.71733187274998,307.23717985424815,0.5332036879277346,True,True,True,True,True,True,True
20,8,1,199.65835168162798,1.0231663443205752,1.0015273091965495,0.9788103846609817,4.868497089446224,0.09771724108215038,10.016413580888305,1.2055312601009402,55.888365332689375,2.973800932735943,0.21308097521162742,6.013432016119604,11.71733187274998,307.23717985424815,0.1641358088830458,True,True,True,True,True,True,True
20,8,2,199.65835168162798,1.0231663443205752,1.0015273091965495,0.9788103846609817,4.868497089446224,0.09830740932723171,9.996156587780538,1.2055312601009402,55.888365332689375,2.973800932735943,0.21308097521162742,6.013432016119604,11.71733187274998,307.23717985424815,-0.03843412219461939,True,True,True,True,True,True,True
20,8,3,199.65835168162798,1.0231663443205752,1.0015273091965495,0.9788103846609817,4.868497089446224,0.09861392351729323,10.037398405343541,1.2055312601009402,55.888365332689375,2.973800932735943,0.21308097521162742,6.013432016119604,11.71733187274998,307.23717985424815,0.3739840534354144,True,True,True,True,True,True,True
20,8,4,199.65835168162798,1.0231663443205752,1.0015273091965495,0.9788103846609817,4.868497089446224,0.09832603309870203,10.001951088539041,1.2055312601009402,55.888365332689375,2.973800932735943,0.21308097521162742,6.013432016119604,11.71733187274998,307.23717985424815,0.019510885390410238,True,True,True,True,True,True,True
20,8,5,199.65835168162798,1.0231663443205752,1.0015273091965495,0.9788103846609817,4.868497089446224,0.09813041192149834,10.023895982898106,1.2055312601009402,55.888365332689375,2.973800932735943,0.21308097521162742,6.013432016119604,11.71733187274998,307.23717985424815,0.23895982898105572,True,True,True,True,True,True,True
20,9,1,199.65835168162798,1.0231663443205752,1.0015273091965495,0.9788103846609817,4.868497089446224,0.098546901202389,9.982744038901128,1.1887070653924885,54.04846469721442,2.974785785451115,0.2119142734775711,5.341460432635508,11.71733187274998,307.23717985424815,-0.17255961098872064,True,True,True,True,True,True,True
20,9,2,199.65835168162798,1.0231663443205752,1.0015273091965495,0.9788103846609817,4.868497089446224,0.09946019764515085,10.002601588350142,1.1887070653924885,54.04846469721442,2.974785785451115,0.2119142734775711,5.341460432635508,11.71733187274998,307.23717985424815,0.026015883501422365,True,True,True,True,True,True,True
20,9,3,199.65835168162798,1.0231663443205752,1.0015273091965495,0.9788103846609817,4.868497089446224,0.09920718046567953,9.979179225496406,1.1887070653924885,54.04846469721442,2.974785785451115,0.2119142734775711,5.341460432635508,11.71733187274998,307.23717985424815,-0.20820774503594205,True,True,True,True,True,True,True
20,9,4,199.65835168162798,1.0231663443205752,1.0015273091965495,0.9788103846609817,4.868497089446224,0.09920120174952039,9.985709539965127,1.1887070653924885,54.04846469721442,2.974785785451115,0.2119142734775711,5.341460432635508,11.71733187274998,307.23717985424815,-0.1429046003487322,True,True,True,True,True,True,True
20,9,5,199.65835168162798,1.0231663443205752,1.0015273091965495,0.9788103846609817,4.868497089446224,0.09883769201406979,9.980284588157899,1.1887070653924885,54.04846469721442,2.974785785451115,0.2119142734775711,5.341460432635508,11.71733187274998,307.23717985424815,-0.1971541184210146,True,True,True,True,True,True,True
20,10,1,199.65835168162798,1.0231663443205752,1.0015273091965495,0.9788103846609817,4.868497089446224,0.09823433783832464,10.081983052248276,1.2257748313781378,54.13368469679478,2.966929831811057,0.2178915820100057,5.606173872071711,11.71733187274998,307.23717985424815,0.8198305224827608,True,True,True,True,True,True,True
20,10,2,199.65835168162798,1.0231663443205752,1.0015273091965495,0.9788103846609817,4.868497089446224,0.09783898164196868,10.061141074853891,1.2257748313781378,54.13368469679478,2.966929831811057,0.2178915820100057,5.606173872071711,11.71733187274998,307.23717985424815,0.611410748538912,True,True,True,True,True,True,True
20,10,3,199.65835168162798,1.0231663443205752,1.0015273091965495,0.9788103846609817,4.868497089446224,0.09748993367358957,10.068412537024724,1.2257748313781378,54.13368469679478,2.966929831811057,0.2178915820100057,5.606173872071711,11.71733187274998,307.23717985424815,0.6841253702472372,True,True,True,True,True,True,True
20,10,4,199.65835168162798,1.0231663443205752,1.0015273091965495,0.9788103846609817,4.868497089446224,0.0982780714720273,10.067020618949044,1.2257748313781378,54.13368469679478,2.966929831811057,0.2178915820100057,5.606173872071711,11.71733187274998,307.23717985424815,0.6702061894904432,True,True,True,True,True,True,True
20,10,5,199.65835168162798,1.0231663443205752,1.0015273091965495,0.9788103846609817,4.868497089446224,0.09747333923631075,10.074587893529333,1.2257748313781378,54.13368469679478,2.966929831811057,0.2178915820100057,5.606173872071711,11.71733187274998,307.23717985424815,0.7458789352933337,True,True,True,True,True,True,True
21,1,1,197.6662408825026,1.049943281762448,0.9986452148461731,0.9902888469144757,4.9726008235103,0.09836377856795694,10.139801524884604,0.9872544969806767,54.45013906039798,2.9996105221361318,0.220041623820403,4.942303737801305,11.934135708781248,301.6556948779363,1.3980152488460362,True,True,True,True,True,True,True
21,1,2,197.6662408825026,1.049943281762448,0.9986452148461731,0.9902888469144757,4.9726008235103,0.09823047101162632,10.145856971846598,0.9872544969806767,54.45013906039798,2.9996105221361318,0.220041623820403,4.942303737801305,11.934135708781248,301.6556948779363,1.4585697184659807,True,True,True,True,True,True,True
21,1,3,197.6662408825026,1.049943281762448,0.9986452148461731,0.9902888469144757,4.9726008235103,0.09830866002983378,10.144523174022295,0.9872544969806767,54.45013906039798,2.9996105221361318,0.220041623820403,4.942303737801305,11.934135708781248,301.6556948779363,1.4452317402229475,True,True,True,True,True,True,True
21,1,4,197.6662408825026,1.049943281762448,0.9986452148461731,0.9902888469144757,4.9726008235103,0.09836217849127173,10.115675135995868,0.9872544969806767,54.45013906039798,2.9996105221361318,0.220041623820403,4.942303737801305,11.934135708781248,301.6556948779363,1.1567513599586832,True,True,True,True,True,True,True
21,1,5,197.6662408825026,1.049943281762448,0.9986452148461731,0.9902888469144757,4.9726008235103,0.09783899707666,10.122996844446693,0.9872544969806767,54.45013906039798,2.9996105221361318,0.220041623820403,4.942303737801305,11.934135708781248,301.6556948779363,1.2299684444669268,True,True,True,True,True,True,True
21,2,1,197.6662408825026,1.049943281762448,0.9986452148461731,0.9902888469144757,4.9726008235103,0.09835759735148067,10.102107071452867,0.9843567062562548,54.66937529023496,2.991111830612007,0.21021226896196202,5.53318337881575,11.934135708781248,301.6556948779363,1.021070714528669,True,True,True,True,True,True,True
21,2,2,197.6662408825026,1.049943281762448,0.9986452148461731,0.9902888469144757,4.9726008235103,0.09819824686391994,10.107574906822991,0.9843567062562548,54.66937529023496,2.991111830612007,0.21021226896196202,5.53318337881575,11.934135708781248,301.6556948779363,1.0757490682299142,True,True,True,True,True,True,True
21,2,3,197.6662408825026,1.049943281762448,0.9986452148461731,0.9902888469144757,4.9726008235103,0.09834280738852556,10.108389660124175,0.9843567062562548,54.66937529023496,2.991111830612007,0.21021226896196202,5.53318337881575,11.934135708781248,301.6556948779363,1.0838966012417472,True,True,True,True,True,True,True
21,2,4,197.6662408825026,1.049943281762448,0.9986452148461731,0.9902888469144757,4.9726008235103,0.0980398581100464,10.120076380577055,0.9843567062562548,54.66937529023496,2.991111830612007,0.21021226896196202,5.53318337881575,11.934135708781248,301.6556948779363,1.2007638057705528,True,True,True,True,True,True,True
21,2,5,197.6662408825026,1.049943281762448,0.9986452148461731,0.9902888469144757,4.9726008235103,0.09825467730138741,10.102062096541674,0.9843567062562548,54.66937529023496,2.991111830612007,0.21021226896196202,5.53318337881575,11.934135708781248,301.6556948779363,1.020620965416743,True,True,True,True,True,True,True
21,3,1,197.6662408825026,1.049943281762448,0.9986452148461731,0.9902888469144757,4.9726008235103,0.09851086105905149,10.057064729708742,1.0473503122642245,55.45237463447728,3.0043665151511805,0.21403849785246098,4.730643381433695,11.934135708781248,301.6556948779363,0.5706472970874188,True,True,True,True,True,True,True
21,3,2,197.6662408825026,1.049943281762448,0.9986452148461731,0.9902888469144757,4.9726008235103,0.09791624757277147,10.065114233116445,1.0473503122642245,55.45237463447728,3.0043665151511805,0.21403849785246098,4.730643381433695,11.934135708781248,301.6556948779363,0.6511423311644471,True,True,True,True,True,True,True
21,3,3,197.6662408825026,1.049943281762448,0.9986452148461731,0.9902888469144757,4.9726008235103,0.0978074093245667,10.07454794992259,1.0473503122642245,55.45237463447728,3.0043665151511805,0.21403849785246098,4.730643381433695,11.934135708781248,301.6556948779363,0.745479499225894,True,True,True,True,True,True,True
21,3,4,197.6662408825026,1.049943281762448,0.9986452148461731,0.9902888469144757,4.9726008235103,0.09811088098038626,10.05850853434811,1.0473503122642245,55.45237463447728,3.0043665151511805,0.21403849785246098,4.730643381433695,11.934135708781248,301.6556948779363,0.5850853434811043,True,True,True,True,True,True,True
21,3,5,197.6662408825026,1.049943281762448,0.9986452148461731,0.9902888469144757,4.9726008235103,0.09790371762828701,10.063575869757658,1.0473503122642245,55.45237463447728,3.0043665151511805,0.21403849785246098,4.730643381433695,11.934135708781248,301.6556948779363,0.6357586975765805,True,True,True,True,True,True,True
21,4,1,197.6662408825026,1.049943281762448,0.9986452148461731,0.9902888469144757,4.9726008235103,0.09840238589265886,10.097265439482676,0.9615919942782568,53.92363261532142,3.0037595052032544,0.2138692009209856,5.071267971596089,11.934135708781248,301.6556948779363,0.9726543948267617,True,True,True,True,True,True,True
21,4,2,197.6662408825026,1.049943281762448,0.9986452148461731,0.9902888469144757,4.9726008235103,0.09822610887227773,10.087919081558875,0.9615919942782568,53.92363261532142,3.0037595052032544,0.2138692009209856,5.071267971596089,11.934135708781248,301.6556948779363,0.8791908155887462,True,True,True,True,True,True,True
21,4,3,197.6662408825026,1.049943281762448,0.9986452148461731,0.9902888469144757,4.9726008235103,0.09794372162664222,10.078312505728459,0.9615919942782568,53.92363261532142,3.0037595052032544,0.2138692009209856,5.071267971596089,11.934135708781248,301.6556948779363,0.783125057284586,True,True,True,True,True,True,True
21,4,4,197.6662408825026,1.049943281762448,0.9986452148461731,0.9902888469144757,4.9726008235103,0.09833540915835497,10.10178628579182,0.9615919942782568,53.92363261532142,3.0037595052032544,0.2138692009209856,5.071267971596089,11.934135708781248,301.6556948779363,1.0178628579181925,True,True,True,True,True,True,True
21,4,5,197.6662408825026,1.049943281762448,0.9986452148461731,0.9902888469144757,4.9726008235103,0.09828618284420923,10.097036111919401,0.9615919942782568,53.92363261532142,3.0037595052032544,0.2138692009209856,5.071267971596089,11.934135708781248,301.6556948779363,0.9703611191940098,True,True,True,True,True,True,True
21,5,1,197.6662408825026,1.049943281762448,0.9986452148461731,0.9902888469144757,4.9726008235103,0.09842579424843269,10.124844455072834,0.9966090278238011,55.01343258840592,3.00027088613698,0.21845629793541094,5.175212277872974,11.934135708781248,301.6556948779363,1.2484445507283404,True,True,True,True,True,True,True
21,5,2,197.6662408825026,1.049943281762448,0.9986452148461731,0.9902888469144757,4.9726008235103,0.09812044228410711,10.11899729234132,0.9966090278238011,55.01343258840592,3.00027088613698,0.21845629793541094,5.175212277872974,11.934135708781248,301.6556948779363,1.189972923413194,True,True,True,True,True,True,True
21,5,3,197.6662408825026,1.049943281762448,0.9986452148461731,0.9902888469144757,4.9726008235103,0.09919475619965451,10.12589099869871,0.9966090278238011,55.01343258840592,3.00027088613698,0.21845629793541094,5.175212277872974,11.934135708781248,301.6556948779363,1.2589099869870957,True,True,True,True,True,True,True
21,5,4,197.6662408825026,1.049943281762448,0.9986452148461731,0.9902888469144757,4.9726008235103,0.0983624662958097,10.109562772099181,0.9966090278238011,55.01343258840592,3.00027088613698,0.21845629793541094,5.175212277872974,11.934135708781248,301.6556948779363,1.0956277209918142,True,True,True,True,True,True,True
21,5,5,197.6662408825026,1.049943281762448,0.9986452148461731,0.9902888469144757,4.9726008235103,0.09819476191071363,10.108479274273865,0.9966090278238011,55.01343258840592,3.00027088613698,0.21845629793541094,5.175212277872974,11.934135708781248,301.6556948779363,1.0847927427386495,True,True,True,True,True,True,True
21,6,1,197.6662408825026,1.049943281762448,0.9986452148461731,0.9902888469144757,4.9726008235103,0.09713565791624688,10.203378953384332,0.9543333507921268,52.514711759483966,2.9969867170939986,0.20917012006682437,5.257951805179074,11.934135708781248,301.6556948779363,2.033789533843322,True,True,True,True,True,True,True
21,6,2,197.6662408825026,1.049943281762448,0.9986452148461731,0.9902888469144757,4.9726008235103,0.09751566145367097,10.135305429483449,0.9543333507921268,52.514711759483966,2.9969867170939986,0.20917012006682437,5.257951805179074,11.934135708781248,301.6556948779363,1.353054294834486,True,True,True,True,True,True,True
21,6,3,197.6662408825026,1.049943281762448,0.9986452148461731,0.9902888469144757,4.9726008235103,0.0976354656335081,10.149629482945256,0.9543333507921268,52.514711759483966,2.9969867170939986,0.20917012006682437,5.257951805179074,11.934135708781248,301.6556948779363,1.4962948294525624,True,True,True,True,True,True,True
21,6,4,197.6662408825026,1.049943281762448,0.9986452148461731,0.9902888469144757,4.9726008235103,0.09705611684761721,10.15641016950553,0.9543333507921268,52.514711759483966,2.9969867170939986,0.20917012006682437,5.257951805179074,11.934135708781248,301.6556948779363,1.5641016950553068,True,True,True,True,True,True,True
21,6,5,197.6662408825026,1.049943281762448,0.9986452148461731,0.9902888469144757,4.9726008235103,0.0974729945826229,10.15799632966062,0.9543333507921268,52.514711759483966,2.9969867170939986,0.20917012006682437,5.257951805179074,11.934135708781248,301.6556948779363,1.579963296606195,True,True,True,True,True,True,True
21,7,1,197.6662408825026,1.049943281762448,0.9986452148461731,0.9902888469144757,4.9726008235103,0.09747757309116886,10.118459918601983,0.9625908169037514,52.83034939871438,3.00275993372818,0.2089351399641497,5.037242887963587,11.934135708781248,301.6556948779363,1.1845991860198346,True,True,True,True,True,True,True
21,7,2,197.6662408825026,1.049943281762448,0.9986452148461731,0.9902888469144757,4.9726008235103,0.0973671449044734,10.115896827549967,0.9625908169037514,52.83034939871438,3.00275993372818,0.2089351399641497,5.037242887963587,11.934135708781248,301.6556948779363,1.1589682754996744,True,True,True,True,True,True,True
21,7,3,197.6662408825026,1.049943281762448,0.9986452148461731,0.9902888469144757,4.9726008235103,0.09766406836531999,10.12468116369309,0.9625908169037514,52.83034939871438,3.00275993372818,0.2089351399641497,5.037242887963587,11.934135708781248,301.6556948779363,1.2468116369309001,True,True,True,True,True,True,True
21,7,4,197.6662408825026,1.049943281762448,0.9986452148461731,0.9902888469144757,4.9726008235103,0.09766492233948311,10.113711004591357,0.9625908169037514,52.83034939871438,3.00275993372818,0.2089351399641497,5.037242887963587,11.934135708781248,301.6556948779363,1.1371100459135697,True,True,True,True,True,True,True
21,7,5,197.6662408825026,1.049943281762448,0.9986452148461731,0.9902888469144757,4.9726008235103,0.09725481955228497,10.118324056148202,0.9625908169037514,52.83034939871438,3.00275993372818,0.2089351399641497,5.037242887963587,11.934135708781248,301.6556948779363,1.1832405614820196,True,True,True,True,True,True,True
21,8,1,197.6662408825026,1.049943281762448,0.9986452148461731,0.9902888469144757,4.9726008235103,0.09755459958602677,10.071996340298474,0.9849384419180605,55.19267657435383,2.996093169341483,0.21157602656785293,5.222688380152491,11.934135708781248,301.6556948779363,0.7199634029847424,True,True,True,True,True,True,True
21,8,2,197.6662408825026,1.049943281762448,0.9986452148461731,0.9902888469144757,4.9726008235103,0.09756460119470142,10.078739382677247,0.9849384419180605,55.19267657435383,2.996093169341483,0.21157602656785293,5.222688380152491,11.934135708781248,301.6556948779363,0.787393826772469,True,True,True,True,True,True,True
21,8,3,197.6662408825026,1.049943281762448,0.9986452148461731,0.9902888469144757,4.9726008235103,0.09852583248105615,10.058789190109058,0.9849384419180605,55.19267657435383,2.996093169341483,0.21157602656785293,5.222688380152491,11.934135708781248,301.6556948779363,0.5878919010905825,True,True,True,True,True,True,True
21,8,4,197.6662408825026,1.049943281762448,0.9986452148461731,0.9902888469144757,4.9726008235103,0.09775563115865653,10.100644851201038,0.9849384419180605,55.19267657435383,2.996093169341483,0.21157602656785293,5.222688380152491,11.934135708781248,301.6556948779363,1.006448512010376,True,True,True,True,True,True,True
21,8,5,197.6662408825026,1.049943281762448,0.9986452148461731,0.9902888469144757,4.9726008235103,0.09813311482612172,10.068094668731048,0.9849384419180605,55.19267657435383,2.996093169341483,0.21157602656785293,5.222688380152491,11.934135708781248,301.6556948779363,0.6809466873104775,True,True,True,True,True,True,True
21,9,1,197.6662408825026,1.049943281762448,0.9986452148461731,0.9902888469144757,4.9726008235103,0.09689186415876656,10.165281170809731,0.9542492443021192,55.65093014167813,2.9989008299531186,0.21646192487258378,4.8253351670301665,11.934135708781248,301.6556948779363,1.6528117080973106,True,True,True,True,True,True,True
21,9,2,197.6662408825026,1.049943281762448,0.9986452148461731,0.9902888469144757,4.9726008235103,0.09764150361681016,10.151795478794801,0.9542492443021192,55.65093014167813,2.9989008299531186,0.21646192487258378,4.8253351670301665,11.934135708781248,301.6556948779363,1.5179547879480104,True,True,True,True,True,True,True
21,9,3,197.6662408825026,1.049943281762448,0.9986452148461731,0.9902888469144757,4.9726008235103,0.09729401148809859,10.167131636085621,0.9542492443021192,55.65093014167813,2.9989008299531186,0.21646192487258378,4.8253351670301665,11.934135708781248,301.6556948779363,1.67131636085621,True,True,True,True,True,True,True
21,9,4,197.6662408825026,1.049943281762448,0.9986452148461731,0.9902888469144757,4.9726008235103,0.0973235463882921,10.156472976235307,0.9542492443021192,55.65093014167813,2.9989008299531186,0.21646192487258378,4.8253351670301665,11.934135708781248,301.6556948779363,1.5647297623530676,True,True,True,True,True,True,True
21,9,5,197.6662408825026,1.049943281762448,0.9986452148461731,0.9902888469144757,4.9726008235103,0.09768461807220302,10.172485314683458,0.9542492443021192,55.65093014167813,2.9989008299531186,0.21646192487258378,4.8253351670301665,11.934135708781248,301.6556948779363,1.7248531468345798,True,True,True,True,True,True,True
21,10,1,197.6662408825026,1.049943281762448,0.9986452148461731,0.9902888469144757,4.9726008235103,0.09704497898219311,10.026266788564113,0.9733286522587877,54.00334146725298,3.0027916569293436,0.21509794060406406,5.065808518855553,11.934135708781248,301.6556948779363,0.2626678856411324,True,True,True,True,True,True,True
21,10,2,197.6662408825026,1.049943281762448,0.9986452148461731,0.9902888469144757,4.9726008235103,0.09689902704924204,10.051486671285865,0.9733286522587877,54.00334146725298,3.0027916569293436,0.21509794060406406,5.065808518855553,11.934135708781248,301.6556948779363,0.5148667128586482,True,True,True,True,True,True,True
21,10,3,197.6662408825026,1.049943281762448,0.9986452148461731,0.9902888469144757,4.9726008235103,0.09717363209331328,10.033251288882113,0.9733286522587877,54.00334146725298,3.0027916569293436,0.21509794060406406,5.065808518855553,11.934135708781248,301.6556948779363,0.33251288882112817,True,True,True,True,True,True,True
21,10,4,197.6662408825026,1.049943281762448,0.9986452148461731,0.9902888469144757,4.9726008235103,0.09702853695164286,10.057681913414628,0.9733286522587877,54.00334146725298,3.0027916569293436,0.21509794060406406,5.065808518855553,11.934135708781248,301.6556948779363,0.5768191341462803,True,True,True,True,True,True,True
21,10,5,197.6662408825026,1.049943281762448,0.9986452148461731,0.9902888469144757,4.9726008235103,0.09748822325009326,10.04862789314302,0.9733286522587877,54.00334146725298,3.0027916569293436,0.21509794060406406,5.065808518855553,11.934135708781248,301.6556948779363,0.4862789314302063,True,True,True,True,True,True,True
22,1,1,199.90436860251404,0.9936784306276971,0.9950641949192768,0.9961626529863613,5.085423986057683,0.10066077172794291,10.060509898311286,0.9273267666755489,46.959482692592765,3.0305583369187707,0.19771298362962125,4.357492504382387,12.162074820021004,296.00212572888796,0.6050989831128639,True,True,True,True,True,True,True
22,1,2,199.90436860251404,0.9936784306276971,0.9950641949192768,0.9961626529863613,5.085423986057683,0.10059776152433168,10.089765554252365,0.9273267666755489,46.959482692592765,3.0305583369187707,0.19771298362962125,4.357492504382387,12.162074820021004,296.00212572888796,0.8976555425236477,True,True,True,True,True,True,True
22,1,3,199.90436860251404,0.9936784306276971,0.9950641949192768,0.9961626529863613,5.085423986057683,0.10054376617499473,10.026607801928876,0.9273267666755489,46.959482692592765,3.0305583369187707,0.19771298362962125,4.357492504382387,12.162074820021004,296.00212572888796,0.26607801928875574,True,True,True,True,True,True,True
22,1,4,199.90436860251404,0.9936784306276971,0.9950641949192768,0.9961626529863613,5.085423986057683,0.10083187167532563,10.103183631128056,0.9273267666755489,46.959482692592765,3.0305583369187707,0.19771298362962125,4.357492504382387,12.162074820021004,296.00212572888796,1.0318363112805606,True,True,True,True,True,True,True
22,1,5,199.90436860251404,0.9936784306276971,0.9950641949192768,0.9961626529863613,5.085423986057683,0.10074929375915928,10.049598416674593,0.9273267666755489,46.959482692592765,3.0305583369187707,0.19771298362962125,4.357492504382387,12.162074820021004,296.00212572888796,0.49598416674593077,True,True,True,True,True,True,True
22,2,1,199.90436860251404,0.9936784306276971,0.9950641949192768,0.9961626529863613,5.085423986057683,0.09938191233158962,9.990400405327131,0.8995310382725911,47.18905620711316,3.0227909248594877,0.19477426487549723,4.614520960749046,12.162074820021004,296.00212572888796,-0.09599594672868861,True,True,True,True,True,True,True
22,2,2,199.90436860251404,0.9936784306276971,0.9950641949192768,0.9961626529863613,5.085423986057683,0.09947770307481178,9.978307186906118,0.8995310382725911,47.18905620711316,3.0227909248594877,0.19477426487549723,4.614520960749046,12.162074820021004,296.00212572888796,-0.21692813093881824,True,True,True,True,True,True,True
22,2,3,199.90436860251404,0.9936784306276971,0.9950641949192768,0.9961626529863613,5.085423986057683,0.09975628924082708,9.97877066405413,0.8995310382725911,47.18905620711316,3.0227909248594877,0.19477426487549723,4.614520960749046,12.162074820021004,296.00212572888796,-0.21229335945870176,True,True,True,True,True,True,True
22,2,4,199.90436860251404,0.9936784306276971,0.9950641949192768,0.9961626529863613,5.085423986057683,0.09893570266913077,9.970793452583592,0.8995310382725911,47.18905620711316,3.0227909248594877,0.19477426487549723,4.614520960749046,12.162074820021004,296.00212572888796,-0.292065474164076,True,True,True,True,True,True,True
22,2,5,199.90436860251404,0.9936784306276971,0.9950641949192768,0.9961626529863613,5.085423986057683,0.09976273892569508,10.00277925675372,0.8995310382725911,47.18905620711316,3.0227909248594877,0.19477426487549723,4.614520960749046,12.162074820021004,296.00212572888796,0.027792567537208154,True,True,True,True,True,True,True
22,3,1,199.90436860251404,0.9936784306276971,0.9950641949192768,0.9961626529863613,5.085423986057683,0.1004598479074028,10.034335541515317,0.910508226219805,46.0711313137591,3.029701010630458,0.1945860135871693,4.376686182125454,12.162074820021004,296.00212572888796,0.3433554151531659,True,True,True,True,True,True,True
22,3,2,199.90436860251404,0.9936784306276971,0.9950641949192768,0.9961626529863613,5.085423986057683,0.10040625447636285,10.033099129606843,0.910508226219805,46.0711313137591,3.029701010630458,0.1945860135871693,4.376686182125454,12.162074820021004,296.00212572888796,0.3309912960684258,True,True,True,True,True,True,True
22,3,3,199.90436860251404,0.9936784306276971,0.9950641949192768,0.9961626529863613,5.085423986057683,0.1006501965313403,10.032750581468441,0.910508226219805,46.0711313137591,3.029701010630458,0.1945860135871693,4.376686182125454,12.162074820021004,296.00212572888796,0.32750581468441453,True,True,True,True,True,True,True
22,3,4,199.90436860251404,0.9936784306276971,0.9950641949192768,0.9961626529863613,5.085423986057683,0.10089391697070291,10.049451185648767,0.910508226219805,46.0711313137591,3.029701010630458,0.1945860135871693,4.376686182125454,12.162074820021004,296.00212572888796,0.49451185648766943,True,True,True,True,True,True,True
22,3,5,199.90436860251404,0.9936784306276971,0.9950641949192768,0.9961626529863613,5.085423986057683,0.10057010728710163,10.046881446177165,0.910508226219805,46.0711313137591,3.029701010630458,0.1945860135871693,4.376686182125454,12.162074820021004,296.00212572888796,0.46881446177165387,True,True,True,True,True,True,True
22,4,1,199.90436860251404,0.9936784306276971,0.9950641949192768,0.9961626529863613,5.085423986057683,0.09924474130033921,9.98534244097069,0.8975739618872807,46.83542554512967,3.028522411268219,0.19457523417057604,4.351813610232909,12.162074820021004,296.00212572888796,-0.14657559029309652,True,True,True,True,True,True,True
22,4,2,199.90436860251404,0.9936784306276971,0.9950641949192768,0.9961626529863613,5.085423986057683,0.09908209567978626,10.029942361238064,0.8975739618872807,46.83542554512967,3.028522411268219,0.19457523417057604,4.351813610232909,12.162074820021004,296.00212572888796,0.299423612380636,True,True,True,True,True,True,True
22,4,3,199.90436860251404,0.9936784306276971,0.9950641949192768,0.9961626529863613,5.085423986057683,0.10009891481076012,9.99994671300736,0.8975739618872807,46.83542554512967,3.028522411268219,0.19457523417057604,4.351813610232909,12.162074820021004,296.00212572888796,-0.0005328699264062209,True,True,True,True,True,True,True
22,4,4,199.90436860251404,0.9936784306276971,0.9950641949192768,0.9961626529863613,5.085423986057683,0.0996579590421397,10.01094362416223,0.8975739618872807,46.83542554512967,3.028522411268219,0.19457523417057604,4.351813610232909,12.162074820021004,296.00212572888796,0.10943624162230493,True,True,True,True,True,True,True
22,4,5,199.90436860251404,0.9936784306276971,0.9950641949192768,0.9961626529863613,5.085423986057683,0.09976040307832464,10.030165166037166,0.8975739618872807,46.83542554512967,3.028522411268219,0.19457523417057604,4.351813610232909,12.162074820021004,296.00212572888796,0.3016516603716646,True,True,True,True,True,True,True
22,5,1,199.90436860251404,0.9936784306276971,0.9950641949192768,0.9961626529863613,5.085423986057683,0.10056744539489064,9.950678340866695,0.8614353010840615,49.543847626784626,3.0241773260515767,0.19507822209050366,4.420618399260641,12.162074820021004,296.00212572888796,-0.4932165913330522,True,True,True,True,True,True,True
22,5,2,199.90436860251404,0.9936784306276971,0.9950641949192768,0.9961626529863613,5.085423986057683,0.1000189424861699,10.009306641132254,0.8614353010840615,49.543847626784626,3.0241773260515767,0.19507822209050366,4.420618399260641,12.162074820021004,296.00212572888796,0.09306641132253546,True,True,True,True,True,True,True
22,5,3,199.90436860251404,0.9936784306276971,0.9950641949192768,0.9961626529863613,5.085423986057683,0.09949058957234587,9.9533147811225,0.8614353010840615,49.543847626784626,3.0241773260515767,0.19507822209050366,4.420618399260641,12.162074820021004,296.00212572888796,-0.4668521887749933,True,True,True,True,True,True,True
22,5,4,199.90436860251404,0.9936784306276971,0.9950641949192768,0.9961626529863613,5.085423986057683,0.10006675759501525,9.969416016250669,0.8614353010840615,49.543847626784626,3.0241773260515767,0.19507822209050366,4.420618399260641,12.162074820021004,296.00212572888796,-0.3058398374933091,True,True,True,True,True,True,True
22,5,5,199.90436860251404,0.9936784306276971,0.9950641949192768,0.9961626529863613,5.085423986057683,0.10022807979815655,9.963324654821045,0.8614353010840615,49.543847626784626,3.0241773260515767,0.19507822209050366,4.420618399260641,12.162074820021004,296.00212572888796,-0.36675345178954544,True,True,True,True,True,True,True
22,6,1,199.90436860251404,0.9936784306276971,0.9950641949192768,0.9961626529863613,5.085423986057683,0.10017845295151946,10.042588203294208,0.9004983730105587,45.995907938300036,3.0354808678606884,0.1982592840253777,4.776520016531686,12.162074820021004,296.00212572888796,0.4258820329420843,True,True,True,True,True,True,True
22,6,2,199.90436860251404,0.9936784306276971,0.9950641949192768,0.9961626529863613,5.085423986057683,0.10037831935661143,10.009121305738885,0.9004983730105587,45.995907938300036,3.0354808678606884,0.1982592840253777,4.776520016531686,12.162074820021004,296.00212572888796,0.09121305738885255,True,True,True,True,True,True,True
22,6,3,199.90436860251404,0.9936784306276971,0.9950641949192768,0.9961626529863613,5.085423986057683,0.10083155710502642,10.014808063026056,0.9004983730105587,45.995907938300036,3.0354808678606884,0.1982592840253777,4.776520016531686,12.162074820021004,296.00212572888796,0.14808063026055862,True,True,True,True,True,True,True
22,6,4,199.90436860251404,0.9936784306276971,0.9950641949192768,0.9961626529863613,5.085423986057683,0.10093473677036918,10.035986509571808,0.9004983730105587,45.995907938300036,3.0354808678606884,0.1982592840253777,4.776520016531686,12.162074820021004,296.00212572888796,0.35986509571808156,True,True,True,True,True,True,True
22,6,5,199.90436860251404,0.9936784306276971,0.9950641949192768,0.9961626529863613,5.085423986057683,0.1006675764467956,10.036666247147021,0.9004983730105587,45.995907938300036,3.0354808678606884,0.1982592840253777,4.776520016531686,12.162074820021004,296.00212572888796,0.3666624714702138,True,True,True,True,True,True,True
22,7,1,199.90436860251404,0.9936784306276971,0.9950641949192768,0.9961626529863613,5.085423986057683,0.10109341200022405,10.065486076234475,0.9120251480727448,48.577982801804986,3.032727606787419,0.19730872093235935,4.458031790418192,12.162074820021004,296.00212572888796,0.6548607623447467,True,True,True,True,True,True,True
22,7,2,199.90436860251404,0.9936784306276971,0.9950641949192768,0.9961626529863613,5.085423986057683,0.10111467152480526,10.054119842730733,0.9120251480727448,48.577982801804986,3.032727606787419,0.19730872093235935,4.458031790418192,12.162074820021004,296.00212572888796,0.5411984273073323,True,True,True,True,True,True,True
22,7,3,199.90436860251404,0.9936784306276971,0.9950641949192768,0.9961626529863613,5.085423986057683,0.10070566082522893,10.02517041287577,0.9120251480727448,48.577982801804986,3.032727606787419,0.19730872093235935,4.458031790418192,12.162074820021004,296.00212572888796,0.25170412875770154,True,True,True,True,True,True,True
22,7,4,199.90436860251404,0.9936784306276971,0.9950641949192768,0.9961626529863613,5.085423986057683,0.1005041985259491,10.054278093856746,0.9120251480727448,48.577982801804986,3.032727606787419,0.19730872093235935,4.458031790418192,12.162074820021004,296.00212572888796,0.5427809385674642,True,True,True,True,True,True,True
22,7,5,199.90436860251404,0.9936784306276971,0.9950641949192768,0.9961626529863613,5.085423986057683,0.10070243904786468,10.090836983409082,0.9120251480727448,48.577982801804986,3.032727606787419,0.19730872093235935,4.458031790418192,12.162074820021004,296.00212572888796,0.9083698340908164,True,True,True,True,True,True,True
22,8,1,199.90436860251404,0.9936784306276971,0.9950641949192768,0.9961626529863613,5.085423986057683,0.10076936097691563,10.026224015664877,0.8498977070138384,46.337661842529386,3.037067902218882,0.1963349066823148,4.459682754930127,12.162074820021004,296.00212572888796,0.2622401566487653,True,True,True,True,True,True,True
22,8,2,199.90436860251404,0.9936784306276971,0.9950641949192768,0.9961626529863613,5.085423986057683,0.10023074945641848,10.01432817987064,0.8498977070138384,46.337661842529386,3.037067902218882,0.1963349066823148,4.459682754930127,12.162074820021004,296.00212572888796,0.14328179870640056,True,True,True,True,True,True,True
22,8,3,199.90436860251404,0.9936784306276971,0.9950641949192768,0.9961626529863613,5.085423986057683,0.1001260396681576,10.002973803892319,0.8498977070138384,46.337661842529386,3.037067902218882,0.1963349066823148,4.459682754930127,12.162074820021004,296.00212572888796,0.02973803892318827,True,True,True,True,True,True,True
22,8,4,199.90436860251404,0.9936784306276971,0.9950641949192768,0.9961626529863613,5.085423986057683,0.10005395971013756,9.991636831588103,0.8498977070138384,46.337661842529386,3.037067902218882,0.1963349066823148,4.459682754930127,12.162074820021004,296.00212572888796,-0.08363168411896993,True,True,True,True,True,True,True
22,8,5,199.90436860251404,0.9936784306276971,0.9950641949192768,0.9961626529863613,5.085423986057683,0.10005686835942466,9.997291323834036,0.8498977070138384,46.337661842529386,3.037067902218882,0.1963349066823148,4.459682754930127,12.162074820021004,296.00212572888796,-0.02708676165964263,True,True,True,True,True,True,True
22,9,1,199.90436860251404,0.9936784306276971,0.9950641949192768,0.9961626529863613,5.085423986057683,0.1007453371783113,9.968026886363726,0.9170199865964164,48.79832252630261,3.0288100105298814,0.19911004451598294,4.670310899084036,12.162074820021004,296.00212572888796,-0.3197311363627442,True,True,True,True,True,True,True
22,9,2,199.90436860251404,0.9936784306276971,0.9950641949192768,0.9961626529863613,5.085423986057683,0.10062026043024566,9.983419394676414,0.9170199865964164,48.79832252630261,3.0288100105298814,0.19911004451598294,4.670310899084036,12.162074820021004,296.00212572888796,-0.16580605323586184,True,True,True,True,True,True,True
22,9,3,199.90436860251404,0.9936784306276971,0.9950641949192768,0.9961626529863613,5.085423986057683,0.10041477806912004,9.967999930371455,0.9170199865964164,48.79832252630261,3.0288100105298814,0.19911004451598294,4.670310899084036,12.162074820021004,296.00212572888796,-0.32000069628544736,True,True,True,True,True,True,True
22,9,4,199.90436860251404,0.9936784306276971,0.9950641949192768,0.9961626529863613,5.085423986057683,0.10028026176810109,9.951365220324114,0.9170199865964164,48.79832252630261,3.0288100105298814,0.19911004451598294,4.670310899084036,12.162074820021004,296.00212572888796,-0.48634779675886364,True,True,True,True,True,True,True
22,9,5,199.90436860251404,0.9936784306276971,0.9950641949192768,0.9961626529863613,5.085423986057683,0.10018484557295758,9.962519897411202,0.9170199865964164,48.79832252630261,3.0288100105298814,0.19911004451598294,4.670310899084036,12.162074820021004,296.00212572888796,-0.37480102588798303,True,True,True,True,True,True,True
22,10,1,199.90436860251404,0.9936784306276971,0.9950641949192768,0.9961626529863613,5.085423986057683,0.10110018080892022,10.041103105048457,0.8827402461997388,47.380971203618934,3.0269811466740064,0.19730697623429563,4.485245046888592,12.162074820021004,296.00212572888796,0.4110310504845671,True,True,True,True,True,True,True
22,10,2,199.90436860251404,0.9936784306276971,0.9950641949192768,0.9961626529863613,5.085423986057683,0.10123010102897421,10.047269273346437,0.8827402461997388,47.380971203618934,3.0269811466740064,0.19730697623429563,4.485245046888592,12.162074820021004,296.00212572888796,0.47269273346437046,True,True,True,True,True,True,True
22,10,3,199.90436860251404,0.9936784306276971,0.9950641949192768,0.9961626529863613,5.085423986057683,0.10092782568236933,10.022270456844565,0.8827402461997388,47.380971203618934,3.0269811466740064,0.19730697623429563,4.485245046888592,12.162074820021004,296.00212572888796,0.22270456844564632,True,True,True,True,True,True,True
22,10,4,199.90436860251404,0.9936784306276971,0.9950641949192768,0.9961626529863613,5.085423986057683,0.10157238278174073,10.03585597687648,0.8827402461997388,47.380971203618934,3.0269811466740064,0.19730697623429563,4.485245046888592,12.162074820021004,296.00212572888796,0.358559768764799,True,True,True,True,True,True,True
22,10,5,199.90436860251404,0.9936784306276971,0.9950641949192768,0.9961626529863613,5.085423986057683,0.1019754667609972,10.036158695054073,0.8827402461997388,47.380971203618934,3.0269811466740064,0.19730697623429563,4.485245046888592,12.162074820021004,296.00212572888796,0.3615869505407332,True,True,True,True,True,True,True
23,1,1,202.14468117870564,0.9907741670584895,0.995229588492894,1.0070454507922804,4.916198081957432,0.1022572557859909,10.05101133675535,1.010887317657171,52.066047451971464,3.0268193528302296,0.20279499235569,4.675226855381969,11.834671203200037,304.1909604574885,0.5101133675534975,True,True,True,True,True,True,True
23,1,2,202.14468117870564,0.9907741670584895,0.995229588492894,1.0070454507922804,4.916198081957432,0.10233032558839988,10.059741936857872,1.010887317657171,52.066047451971464,3.0268193528302296,0.20279499235569,4.675226855381969,11.834671203200037,304.1909604574885,0.5974193685787199,True,True,True,True,True,True,True
23,1,3,202.14468117870564,0.9907741670584895,0.995229588492894,1.0070454507922804,4.916198081957432,0.10247279404569422,10.083911981069997,1.010887317657171,52.066047451971464,3.0268193528302296,0.20279499235569,4.675226855381969,11.834671203200037,304.1909604574885,0.8391198106999731,True,True,True,True,True,True,True
23,1,4,202.14468117870564,0.9907741670584895,0.995229588492894,1.0070454507922804,4.916198081957432,0.10215618176957895,10.077288376671593,1.010887317657171,52.066047451971464,3.0268193528302296,0.20279499235569,4.675226855381969,11.834671203200037,304.1909604574885,0.7728837667159283,True,True,True,True,True,True,True
23,1,5,202.14468117870564,0.9907741670584895,0.995229588492894,1.0070454507922804,4.916198081957432,0.10269965009111509,10.06734446605321,1.010887317657171,52.066047451971464,3.0268193528302296,0.20279499235569,4.675226855381969,11.834671203200037,304.1909604574885,0.6734446605321054,True,True,True,True,True,True,True
23,2,1,202.14468117870564,0.9907741670584895,0.995229588492894,1.0070454507922804,4.916198081957432,0.10112442288304124,10.048217379273005,1.0253665844600692,54.25970885679478,3.0257544586042577,0.19962999268344772,4.909120179990615,11.834671203200037,304.1909604574885,0.4821737927300518,True,True,True,True,True,True,True
23,2,2,202.14468117870564,0.9907741670584895,0.995229588492894,1.0070454507922804,4.916198081957432,0.10073673935816735,10.046355724982742,1.0253665844600692,54.25970885679478,3.0257544586042577,0.19962999268344772,4.909120179990615,11.834671203200037,304.1909604574885,0.4635572498274243,True,True,True,True,True,True,True
23,2,3,202.14468117870564,0.9907741670584895,0.995229588492894,1.0070454507922804,4.916198081957432,0.10112497282612695,10.03232117334733,1.0253665844600692,54.25970885679478,3.0257544586042577,0.19962999268344772,4.909120179990615,11.834671203200037,304.1909604574885,0.32321173347330756,True,True,True,True,True,True,True
23,2,4,202.14468117870564,0.9907741670584895,0.995229588492894,1.0070454507922804,4.916198081957432,0.10099991661479041,10.044337619556888,1.0253665844600692,54.25970885679478,3.0257544586042577,0.19962999268344772,4.909120179990615,11.834671203200037,304.1909604574885,0.4433761955688809,True,True,True,True,True,True,True
23,2,5,202.14468117870564,0.9907741670584895,0.995229588492894,1.0070454507922804,4.916198081957432,0.10118807785387267,10.044160610276148,1.0253665844600692,54.25970885679478,3.0257544586042577,0.19962999268344772,4.909120179990615,11.834671203200037,304.1909604574885,0.44160610276147594,True,True,True,True,True,True,True
23,3,1,202.14468117870564,0.9907741670584895,0.995229588492894,1.0070454507922804,4.916198081957432,0.10184668375848223,10.066449135734654,1.0324898090276304,51.51926070187852,3.028702926868528,0.20283674441471214,5.114685769697347,11.834671203200037,304.1909604574885,0.6644913573465416,True,True,True,True,True,True,True
23,3,2,202.14468117870564,0.9907741670584895,0.995229588492894,1.0070454507922804,4.916198081957432,0.10174354483973122,10.054203150333446,1.0324898090276304,51.51926070187852,3.028702926868528,0.20283674441471214,5.114685769697347,11.834671203200037,304.1909604574885,0.5420315033344636,True,True,True,True,True,True,True
23,3,3,202.14468117870564,0.9907741670584895,0.995229588492894,1.0070454507922804,4.916198081957432,0.10147444070079704,10.071729102780212,1.0324898090276304,51.51926070187852,3.028702926868528,0.20283674441471214,5.114685769697347,11.834671203200037,304.1909604574885,0.7172910278021227,True,True,True,True,True,True,True
23,3,4,202.14468117870564,0.9907741670584895,0.995229588492894,1.0070454507922804,4.916198081957432,0.10172449249100299,10.046209023919497,1.0324898090276304,51.51926070187852,3.028702926868528,0.20283674441471214,5.114685769697347,11.834671203200037,304.1909604574885,0.4620902391949677,True,True,True,True,True,True,True
23,3,5,202.14468117870564,0.9907741670584895,0.995229588492894,1.0070454507922804,4.916198081957432,0.10142283112183868,10.06195151668012,1.0324898090276304,51.51926070187852,3.028702926868528,0.20283674441471214,5.114685769697347,11.834671203200037,304.1909604574885,0.6195151668011967,True,True,True,True,True,True,True
23,4,1,202.14468117870564,0.9907741670584895,0.995229588492894,1.0070454507922804,4.916198081957432,0.10142684666905433,10.008393048329289,0.9540583094005786,51.841267014053685,3.0250558590862933,0.201228674693406,5.223461559985355,11.834671203200037,304.1909604574885,0.08393048329288888,True,True,True,True,True,True,True
23,4,2,202.14468117870564,0.9907741670584895,0.995229588492894,1.0070454507922804,4.916198081957432,0.10152995844056346,9.987391204776092,0.9540583094005786,51.841267014053685,3.0250558590862933,0.201228674693406,5.223461559985355,11.834671203200037,304.1909604574885,-0.1260879522390823,True,True,True,True,True,True,True
23,4,3,202.14468117870564,0.9907741670584895,0.995229588492894,1.0070454507922804,4.916198081957432,0.10152124028751543,10.020728190459863,0.9540583094005786,51.841267014053685,3.0250558590862933,0.201228674693406,5.223461559985355,11.834671203200037,304.1909604574885,0.20728190459863072,True,True,True,True,True,True,True
23,4,4,202.14468117870564,0.9907741670584895,0.995229588492894,1.0070454507922804,4.916198081957432,0.10193241869711679,10.043338163782023,0.9540583094005786,51.841267014053685,3.0250558590862933,0.201228674693406,5.223461559985355,11.834671203200037,304.1909604574885,0.4333816378202293,True,True,True,True,True,True,True
23,4,5,202.14468117870564,0.9907741670584895,0.995229588492894,1.0070454507922804,4.916198081957432,0.10156304952435374,10.027849643176989,0.9540583094005786,51.841267014053685,3.0250558590862933,0.201228674693406,5.223461559985355,11.834671203200037,304.1909604574885,0.2784964317698879,True,True,True,True,True,True,True
23,5,1,202.14468117870564,0.9907741670584895,0.995229588492894,1.0070454507922804,4.916198081957432,0.10150401951739396,10.060732470661993,0.995968611701129,50.344612325827896,3.0236358757810575,0.20397348437339288,5.393640736917545,11.834671203200037,304.1909604574885,0.6073247066199272,True,True,True,True,True,True,True
23,5,2,202.14468117870564,0.9907741670584895,0.995229588492894,1.0070454507922804,4.916198081957432,0.10189921264082173,10.041922014303045,0.995968611701129,50.344612325827896,3.0236358757810575,0.20397348437339288,5.393640736917545,11.834671203200037,304.1909604574885,0.41922014303045435,True,True,True,True,True,True,True
23,5,3,202.14468117870564,0.9907741670584895,0.995229588492894,1.0070454507922804,4.916198081957432,0.10189872970235152,10.033175254536065,0.995968611701129,50.344612325827896,3.0236358757810575,0.20397348437339288,5.393640736917545,11.834671203200037,304.1909604574885,0.3317525453606507,True,True,True,True,True,True,True
23,5,4,202.14468117870564,0.9907741670584895,0.995229588492894,1.0070454507922804,4.916198081957432,0.10186451000789991,10.072141815009005,0.995968611701129,50.344612325827896,3.0236358757810575,0.20397348437339288,5.393640736917545,11.834671203200037,304.1909604574885,0.7214181500900452,True,True,True,True,True,True,True
23,5,5,202.14468117870564,0.9907741670584895,0.995229588492894,1.0070454507922804,4.916198081957432,0.10190310836799409,10.056488159113444,0.995968611701129,50.344612325827896,3.0236358757810575,0.20397348437339288,5.393640736917545,11.834671203200037,304.1909604574885,0.5648815911344407,True,True,True,True,True,True,True
23,6,1,202.14468117870564,0.9907741670584895,0.995229588492894,1.0070454507922804,4.916198081957432,0.10113588352244825,10.056177547223328,1.0760290825399335,51.70918162370193,3.0297212097527852,0.19445371067378792,5.195888136280572,11.834671203200037,304.1909604574885,0.5617754722332791,True,True,True,True,True,True,True
23,6,2,202.14468117870564,0.9907741670584895,0.995229588492894,1.0070454507922804,4.916198081957432,0.10129448794079252,10.042481149994448,1.0760290825399335,51.70918162370193,3.0297212097527852,0.19445371067378792,5.195888136280572,11.834671203200037,304.1909604574885,0.42481149994447515,True,True,True,True,True,True,True
23,6,3,202.14468117870564,0.9907741670584895,0.995229588492894,1.0070454507922804,4.916198081957432,0.10129107007794205,10.024396423628604,1.0760290825399335,51.70918162370193,3.0297212097527852,0.19445371067378792,5.195888136280572,11.834671203200037,304.1909604574885,0.2439642362860361,True,True,True,True,True,True,True
23,6,4,202.14468117870564,0.9907741670584895,0.995229588492894,1.0070454507922804,4.916198081957432,0.10094430630921665,10.02190024426365,1.0760290825399335,51.70918162370193,3.0297212097527852,0.19445371067378792,5.195888136280572,11.834671203200037,304.1909604574885,0.21900244263649782,True,True,True,True,True,True,True
23,6,5,202.14468117870564,0.9907741670584895,0.995229588492894,1.0070454507922804,4.916198081957432,0.10141933069352031,10.051032768932965,1.0760290825399335,51.70918162370193,3.0297212097527852,0.19445371067378792,5.195888136280572,11.834671203200037,304.1909604574885,0.510327689329646,True,True,True,True,True,True,True
23,7,1,202.14468117870564,0.9907741670584895,0.995229588492894,1.0070454507922804,4.916198081957432,0.10146559049405737,10.006350776761018,1.0011488147949525,52.79350056977794,3.0208425243464836,0.20277969143898292,5.0911606998820025,11.834671203200037,304.1909604574885,0.06350776761017585,True,True,True,True,True,True,True
23,7,2,202.14468117870564,0.9907741670584895,0.995229588492894,1.0070454507922804,4.916198081957432,0.10109841470469973,10.003107318374202,1.0011488147949525,52.79350056977794,3.0208425243464836,0.20277969143898292,5.0911606998820025,11.834671203200037,304.1909604574885,0.0310731837420164,True,True,True,True,True,True,True
23,7,3,202.14468117870564,0.9907741670584895,0.995229588492894,1.0070454507922804,4.916198081957432,0.10146772458928396,9.993005529794194,1.0011488147949525,52.79350056977794,3.0208425243464836,0.20277969143898292,5.0911606998820025,11.834671203200037,304.1909604574885,-0.0699447020580557,True,True,True,True,True,True,True
23,7,4,202.14468117870564,0.9907741670584895,0.995229588492894,1.0070454507922804,4.916198081957432,0.10126750293031242,9.996168842687064,1.0011488147949525,52.79350056977794,3.0208425243464836,0.20277969143898292,5.0911606998820025,11.834671203200037,304.1909604574885,-0.03831157312935929,True,True,True,True,True,True,True
23,7,5,202.14468117870564,0.9907741670584895,0.995229588492894,1.0070454507922804,4.916198081957432,0.1008467364660644,10.006604912420098,1.0011488147949525,52.79350056977794,3.0208425243464836,0.20277969143898292,5.0911606998820025,11.834671203200037,304.1909604574885,0.06604912420097975,True,True,True,True,True,True,True
23,8,1,202.14468117870564,0.9907741670584895,0.995229588492894,1.0070454507922804,4.916198081957432,0.1027415427969114,10.01488347893104,1.0265664391477172,51.051710661945606,3.027369089687279,0.20127121142709142,5.6264801612868105,11.834671203200037,304.1909604574885,0.14883478931039917,True,True,True,True,True,True,True
23,8,2,202.14468117870564,0.9907741670584895,0.995229588492894,1.0070454507922804,4.916198081957432,0.10230341940084346,10.031925088605258,1.0265664391477172,51.051710661945606,3.027369089687279,0.20127121142709142,5.6264801612868105,11.834671203200037,304.1909604574885,0.31925088605257557,True,True,True,True,True,True,True
23,8,3,202.14468117870564,0.9907741670584895,0.995229588492894,1.0070454507922804,4.916198081957432,0.10345405879943563,10.012018389280735,1.0265664391477172,51.051710661945606,3.027369089687279,0.20127121142709142,5.6264801612868105,11.834671203200037,304.1909604574885,0.12018389280735065,True,True,True,True,True,True,True
23,8,4,202.14468117870564,0.9907741670584895,0.995229588492894,1.0070454507922804,4.916198081957432,0.1023357399376369,10.008857249751498,1.0265664391477172,51.051710661945606,3.027369089687279,0.20127121142709142,5.6264801612868105,11.834671203200037,304.1909604574885,0.08857249751498486,True,True,True,True,True,True,True
23,8,5,202.14468117870564,0.9907741670584895,0.995229588492894,1.0070454507922804,4.916198081957432,0.10329208566331903,10.004657021148086,1.0265664391477172,51.051710661945606,3.027369089687279,0.20127121142709142,5.6264801612868105,11.834671203200037,304.1909604574885,0.0465702114808586,True,True,True,True,True,True,True
23,9,1,202.14468117870564,0.9907741670584895,0.995229588492894,1.0070454507922804,4.916198081957432,0.10067885414417146,10.047110476027349,0.999959428653312,51.50116073216263,3.0276484376708055,0.20572414192069102,5.151585091370533,11.834671203200037,304.1909604574885,0.47110476027349085,True,True,True,True,True,True,True
23,9,2,202.14468117870564,0.9907741670584895,0.995229588492894,1.0070454507922804,4.916198081957432,0.10123832317855284,10.020243619281008,0.999959428653312,51.50116073216263,3.0276484376708055,0.20572414192069102,5.151585091370533,11.834671203200037,304.1909604574885,0.20243619281007597,True,True,True,True,True,True,True
23,9,3,202.14468117870564,0.9907741670584895,0.995229588492894,1.0070454507922804,4.916198081957432,0.10101067746586813,10.019979481820208,0.999959428653312,51.50116073216263,3.0276484376708055,0.20572414192069102,5.151585091370533,11.834671203200037,304.1909604574885,0.19979481820207923,True,True,True,True,True,True,True
23,9,4,202.14468117870564,0.9907741670584895,0.995229588492894,1.0070454507922804,4.916198081957432,0.1007370693735799,10.044823382983935,0.999959428653312,51.50116073216263,3.0276484376708055,0.20572414192069102,5.151585091370533,11.834671203200037,304.1909604574885,0.44823382983935295,True,True,True,True,True,True,True
23,9,5,202.14468117870564,0.9907741670584895,0.995229588492894,1.0070454507922804,4.916198081957432,0.10105011125281836,10.024817002767728,0.999959428653312,51.50116073216263,3.0276484376708055,0.20572414192069102,5.151585091370533,11.834671203200037,304.1909604574885,0.2481700276772791,True,True,True,True,True,True,True
23,10,1,202.14468117870564,0.9907741670584895,0.995229588492894,1.0070454507922804,4.916198081957432,0.10269963458811794,10.050257398712729,1.0387283159117993,52.13451759830464,3.0221114744827506,0.1984968325343415,4.842459391609166,11.834671203200037,304.1909604574885,0.5025739871272883,True,True,True,True,True,True,True
23,10,2,202.14468117870564,0.9907741670584895,0.995229588492894,1.0070454507922804,4.916198081957432,0.10236294436764948,10.0124438799513,1.0387283159117993,52.13451759830464,3.0221114744827506,0.1984968325343415,4.842459391609166,11.834671203200037,304.1909604574885,0.12443879951300474,True,True,True,True,True,True,True
23,10,3,202.14468117870564,0.9907741670584895,0.995229588492894,1.0070454507922804,4.916198081957432,0.10262241199047098,10.062228516811361,1.0387283159117993,52.13451759830464,3.0221114744827506,0.1984968325343415,4.842459391609166,11.834671203200037,304.1909604574885,0.6222851681136099,True,True,True,True,True,True,True
23,10,4,202.14468117870564,0.9907741670584895,0.995229588492894,1.0070454507922804,4.916198081957432,0.10330539383060917,10.022732430220467,1.0387283159117993,52.13451759830464,3.0221114744827506,0.1984968325343415,4.842459391609166,11.834671203200037,304.1909604574885,0.22732430220466782,True,True,True,True,True,True,True
23,10,5,202.14468117870564,0.9907741670584895,0.995229588492894,1.0070454507922804,4.916198081957432,0.10271394766392376,10.043645219556112,1.0387283159117993,52.13451759830464,3.0221114744827506,0.1984968325343415,4.842459391609166,11.834671203200037,304.1909604574885,0.4364521955611167,True,True,True,True,True,True,True
24,1,1,200.5992871340677,0.9889721360151944,0.9890863947726791,1.031825124775989,5.100320586961775,0.10149019235579461,9.980741277498154,0.895461630755218,51.84342300392355,2.990056057644559,0.20919311029465884,4.412656477764711,12.22155269347222,294.5615905189226,-0.19258722501845682,True,True,True,True,True,True,True
24,1,2,200.5992871340677,0.9889721360151944,0.9890863947726791,1.031825124775989,5.100320586961775,0.10182417716973599,9.99789018115502,0.895461630755218,51.84342300392355,2.990056057644559,0.20919311029465884,4.412656477764711,12.22155269347222,294.5615905189226,-0.021098188449801825,True,True,True,True,True,True,True
24,1,3,200.5992871340677,0.9889721360151944,0.9890863947726791,1.031825124775989,5.100320586961775,0.1014977920785029,9.979450002260432,0.895461630755218,51.84342300392355,2.990056057644559,0.20919311029465884,4.412656477764711,12.22155269347222,294.5615905189226,-0.20549997739568227,True,True,True,True,True,True,True
24,1,4,200.5992871340677,0.9889721360151944,0.9890863947726791,1.031825124775989,5.100320586961775,0.10165370165986917,9.989097375532484,0.895461630755218,51.84342300392355,2.990056057644559,0.20919311029465884,4.412656477764711,12.22155269347222,294.5615905189226,-0.10902624467515666,True,True,True,True,True,True,True
24,1,5,200.5992871340677,0.9889721360151944,0.9890863947726791,1.031825124775989,5.100320586961775,0.1014515131902649,9.982602028256428,0.895461630755218,51.84342300392355,2.990056057644559,0.20919311029465884,4.412656477764711,12.22155269347222,294.5615905189226,-0.17397971743571716,True,True,True,True,True,True,True
24,2,1,200.5992871340677,0.9889721360151944,0.9890863947726791,1.031825124775989,5.100320586961775,0.1018427777855826,10.137184590117544,0.9340569259741479,55.55169964524375,2.985420781318692,0.2077017883273946,4.27102024914101,12.22155269347222,294.5615905189226,1.371845901175437,True,True,True,True,True,True,True
24,2,2,200.5992871340677,0.9889721360151944,0.9890863947726791,1.031825124775989,5.100320586961775,0.10232616171207749,10.077258098295736,0.9340569259741479,55.55169964524375,2.985420781318692,0.2077017883273946,4.27102024914101,12.22155269347222,294.5615905189226,0.7725809829573649,True,True,True,True,True,True,True
24,2,3,200.5992871340677,0.9889721360151944,0.9890863947726791,1.031825124775989,5.100320586961775,0.10278556405886984,10.09369970936963,0.9340569259741479,55.55169964524375,2.985420781318692,0.2077017883273946,4.27102024914101,12.22155269347222,294.5615905189226,0.9369970936963058,True,True,True,True,True,True,True
24,2,4,200.5992871340677,0.9889721360151944,0.9890863947726791,1.031825124775989,5.100320586961775,0.1024719979192255,10.077575415160226,0.9340569259741479,55.55169964524375,2.985420781318692,0.2077017883273946,4.27102024914101,12.22155269347222,294.5615905189226,0.775754151602257,True,True,True,True,True,True,True
24,2,5,200.5992871340677,0.9889721360151944,0.9890863947726791,1.031825124775989,5.100320586961775,0.10241191671328352,10.105278796828978,0.9340569259741479,55.55169964524375,2.985420781318692,0.2077017883273946,4.27102024914101,12.22155269347222,294.5615905189226,1.0527879682897812,True,True,True,True,True,True,True
24,3,1,200.5992871340677,0.9889721360151944,0.9890863947726791,1.031825124775989,5.100320586961775,0.10236845330174987,10.026768582163513,0.9566143567105276,54.432175095011196,2.9883747485658687,0.20351119201163959,4.16713946207976,12.22155269347222,294.5615905189226,0.26768582163512633,True,True,True,True,True,True,True
24,3,2,200.5992871340677,0.9889721360151944,0.9890863947726791,1.031825124775989,5.100320586961775,0.1020445353524181,10.004390639618757,0.9566143567105276,54.432175095011196,2.9883747485658687,0.20351119201163959,4.16713946207976,12.22155269347222,294.5615905189226,0.04390639618756964,True,True,True,True,True,True,True
24,3,3,200.5992871340677,0.9889721360151944,0.9890863947726791,1.031825124775989,5.100320586961775,0.10242575251863122,10.005840451217095,0.9566143567105276,54.432175095011196,2.9883747485658687,0.20351119201163959,4.16713946207976,12.22155269347222,294.5615905189226,0.058404512170948664,True,True,True,True,True,True,True
24,3,4,200.5992871340677,0.9889721360151944,0.9890863947726791,1.031825124775989,5.100320586961775,0.102423715983853,10.01673529965206,0.9566143567105276,54.432175095011196,2.9883747485658687,0.20351119201163959,4.16713946207976,12.22155269347222,294.5615905189226,0.1673529965206022,True,True,True,True,True,True,True
24,3,5,200.5992871340677,0.9889721360151944,0.9890863947726791,1.031825124775989,5.100320586961775,0.10217091656809131,10.02466540340344,0.9566143567105276,54.432175095011196,2.9883747485658687,0.20351119201163959,4.16713946207976,12.22155269347222,294.5615905189226,0.24665403403439254,True,True,True,True,True,True,True
24,4,1,200.5992871340677,0.9889721360151944,0.9890863947726791,1.031825124775989,5.100320586961775,0.101354009399105,10.063979055685264,0.90673179922762,54.314976812553276,2.9781704591179485,0.2004612646323377,4.344352390152057,12.22155269347222,294.5615905189226,0.6397905568526419,True,True,True,True,True,True,True
24,4,2,200.5992871340677,0.9889721360151944,0.9890863947726791,1.031825124775989,5.100320586961775,0.10090790053867792,10.113147331735432,0.90673179922762,54.314976812553276,2.9781704591179485,0.2004612646323377,4.344352390152057,12.22155269347222,294.5615905189226,1.1314733173543168,True,True,True,True,True,True,True
24,4,3,200.5992871340677,0.9889721360151944,0.9890863947726791,1.031825124775989,5.100320586961775,0.10135446326548035,10.094692361869576,0.90673179922762,54.314976812553276,2.9781704591179485,0.2004612646323377,4.344352390152057,12.22155269347222,294.5615905189226,0.946923618695763,True,True,True,True,True,True,True
24,4,4,200.5992871340677,0.9889721360151944,0.9890863947726791,1.031825124775989,5.100320586961775,0.1012790697961829,10.083210607604936,0.90673179922762,54.314976812553276,2.9781704591179485,0.2004612646323377,4.344352390152057,12.22155269347222,294.5615905189226,0.8321060760493637,True,True,True,True,True,True,True
24,4,5,200.5992871340677,0.9889721360151944,0.9890863947726791,1.031825124775989,5.100320586961775,0.10087545645202509,10.080117540452559,0.90673179922762,54.314976812553276,2.9781704591179485,0.2004612646323377,4.344352390152057,12.22155269347222,294.5615905189226,0.801175404525587,True,True,True,True,True,True,True
24,5,1,200.5992871340677,0.9889721360151944,0.9890863947726791,1.031825124775989,5.100320586961775,0.10162514106081319,10.049735122236184,0.9544736803480318,53.648477643103654,2.980996764330262,0.199584747514646,4.246286885379883,12.22155269347222,294.5615905189226,0.4973512223618392,True,True,True,True,True,True,True
24,5,2,200.5992871340677,0.9889721360151944,0.9890863947726791,1.031825124775989,5.100320586961775,0.10173687875107396,10.016196262564197,0.9544736803480318,53.648477643103654,2.980996764330262,0.199584747514646,4.246286885379883,12.22155269347222,294.5615905189226,0.16196262564196928,True,True,True,True,True,True,True
24,5,3,200.5992871340677,0.9889721360151944,0.9890863947726791,1.031825124775989,5.100320586961775,0.10139353799580961,10.018412098181901,0.9544736803480318,53.648477643103654,2.980996764330262,0.199584747514646,4.246286885379883,12.22155269347222,294.5615905189226,0.1841209818190137,True,True,True,True,True,True,True
24,5,4,200.5992871340677,0.9889721360151944,0.9890863947726791,1.031825124775989,5.100320586961775,0.10192955821429278,10.00760395196972,0.9544736803480318,53.648477643103654,2.980996764330262,0.199584747514646,4.246286885379883,12.22155269347222,294.5615905189226,0.07603951969720413,True,True,True,True,True,True,True
24,5,5,200.5992871340677,0.9889721360151944,0.9890863947726791,1.031825124775989,5.100320586961775,0.10174638132110266,9.983840525476896,0.9544736803480318,53.648477643103654,2.980996764330262,0.199584747514646,4.246286885379883,12.22155269347222,294.5615905189226,-0.16159474523103512,True,True,True,True,True,True,True
24,6,1,200.5992871340677,0.9889721360151944,0.9890863947726791,1.031825124775989,5.100320586961775,0.10043247553734097,10.025477517165191,0.9705040634545996,53.11845948302077,2.983952664359682,0.20244168526474787,4.249505379896093,12.22155269347222,294.5615905189226,0.2547751716519109,True,True,True,True,True,True,True
24,6,2,200.5992871340677,0.9889721360151944,0.9890863947726791,1.031825124775989,5.100320586961775,0.1012890333734411,10.019099456233725,0.9705040634545996,53.11845948302077,2.983952664359682,0.20244168526474787,4.249505379896093,12.22155269347222,294.5615905189226,0.1909945623372522,True,True,True,True,True,True,True
24,6,3,200.5992871340677,0.9889721360151944,0.9890863947726791,1.031825124775989,5.100320586961775,0.10103995940161288,10.03325190224493,0.9705040634545996,53.11845948302077,2.983952664359682,0.20244168526474787,4.249505379896093,12.22155269347222,294.5615905189226,0.33251902244929354,True,True,True,True,True,True,True
24,6,4,200.5992871340677,0.9889721360151944,0.9890863947726791,1.031825124775989,5.100320586961775,0.10070678390764976,10.028192730928819,0.9705040634545996,53.11845948302077,2.983952664359682,0.20244168526474787,4.249505379896093,12.22155269347222,294.5615905189226,0.28192730928818577,True,True,True,True,True,True,True
24,6,5,200.5992871340677,0.9889721360151944,0.9890863947726791,1.031825124775989,5.100320586961775,0.10084817565938642,10.057371030686866,0.9705040634545996,53.11845948302077,2.983952664359682,0.20244168526474787,4.249505379896093,12.22155269347222,294.5615905189226,0.5737103068686622,True,True,True,True,True,True,True
24,7,1,200.5992871340677,0.9889721360151944,0.9890863947726791,1.031825124775989,5.100320586961775,0.102210694168653,10.064218477185609,0.8980637980050438,53.23786323144682,2.9874042435499084,0.202833678293771,4.223715232386427,12.22155269347222,294.5615905189226,0.6421847718560869,True,True,True,True,True,True,True
24,7,2,200.5992871340677,0.9889721360151944,0.9890863947726791,1.031825124775989,5.100320586961775,0.10220770937777676,9.996953118498967,0.8980637980050438,53.23786323144682,2.9874042435499084,0.202833678293771,4.223715232386427,12.22155269347222,294.5615905189226,-0.03046881501033383,True,True,True,True,True,True,True
24,7,3,200.5992871340677,0.9889721360151944,0.9890863947726791,1.031825124775989,5.100320586961775,0.10212285470205273,10.033310776971561,0.8980637980050438,53.23786323144682,2.9874042435499084,0.202833678293771,4.223715232386427,12.22155269347222,294.5615905189226,0.3331077697156104,True,True,True,True,True,True,True
24,7,4,200.5992871340677,0.9889721360151944,0.9890863947726791,1.031825124775989,5.100320586961775,0.10210121620844485,10.036442005104686,0.8980637980050438,53.23786323144682,2.9874042435499084,0.202833678293771,4.223715232386427,12.22155269347222,294.5615905189226,0.3644200510468565,True,True,True,True,True,True,True
24,7,5,200.5992871340677,0.9889721360151944,0.9890863947726791,1.031825124775989,5.100320586961775,0.10229373295767853,10.031948951494678,0.8980637980050438,53.23786323144682,2.9874042435499084,0.202833678293771,4.223715232386427,12.22155269347222,294.5615905189226,0.3194895149467847,True,True,True,True,True,True,True
24,8,1,200.5992871340677,0.9889721360151944,0.9890863947726791,1.031825124775989,5.100320586961775,0.10034201485029669,10.015725686069388,1.010448052349737,53.11673313143959,2.987853724692124,0.19834588722888036,4.199779987399185,12.22155269347222,294.5615905189226,0.15725686069387734,True,True,True,True,True,True,True
24,8,2,200.5992871340677,0.9889721360151944,0.9890863947726791,1.031825124775989,5.100320586961775,0.1006163596036651,10.045488367214395,1.010448052349737,53.11673313143959,2.987853724692124,0.19834588722888036,4.199779987399185,12.22155269347222,294.5615905189226,0.4548836721439464,True,True,True,True,True,True,True
24,8,3,200.5992871340677,0.9889721360151944,0.9890863947726791,1.031825124775989,5.100320586961775,0.09994339528163414,10.038317258109414,1.010448052349737,53.11673313143959,2.987853724692124,0.19834588722888036,4.199779987399185,12.22155269347222,294.5615905189226,0.38317258109414,True,True,True,True,True,True,True
24,8,4,200.5992871340677,0.9889721360151944,0.9890863947726791,1.031825124775989,5.100320586961775,0.10011719233986913,10.057401178902525,1.010448052349737,53.11673313143959,2.987853724692124,0.19834588722888036,4.199779987399185,12.22155269347222,294.5615905189226,0.5740117890252527,True,True,True,True,True,True,True
24,8,5,200.5992871340677,0.9889721360151944,0.9890863947726791,1.031825124775989,5.100320586961775,0.10078121989294614,10.052762396870705,1.010448052349737,53.11673313143959,2.987853724692124,0.19834588722888036,4.199779987399185,12.22155269347222,294.5615905189226,0.5276239687070472,True,True,True,True,True,True,True
24,9,1,200.5992871340677,0.9889721360151944,0.9890863947726791,1.031825124775989,5.100320586961775,0.10052458582997152,10.080436585339154,0.9242823041156509,53.36166916457596,2.9874982079873504,0.20208325120424978,3.8394244956662105,12.22155269347222,294.5615905189226,0.8043658533915375,True,True,True,True,True,True,True
24,9,2,200.5992871340677,0.9889721360151944,0.9890863947726791,1.031825124775989,5.100320586961775,0.10038081980708739,10.056184782750567,0.9242823041156509,53.36166916457596,2.9874982079873504,0.20208325120424978,3.8394244956662105,12.22155269347222,294.5615905189226,0.561847827505666,True,True,True,True,True,True,True
24,9,3,200.5992871340677,0.9889721360151944,0.9890863947726791,1.031825124775989,5.100320586961775,0.10028079107544799,10.068914006655673,0.9242823041156509,53.36166916457596,2.9874982079873504,0.20208325120424978,3.8394244956662105,12.22155269347222,294.5615905189226,0.6891400665567282,True,True,True,True,True,True,True
24,9,4,200.5992871340677,0.9889721360151944,0.9890863947726791,1.031825124775989,5.100320586961775,0.10067105691789881,10.029460519250017,0.9242823041156509,53.36166916457596,2.9874982079873504,0.20208325120424978,3.8394244956662105,12.22155269347222,294.5615905189226,0.2946051925001747,True,True,True,True,True,True,True
24,9,5,200.5992871340677,0.9889721360151944,0.9890863947726791,1.031825124775989,5.100320586961775,0.10048902842953303,10.071338959980649,0.9242823041156509,53.36166916457596,2.9874982079873504,0.20208325120424978,3.8394244956662105,12.22155269347222,294.5615905189226,0.7133895998064865,True,True,True,True,True,True,True
24,10,1,200.5992871340677,0.9889721360151944,0.9890863947726791,1.031825124775989,5.100320586961775,0.10189046198899783,10.00478155655175,0.8757986377216577,52.80535997853316,2.983599520447303,0.20536468519418113,4.119672071815476,12.22155269347222,294.5615905189226,0.047815565517499437,True,True,True,True,True,True,True
24,10,2,200.5992871340677,0.9889721360151944,0.9890863947726791,1.031825124775989,5.100320586961775,0.1014057525875169,10.01680030460348,0.8757986377216577,52.80535997853316,2.983599520447303,0.20536468519418113,4.119672071815476,12.22155269347222,294.5615905189226,0.16800304603480143,True,True,True,True,True,True,True
24,10,3,200.5992871340677,0.9889721360151944,0.9890863947726791,1.031825124775989,5.100320586961775,0.10112514273408342,10.00595539076197,0.8757986377216577,52.80535997853316,2.983599520447303,0.20536468519418113,4.119672071815476,12.22155269347222,294.5615905189226,0.059553907619704916,True,True,True,True,True,True,True
24,10,4,200.5992871340677,0.9889721360151944,0.9890863947726791,1.031825124775989,5.100320586961775,0.10159467639395152,9.978673447319144,0.8757986377216577,52.80535997853316,2.983599520447303,0.20536468519418113,4.119672071815476,12.22155269347222,294.5615905189226,-0.21326552680855926,True,True,True,True,True,True,True
24,10,5,200.5992871340677,0.9889721360151944,0.9890863947726791,1.031825124775989,5.100320586961775,0.10125030443641043,10.01823966714347,0.8757986377216577,52.80535997853316,2.983599520447303,0.20536468519418113,4.119672071815476,12.22155269347222,294.5615905189226,0.18239667143470584,True,True,True,True,True,True,True
25,1,1,199.79415994724562,1.0220843278678315,0.9766793489038023,0.9911517800266929,4.886369713710747,0.10241859658539809,10.138087094368977,0.8380290783950636,44.766700170847855,3.0016261856355273,0.19413429959632972,4.2886453543808205,11.740570556351988,306.62905032773693,1.3808709436897715,True,True,True,True,True,True,True
25,1,2,199.79415994724562,1.0220843278678315,0.9766793489038023,0.9911517800266929,4.886369713710747,0.10296201261933334,10.153067989012644,0.8380290783950636,44.766700170847855,3.0016261856355273,0.19413429959632972,4.2886453543808205,11.740570556351988,306.62905032773693,1.530679890126443,True,True,True,True,True,True,True
25,1,3,199.79415994724562,1.0220843278678315,0.9766793489038023,0.9911517800266929,4.886369713710747,0.10258466992793053,10.148265664981247,0.8380290783950636,44.766700170847855,3.0016261856355273,0.19413429959632972,4.2886453543808205,11.740570556351988,306.62905032773693,1.4826566498124727,True,True,True,True,True,True,True
25,1,4,199.79415994724562,1.0220843278678315,0.9766793489038023,0.9911517800266929,4.886369713710747,0.10255872578843624,10.114778177789415,0.8380290783950636,44.766700170847855,3.0016261856355273,0.19413429959632972,4.2886453543808205,11.740570556351988,306.62905032773693,1.1477817778941457,True,True,True,True,True,True,True
25,1,5,199.79415994724562,1.0220843278678315,0.9766793489038023,0.9911517800266929,4.886369713710747,0.10292709084549165,10.132606839820564,0.8380290783950636,44.766700170847855,3.0016261856355273,0.19413429959632972,4.2886453543808205,11.740570556351988,306.62905032773693,1.326068398205642,True,True,True,True,True,True,True
25,2,1,199.79415994724562,1.0220843278678315,0.9766793489038023,0.9911517800266929,4.886369713710747,0.10222702144959998,10.054780685117551,0.7857867006172455,45.410231219609415,2.9956868810016943,0.19321877690220096,4.606248037393167,11.740570556351988,306.62905032773693,0.5478068511755119,True,True,True,True,True,True,True
25,2,2,199.79415994724562,1.0220843278678315,0.9766793489038023,0.9911517800266929,4.886369713710747,0.1019194414545615,10.047978894512886,0.7857867006172455,45.410231219609415,2.9956868810016943,0.19321877690220096,4.606248037393167,11.740570556351988,306.62905032773693,0.47978894512885617,True,True,True,True,True,True,True
25,2,3,199.79415994724562,1.0220843278678315,0.9766793489038023,0.9911517800266929,4.886369713710747,0.10133672187656646,10.05518568632391,0.7857867006172455,45.410231219609415,2.9956868810016943,0.19321877690220096,4.606248037393167,11.740570556351988,306.62905032773693,0.5518568632390952,True,True,True,True,True,True,True
25,2,4,199.79415994724562,1.0220843278678315,0.9766793489038023,0.9911517800266929,4.886369713710747,0.10180546248731218,10.077567591617775,0.7857867006172455,45.410231219609415,2.9956868810016943,0.19321877690220096,4.606248037393167,11.740570556351988,306.62905032773693,0.7756759161777538,True,True,True,True,True,True,True
25,2,5,199.79415994724562,1.0220843278678315,0.9766793489038023,0.9911517800266929,4.886369713710747,0.10162039995268343,10.06728148602807,0.7857867006172455,45.410231219609415,2.9956868810016943,0.19321877690220096,4.606248037393167,11.740570556351988,306.62905032773693,0.672814860280706,True,True,True,True,True,True,True
25,3,1,199.79415994724562,1.0220843278678315,0.9766793489038023,0.9911517800266929,4.886369713710747,0.10153726383168019,10.076627309979568,0.8608645431920726,45.77012446753075,2.999850082533042,0.1993501503205907,4.538448398539807,11.740570556351988,306.62905032773693,0.7662730997956757,True,True,True,True,True,True,True
25,3,2,199.79415994724562,1.0220843278678315,0.9766793489038023,0.9911517800266929,4.886369713710747,0.10166261559498803,10.054569376717708,0.8608645431920726,45.77012446753075,2.999850082533042,0.1993501503205907,4.538448398539807,11.740570556351988,306.62905032773693,0.5456937671770845,True,True,True,True,True,True,True
25,3,3,199.79415994724562,1.0220843278678315,0.9766793489038023,0.9911517800266929,4.886369713710747,0.10201497761831645,10.076056486869877,0.8608645431920726,45.77012446753075,2.999850082533042,0.1993501503205907,4.538448398539807,11.740570556351988,306.62905032773693,0.760564868698772,True,True,True,True,True,True,True
25,3,4,199.79415994724562,1.0220843278678315,0.9766793489038023,0.9911517800266929,4.886369713710747,0.10190715877188807,10.044079055228263,0.8608645431920726,45.77012446753075,2.999850082533042,0.1993501503205907,4.538448398539807,11.740570556351988,306.62905032773693,0.4407905522826283,True,True,True,True,True,True,True
25,3,5,199.79415994724562,1.0220843278678315,0.9766793489038023,0.9911517800266929,4.886369713710747,0.1019478350893705,10.042514944444994,0.8608645431920726,45.77012446753075,2.999850082533042,0.1993501503205907,4.538448398539807,11.740570556351988,306.62905032773693,0.4251494444499393,True,True,True,True,True,True,True
25,4,1,199.79415994724562,1.0220843278678315,0.9766793489038023,0.9911517800266929,4.886369713710747,0.10279158413733348,9.999036399692946,0.8351234674901931,47.36666361342695,3.002254181347124,0.19400685511180826,4.479754165086602,11.740570556351988,306.62905032773693,-0.009636003070543353,True,True,True,True,True,True,True
25,4,2,199.79415994724562,1.0220843278678315,0.9766793489038023,0.9911517800266929,4.886369713710747,0.10243285101961344,10.025050532701012,0.8351234674901931,47.36666361342695,3.002254181347124,0.19400685511180826,4.479754165086602,11.740570556351988,306.62905032773693,0.2505053270101243,True,True,True,True,True,True,True
25,4,3,199.79415994724562,1.0220843278678315,0.9766793489038023,0.9911517800266929,4.886369713710747,0.10277424693080228,10.019484849751414,0.8351234674901931,47.36666361342695,3.002254181347124,0.19400685511180826,4.479754165086602,11.740570556351988,306.62905032773693,0.19484849751414401,True,True,True,True,True,True,True
25,4,4,199.79415994724562,1.0220843278678315,0.9766793489038023,0.9911517800266929,4.886369713710747,0.10275700501102364,10.021566030397771,0.8351234674901931,47.36666361342695,3.002254181347124,0.19400685511180826,4.479754165086602,11.740570556351988,306.62905032773693,0.21566030397771385,True,True,True,True,True,True,True
25,4,5,199.79415994724562,1.0220843278678315,0.9766793489038023,0.9911517800266929,4.886369713710747,0.10308612414553803,10.026419855877949,0.8351234674901931,47.36666361342695,3.002254181347124,0.19400685511180826,4.479754165086602,11.740570556351988,306.62905032773693,0.26419855877948706,True,True,True,True,True,True,True
25,5,1,199.79415994724562,1.0220843278678315,0.9766793489038023,0.9911517800266929,4.886369713710747,0.1024761007538301,10.149811807608968,0.8007253045603269,45.21182926425279,2.991293632914554,0.1964940096433921,4.440155201791615,11.740570556351988,306.62905032773693,1.4981180760896784,True,True,True,True,True,True,True
25,5,2,199.79415994724562,1.0220843278678315,0.9766793489038023,0.9911517800266929,4.886369713710747,0.10248992399367994,10.108295665427924,0.8007253045603269,45.21182926425279,2.991293632914554,0.1964940096433921,4.440155201791615,11.740570556351988,306.62905032773693,1.0829566542792435,True,True,True,True,True,True,True
25,5,3,199.79415994724562,1.0220843278678315,0.9766793489038023,0.9911517800266929,4.886369713710747,0.1027771587113553,10.115575171647363,0.8007253045603269,45.21182926425279,2.991293632914554,0.1964940096433921,4.440155201791615,11.740570556351988,306.62905032773693,1.1557517164736275,True,True,True,True,True,True,True
25,5,4,199.79415994724562,1.0220843278678315,0.9766793489038023,0.9911517800266929,4.886369713710747,0.10298854932607332,10.111548098933579,0.8007253045603269,45.21182926425279,2.991293632914554,0.1964940096433921,4.440155201791615,11.740570556351988,306.62905032773693,1.1154809893357864,True,True,True,True,True,True,True
25,5,5,199.79415994724562,1.0220843278678315,0.9766793489038023,0.9911517800266929,4.886369713710747,0.10295850376537863,10.102999041044287,0.8007253045603269,45.21182926425279,2.991293632914554,0.1964940096433921,4.440155201791615,11.740570556351988,306.62905032773693,1.029990410442867,True,True,True,True,True,True,True
25,6,1,199.79415994724562,1.0220843278678315,0.9766793489038023,0.9911517800266929,4.886369713710747,0.10291368788645072,10.113336062297458,0.8143364894864564,47.88538287881144,2.993929771645927,0.196169397410181,4.207636617688902,11.740570556351988,306.62905032773693,1.1333606229745818,True,True,True,True,True,True,True
25,6,2,199.79415994724562,1.0220843278678315,0.9766793489038023,0.9911517800266929,4.886369713710747,0.10280141848584033,10.07605746594541,0.8143364894864564,47.88538287881144,2.993929771645927,0.196169397410181,4.207636617688902,11.740570556351988,306.62905032773693,0.7605746594541074,True,True,True,True,True,True,True
25,6,3,199.79415994724562,1.0220843278678315,0.9766793489038023,0.9911517800266929,4.886369713710747,0.10249265255921854,10.090219349900105,0.8143364894864564,47.88538287881144,2.993929771645927,0.196169397410181,4.207636617688902,11.740570556351988,306.62905032773693,0.9021934990010472,True,True,True,True,True,True,True
25,6,4,199.79415994724562,1.0220843278678315,0.9766793489038023,0.9911517800266929,4.886369713710747,0.10276443160514229,10.09779117841119,0.8143364894864564,47.88538287881144,2.993929771645927,0.196169397410181,4.207636617688902,11.740570556351988,306.62905032773693,0.9779117841119067,True,True,True,True,True,True,True
25,6,5,199.79415994724562,1.0220843278678315,0.9766793489038023,0.9911517800266929,4.886369713710747,0.10263506407443826,10.089583956982244,0.8143364894864564,47.88538287881144,2.993929771645927,0.196169397410181,4.207636617688902,11.740570556351988,306.62905032773693,0.8958395698224385,True,True,True,True,True,True,True
25,7,1,199.79415994724562,1.0220843278678315,0.9766793489038023,0.9911517800266929,4.886369713710747,0.10336863823375889,10.078231149612627,0.8255573886999213,44.817699204092506,3.00648364610345,0.19212433804923013,4.412009063741232,11.740570556351988,306.62905032773693,0.782311496126269,True,True,True,True,True,True,True
25,7,2,199.79415994724562,1.0220843278678315,0.9766793489038023,0.9911517800266929,4.886369713710747,0.10262019507439599,10.069409843762312,0.8255573886999213,44.817699204092506,3.00648364610345,0.19212433804923013,4.412009063741232,11.740570556351988,306.62905032773693,0.6940984376231185,True,True,True,True,True,True,True
25,7,3,199.79415994724562,1.0220843278678315,0.9766793489038023,0.9911517800266929,4.886369713710747,0.10293781356820927,10.068406544669179,0.8255573886999213,44.817699204092506,3.00648364610345,0.19212433804923013,4.412009063741232,11.740570556351988,306.62905032773693,0.6840654466917861,True,True,True,True,True,True,True
25,7,4,199.79415994724562,1.0220843278678315,0.9766793489038023,0.9911517800266929,4.886369713710747,0.10269721550449676,10.062307808104334,0.8255573886999213,44.817699204092506,3.00648364610345,0.19212433804923013,4.412009063741232,11.740570556351988,306.62905032773693,0.6230780810433423,True,True,True,True,True,True,True
25,7,5,199.79415994724562,1.0220843278678315,0.9766793489038023,0.9911517800266929,4.886369713710747,0.10291290045916252,10.050520968634016,0.8255573886999213,44.817699204092506,3.00648364610345,0.19212433804923013,4.412009063741232,11.740570556351988,306.62905032773693,0.5052096863401623,True,True,True,True,True,True,True
25,8,1,199.79415994724562,1.0220843278678315,0.9766793489038023,0.9911517800266929,4.886369713710747,0.10116440416732243,10.066245902492918,0.8563528707983926,44.151048221695135,3.0019995333497786,0.19317247540731233,4.6157013187836435,11.740570556351988,306.62905032773693,0.6624590249291806,True,True,True,True,True,True,True
25,8,2,199.79415994724562,1.0220843278678315,0.9766793489038023,0.9911517800266929,4.886369713710747,0.10164847609015193,10.041109056710456,0.8563528707983926,44.151048221695135,3.0019995333497786,0.19317247540731233,4.6157013187836435,11.740570556351988,306.62905032773693,0.41109056710455505,True,True,True,True,True,True,True
25,8,3,199.79415994724562,1.0220843278678315,0.9766793489038023,0.9911517800266929,4.886369713710747,0.10141601577647823,10.050983578081638,0.8563528707983926,44.151048221695135,3.0019995333497786,0.19317247540731233,4.6157013187836435,11.740570556351988,306.62905032773693,0.5098357808163811,True,True,True,True,True,True,True
25,8,4,199.79415994724562,1.0220843278678315,0.9766793489038023,0.9911517800266929,4.886369713710747,0.10124221186657364,10.074129302764728,0.8563528707983926,44.151048221695135,3.0019995333497786,0.19317247540731233,4.6157013187836435,11.740570556351988,306.62905032773693,0.7412930276472807,True,True,True,True,True,True,True
25,8,5,199.79415994724562,1.0220843278678315,0.9766793489038023,0.9911517800266929,4.886369713710747,0.10175320686668032,10.056317803189554,0.8563528707983926,44.151048221695135,3.0019995333497786,0.19317247540731233,4.6157013187836435,11.740570556351988,306.62905032773693,0.5631780318955393,True,True,True,True,True,True,True
25,9,1,199.79415994724562,1.0220843278678315,0.9766793489038023,0.9911517800266929,4.886369713710747,0.10284134987260381,10.09563053581229,0.815117412283591,43.71989965755914,2.9927335899363117,0.19623067555899995,4.313884632530024,11.740570556351988,306.62905032773693,0.9563053581229043,True,True,True,True,True,True,True
25,9,2,199.79415994724562,1.0220843278678315,0.9766793489038023,0.9911517800266929,4.886369713710747,0.10245871969904378,10.076517866589908,0.815117412283591,43.71989965755914,2.9927335899363117,0.19623067555899995,4.313884632530024,11.740570556351988,306.62905032773693,0.7651786658990822,True,True,True,True,True,True,True
25,9,3,199.79415994724562,1.0220843278678315,0.9766793489038023,0.9911517800266929,4.886369713710747,0.10231832580844123,10.097353422269505,0.815117412283591,43.71989965755914,2.9927335899363117,0.19623067555899995,4.313884632530024,11.740570556351988,306.62905032773693,0.9735342226950472,True,True,True,True,True,True,True
25,9,4,199.79415994724562,1.0220843278678315,0.9766793489038023,0.9911517800266929,4.886369713710747,0.10280214983019753,10.116171069189578,0.815117412283591,43.71989965755914,2.9927335899363117,0.19623067555899995,4.313884632530024,11.740570556351988,306.62905032773693,1.161710691895781,True,True,True,True,True,True,True
25,9,5,199.79415994724562,1.0220843278678315,0.9766793489038023,0.9911517800266929,4.886369713710747,0.10306784332351217,10.098889133737579,0.815117412283591,43.71989965755914,2.9927335899363117,0.19623067555899995,4.313884632530024,11.740570556351988,306.62905032773693,0.9888913373757903,True,True,True,True,True,True,True
25,10,1,199.79415994724562,1.0220843278678315,0.9766793489038023,0.9911517800266929,4.886369713710747,0.10273278291918407,10.040677406627168,0.8347746977771926,44.54416007328615,2.999518387608726,0.19195585039791213,4.457629123096812,11.740570556351988,306.62905032773693,0.4067740662716801,True,True,True,True,True,True,True
25,10,2,199.79415994724562,1.0220843278678315,0.9766793489038023,0.9911517800266929,4.886369713710747,0.10236104484249577,9.996909770791925,0.8347746977771926,44.54416007328615,2.999518387608726,0.19195585039791213,4.457629123096812,11.740570556351988,306.62905032773693,-0.03090229208075002,True,True,True,True,True,True,True
25,10,3,199.79415994724562,1.0220843278678315,0.9766793489038023,0.9911517800266929,4.886369713710747,0.10265744249189929,10.033262212673526,0.8347746977771926,44.54416007328615,2.999518387608726,0.19195585039791213,4.457629123096812,11.740570556351988,306.62905032773693,0.3326221267352558,True,True,True,True,True,True,True
25,10,4,199.79415994724562,1.0220843278678315,0.9766793489038023,0.9911517800266929,4.886369713710747,0.10302393201400604,9.9842604430558,0.8347746977771926,44.54416007328615,2.999518387608726,0.19195585039791213,4.457629123096812,11.740570556351988,306.62905032773693,-0.1573955694419915,True,True,True,True,True,True,True
25,10,5,199.79415994724562,1.0220843278678315,0.9766793489038023,0.9911517800266929,4.886369713710747,0.10240536049964556,10.026825505518836,0.8347746977771926,44.54416007328615,2.999518387608726,0.19195585039791213,4.457629123096812,11.740570556351988,306.62905032773693,0.26825505518836223,True,True,True,True,True,True,True
26,1,1,201.49243339635,0.979673799612793,0.9896732182359368,1.0053752897652106,5.1781038459242295,0.1022226308810109,10.045073339480076,1.052027102521452,52.49260026126094,2.9657800935153533,0.20697815850663537,4.75196610749263,12.351256199849606,291.46832854490015,0.4507333948007642,True,True,True,True,True,True,True
26,1,2,201.49243339635,0.979673799612793,0.9896732182359368,1.0053752897652106,5.1781038459242295,0.10234681860360996,10.063085668669038,1.052027102521452,52.49260026126094,2.9657800935153533,0.20697815850663537,4.75196610749263,12.351256199849606,291.46832854490015,0.6308566866903753,True,True,True,True,True,True,True
26,1,3,201.49243339635,0.979673799612793,0.9896732182359368,1.0053752897652106,5.1781038459242295,0.10256675423308864,10.044949038777824,1.052027102521452,52.49260026126094,2.9657800935153533,0.20697815850663537,4.75196610749263,12.351256199849606,291.46832854490015,0.4494903877782441,True,True,True,True,True,True,True
26,1,4,201.49243339635,0.979673799612793,0.9896732182359368,1.0053752897652106,5.1781038459242295,0.1019840013388492,10.043818514289946,1.052027102521452,52.49260026126094,2.9657800935153533,0.20697815850663537,4.75196610749263,12.351256199849606,291.46832854490015,0.43818514289945654,True,True,True,True,True,True,True
26,1,5,201.49243339635,0.979673799612793,0.9896732182359368,1.0053752897652106,5.1781038459242295,0.10211027039426804,10.001643397776792,1.052027102521452,52.49260026126094,2.9657800935153533,0.20697815850663537,4.75196610749263,12.351256199849606,291.46832854490015,0.016433977767924546,True,True,True,True,True,True,True
26,2,1,201.49243339635,0.979673799612793,0.9896732182359368,1.0053752897652106,5.1781038459242295,0.10260338426361444,10.059298464026748,1.0610262038764775,52.52322497217475,2.9875855752207707,0.20555583325015783,4.719620958491896,12.351256199849606,291.46832854490015,0.5929846402674777,True,True,True,True,True,True,True
26,2,2,201.49243339635,0.979673799612793,0.9896732182359368,1.0053752897652106,5.1781038459242295,0.10201538121945913,10.025939143669275,1.0610262038764775,52.52322497217475,2.9875855752207707,0.20555583325015783,4.719620958491896,12.351256199849606,291.46832854490015,0.25939143669274856,True,True,True,True,True,True,True
26,2,3,201.49243339635,0.979673799612793,0.9896732182359368,1.0053752897652106,5.1781038459242295,0.10261667264575869,10.064464485761363,1.0610262038764775,52.52322497217475,2.9875855752207707,0.20555583325015783,4.719620958491896,12.351256199849606,291.46832854490015,0.6446448576136277,True,True,True,True,True,True,True
26,2,4,201.49243339635,0.979673799612793,0.9896732182359368,1.0053752897652106,5.1781038459242295,0.10206509245249865,10.055290658478784,1.0610262038764775,52.52322497217475,2.9875855752207707,0.20555583325015783,4.719620958491896,12.351256199849606,291.46832854490015,0.5529065847878378,True,True,True,True,True,True,True
26,2,5,201.49243339635,0.979673799612793,0.9896732182359368,1.0053752897652106,5.1781038459242295,0.10241351450439459,10.063086435794892,1.0610262038764775,52.52322497217475,2.9875855752207707,0.20555583325015783,4.719620958491896,12.351256199849606,291.46832854490015,0.6308643579489193,True,True,True,True,True,True,True
26,3,1,201.49243339635,0.979673799612793,0.9896732182359368,1.0053752897652106,5.1781038459242295,0.10266492476395754,10.026331980979577,1.0724066705803847,54.264955789528926,2.9848582696656365,0.2065739000615166,4.622942133760947,12.351256199849606,291.46832854490015,0.2633198097957745,True,True,True,True,True,True,True
26,3,2,201.49243339635,0.979673799612793,0.9896732182359368,1.0053752897652106,5.1781038459242295,0.1023822637373421,10.020805734954477,1.0724066705803847,54.264955789528926,2.9848582696656365,0.2065739000615166,4.622942133760947,12.351256199849606,291.46832854490015,0.20805734954477015,True,True,True,True,True,True,True
26,3,3,201.49243339635,0.979673799612793,0.9896732182359368,1.0053752897652106,5.1781038459242295,0.10235757119855676,10.03744681261054,1.0724066705803847,54.264955789528926,2.9848582696656365,0.2065739000615166,4.622942133760947,12.351256199849606,291.46832854490015,0.37446812610539837,True,True,True,True,True,True,True
26,3,4,201.49243339635,0.979673799612793,0.9896732182359368,1.0053752897652106,5.1781038459242295,0.10272890459495691,10.01146270476863,1.0724066705803847,54.264955789528926,2.9848582696656365,0.2065739000615166,4.622942133760947,12.351256199849606,291.46832854490015,0.11462704768630873,True,True,True,True,True,True,True
26,3,5,201.49243339635,0.979673799612793,0.9896732182359368,1.0053752897652106,5.1781038459242295,0.10257282172124567,10.047874448184087,1.0724066705803847,54.264955789528926,2.9848582696656365,0.2065739000615166,4.622942133760947,12.351256199849606,291.46832854490015,0.47874448184087365,True,True,True,True,True,True,True
26,4,1,201.49243339635,0.979673799612793,0.9896732182359368,1.0053752897652106,5.1781038459242295,0.10198215183843987,9.992134675885032,1.086757767736365,49.56214980274846,2.976131554808717,0.21463534949899848,4.742464663567527,12.351256199849606,291.46832854490015,-0.0786532411496843,True,True,True,True,True,True,True
26,4,2,201.49243339635,0.979673799612793,0.9896732182359368,1.0053752897652106,5.1781038459242295,0.10224856480686398,10.00975165055622,1.086757767736365,49.56214980274846,2.976131554808717,0.21463534949899848,4.742464663567527,12.351256199849606,291.46832854490015,0.0975165055622007,True,True,True,True,True,True,True
26,4,3,201.49243339635,0.979673799612793,0.9896732182359368,1.0053752897652106,5.1781038459242295,0.10211129273747607,10.036355590852725,1.086757767736365,49.56214980274846,2.976131554808717,0.21463534949899848,4.742464663567527,12.351256199849606,291.46832854490015,0.3635559085272533,True,True,True,True,True,True,True
26,4,4,201.49243339635,0.979673799612793,0.9896732182359368,1.0053752897652106,5.1781038459242295,0.10223085256572176,10.000635047524367,1.086757767736365,49.56214980274846,2.976131554808717,0.21463534949899848,4.742464663567527,12.351256199849606,291.46832854490015,0.0063504752436749365,True,True,True,True,True,True,True
26,4,5,201.49243339635,0.979673799612793,0.9896732182359368,1.0053752897652106,5.1781038459242295,0.10168472598429559,9.99825600439851,1.086757767736365,49.56214980274846,2.976131554808717,0.21463534949899848,4.742464663567527,12.351256199849606,291.46832854490015,-0.017439956014904112,True,True,True,True,True,True,True
26,5,1,201.49243339635,0.979673799612793,0.9896732182359368,1.0053752897652106,5.1781038459242295,0.10104172015704259,9.960206893457183,1.0100974980242974,51.196707028553604,2.9827114275063336,0.2028432778940477,4.050383646023552,12.351256199849606,291.46832854490015,-0.39793106542816753,True,True,True,True,True,True,True
26,5,2,201.49243339635,0.979673799612793,0.9896732182359368,1.0053752897652106,5.1781038459242295,0.10163913545515177,9.96676792980786,1.0100974980242974,51.196707028553604,2.9827114275063336,0.2028432778940477,4.050383646023552,12.351256199849606,291.46832854490015,-0.3323207019214003,True,True,True,True,True,True,True
26,5,3,201.49243339635,0.979673799612793,0.9896732182359368,1.0053752897652106,5.1781038459242295,0.10144755509031878,9.966646827178591,1.0100974980242974,51.196707028553604,2.9827114275063336,0.2028432778940477,4.050383646023552,12.351256199849606,291.46832854490015,-0.33353172821408705,True,True,True,True,True,True,True
26,5,4,201.49243339635,0.979673799612793,0.9896732182359368,1.0053752897652106,5.1781038459242295,0.10117058663365723,9.975543668767523,1.0100974980242974,51.196707028553604,2.9827114275063336,0.2028432778940477,4.050383646023552,12.351256199849606,291.46832854490015,-0.2445633123247681,True,True,True,True,True,True,True
26,5,5,201.49243339635,0.979673799612793,0.9896732182359368,1.0053752897652106,5.1781038459242295,0.10116564325588479,9.96332730472095,1.0100974980242974,51.196707028553604,2.9827114275063336,0.2028432778940477,4.050383646023552,12.351256199849606,291.46832854490015,-0.36672695279049705,True,True,True,True,True,True,True
26,6,1,201.49243339635,0.979673799612793,0.9896732182359368,1.0053752897652106,5.1781038459242295,0.1025462534619124,10.007941637101153,1.029903363729315,51.42986886306288,2.986104716567963,0.2077220048115841,4.54992893840374,12.351256199849606,291.46832854490015,0.07941637101152921,True,True,True,True,True,True,True
26,6,2,201.49243339635,0.979673799612793,0.9896732182359368,1.0053752897652106,5.1781038459242295,0.10259254908706934,9.992736627353437,1.029903363729315,51.42986886306288,2.986104716567963,0.2077220048115841,4.54992893840374,12.351256199849606,291.46832854490015,-0.07263372646562516,True,True,True,True,True,True,True
26,6,3,201.49243339635,0.979673799612793,0.9896732182359368,1.0053752897652106,5.1781038459242295,0.10228792006767695,9.996437444789045,1.029903363729315,51.42986886306288,2.986104716567963,0.2077220048115841,4.54992893840374,12.351256199849606,291.46832854490015,-0.03562555210955054,True,True,True,True,True,True,True
26,6,4,201.49243339635,0.979673799612793,0.9896732182359368,1.0053752897652106,5.1781038459242295,0.1024638180123014,9.98140245901713,1.029903363729315,51.42986886306288,2.986104716567963,0.2077220048115841,4.54992893840374,12.351256199849606,291.46832854490015,-0.18597540982870697,True,True,True,True,True,True,True
26,6,5,201.49243339635,0.979673799612793,0.9896732182359368,1.0053752897652106,5.1781038459242295,0.10236300241234933,10.014267441581895,1.029903363729315,51.42986886306288,2.986104716567963,0.2077220048115841,4.54992893840374,12.351256199849606,291.46832854490015,0.14267441581894857,True,True,True,True,True,True,True
26,7,1,201.49243339635,0.979673799612793,0.9896732182359368,1.0053752897652106,5.1781038459242295,0.10331139486254577,10.097853903570211,1.07612075668784,53.16973980832824,2.990409569744153,0.2040804774211022,4.158411176270416,12.351256199849606,291.46832854490015,0.978539035702113,True,True,True,True,True,True,True
26,7,2,201.49243339635,0.979673799612793,0.9896732182359368,1.0053752897652106,5.1781038459242295,0.10322657107317185,10.106912326552525,1.07612075668784,53.16973980832824,2.990409569744153,0.2040804774211022,4.158411176270416,12.351256199849606,291.46832854490015,1.0691232655252492,True,True,True,True,True,True,True
26,7,3,201.49243339635,0.979673799612793,0.9896732182359368,1.0053752897652106,5.1781038459242295,0.10325854656222026,10.124636727489404,1.07612075668784,53.16973980832824,2.990409569744153,0.2040804774211022,4.158411176270416,12.351256199849606,291.46832854490015,1.2463672748940446,True,True,True,True,True,True,True
26,7,4,201.49243339635,0.979673799612793,0.9896732182359368,1.0053752897652106,5.1781038459242295,0.10286206046732568,10.116724857654432,1.07612075668784,53.16973980832824,2.990409569744153,0.2040804774211022,4.158411176270416,12.351256199849606,291.46832854490015,1.1672485765443241,True,True,True,True,True,True,True
26,7,5,201.49243339635,0.979673799612793,0.9896732182359368,1.0053752897652106,5.1781038459242295,0.10362816346678887,10.08801299681223,1.07612075668784,53.16973980832824,2.990409569744153,0.2040804774211022,4.158411176270416,12.351256199849606,291.46832854490015,0.8801299681223007,True,True,True,True,True,True,True
26,8,1,201.49243339635,0.979673799612793,0.9896732182359368,1.0053752897652106,5.1781038459242295,0.1017589196591063,10.02887830579123,1.0183490179016121,51.72537367461622,2.9776004497642306,0.20259203996370884,4.35490756165076,12.351256199849606,291.46832854490015,0.2887830579122941,True,True,True,True,True,True,True
26,8,2,201.49243339635,0.979673799612793,0.9896732182359368,1.0053752897652106,5.1781038459242295,0.1020247204161825,10.04847289870547,1.0183490179016121,51.72537367461622,2.9776004497642306,0.20259203996370884,4.35490756165076,12.351256199849606,291.46832854490015,0.48472898705469447,True,True,True,True,True,True,True
26,8,3,201.49243339635,0.979673799612793,0.9896732182359368,1.0053752897652106,5.1781038459242295,0.1017138612979361,10.035805102772535,1.0183490179016121,51.72537367461622,2.9776004497642306,0.20259203996370884,4.35490756165076,12.351256199849606,291.46832854490015,0.35805102772535236,True,True,True,True,True,True,True
26,8,4,201.49243339635,0.979673799612793,0.9896732182359368,1.0053752897652106,5.1781038459242295,0.10204509775129185,10.029991475279402,1.0183490179016121,51.72537367461622,2.9776004497642306,0.20259203996370884,4.35490756165076,12.351256199849606,291.46832854490015,0.2999147527940238,True,True,True,True,True,True,True
26,8,5,201.49243339635,0.979673799612793,0.9896732182359368,1.0053752897652106,5.1781038459242295,0.10190862987224691,10.042589789124087,1.0183490179016121,51.72537367461622,2.9776004497642306,0.20259203996370884,4.35490756165076,12.351256199849606,291.46832854490015,0.425897891240865,True,True,True,True,True,True,True
26,9,1,201.49243339635,0.979673799612793,0.9896732182359368,1.0053752897652106,5.1781038459242295,0.10256842821251692,10.069926859525838,1.060776266263556,51.88464458766533,2.9720823030366166,0.2072465603355754,4.767379255546321,12.351256199849606,291.46832854490015,0.6992685952583777,True,True,True,True,True,True,True
26,9,2,201.49243339635,0.979673799612793,0.9896732182359368,1.0053752897652106,5.1781038459242295,0.10219974833865202,10.055982967195495,1.060776266263556,51.88464458766533,2.9720823030366166,0.2072465603355754,4.767379255546321,12.351256199849606,291.46832854490015,0.5598296719549545,True,True,True,True,True,True,True
26,9,3,201.49243339635,0.979673799612793,0.9896732182359368,1.0053752897652106,5.1781038459242295,0.10256970643894518,10.06957040380283,1.060776266263556,51.88464458766533,2.9720823030366166,0.2072465603355754,4.767379255546321,12.351256199849606,291.46832854490015,0.6957040380282997,True,True,True,True,True,True,True
26,9,4,201.49243339635,0.979673799612793,0.9896732182359368,1.0053752897652106,5.1781038459242295,0.10277459947084332,10.052778781121825,1.060776266263556,51.88464458766533,2.9720823030366166,0.2072465603355754,4.767379255546321,12.351256199849606,291.46832854490015,0.5277878112182499,True,True,True,True,True,True,True
26,9,5,201.49243339635,0.979673799612793,0.9896732182359368,1.0053752897652106,5.1781038459242295,0.10226671520044839,10.047919707097858,1.060776266263556,51.88464458766533,2.9720823030366166,0.2072465603355754,4.767379255546321,12.351256199849606,291.46832854490015,0.4791970709785787,True,True,True,True,True,True,True
26,10,1,201.49243339635,0.979673799612793,0.9896732182359368,1.0053752897652106,5.1781038459242295,0.10302326287417868,10.077242300968408,1.026250573531295,52.661877505898026,2.9819192060920794,0.1982046417765877,4.464976845550993,12.351256199849606,291.46832854490015,0.7724230096840756,True,True,True,True,True,True,True
26,10,2,201.49243339635,0.979673799612793,0.9896732182359368,1.0053752897652106,5.1781038459242295,0.10346909101103084,10.081746403645656,1.026250573531295,52.661877505898026,2.9819192060920794,0.1982046417765877,4.464976845550993,12.351256199849606,291.46832854490015,0.8174640364565633,True,True,True,True,True,True,True
26,10,3,201.49243339635,0.979673799612793,0.9896732182359368,1.0053752897652106,5.1781038459242295,0.1028129498783096,10.07315028837652,1.026250573531295,52.661877505898026,2.9819192060920794,0.1982046417765877,4.464976845550993,12.351256199849606,291.46832854490015,0.7315028837651916,True,True,True,True,True,True,True
26,10,4,201.49243339635,0.979673799612793,0.9896732182359368,1.0053752897652106,5.1781038459242295,0.10303225931707613,10.08292173797187,1.026250573531295,52.661877505898026,2.9819192060920794,0.1982046417765877,4.464976845550993,12.351256199849606,291.46832854490015,0.8292173797186919,True,True,True,True,True,True,True
26,10,5,201.49243339635,0.979673799612793,0.9896732182359368,1.0053752897652106,5.1781038459242295,0.10304271420140054,10.075651735609119,1.026250573531295,52.661877505898026,2.9819192060920794,0.1982046417765877,4.464976845550993,12.351256199849606,291.46832854490015,0.7565173560911909,True,True,True,True,True,True,True
27,1,1,203.3627567000165,0.9327788721700616,0.9941749914530104,0.9999446646152741,4.921885750771722,0.10170327845464616,10.063161094416683,1.0187759924657527,47.95771858637034,2.9930673279903597,0.19370657937507132,5.132734922252112,11.837891157611727,304.10821928238556,0.6316109441668338,True,True,True,True,True,True,True
27,1,2,203.3627567000165,0.9327788721700616,0.9941749914530104,0.9999446646152741,4.921885750771722,0.10208718263673038,10.037814139793568,1.0187759924657527,47.95771858637034,2.9930673279903597,0.19370657937507132,5.132734922252112,11.837891157611727,304.10821928238556,0.37814139793567847,True,True,True,True,True,True,True
27,1,3,203.3627567000165,0.9327788721700616,0.9941749914530104,0.9999446646152741,4.921885750771722,0.1016021599419997,10.050196949663482,1.0187759924657527,47.95771858637034,2.9930673279903597,0.19370657937507132,5.132734922252112,11.837891157611727,304.10821928238556,0.5019694966348176,True,True,True,True,True,True,True
27,1,4,203.3627567000165,0.9327788721700616,0.9941749914530104,0.9999446646152741,4.921885750771722,0.1012556042731275,10.072275822251568,1.0187759924657527,47.95771858637034,2.9930673279903597,0.19370657937507132,5.132734922252112,11.837891157611727,304.10821928238556,0.7227582225156759,True,True,True,True,True,True,True
27,1,5,203.3627567000165,0.9327788721700616,0.9941749914530104,0.9999446646152741,4.921885750771722,0.10160544973224658,10.051140417517958,1.0187759924657527,47.95771858637034,2.9930673279903597,0.19370657937507132,5.132734922252112,11.837891157611727,304.10821928238556,0.5114041751795817,True,True,True,True,True,True,True
27,2,1,203.3627567000165,0.9327788721700616,0.9941749914530104,0.9999446646152741,4.921885750771722,0.10207090107957716,10.128530786576002,1.0443704650398382,50.39365187916088,3.000160697668998,0.19598454614862987,5.1711030861098255,11.837891157611727,304.10821928238556,1.2853078657600214,True,True,True,True,True,True,True
27,2,2,203.3627567000165,0.9327788721700616,0.9941749914530104,0.9999446646152741,4.921885750771722,0.10079557147828458,10.154388017010739,1.0443704650398382,50.39365187916088,3.000160697668998,0.19598454614862987,5.1711030861098255,11.837891157611727,304.10821928238556,1.5438801701073857,True,True,True,True,True,True,True
27,2,3,203.3627567000165,0.9327788721700616,0.9941749914530104,0.9999446646152741,4.921885750771722,0.10178682288875092,10.14615764241432,1.0443704650398382,50.39365187916088,3.000160697668998,0.19598454614862987,5.1711030861098255,11.837891157611727,304.10821928238556,1.461576424143196,True,True,True,True,True,True,True
27,2,4,203.3627567000165,0.9327788721700616,0.9941749914530104,0.9999446646152741,4.921885750771722,0.1018051402857721,10.147733367636661,1.0443704650398382,50.39365187916088,3.000160697668998,0.19598454614862987,5.1711030861098255,11.837891157611727,304.10821928238556,1.4773336763666123,True,True,True,True,True,True,True
27,2,5,203.3627567000165,0.9327788721700616,0.9941749914530104,0.9999446646152741,4.921885750771722,0.10119884383063775,10.138399203690197,1.0443704650398382,50.39365187916088,3.000160697668998,0.19598454614862987,5.1711030861098255,11.837891157611727,304.10821928238556,1.3839920369019687,True,True,True,True,True,True,True
27,3,1,203.3627567000165,0.9327788721700616,0.9941749914530104,0.9999446646152741,4.921885750771722,0.10097928222692379,10.039405684205654,0.9857280999890471,50.41526988061111,2.99406961061083,0.19989163028551893,4.974300939920609,11.837891157611727,304.10821928238556,0.3940568420565426,True,True,True,True,True,True,True
27,3,2,203.3627567000165,0.9327788721700616,0.9941749914530104,0.9999446646152741,4.921885750771722,0.10196935128163044,10.063083096467915,0.9857280999890471,50.41526988061111,2.99406961061083,0.19989163028551893,4.974300939920609,11.837891157611727,304.10821928238556,0.6308309646791521,True,True,True,True,True,True,True
27,3,3,203.3627567000165,0.9327788721700616,0.9941749914530104,0.9999446646152741,4.921885750771722,0.10085730083448095,10.071647011519728,0.9857280999890471,50.41526988061111,2.99406961061083,0.19989163028551893,4.974300939920609,11.837891157611727,304.10821928238556,0.7164701151972785,True,True,True,True,True,True,True
27,3,4,203.3627567000165,0.9327788721700616,0.9941749914530104,0.9999446646152741,4.921885750771722,0.10159490735992566,10.015952496403719,0.9857280999890471,50.41526988061111,2.99406961061083,0.19989163028551893,4.974300939920609,11.837891157611727,304.10821928238556,0.1595249640371854,True,True,True,True,True,True,True
27,3,5,203.3627567000165,0.9327788721700616,0.9941749914530104,0.9999446646152741,4.921885750771722,0.10171737107287745,10.061451026897355,0.9857280999890471,50.41526988061111,2.99406961061083,0.19989163028551893,4.974300939920609,11.837891157611727,304.10821928238556,0.6145102689735538,True,True,True,True,True,True,True
27,4,1,203.3627567000165,0.9327788721700616,0.9941749914530104,0.9999446646152741,4.921885750771722,0.10192210764780708,10.038251339378695,1.0215648344117527,48.74051509576244,2.9961902196353702,0.19902792195681707,5.0684981314777415,11.837891157611727,304.10821928238556,0.3825133937869474,True,True,True,True,True,True,True
27,4,2,203.3627567000165,0.9327788721700616,0.9941749914530104,0.9999446646152741,4.921885750771722,0.10123139018484031,10.031511494676685,1.0215648344117527,48.74051509576244,2.9961902196353702,0.19902792195681707,5.0684981314777415,11.837891157611727,304.10821928238556,0.3151149467668546,True,True,True,True,True,True,True
27,4,3,203.3627567000165,0.9327788721700616,0.9941749914530104,0.9999446646152741,4.921885750771722,0.10144851862551652,10.068235880041813,1.0215648344117527,48.74051509576244,2.9961902196353702,0.19902792195681707,5.0684981314777415,11.837891157611727,304.10821928238556,0.6823588004181325,True,True,True,True,True,True,True
27,4,4,203.3627567000165,0.9327788721700616,0.9941749914530104,0.9999446646152741,4.921885750771722,0.10161016775015759,10.02990774573066,1.0215648344117527,48.74051509576244,2.9961902196353702,0.19902792195681707,5.0684981314777415,11.837891157611727,304.10821928238556,0.2990774573065913,True,True,True,True,True,True,True
27,4,5,203.3627567000165,0.9327788721700616,0.9941749914530104,0.9999446646152741,4.921885750771722,0.10151390365373276,10.039478769575613,1.0215648344117527,48.74051509576244,2.9961902196353702,0.19902792195681707,5.0684981314777415,11.837891157611727,304.10821928238556,0.3947876957561292,True,True,True,True,True,True,True
27,5,1,203.3627567000165,0.9327788721700616,0.9941749914530104,0.9999446646152741,4.921885750771722,0.1011766288846751,10.043729272495707,1.001424210331541,46.830491274981604,3.0077250290215645,0.19851026852291823,5.076027906768829,11.837891157611727,304.10821928238556,0.43729272495706795,True,True,True,True,True,True,True
27,5,2,203.3627567000165,0.9327788721700616,0.9941749914530104,0.9999446646152741,4.921885750771722,0.10175884609240245,10.054384375569725,1.001424210331541,46.830491274981604,3.0077250290215645,0.19851026852291823,5.076027906768829,11.837891157611727,304.10821928238556,0.5438437556972531,True,True,True,True,True,True,True
27,5,3,203.3627567000165,0.9327788721700616,0.9941749914530104,0.9999446646152741,4.921885750771722,0.1015453529591319,10.055690282992465,1.001424210331541,46.830491274981604,3.0077250290215645,0.19851026852291823,5.076027906768829,11.837891157611727,304.10821928238556,0.5569028299246526,True,True,True,True,True,True,True
27,5,4,203.3627567000165,0.9327788721700616,0.9941749914530104,0.9999446646152741,4.921885750771722,0.1011821432811537,10.054714926278763,1.001424210331541,46.830491274981604,3.0077250290215645,0.19851026852291823,5.076027906768829,11.837891157611727,304.10821928238556,0.5471492627876273,True,True,True,True,True,True,True
27,5,5,203.3627567000165,0.9327788721700616,0.9941749914530104,0.9999446646152741,4.921885750771722,0.10170308250109866,10.060827172557735,1.001424210331541,46.830491274981604,3.0077250290215645,0.19851026852291823,5.076027906768829,11.837891157611727,304.10821928238556,0.6082717255773495,True,True,True,True,True,True,True
27,6,1,203.3627567000165,0.9327788721700616,0.9941749914530104,0.9999446646152741,4.921885750771722,0.09999181128684256,9.977751287389848,0.9377604755502222,48.100476614207466,2.9942626472305647,0.19410868970125073,4.815134684254063,11.837891157611727,304.10821928238556,-0.22248712610151597,True,True,True,True,True,True,True
27,6,2,203.3627567000165,0.9327788721700616,0.9941749914530104,0.9999446646152741,4.921885750771722,0.1004182843250572,10.026016873748203,0.9377604755502222,48.100476614207466,2.9942626472305647,0.19410868970125073,4.815134684254063,11.837891157611727,304.10821928238556,0.2601687374820294,True,True,True,True,True,True,True
27,6,3,203.3627567000165,0.9327788721700616,0.9941749914530104,0.9999446646152741,4.921885750771722,0.09999637433708913,10.010810433219424,0.9377604755502222,48.100476614207466,2.9942626472305647,0.19410868970125073,4.815134684254063,11.837891157611727,304.10821928238556,0.10810433219424098,True,True,True,True,True,True,True
27,6,4,203.3627567000165,0.9327788721700616,0.9941749914530104,0.9999446646152741,4.921885750771722,0.09995546108131258,9.98493647102243,0.9377604755502222,48.100476614207466,2.9942626472305647,0.19410868970125073,4.815134684254063,11.837891157611727,304.10821928238556,-0.15063528977570684,True,True,True,True,True,True,True
27,6,5,203.3627567000165,0.9327788721700616,0.9941749914530104,0.9999446646152741,4.921885750771722,0.10055766093789087,10.007347503928786,0.9377604755502222,48.100476614207466,2.9942626472305647,0.19410868970125073,4.815134684254063,11.837891157611727,304.10821928238556,0.07347503928786026,True,True,True,True,True,True,True
27,7,1,203.3627567000165,0.9327788721700616,0.9941749914530104,0.9999446646152741,4.921885750771722,0.1017838255934024,10.065633789542792,0.9740529245988784,49.21252856637291,2.996713934836339,0.19834856417303764,5.365045947689797,11.837891157611727,304.10821928238556,0.6563378954279209,True,True,True,True,True,True,True
27,7,2,203.3627567000165,0.9327788721700616,0.9941749914530104,0.9999446646152741,4.921885750771722,0.10141446118966903,10.110651776900605,0.9740529245988784,49.21252856637291,2.996713934836339,0.19834856417303764,5.365045947689797,11.837891157611727,304.10821928238556,1.1065177690060501,True,True,True,True,True,True,True
27,7,3,203.3627567000165,0.9327788721700616,0.9941749914530104,0.9999446646152741,4.921885750771722,0.1016955170889088,10.082562416841373,0.9740529245988784,49.21252856637291,2.996713934836339,0.19834856417303764,5.365045947689797,11.837891157611727,304.10821928238556,0.8256241684137322,True,True,True,True,True,True,True
27,7,4,203.3627567000165,0.9327788721700616,0.9941749914530104,0.9999446646152741,4.921885750771722,0.10137544149029722,10.0889274996543,0.9740529245988784,49.21252856637291,2.996713934836339,0.19834856417303764,5.365045947689797,11.837891157611727,304.10821928238556,0.8892749965430014,True,True,True,True,True,True,True
27,7,5,203.3627567000165,0.9327788721700616,0.9941749914530104,0.9999446646152741,4.921885750771722,0.10205411482293303,10.101319477738603,0.9740529245988784,49.21252856637291,2.996713934836339,0.19834856417303764,5.365045947689797,11.837891157611727,304.10821928238556,1.0131947773860261,True,True,True,True,True,True,True
27,8,1,203.3627567000165,0.9327788721700616,0.9941749914530104,0.9999446646152741,4.921885750771722,0.10070754041095874,10.062454965564307,0.9987749542445356,48.28853849439983,2.996657664182668,0.20541253724503453,4.979802562725973,11.837891157611727,304.10821928238556,0.6245496556430652,True,True,True,True,True,True,True
27,8,2,203.3627567000165,0.9327788721700616,0.9941749914530104,0.9999446646152741,4.921885750771722,0.10029373669100505,10.05997111169454,0.9987749542445356,48.28853849439983,2.996657664182668,0.20541253724503453,4.979802562725973,11.837891157611727,304.10821928238556,0.5997111169454072,True,True,True,True,True,True,True
27,8,3,203.3627567000165,0.9327788721700616,0.9941749914530104,0.9999446646152741,4.921885750771722,0.10052014697310085,10.064668675857298,0.9987749542445356,48.28853849439983,2.996657664182668,0.20541253724503453,4.979802562725973,11.837891157611727,304.10821928238556,0.646686758572983,True,True,True,True,True,True,True
27,8,4,203.3627567000165,0.9327788721700616,0.9941749914530104,0.9999446646152741,4.921885750771722,0.10082695926816461,10.09457864867572,0.9987749542445356,48.28853849439983,2.996657664182668,0.20541253724503453,4.979802562725973,11.837891157611727,304.10821928238556,0.9457864867571963,True,True,True,True,True,True,True
27,8,5,203.3627567000165,0.9327788721700616,0.9941749914530104,0.9999446646152741,4.921885750771722,0.10032376243908239,10.088319111548847,0.9987749542445356,48.28853849439983,2.996657664182668,0.20541253724503453,4.979802562725973,11.837891157611727,304.10821928238556,0.8831911154884686,True,True,True,True,True,True,True
27,9,1,203.3627567000165,0.9327788721700616,0.9941749914530104,0.9999446646152741,4.921885750771722,0.10151578199400288,10.072722841655013,0.9773300309592643,48.90961229366782,3.0005274409491753,0.19790581541991797,5.005671064266828,11.837891157611727,304.10821928238556,0.7272284165501297,True,True,True,True,True,True,True
27,9,2,203.3627567000165,0.9327788721700616,0.9941749914530104,0.9999446646152741,4.921885750771722,0.10173515065389119,10.066491774144541,0.9773300309592643,48.90961229366782,3.0005274409491753,0.19790581541991797,5.005671064266828,11.837891157611727,304.10821928238556,0.6649177414454144,True,True,True,True,True,True,True
27,9,3,203.3627567000165,0.9327788721700616,0.9941749914530104,0.9999446646152741,4.921885750771722,0.10123669852491991,10.026599682794116,0.9773300309592643,48.90961229366782,3.0005274409491753,0.19790581541991797,5.005671064266828,11.837891157611727,304.10821928238556,0.2659968279411551,True,True,True,True,True,True,True
27,9,4,203.3627567000165,0.9327788721700616,0.9941749914530104,0.9999446646152741,4.921885750771722,0.10131088915861913,10.036150677058476,0.9773300309592643,48.90961229366782,3.0005274409491753,0.19790581541991797,5.005671064266828,11.837891157611727,304.10821928238556,0.3615067705847608,True,True,True,True,True,True,True
27,9,5,203.3627567000165,0.9327788721700616,0.9941749914530104,0.9999446646152741,4.921885750771722,0.10175173284812353,10.047354584940317,0.9773300309592643,48.90961229366782,3.0005274409491753,0.19790581541991797,5.005671064266828,11.837891157611727,304.10821928238556,0.47354584940316974,True,True,True,True,True,True,True
27,10,1,203.3627567000165,0.9327788721700616,0.9941749914530104,0.9999446646152741,4.921885750771722,0.10196845778303042,10.134879244257455,0.9828092438393204,47.105737490339045,2.998673595363612,0.19902944404460687,4.997112503037988,11.837891157611727,304.10821928238556,1.348792442574549,True,True,True,True,True,True,True
27,10,2,203.3627567000165,0.9327788721700616,0.9941749914530104,0.9999446646152741,4.921885750771722,0.10130765568015102,10.114857509926827,0.9828092438393204,47.105737490339045,2.998673595363612,0.19902944404460687,4.997112503037988,11.837891157611727,304.10821928238556,1.1485750992682675,True,True,True,True,True,True,True
27,10,3,203.3627567000165,0.9327788721700616,0.9941749914530104,0.9999446646152741,4.921885750771722,0.10156782543709394,10.095186202514553,0.9828092438393204,47.105737490339045,2.998673595363612,0.19902944404460687,4.997112503037988,11.837891157611727,304.10821928238556,0.9518620251455269,True,True,True,True,True,True,True
27,10,4,203.3627567000165,0.9327788721700616,0.9941749914530104,0.9999446646152741,4.921885750771722,0.10174641817666803,10.09120948978705,0.9828092438393204,47.105737490339045,2.998673595363612,0.19902944404460687,4.997112503037988,11.837891157611727,304.10821928238556,0.9120948978704922,True,True,True,True,True,True,True
27,10,5,203.3627567000165,0.9327788721700616,0.9941749914530104,0.9999446646152741,4.921885750771722,0.10126978648125609,10.108369104860392,0.9828092438393204,47.105737490339045,2.998673595363612,0.19902944404460687,4.997112503037988,11.837891157611727,304.10821928238556,1.0836910486039208,True,True,True,True,True,True,True
28,1,1,201.79522506364418,1.0030693100142658,0.9740639327988663,0.9992298571248255,5.02812064559229,0.10160176429409391,10.016836133385377,1.1111062630311774,51.61803580935226,2.983692324511835,0.18311439779897387,5.946438333959778,12.029535081108273,299.26343584579615,0.1683613338537704,True,True,True,True,True,True,True
28,1,2,201.79522506364418,1.0030693100142658,0.9740639327988663,0.9992298571248255,5.02812064559229,0.10179455106093156,9.998751689404394,1.1111062630311774,51.61803580935226,2.983692324511835,0.18311439779897387,5.946438333959778,12.029535081108273,299.26343584579615,-0.012483105956064833,True,True,True,True,True,True,True
28,1,3,201.79522506364418,1.0030693100142658,0.9740639327988663,0.9992298571248255,5.02812064559229,0.10192741790908326,9.98369663964247,1.1111062630311774,51.61803580935226,2.983692324511835,0.18311439779897387,5.946438333959778,12.029535081108273,299.26343584579615,-0.16303360357529328,True,True,True,True,True,True,True
28,1,4,201.79522506364418,1.0030693100142658,0.9740639327988663,0.9992298571248255,5.02812064559229,0.10182869835912468,9.994468417906798,1.1111062630311774,51.61803580935226,2.983692324511835,0.18311439779897387,5.946438333959778,12.029535081108273,299.26343584579615,-0.05531582093201593,True,True,True,True,True,True,True
28,1,5,201.79522506364418,1.0030693100142658,0.9740639327988663,0.9992298571248255,5.02812064559229,0.10163819031266,10.000953366799546,1.1111062630311774,51.61803580935226,2.983692324511835,0.18311439779897387,5.946438333959778,12.029535081108273,299.26343584579615,0.009533667995462736,True,True,True,True,True,True,True
28,2,1,201.79522506364418,1.0030693100142658,0.9740639327988663,0.9992298571248255,5.02812064559229,0.10108125948254672,9.967221308341674,1.1229164477762972,51.94648558735929,2.982046575639414,0.18577244946848004,5.749073500793334,12.029535081108273,299.26343584579615,-0.327786916583257,True,True,True,True,True,True,True
28,2,2,201.79522506364418,1.0030693100142658,0.9740639327988663,0.9992298571248255,5.02812064559229,0.10078361752833855,9.949200080540242,1.1229164477762972,51.94648558735929,2.982046575639414,0.18577244946848004,5.749073500793334,12.029535081108273,299.26343584579615,-0.507999194597577,True,True,True,True,True,True,True
28,2,3,201.79522506364418,1.0030693100142658,0.9740639327988663,0.9992298571248255,5.02812064559229,0.10194971227451924,9.96711879553866,1.1229164477762972,51.94648558735929,2.982046575639414,0.18577244946848004,5.749073500793334,12.029535081108273,299.26343584579615,-0.3288120446134002,True,True,True,True,True,True,True
28,2,4,201.79522506364418,1.0030693100142658,0.9740639327988663,0.9992298571248255,5.02812064559229,0.10069270195973808,9.951551172904288,1.1229164477762972,51.94648558735929,2.982046575639414,0.18577244946848004,5.749073500793334,12.029535081108273,299.26343584579615,-0.48448827095711516,True,True,True,True,True,True,True
28,2,5,201.79522506364418,1.0030693100142658,0.9740639327988663,0.9992298571248255,5.02812064559229,0.10105897824736425,9.959443912993398,1.1229164477762972,51.94648558735929,2.982046575639414,0.18577244946848004,5.749073500793334,12.029535081108273,299.26343584579615,-0.4055608700660152,True,True,True,True,True,True,True
28,3,1,201.79522506364418,1.0030693100142658,0.9740639327988663,0.9992298571248255,5.02812064559229,0.10186068069954292,9.93659451814453,1.0738716851611583,50.07331718497205,2.977026152701428,0.1862258404308374,5.470193832623023,12.029535081108273,299.26343584579615,-0.6340548185547057,True,True,True,True,True,True,True
28,3,2,201.79522506364418,1.0030693100142658,0.9740639327988663,0.9992298571248255,5.02812064559229,0.10190701861394054,9.958225159139435,1.0738716851611583,50.07331718497205,2.977026152701428,0.1862258404308374,5.470193832623023,12.029535081108273,299.26343584579615,-0.4177484086056537,True,True,True,True,True,True,True
28,3,3,201.79522506364418,1.0030693100142658,0.9740639327988663,0.9992298571248255,5.02812064559229,0.1022571690403991,9.932051826509726,1.0738716851611583,50.07331718497205,2.977026152701428,0.1862258404308374,5.470193832623023,12.029535081108273,299.26343584579615,-0.6794817349027404,True,True,True,True,True,True,True
28,3,4,201.79522506364418,1.0030693100142658,0.9740639327988663,0.9992298571248255,5.02812064559229,0.1018265401074779,9.91226540938401,1.0738716851611583,50.07331718497205,2.977026152701428,0.1862258404308374,5.470193832623023,12.029535081108273,299.26343584579615,-0.8773459061598922,True,True,True,True,True,True,True
28,3,5,201.79522506364418,1.0030693100142658,0.9740639327988663,0.9992298571248255,5.02812064559229,0.10200490331734785,9.943895734901751,1.0738716851611583,50.07331718497205,2.977026152701428,0.1862258404308374,5.470193832623023,12.029535081108273,299.26343584579615,-0.5610426509824862,True,True,True,True,True,True,True
28,4,1,201.79522506364418,1.0030693100142658,0.9740639327988663,0.9992298571248255,5.02812064559229,0.10248644957045536,9.968246623419473,1.0448629151952118,51.14800829764413,2.9812532728038437,0.18071371413962523,5.98405739060857,12.029535081108273,299.26343584579615,-0.31753376580526904,True,True,True,True,True,True,True
28,4,2,201.79522506364418,1.0030693100142658,0.9740639327988663,0.9992298571248255,5.02812064559229,0.10244329142346117,9.995649686990372,1.0448629151952118,51.14800829764413,2.9812532728038437,0.18071371413962523,5.98405739060857,12.029535081108273,299.26343584579615,-0.043503130096276266,True,True,True,True,True,True,True
28,4,3,201.79522506364418,1.0030693100142658,0.9740639327988663,0.9992298571248255,5.02812064559229,0.1026087761841046,9.982395159715152,1.0448629151952118,51.14800829764413,2.9812532728038437,0.18071371413962523,5.98405739060857,12.029535081108273,299.26343584579615,-0.17604840284848322,True,True,True,True,True,True,True
28,4,4,201.79522506364418,1.0030693100142658,0.9740639327988663,0.9992298571248255,5.02812064559229,0.10234085175216028,9.966424597441804,1.0448629151952118,51.14800829764413,2.9812532728038437,0.18071371413962523,5.98405739060857,12.029535081108273,299.26343584579615,-0.3357540255819558,True,True,True,True,True,True,True
28,4,5,201.79522506364418,1.0030693100142658,0.9740639327988663,0.9992298571248255,5.02812064559229,0.10215741100614234,9.981356752405818,1.0448629151952118,51.14800829764413,2.9812532728038437,0.18071371413962523,5.98405739060857,12.029535081108273,299.26343584579615,-0.18643247594182455,True,True,True,True,True,True,True
28,5,1,201.79522506364418,1.0030693100142658,0.9740639327988663,0.9992298571248255,5.02812064559229,0.10211217340257774,9.981343672623368,1.0559373885406704,51.34210705023643,2.9805228841916596,0.18317013563746087,5.503898183060593,12.029535081108273,299.26343584579615,-0.18656327376632476,True,True,True,True,True,True,True
28,5,2,201.79522506364418,1.0030693100142658,0.9740639327988663,0.9992298571248255,5.02812064559229,0.1023915652326408,9.992247731495832,1.0559373885406704,51.34210705023643,2.9805228841916596,0.18317013563746087,5.503898183060593,12.029535081108273,299.26343584579615,-0.07752268504168214,True,True,True,True,True,True,True
28,5,3,201.79522506364418,1.0030693100142658,0.9740639327988663,0.9992298571248255,5.02812064559229,0.10182571357775756,9.962003659981864,1.0559373885406704,51.34210705023643,2.9805228841916596,0.18317013563746087,5.503898183060593,12.029535081108273,299.26343584579615,-0.3799634001813601,True,True,True,True,True,True,True
28,5,4,201.79522506364418,1.0030693100142658,0.9740639327988663,0.9992298571248255,5.02812064559229,0.102076585447691,9.992190835102983,1.0559373885406704,51.34210705023643,2.9805228841916596,0.18317013563746087,5.503898183060593,12.029535081108273,299.26343584579615,-0.07809164897016885,True,True,True,True,True,True,True
28,5,5,201.79522506364418,1.0030693100142658,0.9740639327988663,0.9992298571248255,5.02812064559229,0.10255545084976213,9.990353792489167,1.0559373885406704,51.34210705023643,2.9805228841916596,0.18317013563746087,5.503898183060593,12.029535081108273,299.26343584579615,-0.09646207510833449,True,True,True,True,True,True,True
28,6,1,201.79522506364418,1.0030693100142658,0.9740639327988663,0.9992298571248255,5.02812064559229,0.10059498239071984,9.917233780798218,1.1164680118676353,50.91299674327311,2.97817797758107,0.1830465109072361,5.447731757031853,12.029535081108273,299.26343584579615,-0.827662192017815,True,True,True,True,True,True,True
28,6,2,201.79522506364418,1.0030693100142658,0.9740639327988663,0.9992298571248255,5.02812064559229,0.10065801911495754,9.923400736223563,1.1164680118676353,50.91299674327311,2.97817797758107,0.1830465109072361,5.447731757031853,12.029535081108273,299.26343584579615,-0.76599263776437,True,True,True,True,True,True,True
28,6,3,201.79522506364418,1.0030693100142658,0.9740639327988663,0.9992298571248255,5.02812064559229,0.10001695368340748,9.929005884409785,1.1164680118676353,50.91299674327311,2.97817797758107,0.1830465109072361,5.447731757031853,12.029535081108273,299.26343584579615,-0.709941155902154,True,True,True,True,True,True,True
28,6,4,201.79522506364418,1.0030693100142658,0.9740639327988663,0.9992298571248255,5.02812064559229,0.09954270870524225,9.928623298386155,1.1164680118676353,50.91299674327311,2.97817797758107,0.1830465109072361,5.447731757031853,12.029535081108273,299.26343584579615,-0.7137670161384513,True,True,True,True,True,True,True
28,6,5,201.79522506364418,1.0030693100142658,0.9740639327988663,0.9992298571248255,5.02812064559229,0.10027892298115362,9.933176493199646,1.1164680118676353,50.91299674327311,2.97817797758107,0.1830465109072361,5.447731757031853,12.029535081108273,299.26343584579615,-0.6682350680035398,True,True,True,True,True,True,True
28,7,1,201.79522506364418,1.0030693100142658,0.9740639327988663,0.9992298571248255,5.02812064559229,0.10016405886932828,9.975613835862813,1.101091052221683,51.38202525530831,2.9865343986829296,0.18569016813716246,5.786822499863931,12.029535081108273,299.26343584579615,-0.2438616413718719,True,True,True,True,True,True,True
28,7,2,201.79522506364418,1.0030693100142658,0.9740639327988663,0.9992298571248255,5.02812064559229,0.09945472405004004,9.986112615910955,1.101091052221683,51.38202525530831,2.9865343986829296,0.18569016813716246,5.786822499863931,12.029535081108273,299.26343584579615,-0.1388738408904544,True,True,True,True,True,True,True
28,7,3,201.79522506364418,1.0030693100142658,0.9740639327988663,0.9992298571248255,5.02812064559229,0.09995180394135571,9.980819179324731,1.101091052221683,51.38202525530831,2.9865343986829296,0.18569016813716246,5.786822499863931,12.029535081108273,299.26343584579615,-0.19180820675268606,True,True,True,True,True,True,True
28,7,4,201.79522506364418,1.0030693100142658,0.9740639327988663,0.9992298571248255,5.02812064559229,0.10006296665927567,9.985315754343594,1.101091052221683,51.38202525530831,2.9865343986829296,0.18569016813716246,5.786822499863931,12.029535081108273,299.26343584579615,-0.14684245656406247,True,True,True,True,True,True,True
28,7,5,201.79522506364418,1.0030693100142658,0.9740639327988663,0.9992298571248255,5.02812064559229,0.09931201533668216,9.970560107127916,1.101091052221683,51.38202525530831,2.9865343986829296,0.18569016813716246,5.786822499863931,12.029535081108273,299.26343584579615,-0.29439892872083817,True,True,True,True,True,True,True
28,8,1,201.79522506364418,1.0030693100142658,0.9740639327988663,0.9992298571248255,5.02812064559229,0.1019630149031144,10.03051276705235,1.0347561563183623,50.55842631684011,2.985371716165443,0.1871059340900467,5.594252340303468,12.029535081108273,299.26343584579615,0.305127670523504,True,True,True,True,True,True,True
28,8,2,201.79522506364418,1.0030693100142658,0.9740639327988663,0.9992298571248255,5.02812064559229,0.10217687405418704,10.014530689557782,1.0347561563183623,50.55842631684011,2.985371716165443,0.1871059340900467,5.594252340303468,12.029535081108273,299.26343584579615,0.1453068955778214,True,True,True,True,True,True,True
28,8,3,201.79522506364418,1.0030693100142658,0.9740639327988663,0.9992298571248255,5.02812064559229,0.10206528699224854,10.009965170933935,1.0347561563183623,50.55842631684011,2.985371716165443,0.1871059340900467,5.594252340303468,12.029535081108273,299.26343584579615,0.09965170933934786,True,True,True,True,True,True,True
28,8,4,201.79522506364418,1.0030693100142658,0.9740639327988663,0.9992298571248255,5.02812064559229,0.10219255089447042,10.015156915780173,1.0347561563183623,50.55842631684011,2.985371716165443,0.1871059340900467,5.594252340303468,12.029535081108273,299.26343584579615,0.15156915780172753,True,True,True,True,True,True,True
28,8,5,201.79522506364418,1.0030693100142658,0.9740639327988663,0.9992298571248255,5.02812064559229,0.1024227674186449,9.998313825483358,1.0347561563183623,50.55842631684011,2.985371716165443,0.1871059340900467,5.594252340303468,12.029535081108273,299.26343584579615,-0.016861745166423248,True,True,True,True,True,True,True
28,9,1,201.79522506364418,1.0030693100142658,0.9740639327988663,0.9992298571248255,5.02812064559229,0.10114115230916104,9.961986000331825,1.057376647214175,50.919529572969864,2.96967866116335,0.18852106170996327,5.4106826216180846,12.029535081108273,299.26343584579615,-0.380139996681752,True,True,True,True,True,True,True
28,9,2,201.79522506364418,1.0030693100142658,0.9740639327988663,0.9992298571248255,5.02812064559229,0.1018587375985364,9.943060877693114,1.057376647214175,50.919529572969864,2.96967866116335,0.18852106170996327,5.4106826216180846,12.029535081108273,299.26343584579615,-0.5693912230688625,True,True,True,True,True,True,True
28,9,3,201.79522506364418,1.0030693100142658,0.9740639327988663,0.9992298571248255,5.02812064559229,0.10165625675191792,9.939652724072486,1.057376647214175,50.919529572969864,2.96967866116335,0.18852106170996327,5.4106826216180846,12.029535081108273,299.26343584579615,-0.6034727592751388,True,True,True,True,True,True,True
28,9,4,201.79522506364418,1.0030693100142658,0.9740639327988663,0.9992298571248255,5.02812064559229,0.10140922743560393,9.94437179735191,1.057376647214175,50.919529572969864,2.96967866116335,0.18852106170996327,5.4106826216180846,12.029535081108273,299.26343584579615,-0.5562820264809076,True,True,True,True,True,True,True
28,9,5,201.79522506364418,1.0030693100142658,0.9740639327988663,0.9992298571248255,5.02812064559229,0.10153895727440591,9.944832893410325,1.057376647214175,50.919529572969864,2.96967866116335,0.18852106170996327,5.4106826216180846,12.029535081108273,299.26343584579615,-0.5516710658967483,True,True,True,True,True,True,True
28,10,1,201.79522506364418,1.0030693100142658,0.9740639327988663,0.9992298571248255,5.02812064559229,0.1004517650862541,9.93792342946089,1.0470777756844658,50.66113633663474,2.979170086936685,0.1879791568945884,5.851519063989606,12.029535081108273,299.26343584579615,-0.6207657053911042,True,True,True,True,True,True,True
28,10,2,201.79522506364418,1.0030693100142658,0.9740639327988663,0.9992298571248255,5.02812064559229,0.101281061620966,9.931050222717039,1.0470777756844658,50.66113633663474,2.979170086936685,0.1879791568945884,5.851519063989606,12.029535081108273,299.26343584579615,-0.6894977728296148,True,True,True,True,True,True,True
28,10,3,201.79522506364418,1.0030693100142658,0.9740639327988663,0.9992298571248255,5.02812064559229,0.10081589041975375,9.9570397944264,1.0470777756844658,50.66113633663474,2.979170086936685,0.1879791568945884,5.851519063989606,12.029535081108273,299.26343584579615,-0.429602055735998,True,True,True,True,True,True,True
28,10,4,201.79522506364418,1.0030693100142658,0.9740639327988663,0.9992298571248255,5.02812064559229,0.10067159872703621,9.932483844775497,1.0470777756844658,50.66113633663474,2.979170086936685,0.1879791568945884,5.851519063989606,12.029535081108273,299.26343584579615,-0.6751615522450294,True,True,True,True,True,True,True
28,10,5,201.79522506364418,1.0030693100142658,0.9740639327988663,0.9992298571248255,5.02812064559229,0.10059612241657795,9.960093892869128,1.0470777756844658,50.66113633663474,2.979170086936685,0.1879791568945884,5.851519063989606,12.029535081108273,299.26343584579615,-0.39906107130871504,True,True,True,True,True,True,True
29,1,1,201.6135584372396,1.069354933769285,0.9857940575935907,0.9846686913103495,4.912224393447143,0.10313732482433542,10.08436968536063,0.9835179264340115,49.87471299970478,2.9878047216346943,0.2112863378188111,5.126837588587322,11.794911535798224,305.2163629268262,0.8436968536062928,True,True,True,True,True,True,True
29,1,2,201.6135584372396,1.069354933769285,0.9857940575935907,0.9846686913103495,4.912224393447143,0.10268399119829753,10.072500616339871,0.9835179264340115,49.87471299970478,2.9878047216346943,0.2112863378188111,5.126837588587322,11.794911535798224,305.2163629268262,0.7250061633987137,True,True,True,True,True,True,True
29,1,3,201.6135584372396,1.069354933769285,0.9857940575935907,0.9846686913103495,4.912224393447143,0.10294770280462831,10.085404945150104,0.9835179264340115,49.87471299970478,2.9878047216346943,0.2112863378188111,5.126837588587322,11.794911535798224,305.2163629268262,0.8540494515010443,True,True,True,True,True,True,True
29,1,4,201.6135584372396,1.069354933769285,0.9857940575935907,0.9846686913103495,4.912224393447143,0.10279790967022047,10.054020479677806,0.9835179264340115,49.87471299970478,2.9878047216346943,0.2112863378188111,5.126837588587322,11.794911535798224,305.2163629268262,0.5402047967780632,True,True,True,True,True,True,True
29,1,5,201.6135584372396,1.069354933769285,0.9857940575935907,0.9846686913103495,4.912224393447143,0.1027431931971396,10.074268220999699,0.9835179264340115,49.87471299970478,2.9878047216346943,0.2112863378188111,5.126837588587322,11.794911535798224,305.2163629268262,0.7426822099969854,True,True,True,True,True,True,True
29,2,1,201.6135584372396,1.069354933769285,0.9857940575935907,0.9846686913103495,4.912224393447143,0.10238303580433625,10.128409491366531,1.0303530221131676,50.37310425485478,2.9881587847891744,0.2060904781246011,4.812344353556593,11.794911535798224,305.2163629268262,1.2840949136653101,True,True,True,True,True,True,True
29,2,2,201.6135584372396,1.069354933769285,0.9857940575935907,0.9846686913103495,4.912224393447143,0.1026961851899916,10.120014499772347,1.0303530221131676,50.37310425485478,2.9881587847891744,0.2060904781246011,4.812344353556593,11.794911535798224,305.2163629268262,1.2001449977234735,True,True,True,True,True,True,True
29,2,3,201.6135584372396,1.069354933769285,0.9857940575935907,0.9846686913103495,4.912224393447143,0.10293157500314223,10.134492884198979,1.0303530221131676,50.37310425485478,2.9881587847891744,0.2060904781246011,4.812344353556593,11.794911535798224,305.2163629268262,1.3449288419897876,True,True,True,True,True,True,True
29,2,4,201.6135584372396,1.069354933769285,0.9857940575935907,0.9846686913103495,4.912224393447143,0.10293383085030908,10.119379597477446,1.0303530221131676,50.37310425485478,2.9881587847891744,0.2060904781246011,4.812344353556593,11.794911535798224,305.2163629268262,1.1937959747744564,True,True,True,True,True,True,True
29,2,5,201.6135584372396,1.069354933769285,0.9857940575935907,0.9846686913103495,4.912224393447143,0.10193228396209003,10.125444971223116,1.0303530221131676,50.37310425485478,2.9881587847891744,0.2060904781246011,4.812344353556593,11.794911535798224,305.2163629268262,1.2544497122311604,True,True,True,True,True,True,True
29,3,1,201.6135584372396,1.069354933769285,0.9857940575935907,0.9846686913103495,4.912224393447143,0.10376065899463771,10.049031434983037,0.9387036018776778,50.22237019361816,2.9956781516779754,0.2066184327184004,4.810462575239768,11.794911535798224,305.2163629268262,0.49031434983037414,True,True,True,True,True,True,True
29,3,2,201.6135584372396,1.069354933769285,0.9857940575935907,0.9846686913103495,4.912224393447143,0.10328647770497684,10.067467528690454,0.9387036018776778,50.22237019361816,2.9956781516779754,0.2066184327184004,4.810462575239768,11.794911535798224,305.2163629268262,0.674675286904538,True,True,True,True,True,True,True
29,3,3,201.6135584372396,1.069354933769285,0.9857940575935907,0.9846686913103495,4.912224393447143,0.10347093317053228,10.089180229470452,0.9387036018776778,50.22237019361816,2.9956781516779754,0.2066184327184004,4.810462575239768,11.794911535798224,305.2163629268262,0.8918022947045223,True,True,True,True,True,True,True
29,3,4,201.6135584372396,1.069354933769285,0.9857940575935907,0.9846686913103495,4.912224393447143,0.10307830627491245,10.055501409965446,0.9387036018776778,50.22237019361816,2.9956781516779754,0.2066184327184004,4.810462575239768,11.794911535798224,305.2163629268262,0.5550140996544606,True,True,True,True,True,True,True
29,3,5,201.6135584372396,1.069354933769285,0.9857940575935907,0.9846686913103495,4.912224393447143,0.10308525333561976,10.07620110040805,0.9387036018776778,50.22237019361816,2.9956781516779754,0.2066184327184004,4.810462575239768,11.794911535798224,305.2163629268262,0.7620110040804917,True,True,True,True,True,True,True
29,4,1,201.6135584372396,1.069354933769285,0.9857940575935907,0.9846686913103495,4.912224393447143,0.10203686753507933,9.99094568584627,0.9447513947427638,51.72596074676635,2.988635783795865,0.20618474640720114,4.675630839587465,11.794911535798224,305.2163629268262,-0.09054314153729592,True,True,True,True,True,True,True
29,4,2,201.6135584372396,1.069354933769285,0.9857940575935907,0.9846686913103495,4.912224393447143,0.1030362419447612,10.034615799048991,0.9447513947427638,51.72596074676635,2.988635783795865,0.20618474640720114,4.675630839587465,11.794911535798224,305.2163629268262,0.34615799048991036,True,True,True,True,True,True,True
29,4,3,201.6135584372396,1.069354933769285,0.9857940575935907,0.9846686913103495,4.912224393447143,0.10233909333952718,10.030258487298388,0.9447513947427638,51.72596074676635,2.988635783795865,0.20618474640720114,4.675630839587465,11.794911535798224,305.2163629268262,0.30258487298388204,True,True,True,True,True,True,True
29,4,4,201.6135584372396,1.069354933769285,0.9857940575935907,0.9846686913103495,4.912224393447143,0.10207975735704057,10.012849542515355,0.9447513947427638,51.72596074676635,2.988635783795865,0.20618474640720114,4.675630839587465,11.794911535798224,305.2163629268262,0.12849542515354528,True,True,True,True,True,True,True
29,4,5,201.6135584372396,1.069354933769285,0.9857940575935907,0.9846686913103495,4.912224393447143,0.10231008149055416,10.050297712066953,0.9447513947427638,51.72596074676635,2.988635783795865,0.20618474640720114,4.675630839587465,11.794911535798224,305.2163629268262,0.5029771206695344,True,True,True,True,True,True,True
29,5,1,201.6135584372396,1.069354933769285,0.9857940575935907,0.9846686913103495,4.912224393447143,0.10320094598537036,10.192992571953702,0.9369338816361199,49.44372659744333,2.98440661998618,0.20866073248511463,4.798444507218526,11.794911535798224,305.2163629268262,1.9299257195370245,True,True,True,True,True,True,True
29,5,2,201.6135584372396,1.069354933769285,0.9857940575935907,0.9846686913103495,4.912224393447143,0.10370906667045313,10.150871747062462,0.9369338816361199,49.44372659744333,2.98440661998618,0.20866073248511463,4.798444507218526,11.794911535798224,305.2163629268262,1.508717470624621,True,True,True,True,True,True,True
29,5,3,201.6135584372396,1.069354933769285,0.9857940575935907,0.9846686913103495,4.912224393447143,0.1035571685210472,10.14736264977921,0.9369338816361199,49.44372659744333,2.98440661998618,0.20866073248511463,4.798444507218526,11.794911535798224,305.2163629268262,1.4736264977920932,True,True,True,True,True,True,True
29,5,4,201.6135584372396,1.069354933769285,0.9857940575935907,0.9846686913103495,4.912224393447143,0.10355606020609359,10.131483457759757,0.9369338816361199,49.44372659744333,2.98440661998618,0.20866073248511463,4.798444507218526,11.794911535798224,305.2163629268262,1.3148345775975656,True,True,True,True,True,True,True
29,5,5,201.6135584372396,1.069354933769285,0.9857940575935907,0.9846686913103495,4.912224393447143,0.10362239452299413,10.155170622348987,0.9369338816361199,49.44372659744333,2.98440661998618,0.20866073248511463,4.798444507218526,11.794911535798224,305.2163629268262,1.551706223489866,True,True,True,True,True,True,True
29,6,1,201.6135584372396,1.069354933769285,0.9857940575935907,0.9846686913103495,4.912224393447143,0.10339588523208391,10.10446037744425,1.0172667708339385,50.18097360670006,2.981893053847633,0.2071002557532985,4.767791623067129,11.794911535798224,305.2163629268262,1.0446037744424963,True,True,True,True,True,True,True
29,6,2,201.6135584372396,1.069354933769285,0.9857940575935907,0.9846686913103495,4.912224393447143,0.10318292545379763,10.0864598447495,1.0172667708339385,50.18097360670006,2.981893053847633,0.2071002557532985,4.767791623067129,11.794911535798224,305.2163629268262,0.8645984474950019,True,True,True,True,True,True,True
29,6,3,201.6135584372396,1.069354933769285,0.9857940575935907,0.9846686913103495,4.912224393447143,0.10346889984940136,10.075620175956134,1.0172667708339385,50.18097360670006,2.981893053847633,0.2071002557532985,4.767791623067129,11.794911535798224,305.2163629268262,0.7562017595613391,True,True,True,True,True,True,True
29,6,4,201.6135584372396,1.069354933769285,0.9857940575935907,0.9846686913103495,4.912224393447143,0.10323922735528651,10.078370261019876,1.0172667708339385,50.18097360670006,2.981893053847633,0.2071002557532985,4.767791623067129,11.794911535798224,305.2163629268262,0.7837026101987554,True,True,True,True,True,True,True
29,6,5,201.6135584372396,1.069354933769285,0.9857940575935907,0.9846686913103495,4.912224393447143,0.1031386098677163,10.094669107142176,1.0172667708339385,50.18097360670006,2.981893053847633,0.2071002557532985,4.767791623067129,11.794911535798224,305.2163629268262,0.9466910714217569,True,True,True,True,True,True,True
29,7,1,201.6135584372396,1.069354933769285,0.9857940575935907,0.9846686913103495,4.912224393447143,0.10326673351252313,10.112993747470968,0.9726749639832462,49.67265168559262,2.9904389944577443,0.20675828628572782,4.659449546442413,11.794911535798224,305.2163629268262,1.1299374747096813,True,True,True,True,True,True,True
29,7,2,201.6135584372396,1.069354933769285,0.9857940575935907,0.9846686913103495,4.912224393447143,0.10327917057732752,10.103984850843235,0.9726749639832462,49.67265168559262,2.9904389944577443,0.20675828628572782,4.659449546442413,11.794911535798224,305.2163629268262,1.039848508432346,True,True,True,True,True,True,True
29,7,3,201.6135584372396,1.069354933769285,0.9857940575935907,0.9846686913103495,4.912224393447143,0.10340762785494723,10.06493541652762,0.9726749639832462,49.67265168559262,2.9904389944577443,0.20675828628572782,4.659449546442413,11.794911535798224,305.2163629268262,0.6493541652761969,True,True,True,True,True,True,True
29,7,4,201.6135584372396,1.069354933769285,0.9857940575935907,0.9846686913103495,4.912224393447143,0.10330471160611102,10.100812719500425,0.9726749639832462,49.67265168559262,2.9904389944577443,0.20675828628572782,4.659449546442413,11.794911535798224,305.2163629268262,1.0081271950042492,True,True,True,True,True,True,True
29,7,5,201.6135584372396,1.069354933769285,0.9857940575935907,0.9846686913103495,4.912224393447143,0.10301615463831335,10.100738517051848,0.9726749639832462,49.67265168559262,2.9904389944577443,0.20675828628572782,4.659449546442413,11.794911535798224,305.2163629268262,1.0073851705184822,True,True,True,True,True,True,True
29,8,1,201.6135584372396,1.069354933769285,0.9857940575935907,0.9846686913103495,4.912224393447143,0.10263140912461466,10.06559857857404,0.9798053373093716,50.97755509326773,2.979819562384288,0.207275543992049,5.203477095999535,11.794911535798224,305.2163629268262,0.6559857857403983,True,True,True,True,True,True,True
29,8,2,201.6135584372396,1.069354933769285,0.9857940575935907,0.9846686913103495,4.912224393447143,0.10280376794339945,10.06172219203322,0.9798053373093716,50.97755509326773,2.979819562384288,0.207275543992049,5.203477095999535,11.794911535798224,305.2163629268262,0.6172219203321916,True,True,True,True,True,True,True
29,8,3,201.6135584372396,1.069354933769285,0.9857940575935907,0.9846686913103495,4.912224393447143,0.10264733096109159,10.063933406465258,0.9798053373093716,50.97755509326773,2.979819562384288,0.207275543992049,5.203477095999535,11.794911535798224,305.2163629268262,0.6393340646525836,True,True,True,True,True,True,True
29,8,4,201.6135584372396,1.069354933769285,0.9857940575935907,0.9846686913103495,4.912224393447143,0.10249338521588926,10.087888848461878,0.9798053373093716,50.97755509326773,2.979819562384288,0.207275543992049,5.203477095999535,11.794911535798224,305.2163629268262,0.8788884846187806,True,True,True,True,True,True,True
29,8,5,201.6135584372396,1.069354933769285,0.9857940575935907,0.9846686913103495,4.912224393447143,0.1029496830362018,10.086978233027994,0.9798053373093716,50.97755509326773,2.979819562384288,0.207275543992049,5.203477095999535,11.794911535798224,305.2163629268262,0.8697823302799357,True,True,True,True,True,True,True
29,9,1,201.6135584372396,1.069354933769285,0.9857940575935907,0.9846686913103495,4.912224393447143,0.10303459192064707,10.136942611676478,1.0863955468858117,51.1642126897447,2.9893762337290832,0.20627249833518665,4.7913747215502145,11.794911535798224,305.2163629268262,1.369426116764778,True,True,True,True,True,True,True
29,9,2,201.6135584372396,1.069354933769285,0.9857940575935907,0.9846686913103495,4.912224393447143,0.10275728922797807,10.137731637376534,1.0863955468858117,51.1642126897447,2.9893762337290832,0.20627249833518665,4.7913747215502145,11.794911535798224,305.2163629268262,1.3773163737653427,True,True,True,True,True,True,True
29,9,3,201.6135584372396,1.069354933769285,0.9857940575935907,0.9846686913103495,4.912224393447143,0.10266788008130688,10.096248950135386,1.0863955468858117,51.1642126897447,2.9893762337290832,0.20627249833518665,4.7913747215502145,11.794911535798224,305.2163629268262,0.9624895013538647,True,True,True,True,True,True,True
29,9,4,201.6135584372396,1.069354933769285,0.9857940575935907,0.9846686913103495,4.912224393447143,0.10207549017794496,10.096465283472268,1.0863955468858117,51.1642126897447,2.9893762337290832,0.20627249833518665,4.7913747215502145,11.794911535798224,305.2163629268262,0.9646528347226813,True,True,True,True,True,True,True
29,9,5,201.6135584372396,1.069354933769285,0.9857940575935907,0.9846686913103495,4.912224393447143,0.10267869137014012,10.118929764716286,1.0863955468858117,51.1642126897447,2.9893762337290832,0.20627249833518665,4.7913747215502145,11.794911535798224,305.2163629268262,1.1892976471628636,True,True,True,True,True,True,True
29,10,1,201.6135584372396,1.069354933769285,0.9857940575935907,0.9846686913103495,4.912224393447143,0.10258107041419633,10.121948373745239,1.0051053541487907,49.125026408210246,2.987226962183626,0.2043789212205284,4.424596933798122,11.794911535798224,305.2163629268262,1.2194837374523892,True,True,True,True,True,True,True
29,10,2,201.6135584372396,1.069354933769285,0.9857940575935907,0.9846686913103495,4.912224393447143,0.10313951200569763,10.123948108395563,1.0051053541487907,49.125026408210246,2.987226962183626,0.2043789212205284,4.424596933798122,11.794911535798224,305.2163629268262,1.2394810839556314,True,True,True,True,True,True,True
29,10,3,201.6135584372396,1.069354933769285,0.9857940575935907,0.9846686913103495,4.912224393447143,0.1029841010607002,10.101323119772394,1.0051053541487907,49.125026408210246,2.987226962183626,0.2043789212205284,4.424596933798122,11.794911535798224,305.2163629268262,1.013231197723936,True,True,True,True,True,True,True
29,10,4,201.6135584372396,1.069354933769285,0.9857940575935907,0.9846686913103495,4.912224393447143,0.10225324406994557,10.100688580292184,1.0051053541487907,49.125026408210246,2.987226962183626,0.2043789212205284,4.424596933798122,11.794911535798224,305.2163629268262,1.0068858029218397,True,True,True,True,True,True,True
29,10,5,201.6135584372396,1.069354933769285,0.9857940575935907,0.9846686913103495,4.912224393447143,0.10266574556841888,10.112585851401132,1.0051053541487907,49.125026408210246,2.987226962183626,0.2043789212205284,4.424596933798122,11.794911535798224,305.2163629268262,1.1258585140113198,True,True,True,True,True,True,True
30,1,1,199.3398664841193,1.0592602935353657,0.9771121452590099,1.005743067030572,4.900519276285525,0.10083032509912151,10.037684424973044,1.040515703608311,49.592803191530834,2.9890282953542697,0.2136580276516397,5.711113516608935,11.783893764860633,305.50173582989504,0.3768442497304392,True,True,True,True,True,True,True
30,1,2,199.3398664841193,1.0592602935353657,0.9771121452590099,1.005743067030572,4.900519276285525,0.1004145389332505,10.044300896679504,1.040515703608311,49.592803191530834,2.9890282953542697,0.2136580276516397,5.711113516608935,11.783893764860633,305.50173582989504,0.44300896679503765,True,True,True,True,True,True,True
30,1,3,199.3398664841193,1.0592602935353657,0.9771121452590099,1.005743067030572,4.900519276285525,0.10094094085821465,10.026128844080636,1.040515703608311,49.592803191530834,2.9890282953542697,0.2136580276516397,5.711113516608935,11.783893764860633,305.50173582989504,0.26128844080636426,True,True,True,True,True,True,True
30,1,4,199.3398664841193,1.0592602935353657,0.9771121452590099,1.005743067030572,4.900519276285525,0.10109809860472042,10.056259883932714,1.040515703608311,49.592803191530834,2.9890282953542697,0.2136580276516397,5.711113516608935,11.783893764860633,305.50173582989504,0.5625988393271442,True,True,True,True,True,True,True
30,1,5,199.3398664841193,1.0592602935353657,0.9771121452590099,1.005743067030572,4.900519276285525,0.10068484136818064,10.065480776861847,1.040515703608311,49.592803191530834,2.9890282953542697,0.2136580276516397,5.711113516608935,11.783893764860633,305.50173582989504,0.6548077686184683,True,True,True,True,True,True,True
30,2,1,199.3398664841193,1.0592602935353657,0.9771121452590099,1.005743067030572,4.900519276285525,0.10276494487433682,10.014119207572865,1.0517396263899967,46.18287588852563,2.9833480029730803,0.2107482956775278,5.843665577233464,11.783893764860633,305.50173582989504,0.14119207572864667,True,True,True,True,True,True,True
30,2,2,199.3398664841193,1.0592602935353657,0.9771121452590099,1.005743067030572,4.900519276285525,0.1028421468394493,10.02591831710318,1.0517396263899967,46.18287588852563,2.9833480029730803,0.2107482956775278,5.843665577233464,11.783893764860633,305.50173582989504,0.25918317103180044,True,True,True,True,True,True,True
30,2,3,199.3398664841193,1.0592602935353657,0.9771121452590099,1.005743067030572,4.900519276285525,0.10251920424009013,9.98550113285294,1.0517396263899967,46.18287588852563,2.9833480029730803,0.2107482956775278,5.843665577233464,11.783893764860633,305.50173582989504,-0.14498867147059613,True,True,True,True,True,True,True
30,2,4,199.3398664841193,1.0592602935353657,0.9771121452590099,1.005743067030572,4.900519276285525,0.10198520910791746,10.024951686615024,1.0517396263899967,46.18287588852563,2.9833480029730803,0.2107482956775278,5.843665577233464,11.783893764860633,305.50173582989504,0.24951686615024118,True,True,True,True,True,True,True
30,2,5,199.3398664841193,1.0592602935353657,0.9771121452590099,1.005743067030572,4.900519276285525,0.10219103931622509,10.004678537843393,1.0517396263899967,46.18287588852563,2.9833480029730803,0.2107482956775278,5.843665577233464,11.783893764860633,305.50173582989504,0.04678537843393116,True,True,True,True,True,True,True
30,3,1,199.3398664841193,1.0592602935353657,0.9771121452590099,1.005743067030572,4.900519276285525,0.10275579803959164,10.030526371304905,1.0910252300743961,46.351043594119936,2.991148967553143,0.21094889862988583,5.976652151828357,11.783893764860633,305.50173582989504,0.305263713049051,True,True,True,True,True,True,True
30,3,2,199.3398664841193,1.0592602935353657,0.9771121452590099,1.005743067030572,4.900519276285525,0.10299541524316666,10.049902636480565,1.0910252300743961,46.351043594119936,2.991148967553143,0.21094889862988583,5.976652151828357,11.783893764860633,305.50173582989504,0.49902636480565477,True,True,True,True,True,True,True
30,3,3,199.3398664841193,1.0592602935353657,0.9771121452590099,1.005743067030572,4.900519276285525,0.10290339161312041,10.008585686071726,1.0910252300743961,46.351043594119936,2.991148967553143,0.21094889862988583,5.976652151828357,11.783893764860633,305.50173582989504,0.08585686071725718,True,True,True,True,True,True,True
30,3,4,199.3398664841193,1.0592602935353657,0.9771121452590099,1.005743067030572,4.900519276285525,0.10275916547500177,10.037945429602484,1.0910252300743961,46.351043594119936,2.991148967553143,0.21094889862988583,5.976652151828357,11.783893764860633,305.50173582989504,0.37945429602483927,True,True,True,True,True,True,True
30,3,5,199.3398664841193,1.0592602935353657,0.9771121452590099,1.005743067030572,4.900519276285525,0.10272109749914596,10.041539989347347,1.0910252300743961,46.351043594119936,2.991148967553143,0.21094889862988583,5.976652151828357,11.783893764860633,305.50173582989504,0.4153998934734737,True,True,True,True,True,True,True
30,4,1,199.3398664841193,1.0592602935353657,0.9771121452590099,1.005743067030572,4.900519276285525,0.10145043522535928,10.037488617395448,0.969800225360459,47.08493275328735,2.9851749284284024,0.20571316113888122,6.222989644042336,11.783893764860633,305.50173582989504,0.37488617395448287,True,True,True,True,True,True,True
30,4,2,199.3398664841193,1.0592602935353657,0.9771121452590099,1.005743067030572,4.900519276285525,0.10154823542503126,10.021405504581272,0.969800225360459,47.08493275328735,2.9851749284284024,0.20571316113888122,6.222989644042336,11.783893764860633,305.50173582989504,0.2140550458127244,True,True,True,True,True,True,True
30,4,3,199.3398664841193,1.0592602935353657,0.9771121452590099,1.005743067030572,4.900519276285525,0.10121129479657856,10.044818900329977,0.969800225360459,47.08493275328735,2.9851749284284024,0.20571316113888122,6.222989644042336,11.783893764860633,305.50173582989504,0.4481890032997704,True,True,True,True,True,True,True
30,4,4,199.3398664841193,1.0592602935353657,0.9771121452590099,1.005743067030572,4.900519276285525,0.10171980449929799,10.029830246567881,0.969800225360459,47.08493275328735,2.9851749284284024,0.20571316113888122,6.222989644042336,11.783893764860633,305.50173582989504,0.29830246567881247,True,True,True,True,True,True,True
30,4,5,199.3398664841193,1.0592602935353657,0.9771121452590099,1.005743067030572,4.900519276285525,0.10144211362092101,10.000776033749684,0.969800225360459,47.08493275328735,2.9851749284284024,0.20571316113888122,6.222989644042336,11.783893764860633,305.50173582989504,0.007760337496840465,True,True,True,True,True,True,True
30,5,1,199.3398664841193,1.0592602935353657,0.9771121452590099,1.005743067030572,4.900519276285525,0.1010903235541852,10.040919015327583,1.015298691243292,47.302955752400514,2.998134317402789,0.20830073765167323,5.954072286488738,11.783893764860633,305.50173582989504,0.4091901532758335,True,True,True,True,True,True,True
30,5,2,199.3398664841193,1.0592602935353657,0.9771121452590099,1.005743067030572,4.900519276285525,0.1012569251296851,10.038214987563649,1.015298691243292,47.302955752400514,2.998134317402789,0.20830073765167323,5.954072286488738,11.783893764860633,305.50173582989504,0.38214987563648606,True,True,True,True,True,True,True
30,5,3,199.3398664841193,1.0592602935353657,0.9771121452590099,1.005743067030572,4.900519276285525,0.10148038856518087,10.037722761582549,1.015298691243292,47.302955752400514,2.998134317402789,0.20830073765167323,5.954072286488738,11.783893764860633,305.50173582989504,0.37722761582548614,True,True,True,True,True,True,True
30,5,4,199.3398664841193,1.0592602935353657,0.9771121452590099,1.005743067030572,4.900519276285525,0.10123563902313099,10.01557668703686,1.015298691243292,47.302955752400514,2.998134317402789,0.20830073765167323,5.954072286488738,11.783893764860633,305.50173582989504,0.15576687036860548,True,True,True,True,True,True,True
30,5,5,199.3398664841193,1.0592602935353657,0.9771121452590099,1.005743067030572,4.900519276285525,0.10127806569268627,10.001594124898993,1.015298691243292,47.302955752400514,2.998134317402789,0.20830073765167323,5.954072286488738,11.783893764860633,305.50173582989504,0.015941248989932433,True,True,True,True,True,True,True
30,6,1,199.3398664841193,1.0592602935353657,0.9771121452590099,1.005743067030572,4.900519276285525,0.10146571064500379,10.040779790787013,1.0208488637825934,46.91454861301545,2.99347856436859,0.21294798943875845,5.7283409859135,11.783893764860633,305.50173582989504,0.40779790787013326,True,True,True,True,True,True,True
30,6,2,199.3398664841193,1.0592602935353657,0.9771121452590099,1.005743067030572,4.900519276285525,0.10169570006159742,10.07388913034013,1.0208488637825934,46.91454861301545,2.99347856436859,0.21294798943875845,5.7283409859135,11.783893764860633,305.50173582989504,0.7388913034012923,True,True,True,True,True,True,True
30,6,3,199.3398664841193,1.0592602935353657,0.9771121452590099,1.005743067030572,4.900519276285525,0.10127268017810609,10.031986328565388,1.0208488637825934,46.91454861301545,2.99347856436859,0.21294798943875845,5.7283409859135,11.783893764860633,305.50173582989504,0.3198632856538808,True,True,True,True,True,True,True
30,6,4,199.3398664841193,1.0592602935353657,0.9771121452590099,1.005743067030572,4.900519276285525,0.10127164921252907,10.03682956630222,1.0208488637825934,46.91454861301545,2.99347856436859,0.21294798943875845,5.7283409859135,11.783893764860633,305.50173582989504,0.3682956630222023,True,True,True,True,True,True,True
30,6,5,199.3398664841193,1.0592602935353657,0.9771121452590099,1.005743067030572,4.900519276285525,0.10092512277446875,10.075048164282261,1.0208488637825934,46.91454861301545,2.99347856436859,0.21294798943875845,5.7283409859135,11.783893764860633,305.50173582989504,0.7504816428226135,True,True,True,True,True,True,True
30,7,1,199.3398664841193,1.0592602935353657,0.9771121452590099,1.005743067030572,4.900519276285525,0.10060592019514022,9.992973420052756,1.0389668660117288,47.786085967833976,2.990703423474983,0.21279956128315192,5.470340382947394,11.783893764860633,305.50173582989504,-0.0702657994724376,True,True,True,True,True,True,True
30,7,2,199.3398664841193,1.0592602935353657,0.9771121452590099,1.005743067030572,4.900519276285525,0.10030252116312516,9.986137786232257,1.0389668660117288,47.786085967833976,2.990703423474983,0.21279956128315192,5.470340382947394,11.783893764860633,305.50173582989504,-0.1386221376774266,True,True,True,True,True,True,True
30,7,3,199.3398664841193,1.0592602935353657,0.9771121452590099,1.005743067030572,4.900519276285525,0.10077043002233081,9.975266757313562,1.0389668660117288,47.786085967833976,2.990703423474983,0.21279956128315192,5.470340382947394,11.783893764860633,305.50173582989504,-0.24733242686437507,True,True,True,True,True,True,True
30,7,4,199.3398664841193,1.0592602935353657,0.9771121452590099,1.005743067030572,4.900519276285525,0.10022397240437178,9.992485850082605,1.0389668660117288,47.786085967833976,2.990703423474983,0.21279956128315192,5.470340382947394,11.783893764860633,305.50173582989504,-0.07514149917394519,True,True,True,True,True,True,True
30,7,5,199.3398664841193,1.0592602935353657,0.9771121452590099,1.005743067030572,4.900519276285525,0.10037397820381147,9.975652735194103,1.0389668660117288,47.786085967833976,2.990703423474983,0.21279956128315192,5.470340382947394,11.783893764860633,305.50173582989504,-0.24347264805896887,True,True,True,True,True,True,True
30,8,1,199.3398664841193,1.0592602935353657,0.9771121452590099,1.005743067030572,4.900519276285525,0.10227171871919993,10.048296651020502,1.0689626552096916,46.63030169288485,2.993152313729119,0.21335520983589004,5.498552307083574,11.783893764860633,305.50173582989504,0.48296651020502074,True,True,True,True,True,True,True
30,8,2,199.3398664841193,1.0592602935353657,0.9771121452590099,1.005743067030572,4.900519276285525,0.10162093326980837,10.035179524991095,1.0689626552096916,46.63030169288485,2.993152313729119,0.21335520983589004,5.498552307083574,11.783893764860633,305.50173582989504,0.35179524991095334,True,True,True,True,True,True,True
30,8,3,199.3398664841193,1.0592602935353657,0.9771121452590099,1.005743067030572,4.900519276285525,0.10162431269479857,10.053275191778713,1.0689626552096916,46.63030169288485,2.993152313729119,0.21335520983589004,5.498552307083574,11.783893764860633,305.50173582989504,0.5327519177871309,True,True,True,True,True,True,True
30,8,4,199.3398664841193,1.0592602935353657,0.9771121452590099,1.005743067030572,4.900519276285525,0.1019721281257249,10.036389860316714,1.0689626552096916,46.63030169288485,2.993152313729119,0.21335520983589004,5.498552307083574,11.783893764860633,305.50173582989504,0.3638986031671365,True,True,True,True,True,True,True
30,8,5,199.3398664841193,1.0592602935353657,0.9771121452590099,1.005743067030572,4.900519276285525,0.10179617587521214,10.049850596492659,1.0689626552096916,46.63030169288485,2.993152313729119,0.21335520983589004,5.498552307083574,11.783893764860633,305.50173582989504,0.49850596492659,True,True,True,True,True,True,True
30,9,1,199.3398664841193,1.0592602935353657,0.9771121452590099,1.005743067030572,4.900519276285525,0.10115996113271872,10.018575149309443,1.0605392622630416,49.452781147846366,2.9809787753017813,0.2102185311268186,5.6296111806362665,11.783893764860633,305.50173582989504,0.18575149309443262,True,True,True,True,True,True,True
30,9,2,199.3398664841193,1.0592602935353657,0.9771121452590099,1.005743067030572,4.900519276285525,0.1012647432391923,9.993164905358435,1.0605392622630416,49.452781147846366,2.9809787753017813,0.2102185311268186,5.6296111806362665,11.783893764860633,305.50173582989504,-0.0683509464156451,True,True,True,True,True,True,True
30,9,3,199.3398664841193,1.0592602935353657,0.9771121452590099,1.005743067030572,4.900519276285525,0.10153848377596911,10.002144596062678,1.0605392622630416,49.452781147846366,2.9809787753017813,0.2102185311268186,5.6296111806362665,11.783893764860633,305.50173582989504,0.02144596062677806,True,True,True,True,True,True,True
30,9,4,199.3398664841193,1.0592602935353657,0.9771121452590099,1.005743067030572,4.900519276285525,0.10143979423305666,10.010545862439047,1.0605392622630416,49.452781147846366,2.9809787753017813,0.2102185311268186,5.6296111806362665,11.783893764860633,305.50173582989504,0.10545862439046871,True,True,True,True,True,True,True
30,9,5,199.3398664841193,1.0592602935353657,0.9771121452590099,1.005743067030572,4.900519276285525,0.10165986034200454,9.983333031680344,1.0605392622630416,49.452781147846366,2.9809787753017813,0.2102185311268186,5.6296111806362665,11.783893764860633,305.50173582989504,-0.16666968319656306,True,True,True,True,True,True,True
30,10,1,199.3398664841193,1.0592602935353657,0.9771121452590099,1.005743067030572,4.900519276285525,0.10203067584061552,10.019280225364357,1.009115384550051,45.563056419842226,2.9883460512872597,0.21316036313831166,5.923287207563986,11.783893764860633,305.50173582989504,0.19280225364356696,True,True,True,True,True,True,True
30,10,2,199.3398664841193,1.0592602935353657,0.9771121452590099,1.005743067030572,4.900519276285525,0.10198289916744732,10.048707192585628,1.009115384550051,45.563056419842226,2.9883460512872597,0.21316036313831166,5.923287207563986,11.783893764860633,305.50173582989504,0.4870719258562773,True,True,True,True,True,True,True
30,10,3,199.3398664841193,1.0592602935353657,0.9771121452590099,1.005743067030572,4.900519276285525,0.10246279020473796,10.011376787241614,1.009115384550051,45.563056419842226,2.9883460512872597,0.21316036313831166,5.923287207563986,11.783893764860633,305.50173582989504,0.11376787241614394,True,True,True,True,True,True,True
30,10,4,199.3398664841193,1.0592602935353657,0.9771121452590099,1.005743067030572,4.900519276285525,0.10267415714552715,9.994379601922242,1.009115384550051,45.563056419842226,2.9883460512872597,0.21316036313831166,5.923287207563986,11.783893764860633,305.50173582989504,-0.056203980777578266,True,True,True,True,True,True,True
30,10,5,199.3398664841193,1.0592602935353657,0.9771121452590099,1.005743067030572,4.900519276285525,0.10256154926745609,10.031665704968507,1.009115384550051,45.563056419842226,2.9883460512872597,0.21316036313831166,5.923287207563986,11.783893764860633,305.50173582989504,0.3166570496850696,True,True,True,True,True,True,True
