Qualification_Measurement,Lot,Wafer,Measurement,Temperature_C,Pressure_Torr,TMA_Pulse_s,H2O_Pulse_s,Purge_s,GPC_nm_per_cycle,Film_Thickness_nm,Thickness_Uniformity_1sigma_%,Film_Stress_MPa,Film_Density_g_cm3,Surface_Roughness_nm_RMS,Defect_Density_per_cm2,Cycle_Time_s,Throughput_cycles_per_hour,Thickness_Deviation_%,Thickness_OK,GPC_OK,Uniformity_OK,Stress_OK,Density_OK,Roughness_OK,Defectivity_OK,Qualification_OK
1,1,1,1,200.0882531969333,0.9841069253704264,1.0012303589306577,1.0035015373368035,5.054691283708413,0.10015102011977575,9.965105186698452,0.9853606958067624,47.99214615628423,3.00289750808228,0.20008650481201076,4.794629815307218,12.114114463684288,297.1740122476212,-0.3489481330154831,True,True,True,True,True,True,True,True
2,1,1,2,200.0882531969333,0.9841069253704264,1.0012303589306577,1.0035015373368035,5.054691283708413,0.10079539761272215,10.071573538108456,0.9716488760644807,48.20269904046439,2.9970040330401164,0.20312055386433428,4.989935741956236,12.114114463684288,297.1740122476212,0.7157353810845635,True,True,True,True,True,True,True,True
3,1,1,3,200.0882531969333,0.9841069253704264,1.0012303589306577,1.0035015373368035,5.054691283708413,0.09987836648048125,9.978802720737189,1.0308984289336884,47.41468300340184,2.9996058343525065,0.19759971286544822,5.03930669414785,12.114114463684288,297.1740122476212,-0.21197279262811008,True,True,True,True,True,True,True,True
4,1,1,4,200.0882531969333,0.9841069253704264,1.0012303589306577,1.0035015373368035,5.054691283708413,0.10014808638376575,9.999735326895289,0.992181566722069,48.27272467383757,3.0024420039520416,0.19788728568827643,5.003453915691176,12.114114463684288,297.1740122476212,-0.002646731047111217,True,True,True,True,True,True,True,True
5,1,1,5,200.0882531969333,0.9841069253704264,1.0012303589306577,1.0035015373368035,5.054691283708413,0.10019483146923626,10.019229964956644,0.9660675710192618,48.7871709687102,3.000120790461,0.20091452446942235,5.232419574420574,12.114114463684288,297.1740122476212,0.19229964956643641,True,True,True,True,True,True,True,True
6,1,2,1,200.0882531969333,0.9841069253704264,1.0012303589306577,1.0035015373368035,5.054691283708413,0.10008895342727053,10.013544991303275,0.9689498518878052,47.47599907566033,3.0014972069821364,0.1950952233122055,4.649693218603431,12.114114463684288,297.1740122476212,0.13544991303275467,True,True,True,True,True,True,True,True
7,1,2,2,200.0882531969333,0.9841069253704264,1.0012303589306577,1.0035015373368035,5.054691283708413,0.10044671549414104,9.962858437968084,0.9753975163898306,48.337675250486825,3.0003878812313065,0.19978292601769215,5.088761000403761,12.114114463684288,297.1740122476212,-0.3714156203191621,True,True,True,True,True,True,True,True
8,1,2,3,200.0882531969333,0.9841069253704264,1.0012303589306577,1.0035015373368035,5.054691283708413,0.10048222851707506,10.037110016633434,0.9714125144385383,47.76775164395894,3.000838561047163,0.19651474726495297,5.078894646149697,12.114114463684288,297.1740122476212,0.37110016633434384,True,True,True,True,True,True,True,True
9,1,2,4,200.0882531969333,0.9841069253704264,1.0012303589306577,1.0035015373368035,5.054691283708413,0.10016812589959231,10.028078609814257,0.9650224996621551,47.418364244397935,3.0026829399881136,0.19911792720989127,4.99235445251172,12.114114463684288,297.1740122476212,0.28078609814256694,True,True,True,True,True,True,True,True
10,1,2,5,200.0882531969333,0.9841069253704264,1.0012303589306577,1.0035015373368035,5.054691283708413,0.10034898910308786,10.052203517326689,0.958557036893707,47.77797723735998,3.002076152489984,0.19934142202755592,4.964731204967439,12.114114463684288,297.1740122476212,0.522035173266886,True,True,True,True,True,True,True,True
11,1,3,1,200.0882531969333,0.9841069253704264,1.0012303589306577,1.0035015373368035,5.054691283708413,0.10048387349908455,10.07632788849125,0.9279978198561043,48.73098203260457,3.0048392376645885,0.19578081783066956,5.342013163983243,12.114114463684288,297.1740122476212,0.763278884912495,True,True,True,True,True,True,True,True
12,1,3,2,200.0882531969333,0.9841069253704264,1.0012303589306577,1.0035015373368035,5.054691283708413,0.10036341548423315,10.049626828621845,1.00540909668674,47.10787562802805,3.000249095822916,0.19712787058010958,5.008455820887462,12.114114463684288,297.1740122476212,0.49626828621844865,True,True,True,True,True,True,True,True
13,1,3,3,200.0882531969333,0.9841069253704264,1.0012303589306577,1.0035015373368035,5.054691283708413,0.1004028094181331,10.058021283779613,1.0052613935210957,46.98833392448732,3.0000358742465254,0.19905482734137503,4.978177505917126,12.114114463684288,297.1740122476212,0.5802128377961324,True,True,True,True,True,True,True,True
14,1,3,4,200.0882531969333,0.9841069253704264,1.0012303589306577,1.0035015373368035,5.054691283708413,0.10028588496217873,9.994528809359373,0.9795309053830602,48.131687294482795,3.0018881076465207,0.20625368765306612,4.803892809280827,12.114114463684288,297.1740122476212,-0.05471190640626844,True,True,True,True,True,True,True,True
15,1,3,5,200.0882531969333,0.9841069253704264,1.0012303589306577,1.0035015373368035,5.054691283708413,0.10055911719682015,10.04151009126171,0.9412951951984976,46.670339660117335,3.0045209490704194,0.1962766080623543,4.909127764645203,12.114114463684288,297.1740122476212,0.415100912617099,True,True,True,True,True,True,True,True
16,1,4,1,200.0882531969333,0.9841069253704264,1.0012303589306577,1.0035015373368035,5.054691283708413,0.10020266103415292,10.031032606305216,0.9921643815783479,47.893128922490455,3.00503222160082,0.2022671715707568,4.923742252937329,12.114114463684288,297.1740122476212,0.3103260630521554,True,True,True,True,True,True,True,True
17,1,4,2,200.0882531969333,0.9841069253704264,1.0012303589306577,1.0035015373368035,5.054691283708413,0.1003967524060037,10.06328147264648,0.9827448195817318,47.75131236114452,3.0057344943682396,0.19761906717544167,4.961178896301902,12.114114463684288,297.1740122476212,0.632814726464801,True,True,True,True,True,True,True,True
18,1,4,3,200.0882531969333,0.9841069253704264,1.0012303589306577,1.0035015373368035,5.054691283708413,0.10041434815962755,10.039479059273527,0.939866558866495,48.5514359109368,3.0027145699466695,0.20131339783332677,5.175831809027304,12.114114463684288,297.1740122476212,0.39479059273526573,True,True,True,True,True,True,True,True
19,1,4,4,200.0882531969333,0.9841069253704264,1.0012303589306577,1.0035015373368035,5.054691283708413,0.10002799482699258,10.019661337327987,0.9536521559365706,47.91347162314592,3.0039510056730627,0.19633968621616735,4.855261760099237,12.114114463684288,297.1740122476212,0.1966133732798703,True,True,True,True,True,True,True,True
20,1,4,5,200.0882531969333,0.9841069253704264,1.0012303589306577,1.0035015373368035,5.054691283708413,0.10033691573150728,10.029187315386553,0.9531450380521269,47.97539404771516,3.00240849066919,0.19992550514741708,5.0965442027757835,12.114114463684288,297.1740122476212,0.29187315386552726,True,True,True,True,True,True,True,True
21,1,5,1,200.0882531969333,0.9841069253704264,1.0012303589306577,1.0035015373368035,5.054691283708413,0.1001649372237557,10.00666230059465,0.9734551935002886,47.894675651359854,3.003037834970079,0.20278499606651834,5.225648914704014,12.114114463684288,297.1740122476212,0.06662300594650006,True,True,True,True,True,True,True,True
22,1,5,2,200.0882531969333,0.9841069253704264,1.0012303589306577,1.0035015373368035,5.054691283708413,0.09992505053377426,9.996597676328935,0.9599326797563191,46.919427521605805,2.999502139513146,0.19185536128938846,4.952513652667528,12.114114463684288,297.1740122476212,-0.03402323671064522,True,True,True,True,True,True,True,True
23,1,5,3,200.0882531969333,0.9841069253704264,1.0012303589306577,1.0035015373368035,5.054691283708413,0.10020981011676361,10.028269674213739,0.9570152679850469,48.2536323690998,3.0047916513806214,0.19617617626397033,4.906779007216346,12.114114463684288,297.1740122476212,0.2826967421373894,True,True,True,True,True,True,True,True
24,1,5,4,200.0882531969333,0.9841069253704264,1.0012303589306577,1.0035015373368035,5.054691283708413,0.10064012615093222,10.043966833759654,1.006008503221887,49.2765380948871,3.001864379345988,0.19854281705109858,5.048029222597112,12.114114463684288,297.1740122476212,0.4396683375965438,True,True,True,True,True,True,True,True
25,1,5,5,200.0882531969333,0.9841069253704264,1.0012303589306577,1.0035015373368035,5.054691283708413,0.10000459364933673,10.052510991376428,0.910804747878294,47.59887907252455,3.0018171680550343,0.20418802709991082,5.000223670168036,12.114114463684288,297.1740122476212,0.525109913764279,True,True,True,True,True,True,True,True
26,1,6,1,200.0882531969333,0.9841069253704264,1.0012303589306577,1.0035015373368035,5.054691283708413,0.09995322187185934,10.009350826723129,0.9712678760716044,48.66554934683073,2.9990463506855973,0.201157713150752,5.147725019020687,12.114114463684288,297.1740122476212,0.09350826723128591,True,True,True,True,True,True,True,True
27,1,6,2,200.0882531969333,0.9841069253704264,1.0012303589306577,1.0035015373368035,5.054691283708413,0.10014715371244017,9.992324199155089,0.9471303044736562,48.48388814277227,3.004118255851029,0.19672922261319578,5.117128767483683,12.114114463684288,297.1740122476212,-0.07675800844911151,True,True,True,True,True,True,True,True
28,1,6,3,200.0882531969333,0.9841069253704264,1.0012303589306577,1.0035015373368035,5.054691283708413,0.10062973969472169,10.055763951859587,0.9926440600088385,47.29466798829447,3.0017683120350136,0.19773136110666548,5.027496005012375,12.114114463684288,297.1740122476212,0.5576395185958738,True,True,True,True,True,True,True,True
29,1,6,4,200.0882531969333,0.9841069253704264,1.0012303589306577,1.0035015373368035,5.054691283708413,0.09979023307549607,9.952748320319431,0.9041819731829154,48.11568832319355,3.004985807046376,0.2024742534742687,4.68718852798154,12.114114463684288,297.1740122476212,-0.4725167968056887,True,True,True,True,True,True,True,True
30,1,6,5,200.0882531969333,0.9841069253704264,1.0012303589306577,1.0035015373368035,5.054691283708413,0.10031638543598503,10.002028741405034,0.92885371612209,47.14686440085953,2.9998514291939817,0.20422914934673483,4.759037120223817,12.114114463684288,297.1740122476212,0.020287414050343955,True,True,True,True,True,True,True,True
31,1,7,1,200.0882531969333,0.9841069253704264,1.0012303589306577,1.0035015373368035,5.054691283708413,0.10005435538794805,10.000904611047067,0.9637929875321944,47.61949379550305,3.0000510197212535,0.19878705381611833,5.02089253692597,12.114114463684288,297.1740122476212,0.009046110470674051,True,True,True,True,True,True,True,True
32,1,7,2,200.0882531969333,0.9841069253704264,1.0012303589306577,1.0035015373368035,5.054691283708413,0.1004771349726793,10.042999596623625,0.9861852763131206,46.446751586397845,3.0050486493422475,0.20061932582098338,5.028722207944221,12.114114463684288,297.1740122476212,0.4299959662362518,True,True,True,True,True,True,True,True
33,1,7,3,200.0882531969333,0.9841069253704264,1.0012303589306577,1.0035015373368035,5.054691283708413,0.10041721643205771,10.06586391411217,0.983708393639887,46.763033645158075,3.0046539828764787,0.1987333515610446,5.155021207838062,12.114114463684288,297.1740122476212,0.658639141121693,True,True,True,True,True,True,True,True
34,1,7,4,200.0882531969333,0.9841069253704264,1.0012303589306577,1.0035015373368035,5.054691283708413,0.10040174420759529,10.015404901795185,0.935165152341697,47.94490102663037,3.0046214059921037,0.19360397037099966,4.929105255427441,12.114114463684288,297.1740122476212,0.154049017951845,True,True,True,True,True,True,True,True
35,1,7,5,200.0882531969333,0.9841069253704264,1.0012303589306577,1.0035015373368035,5.054691283708413,0.10056621244782378,10.047374889733808,1.0071168362471767,48.13860118076856,3.0048806416624347,0.19603713886100552,5.254949160840764,12.114114463684288,297.1740122476212,0.47374889733807996,True,True,True,True,True,True,True,True
36,1,8,1,200.0882531969333,0.9841069253704264,1.0012303589306577,1.0035015373368035,5.054691283708413,0.10049487555325669,10.059418177567517,0.9826079752901989,47.86233423835593,3.00529192472199,0.19794519441226646,4.9508262995934365,12.114114463684288,297.1740122476212,0.594181775675171,True,True,True,True,True,True,True,True
37,1,8,2,200.0882531969333,0.9841069253704264,1.0012303589306577,1.0035015373368035,5.054691283708413,0.10027094709326488,10.034162518921354,0.9658363245937955,46.169550085276995,3.004774541092573,0.19542056672983701,4.916411196346553,12.114114463684288,297.1740122476212,0.34162518921354135,True,True,True,True,True,True,True,True
38,1,8,3,200.0882531969333,0.9841069253704264,1.0012303589306577,1.0035015373368035,5.054691283708413,0.10022685869239163,10.043167355675902,0.9110651010554137,46.527968670819625,3.007354042675774,0.20219529526486366,5.247741683623288,12.114114463684288,297.1740122476212,0.43167355675901575,True,True,True,True,True,True,True,True
39,1,8,4,200.0882531969333,0.9841069253704264,1.0012303589306577,1.0035015373368035,5.054691283708413,0.10024645107087277,10.05660913245976,0.9584968216818331,47.28371953071107,2.998885891579632,0.19795773505354775,4.946449665652273,12.114114463684288,297.1740122476212,0.566091324597604,True,True,True,True,True,True,True,True
40,1,8,5,200.0882531969333,0.9841069253704264,1.0012303589306577,1.0035015373368035,5.054691283708413,0.099755500126053,9.952325100665,0.9561166338069151,46.70925816951825,3.0040221835401084,0.19721513050928802,5.032477112682619,12.114114463684288,297.1740122476212,-0.4767489933500002,True,True,True,True,True,True,True,True
41,1,9,1,200.0882531969333,0.9841069253704264,1.0012303589306577,1.0035015373368035,5.054691283708413,0.10060829745317965,10.070935484414733,0.9292182255914265,48.183629044268585,3.0013563935103713,0.19321970289804913,4.954618853470766,12.114114463684288,297.1740122476212,0.7093548441473274,True,True,True,True,True,True,True,True
42,1,9,2,200.0882531969333,0.9841069253704264,1.0012303589306577,1.0035015373368035,5.054691283708413,0.1004268069460471,10.053580070146209,0.9227028151616907,47.648425778156806,3.004533527135445,0.19617414960526977,4.9883877696682815,12.114114463684288,297.1740122476212,0.5358007014620902,True,True,True,True,True,True,True,True
43,1,9,3,200.0882531969333,0.9841069253704264,1.0012303589306577,1.0035015373368035,5.054691283708413,0.1003294028524893,10.038241044163549,0.9916508123161873,47.74913906699872,2.9999427490303283,0.1950406806358294,5.022364233543305,12.114114463684288,297.1740122476212,0.38241044163548565,True,True,True,True,True,True,True,True
44,1,9,4,200.0882531969333,0.9841069253704264,1.0012303589306577,1.0035015373368035,5.054691283708413,0.09981096364880968,9.982123809467979,0.9658370295642502,48.035276187489124,3.001713914844093,0.19842500821935655,4.875859184510905,12.114114463684288,297.1740122476212,-0.17876190532021496,True,True,True,True,True,True,True,True
45,1,9,5,200.0882531969333,0.9841069253704264,1.0012303589306577,1.0035015373368035,5.054691283708413,0.1001156966063741,10.036398476851458,0.9492032010008621,47.908743002991415,3.004782777893154,0.20316376289809396,5.2067048303694685,12.114114463684288,297.1740122476212,0.3639847685145803,True,True,True,True,True,True,True,True
46,1,10,1,200.0882531969333,0.9841069253704264,1.0012303589306577,1.0035015373368035,5.054691283708413,0.10015658236787948,9.978208483319188,0.9559080846219208,47.250694605519854,3.002369992045305,0.19737284455284626,4.965664934474716,12.114114463684288,297.1740122476212,-0.2179151668081225,True,True,True,True,True,True,True,True
47,1,10,2,200.0882531969333,0.9841069253704264,1.0012303589306577,1.0035015373368035,5.054691283708413,0.0998472713959123,9.993665573695788,1.0107807668973752,49.06749980627536,3.0037270591491865,0.20034299488977692,4.868476976807633,12.114114463684288,297.1740122476212,-0.06334426304212215,True,True,True,True,True,True,True,True
48,1,10,3,200.0882531969333,0.9841069253704264,1.0012303589306577,1.0035015373368035,5.054691283708413,0.1001941704807128,10.0763811969722,0.9716791482913358,48.67462836126089,3.0027237833735896,0.1999281462480083,5.106580936145254,12.114114463684288,297.1740122476212,0.7638119697219992,True,True,True,True,True,True,True,True
49,1,10,4,200.0882531969333,0.9841069253704264,1.0012303589306577,1.0035015373368035,5.054691283708413,0.10047925164195136,10.022189215266236,0.9576428095030803,49.38501526565494,3.0024822223791325,0.20190823601745542,4.969540327547899,12.114114463684288,297.1740122476212,0.22189215266235962,True,True,True,True,True,True,True,True
50,1,10,5,200.0882531969333,0.9841069253704264,1.0012303589306577,1.0035015373368035,5.054691283708413,0.10000583600145485,9.980725981245609,0.925342323573643,46.152569070700494,3.001846254021794,0.19590449810812213,4.774033508199838,12.114114463684288,297.1740122476212,-0.19274018754391165,True,True,True,True,True,True,True,True
51,2,1,1,200.0359725618061,0.9922541057868537,1.0028908280234201,1.007961095251649,5.015578550882725,0.10054033285357569,10.0989692487502,1.0190566615464602,50.96522298782198,2.995730296532202,0.19714241231656943,5.221017396122836,12.04200902504052,298.95343812764554,0.9896924875019941,True,True,True,True,True,True,True,True
52,2,1,2,200.0359725618061,0.9922541057868537,1.0028908280234201,1.007961095251649,5.015578550882725,0.1004707404394894,10.078579030228537,0.9673290062960996,50.87760673858286,2.998080093783928,0.19894882899103292,5.132683937746078,12.04200902504052,298.95343812764554,0.785790302285374,True,True,True,True,True,True,True,True
53,2,1,3,200.0359725618061,0.9922541057868537,1.0028908280234201,1.007961095251649,5.015578550882725,0.10027821148301932,10.019834987809176,1.045194237171863,51.27448840963447,2.994816400076455,0.19374851916759245,5.060784785458295,12.04200902504052,298.95343812764554,0.1983498780917614,True,True,True,True,True,True,True,True
54,2,1,4,200.0359725618061,0.9922541057868537,1.0028908280234201,1.007961095251649,5.015578550882725,0.10061276969556843,10.057132236414088,0.9863036629544562,50.646314407413364,2.997727464461756,0.1959684848881391,5.096251929279287,12.04200902504052,298.95343812764554,0.571322364140876,True,True,True,True,True,True,True,True
55,2,1,5,200.0359725618061,0.9922541057868537,1.0028908280234201,1.007961095251649,5.015578550882725,0.10064329390202172,10.13180828459201,1.0211886991955408,51.53086830821691,2.992751060021165,0.19399093710312312,4.964184979446463,12.04200902504052,298.95343812764554,1.3180828459200988,True,True,True,True,True,True,True,True
56,2,2,1,200.0359725618061,0.9922541057868537,1.0028908280234201,1.007961095251649,5.015578550882725,0.10043550002995513,9.990078392836729,0.995225441861127,51.699108338786715,2.996935791156156,0.19753150511458487,5.141641513431229,12.04200902504052,298.95343812764554,-0.09921607163271064,True,True,True,True,True,True,True,True
57,2,2,2,200.0359725618061,0.9922541057868537,1.0028908280234201,1.007961095251649,5.015578550882725,0.10058790969432564,10.088187580712246,1.0068415128135895,50.9568584115546,2.9940451210898407,0.1961356969686583,5.049835368151321,12.04200902504052,298.95343812764554,0.8818758071224586,True,True,True,True,True,True,True,True
58,2,2,3,200.0359725618061,0.9922541057868537,1.0028908280234201,1.007961095251649,5.015578550882725,0.1004543457308636,10.018965387575463,0.9637653734941081,50.74128701211235,2.9964813882660826,0.19862675931261434,5.073425794617693,12.04200902504052,298.95343812764554,0.18965387575462955,True,True,True,True,True,True,True,True
59,2,2,4,200.0359725618061,0.9922541057868537,1.0028908280234201,1.007961095251649,5.015578550882725,0.10112593998401682,10.120775197196904,1.025741229609009,50.69500070702201,2.996310831623488,0.1945469214517429,5.083968950200807,12.04200902504052,298.95343812764554,1.2077519719690422,True,True,True,True,True,True,True,True
60,2,2,5,200.0359725618061,0.9922541057868537,1.0028908280234201,1.007961095251649,5.015578550882725,0.10065686705292277,10.040211479089148,1.0085245473633493,49.55100296188173,2.99640764523614,0.19921198250135552,5.097475824716021,12.04200902504052,298.95343812764554,0.4021147908914812,True,True,True,True,True,True,True,True
61,2,3,1,200.0359725618061,0.9922541057868537,1.0028908280234201,1.007961095251649,5.015578550882725,0.10030272015275751,9.993683319877931,0.9435274221865718,50.11097067840585,2.9959508818007383,0.1903922261578238,4.890753397352295,12.04200902504052,298.95343812764554,-0.06316680122068874,True,True,True,True,True,True,True,True
62,2,3,2,200.0359725618061,0.9922541057868537,1.0028908280234201,1.007961095251649,5.015578550882725,0.10019270917652333,10.002957837534593,1.0327664486039991,50.50938319447346,2.9992065023711665,0.19794061266230417,4.918339437734774,12.04200902504052,298.95343812764554,0.02957837534593111,True,True,True,True,True,True,True,True
63,2,3,3,200.0359725618061,0.9922541057868537,1.0028908280234201,1.007961095251649,5.015578550882725,0.10102822569508536,10.124915203597222,0.9607665029882314,50.117629697320915,2.994512515331981,0.19522658799439585,5.0341977368472195,12.04200902504052,298.95343812764554,1.249152035972223,True,True,True,True,True,True,True,True
64,2,3,4,200.0359725618061,0.9922541057868537,1.0028908280234201,1.007961095251649,5.015578550882725,0.10091665055265858,10.098279102252423,0.9965744109266655,51.11596591383585,2.9954168348976435,0.19778697456672112,4.956136352100267,12.04200902504052,298.95343812764554,0.982791022524232,True,True,True,True,True,True,True,True
65,2,3,5,200.0359725618061,0.9922541057868537,1.0028908280234201,1.007961095251649,5.015578550882725,0.1009518127081591,10.097319773253766,0.9901500446502016,49.38946700347455,2.9962571748239615,0.1944137096298139,5.190805623799755,12.04200902504052,298.95343812764554,0.9731977325376562,True,True,True,True,True,True,True,True
66,2,4,1,200.0359725618061,0.9922541057868537,1.0028908280234201,1.007961095251649,5.015578550882725,0.10079351945587699,10.08592246064337,0.9961857753086928,50.88838244882353,2.994043910502175,0.18986088793234268,4.7988804040590525,12.04200902504052,298.95343812764554,0.8592246064337061,True,True,True,True,True,True,True,True
67,2,4,2,200.0359725618061,0.9922541057868537,1.0028908280234201,1.007961095251649,5.015578550882725,0.10065621093600077,10.11868304036936,1.031023074213407,50.52486646558118,2.995417463185163,0.19502975706792375,4.980849284250406,12.04200902504052,298.95343812764554,1.1868304036936017,True,True,True,True,True,True,True,True
68,2,4,3,200.0359725618061,0.9922541057868537,1.0028908280234201,1.007961095251649,5.015578550882725,0.10058440901154087,10.09327748036287,0.9622868319353396,51.29196609757476,2.995211941951627,0.19228344050061683,4.8918443037942225,12.04200902504052,298.95343812764554,0.9327748036286998,True,True,True,True,True,True,True,True
69,2,4,4,200.0359725618061,0.9922541057868537,1.0028908280234201,1.007961095251649,5.015578550882725,0.10060186507369298,10.093564946699216,0.986385988236167,51.601267920434005,2.9947999930033045,0.20022157545367705,4.942968835831456,12.04200902504052,298.95343812764554,0.9356494669921566,True,True,True,True,True,True,True,True
70,2,4,5,200.0359725618061,0.9922541057868537,1.0028908280234201,1.007961095251649,5.015578550882725,0.10120651786507627,10.14120921143935,0.9979497782122384,51.80084617332234,2.9963435167398065,0.19245710172054498,4.942626048099927,12.04200902504052,298.95343812764554,1.412092114393495,True,True,True,True,True,True,True,True
71,2,5,1,200.0359725618061,0.9922541057868537,1.0028908280234201,1.007961095251649,5.015578550882725,0.10029466563031987,9.998335553575167,1.0281739883190548,50.60640765611919,2.9944138216655363,0.19734197579140692,4.871701393015711,12.04200902504052,298.95343812764554,-0.016644464248329882,True,True,True,True,True,True,True,True
72,2,5,2,200.0359725618061,0.9922541057868537,1.0028908280234201,1.007961095251649,5.015578550882725,0.10070532449242987,10.077504138406336,1.0269747632487052,48.32804433416121,2.9969973870269517,0.20017831592603977,5.190716786024584,12.04200902504052,298.95343812764554,0.7750413840633641,True,True,True,True,True,True,True,True
73,2,5,3,200.0359725618061,0.9922541057868537,1.0028908280234201,1.007961095251649,5.015578550882725,0.10085062971762085,10.085500101026277,1.0015366765190403,48.8220179586269,2.994419760953366,0.19487917323815046,4.773136585320088,12.04200902504052,298.95343812764554,0.8550010102627681,True,True,True,True,True,True,True,True
74,2,5,4,200.0359725618061,0.9922541057868537,1.0028908280234201,1.007961095251649,5.015578550882725,0.10018570847785584,10.000289222484938,0.9631640692435702,50.2808174795306,2.9927954094046525,0.19667312822328026,4.880189114813268,12.04200902504052,298.95343812764554,0.0028922248493756797,True,True,True,True,True,True,True,True
75,2,5,5,200.0359725618061,0.9922541057868537,1.0028908280234201,1.007961095251649,5.015578550882725,0.10040981947279257,10.03429921932878,0.9914555519727799,50.56106387366943,2.9955429083749023,0.19530074211774126,4.902127854860705,12.04200902504052,298.95343812764554,0.34299219328779884,True,True,True,True,True,True,True,True
76,2,6,1,200.0359725618061,0.9922541057868537,1.0028908280234201,1.007961095251649,5.015578550882725,0.10044456011089466,10.052676141754834,0.992743838325241,48.56194103891933,2.9953744382011473,0.19477549747304737,5.11210847893976,12.04200902504052,298.95343812764554,0.5267614175483359,True,True,True,True,True,True,True,True
77,2,6,2,200.0359725618061,0.9922541057868537,1.0028908280234201,1.007961095251649,5.015578550882725,0.10101274671484743,10.163421161358306,0.9893940219258927,51.0048253278362,2.997478321978838,0.19044594517900268,4.686364882864703,12.04200902504052,298.95343812764554,1.6342116135830587,True,True,True,True,True,True,True,True
78,2,6,3,200.0359725618061,0.9922541057868537,1.0028908280234201,1.007961095251649,5.015578550882725,0.10011067864345367,10.012634639653951,0.986992177015725,51.4253344959224,2.995155629335078,0.20005478466038085,5.080515711710304,12.04200902504052,298.95343812764554,0.12634639653951396,True,True,True,True,True,True,True,True
79,2,6,4,200.0359725618061,0.9922541057868537,1.0028908280234201,1.007961095251649,5.015578550882725,0.10117243071118459,10.059727857466056,1.027580377550245,50.09288843450711,2.996703913393457,0.19772504047010983,4.887635121192792,12.04200902504052,298.95343812764554,0.5972785746605602,True,True,True,True,True,True,True,True
80,2,6,5,200.0359725618061,0.9922541057868537,1.0028908280234201,1.007961095251649,5.015578550882725,0.10036871860301885,10.07475834862061,1.0158507633554388,51.29638594940043,2.998975360655462,0.20409790854647047,5.044011569512297,12.04200902504052,298.95343812764554,0.747583486206107,True,True,True,True,True,True,True,True
81,2,7,1,200.0359725618061,0.9922541057868537,1.0028908280234201,1.007961095251649,5.015578550882725,0.10044989016905352,10.051433192072906,1.0341618240511163,50.04302537139886,2.9945514356303287,0.189799488879927,5.021836411956784,12.04200902504052,298.95343812764554,0.5143319207290631,True,True,True,True,True,True,True,True
82,2,7,2,200.0359725618061,0.9922541057868537,1.0028908280234201,1.007961095251649,5.015578550882725,0.10062020385894546,10.052661296920132,1.0221917291254774,50.471853276451576,2.997156071719048,0.20477528375783882,5.164837164687771,12.04200902504052,298.95343812764554,0.5266129692013166,True,True,True,True,True,True,True,True
83,2,7,3,200.0359725618061,0.9922541057868537,1.0028908280234201,1.007961095251649,5.015578550882725,0.10068199870767525,10.071119949913466,0.9931111510348953,50.54111549918114,2.9940846877750684,0.19620188827744578,4.727447412638239,12.04200902504052,298.95343812764554,0.7111994991346648,True,True,True,True,True,True,True,True
84,2,7,4,200.0359725618061,0.9922541057868537,1.0028908280234201,1.007961095251649,5.015578550882725,0.10090317336748766,10.136449829491935,0.9881720672901034,49.553206849325704,2.9937592659567356,0.19768746389826408,5.0809721056958965,12.04200902504052,298.95343812764554,1.364498294919354,True,True,True,True,True,True,True,True
85,2,7,5,200.0359725618061,0.9922541057868537,1.0028908280234201,1.007961095251649,5.015578550882725,0.10088126708476446,10.035461528859935,1.0396928288876448,50.225669470498445,2.99817469111651,0.20168517006183134,4.931985445405495,12.04200902504052,298.95343812764554,0.35461528859935143,True,True,True,True,True,True,True,True
86,2,8,1,200.0359725618061,0.9922541057868537,1.0028908280234201,1.007961095251649,5.015578550882725,0.10077268082030595,10.067682861298886,0.9968762928314401,51.66547701272546,2.9955587989854116,0.19869134880458303,5.090892851036037,12.04200902504052,298.95343812764554,0.6768286129888601,True,True,True,True,True,True,True,True
87,2,8,2,200.0359725618061,0.9922541057868537,1.0028908280234201,1.007961095251649,5.015578550882725,0.10098859489988013,10.151672008550626,1.0216198620312291,51.25135764714012,2.9995862111117013,0.19766711220164598,4.833478890595606,12.04200902504052,298.95343812764554,1.5167200855062646,True,True,True,True,True,True,True,True
88,2,8,3,200.0359725618061,0.9922541057868537,1.0028908280234201,1.007961095251649,5.015578550882725,0.10104573704395718,10.111454850626092,1.0453106466666495,48.123423566994184,2.9991660539331284,0.19796299199770806,4.999135356249574,12.04200902504052,298.95343812764554,1.114548506260924,True,True,True,True,True,True,True,True
89,2,8,4,200.0359725618061,0.9922541057868537,1.0028908280234201,1.007961095251649,5.015578550882725,0.10089662696264047,10.121374405098097,1.0260936528429336,51.140630408105054,2.9943028139320536,0.19241624138915725,4.732540458335522,12.04200902504052,298.95343812764554,1.2137440509809672,True,True,True,True,True,True,True,True
90,2,8,5,200.0359725618061,0.9922541057868537,1.0028908280234201,1.007961095251649,5.015578550882725,0.10098322913980504,10.0910002784266,0.9919751722136787,50.47973675475558,2.997645936060678,0.19248733817208996,4.9994254587136515,12.04200902504052,298.95343812764554,0.9100027842660018,True,True,True,True,True,True,True,True
91,2,9,1,200.0359725618061,0.9922541057868537,1.0028908280234201,1.007961095251649,5.015578550882725,0.10101673987323674,10.086574472802715,1.0615428678998153,51.173491946865575,2.9952154218880134,0.19771734695563412,4.988822806673131,12.04200902504052,298.95343812764554,0.8657447280271491,True,True,True,True,True,True,True,True
92,2,9,2,200.0359725618061,0.9922541057868537,1.0028908280234201,1.007961095251649,5.015578550882725,0.10066633810287125,10.060351717281574,1.002130762660993,50.56540142071537,2.994662948048074,0.1948525265665664,5.16033903752397,12.04200902504052,298.95343812764554,0.6035171728157351,True,True,True,True,True,True,True,True
93,2,9,3,200.0359725618061,0.9922541057868537,1.0028908280234201,1.007961095251649,5.015578550882725,0.10060578997726942,10.116573705228516,1.0243786166177011,50.156256252867934,2.995778064817364,0.19402382600509407,5.053512958943948,12.04200902504052,298.95343812764554,1.165737052285163,True,True,True,True,True,True,True,True
94,2,9,4,200.0359725618061,0.9922541057868537,1.0028908280234201,1.007961095251649,5.015578550882725,0.100629379717894,10.060898522482773,1.0283681809842657,49.93607823943091,2.995428186139445,0.19393629861738793,4.9783112966846295,12.04200902504052,298.95343812764554,0.6089852248277339,True,True,True,True,True,True,True,True
95,2,9,5,200.0359725618061,0.9922541057868537,1.0028908280234201,1.007961095251649,5.015578550882725,0.10061139767420305,10.062413507637054,1.0260475144877816,51.331201224797034,2.9984682732763384,0.19254697602554685,5.072153427777754,12.04200902504052,298.95343812764554,0.6241350763705356,True,True,True,True,True,True,True,True
96,2,10,1,200.0359725618061,0.9922541057868537,1.0028908280234201,1.007961095251649,5.015578550882725,0.10062908431290471,10.062595998285627,0.9729124554040259,51.92650146355585,2.993396699216531,0.19501114862423105,5.060386647454485,12.04200902504052,298.95343812764554,0.6259599828562656,True,True,True,True,True,True,True,True
97,2,10,2,200.0359725618061,0.9922541057868537,1.0028908280234201,1.007961095251649,5.015578550882725,0.10065843207342524,10.047884152703416,1.0253530436352452,51.68090888469849,2.9951432457476366,0.19644150759605114,4.732644772782572,12.04200902504052,298.95343812764554,0.47884152703415955,True,True,True,True,True,True,True,True
98,2,10,3,200.0359725618061,0.9922541057868537,1.0028908280234201,1.007961095251649,5.015578550882725,0.1006018152681351,10.072344778812688,1.007115957696226,49.44474360105036,2.9942473810496573,0.19563245467340556,4.964457052052418,12.04200902504052,298.95343812764554,0.723447788126883,True,True,True,True,True,True,True,True
99,2,10,4,200.0359725618061,0.9922541057868537,1.0028908280234201,1.007961095251649,5.015578550882725,0.1007186770116944,10.080804492353744,0.9995447631436054,49.56943610610402,2.997779701345525,0.19852212807983058,5.000929139284529,12.04200902504052,298.95343812764554,0.808044923537441,True,True,True,True,True,True,True,True
100,2,10,5,200.0359725618061,0.9922541057868537,1.0028908280234201,1.007961095251649,5.015578550882725,0.10073981362211845,10.088487185982315,1.0745014776797759,51.17465186571947,2.9960672422895507,0.19202310268302258,4.862894288416561,12.04200902504052,298.95343812764554,0.8848718598231464,True,True,True,True,True,True,True,True
101,3,1,1,200.1352289505788,0.9950877740152179,0.9964491342896926,1.0056004144303312,5.001889123557616,0.10082710274696217,10.105245488193786,0.9839116764827349,53.395339776757815,3.0085027732867515,0.195208153583978,4.929921527081017,12.005827795835256,299.85437582644795,1.0524548819378587,True,True,True,True,True,True,True,True
102,3,1,2,200.1352289505788,0.9950877740152179,0.9964491342896926,1.0056004144303312,5.001889123557616,0.10068673450681279,10.076806077490648,0.9677988209520971,51.52868843259005,3.0103965725937907,0.2016913394399074,4.76758321448267,12.005827795835256,299.85437582644795,0.7680607749064805,True,True,True,True,True,True,True,True
103,3,1,3,200.1352289505788,0.9950877740152179,0.9964491342896926,1.0056004144303312,5.001889123557616,0.10085603991541936,10.074918669219871,0.994395758836796,53.92406444566834,3.009372132371101,0.1990692976164628,4.561462423792894,12.005827795835256,299.85437582644795,0.7491866921987089,True,True,True,True,True,True,True,True
104,3,1,4,200.1352289505788,0.9950877740152179,0.9964491342896926,1.0056004144303312,5.001889123557616,0.10033210692979455,10.03242063190911,0.9859408719910316,52.706899726165744,3.0115370147242126,0.19900033480701895,4.8603777128094166,12.005827795835256,299.85437582644795,0.3242063190911004,True,True,True,True,True,True,True,True
105,3,1,5,200.1352289505788,0.9950877740152179,0.9964491342896926,1.0056004144303312,5.001889123557616,0.10076384765893359,10.1032503637317,0.9640151718780231,51.66197138024665,3.0087462531623155,0.1954589705319268,4.555771087596701,12.005827795835256,299.85437582644795,1.0325036373169993,True,True,True,True,True,True,True,True
106,3,2,1,200.1352289505788,0.9950877740152179,0.9964491342896926,1.0056004144303312,5.001889123557616,0.10076912549225307,10.111583380387675,0.9543958196062743,51.77558136137466,3.0145468634178023,0.196948444934842,4.872120576803931,12.005827795835256,299.85437582644795,1.1158338038767468,True,True,True,True,True,True,True,True
107,3,2,2,200.1352289505788,0.9950877740152179,0.9964491342896926,1.0056004144303312,5.001889123557616,0.10079921056639275,10.081487679286594,0.9696311314194164,53.10788401505058,3.010704212865556,0.1959605423627001,4.673191894568509,12.005827795835256,299.85437582644795,0.8148767928659418,True,True,True,True,True,True,True,True
108,3,2,3,200.1352289505788,0.9950877740152179,0.9964491342896926,1.0056004144303312,5.001889123557616,0.10066516526417481,10.040868460531296,0.9572910534096565,54.271567226621094,3.009727439932447,0.20357810881305363,4.95666528866319,12.005827795835256,299.85437582644795,0.40868460531296336,True,True,True,True,True,True,True,True
109,3,2,4,200.1352289505788,0.9950877740152179,0.9964491342896926,1.0056004144303312,5.001889123557616,0.10094294113081485,10.107181396541895,0.928310251897794,52.59030024542972,3.008300604182885,0.1953835342394565,5.080046513323208,12.005827795835256,299.85437582644795,1.0718139654189507,True,True,True,True,True,True,True,True
110,3,2,5,200.1352289505788,0.9950877740152179,0.9964491342896926,1.0056004144303312,5.001889123557616,0.10058579953442236,10.03498477254592,0.9709057571586013,52.693243259004525,3.01233169783282,0.200785835890835,4.6783336607396935,12.005827795835256,299.85437582644795,0.3498477254592025,True,True,True,True,True,True,True,True
111,3,3,1,200.1352289505788,0.9950877740152179,0.9964491342896926,1.0056004144303312,5.001889123557616,0.10039648390897939,10.001173013699908,1.0046234235465878,54.580868822878976,3.0102455243017774,0.19668311578449155,4.802715111004187,12.005827795835256,299.85437582644795,0.011730136999084095,True,True,True,True,True,True,True,True
112,3,3,2,200.1352289505788,0.9950877740152179,0.9964491342896926,1.0056004144303312,5.001889123557616,0.10054218136950321,10.045666463996609,0.9764053656597665,53.12092095790713,3.012892878624216,0.19636176727608792,4.93923913947593,12.005827795835256,299.85437582644795,0.456664639966089,True,True,True,True,True,True,True,True
113,3,3,3,200.1352289505788,0.9950877740152179,0.9964491342896926,1.0056004144303312,5.001889123557616,0.10034347594630227,10.01977253634115,1.0018484018906335,51.72386744572485,3.0082597965825095,0.1942073808554664,4.80193868061189,12.005827795835256,299.85437582644795,0.19772536341150726,True,True,True,True,True,True,True,True
114,3,3,4,200.1352289505788,0.9950877740152179,0.9964491342896926,1.0056004144303312,5.001889123557616,0.10078961055963183,10.077347856794237,1.0079866119845897,53.39213199260486,3.011537076997477,0.20153538972886959,4.7889829216402315,12.005827795835256,299.85437582644795,0.7734785679423695,True,True,True,True,True,True,True,True
115,3,3,5,200.1352289505788,0.9950877740152179,0.9964491342896926,1.0056004144303312,5.001889123557616,0.09998398158029033,10.013301510899982,0.9696031238419008,54.23641359368878,3.013904466382015,0.19791678392439238,4.742662474723528,12.005827795835256,299.85437582644795,0.13301510899982105,True,True,True,True,True,True,True,True
116,3,4,1,200.1352289505788,0.9950877740152179,0.9964491342896926,1.0056004144303312,5.001889123557616,0.10107896160506537,10.11482017841226,1.024739313617281,52.51248631374435,3.0093954475161,0.2006115077578933,4.826971392663196,12.005827795835256,299.85437582644795,1.1482017841226089,True,True,True,True,True,True,True,True
117,3,4,2,200.1352289505788,0.9950877740152179,0.9964491342896926,1.0056004144303312,5.001889123557616,0.1006201100986316,10.106351447723602,0.970743458210445,52.580765239227354,3.0111200100129776,0.19554556629870193,4.8112835497495885,12.005827795835256,299.85437582644795,1.0635144772360228,True,True,True,True,True,True,True,True
118,3,4,3,200.1352289505788,0.9950877740152179,0.9964491342896926,1.0056004144303312,5.001889123557616,0.1006426390399543,10.070508457616173,0.9675379657163576,50.91984223005084,3.011340586501133,0.2079999969924732,4.844015491850561,12.005827795835256,299.85437582644795,0.7050845761617275,True,True,True,True,True,True,True,True
119,3,4,4,200.1352289505788,0.9950877740152179,0.9964491342896926,1.0056004144303312,5.001889123557616,0.1006276773253688,10.068488800633524,0.9961627391132719,54.01457585097899,3.0108919206143576,0.2003973551928134,4.816308234423016,12.005827795835256,299.85437582644795,0.6848880063352425,True,True,True,True,True,True,True,True
120,3,4,5,200.1352289505788,0.9950877740152179,0.9964491342896926,1.0056004144303312,5.001889123557616,0.10041907050318735,10.068966507174691,0.9712529491531804,52.98696264455382,3.0151718914961188,0.19848053605771865,4.599594338119261,12.005827795835256,299.85437582644795,0.6896650717469122,True,True,True,True,True,True,True,True
121,3,5,1,200.1352289505788,0.9950877740152179,0.9964491342896926,1.0056004144303312,5.001889123557616,0.10088300901927956,10.057703535513628,0.9519063871941994,53.512454742245865,3.009797749243087,0.19745059012048924,4.777634054014986,12.005827795835256,299.85437582644795,0.5770353551362817,True,True,True,True,True,True,True,True
122,3,5,2,200.1352289505788,0.9950877740152179,0.9964491342896926,1.0056004144303312,5.001889123557616,0.10098968865043696,10.091466645423587,0.9894097069515057,51.89772437558435,3.0138902014350974,0.20008564155826422,4.956225035198053,12.005827795835256,299.85437582644795,0.9146664542358707,True,True,True,True,True,True,True,True
123,3,5,3,200.1352289505788,0.9950877740152179,0.9964491342896926,1.0056004144303312,5.001889123557616,0.1006119817452463,10.066031395473514,1.0056851963606255,52.836286513032164,3.008937393038667,0.197455319272309,4.705143747788535,12.005827795835256,299.85437582644795,0.6603139547351411,True,True,True,True,True,True,True,True
124,3,5,4,200.1352289505788,0.9950877740152179,0.9964491342896926,1.0056004144303312,5.001889123557616,0.10068030500621879,10.030490444119888,0.9783395932428668,53.39739124478051,3.013102643513601,0.1995958739609984,4.8636554884028556,12.005827795835256,299.85437582644795,0.30490444119887883,True,True,True,True,True,True,True,True
125,3,5,5,200.1352289505788,0.9950877740152179,0.9964491342896926,1.0056004144303312,5.001889123557616,0.10086674560703719,10.100438240701084,0.9931091305620672,52.002193324610154,3.0098182089324883,0.19303488095787377,4.928649373273962,12.005827795835256,299.85437582644795,1.0043824070108442,True,True,True,True,True,True,True,True
126,3,6,1,200.1352289505788,0.9950877740152179,0.9964491342896926,1.0056004144303312,5.001889123557616,0.10087422711509128,10.12707924606662,0.9371242747398649,54.201543200566924,3.0096210332767397,0.19215467527165297,4.979730240287915,12.005827795835256,299.85437582644795,1.2707924606661969,True,True,True,True,True,True,True,True
127,3,6,2,200.1352289505788,0.9950877740152179,0.9964491342896926,1.0056004144303312,5.001889123557616,0.10066904730910975,10.023883461704122,0.9324975698926711,52.14150452100443,3.007903278656657,0.19689467161186922,5.202126888824748,12.005827795835256,299.85437582644795,0.238834617041217,True,True,True,True,True,True,True,True
128,3,6,3,200.1352289505788,0.9950877740152179,0.9964491342896926,1.0056004144303312,5.001889123557616,0.10118339736329443,10.083668062811581,0.9767537593472537,52.62038289087066,3.0072221402098767,0.19318717311050457,4.698073197870275,12.005827795835256,299.85437582644795,0.8366806281158111,True,True,True,True,True,True,True,True
129,3,6,4,200.1352289505788,0.9950877740152179,0.9964491342896926,1.0056004144303312,5.001889123557616,0.10026264239444892,10.048777471001532,0.9385495145934497,52.2259160500767,3.013656948416933,0.19544046563575165,4.856115351674329,12.005827795835256,299.85437582644795,0.48777471001532297,True,True,True,True,True,True,True,True
130,3,6,5,200.1352289505788,0.9950877740152179,0.9964491342896926,1.0056004144303312,5.001889123557616,0.10060686748252509,10.058606192243396,0.9791073946888785,51.77549345017883,3.0147691053868515,0.19247110848341567,4.886381973501073,12.005827795835256,299.85437582644795,0.5860619224339558,True,True,True,True,True,True,True,True
131,3,7,1,200.1352289505788,0.9950877740152179,0.9964491342896926,1.0056004144303312,5.001889123557616,0.10049665282851726,10.065827569736488,0.9823703679502646,52.26619702215612,3.0079900557070407,0.20021512759252388,4.701398391109212,12.005827795835256,299.85437582644795,0.6582756973648785,True,True,True,True,True,True,True,True
132,3,7,2,200.1352289505788,0.9950877740152179,0.9964491342896926,1.0056004144303312,5.001889123557616,0.10021288771608867,9.996944024901145,0.9794028286940044,52.00018783107836,3.014104554059278,0.19707552429864078,4.739951020713977,12.005827795835256,299.85437582644795,-0.03055975098854802,True,True,True,True,True,True,True,True
133,3,7,3,200.1352289505788,0.9950877740152179,0.9964491342896926,1.0056004144303312,5.001889123557616,0.10068106280609913,10.072556695188634,0.978737719343888,54.06940078135238,3.0096228175777506,0.19726892084874167,4.844635944748672,12.005827795835256,299.85437582644795,0.7255669518863428,True,True,True,True,True,True,True,True
134,3,7,4,200.1352289505788,0.9950877740152179,0.9964491342896926,1.0056004144303312,5.001889123557616,0.10076843880148553,10.05195694690774,0.9362518381931519,50.50115754723866,3.0134337885120157,0.19125564805856535,4.889399515037788,12.005827795835256,299.85437582644795,0.5195694690774033,True,True,True,True,True,True,True,True
135,3,7,5,200.1352289505788,0.9950877740152179,0.9964491342896926,1.0056004144303312,5.001889123557616,0.10069405755466275,10.071243193656596,0.9532330602070677,54.09254422660673,3.0106085352489194,0.19154201094697013,4.840643006564756,12.005827795835256,299.85437582644795,0.7124319365659559,True,True,True,True,True,True,True,True
136,3,8,1,200.1352289505788,0.9950877740152179,0.9964491342896926,1.0056004144303312,5.001889123557616,0.10072928020266811,10.063136508554035,1.0005612102535346,53.32450330312393,3.011831398104344,0.19216155532801374,5.045596065722385,12.005827795835256,299.85437582644795,0.6313650855403452,True,True,True,True,True,True,True,True
137,3,8,2,200.1352289505788,0.9950877740152179,0.9964491342896926,1.0056004144303312,5.001889123557616,0.1008169297071488,10.113910852969095,0.9804562837767646,52.541036417616304,3.012564833897743,0.19983074653905522,4.883706223024024,12.005827795835256,299.85437582644795,1.1391085296909509,True,True,True,True,True,True,True,True
138,3,8,3,200.1352289505788,0.9950877740152179,0.9964491342896926,1.0056004144303312,5.001889123557616,0.1006280419689965,10.039311269622727,0.9400445411847332,53.41003404770251,3.0120343181822586,0.19499901726879337,4.798637943724682,12.005827795835256,299.85437582644795,0.3931126962272736,True,True,True,True,True,True,True,True
139,3,8,4,200.1352289505788,0.9950877740152179,0.9964491342896926,1.0056004144303312,5.001889123557616,0.10021665409504515,10.019077082572837,0.9516041866782595,53.656225717086556,3.013948926994534,0.19658227831037517,5.030993591261839,12.005827795835256,299.85437582644795,0.190770825728368,True,True,True,True,True,True,True,True
140,3,8,5,200.1352289505788,0.9950877740152179,0.9964491342896926,1.0056004144303312,5.001889123557616,0.09989972495360026,9.958765106162032,0.9602463564152897,52.518788281814814,3.01409505859784,0.19530851852890202,4.8618502272009225,12.005827795835256,299.85437582644795,-0.41234893837968306,True,True,True,True,True,True,True,True
141,3,9,1,200.1352289505788,0.9950877740152179,0.9964491342896926,1.0056004144303312,5.001889123557616,0.10078721587684245,10.068135906872639,0.8974831503808618,53.08158623548604,3.0060896049051493,0.19558103249909828,5.21274685379161,12.005827795835256,299.85437582644795,0.6813590687263904,True,True,True,True,True,True,True,True
142,3,9,2,200.1352289505788,0.9950877740152179,0.9964491342896926,1.0056004144303312,5.001889123557616,0.10038702627135211,10.055100111732942,0.9505033301471377,52.015393200318215,3.0118346630198767,0.20096661304480548,4.822273947261978,12.005827795835256,299.85437582644795,0.5510011173294238,True,True,True,True,True,True,True,True
143,3,9,3,200.1352289505788,0.9950877740152179,0.9964491342896926,1.0056004144303312,5.001889123557616,0.10058672796787578,9.972008650439587,0.9626500449921529,51.32365000256064,3.0124251906451374,0.19667651449713985,5.057795590155879,12.005827795835256,299.85437582644795,-0.27991349560412715,True,True,True,True,True,True,True,True
144,3,9,4,200.1352289505788,0.9950877740152179,0.9964491342896926,1.0056004144303312,5.001889123557616,0.10006115147764623,9.99214411303,1.027807339113997,53.01682339725364,3.0090807088066645,0.1943707664423518,4.893175709614883,12.005827795835256,299.85437582644795,-0.07855886970000725,True,True,True,True,True,True,True,True
145,3,9,5,200.1352289505788,0.9950877740152179,0.9964491342896926,1.0056004144303312,5.001889123557616,0.10106258946152114,10.086450727817114,0.9870792764924468,53.06974612977734,3.0108917353433644,0.19966114632009335,4.601008663582658,12.005827795835256,299.85437582644795,0.8645072781711427,True,True,True,True,True,True,True,True
146,3,10,1,200.1352289505788,0.9950877740152179,0.9964491342896926,1.0056004144303312,5.001889123557616,0.10058196819925784,10.032236700304443,1.0016528669147717,55.416778178431166,3.009072275186126,0.19988238469822253,4.782082217149526,12.005827795835256,299.85437582644795,0.32236700304443033,True,True,True,True,True,True,True,True
147,3,10,2,200.1352289505788,0.9950877740152179,0.9964491342896926,1.0056004144303312,5.001889123557616,0.10026684556991879,10.030905601502448,0.988235384366405,52.37252510151305,3.0122122184164426,0.1968385713192644,4.929178905780864,12.005827795835256,299.85437582644795,0.30905601502448476,True,True,True,True,True,True,True,True
148,3,10,3,200.1352289505788,0.9950877740152179,0.9964491342896926,1.0056004144303312,5.001889123557616,0.10062386015123391,10.066176136166158,0.9703240589131293,53.342741727884466,3.0178937115965896,0.199882347084024,4.939329728905159,12.005827795835256,299.85437582644795,0.6617613616615792,True,True,True,True,True,True,True,True
149,3,10,4,200.1352289505788,0.9950877740152179,0.9964491342896926,1.0056004144303312,5.001889123557616,0.1003963418794746,9.9673528987996,0.9289306593121688,53.25757606828158,3.0101276114792905,0.19407259523900622,4.807675023730055,12.005827795835256,299.85437582644795,-0.3264710120039993,True,True,True,True,True,True,True,True
150,3,10,5,200.1352289505788,0.9950877740152179,0.9964491342896926,1.0056004144303312,5.001889123557616,0.10048098858970393,10.033179058544478,0.9620222325398088,52.2530482873041,3.0075108212054498,0.19450773982475308,4.796539200132866,12.005827795835256,299.85437582644795,0.33179058544478224,True,True,True,True,True,True,True,True
151,4,1,1,200.06792394874003,1.0310695090649793,0.9956966335789189,1.0001750640276523,5.045534609355158,0.09923819018210474,9.92859649112312,0.9793173777530023,51.58574024835888,3.0051548245626822,0.203193596068998,5.276572196168445,12.086940916316887,297.8421111614887,-0.714035088768803,True,True,True,True,True,True,True,True
152,4,1,2,200.06792394874003,1.0310695090649793,0.9956966335789189,1.0001750640276523,5.045534609355158,0.10000226680310338,9.985526181530862,0.9561445405427835,51.31850401492621,3.0065496974348345,0.1996170475787127,5.627515331686799,12.086940916316887,297.8421111614887,-0.14473818469138422,True,True,True,True,True,True,True,True
153,4,1,3,200.06792394874003,1.0310695090649793,0.9956966335789189,1.0001750640276523,5.045534609355158,0.09953154671110546,9.947917771678283,0.9618048112985376,51.9126944347188,3.0076177241707422,0.2016217701362138,4.840609817203407,12.086940916316887,297.8421111614887,-0.5208222832171749,True,True,True,True,True,True,True,True
154,4,1,4,200.06792394874003,1.0310695090649793,0.9956966335789189,1.0001750640276523,5.045534609355158,0.0997723880641238,10.00571824340938,0.9696304639279724,51.29798116887541,3.0024520153519374,0.19568749422876247,5.251905659039547,12.086940916316887,297.8421111614887,0.05718243409379653,True,True,True,True,True,True,True,True
155,4,1,5,200.06792394874003,1.0310695090649793,0.9956966335789189,1.0001750640276523,5.045534609355158,0.099375119335213,9.92077180421874,0.9449748526599336,51.76451386648186,3.0059880487579775,0.1976224813424346,5.3632502665948705,12.086940916316887,297.8421111614887,-0.7922819578126017,True,True,True,True,True,True,True,True
156,4,2,1,200.06792394874003,1.0310695090649793,0.9956966335789189,1.0001750640276523,5.045534609355158,0.0996902838907264,9.971658995499636,0.936238956066275,51.76090079963451,3.004986111617978,0.19949783681593053,5.215271181522363,12.086940916316887,297.8421111614887,-0.2834100450036381,True,True,True,True,True,True,True,True
157,4,2,2,200.06792394874003,1.0310695090649793,0.9956966335789189,1.0001750640276523,5.045534609355158,0.09957313698874067,9.976548720249085,0.9623315248588337,51.97174318166864,3.006341759482912,0.19977126778280554,5.075966364670677,12.086940916316887,297.8421111614887,-0.23451279750915432,True,True,True,True,True,True,True,True
158,4,2,3,200.06792394874003,1.0310695090649793,0.9956966335789189,1.0001750640276523,5.045534609355158,0.09940137860420398,9.961911269705075,1.006808822364679,53.20997498163872,3.0088426624112476,0.2008659225407732,5.242549027085264,12.086940916316887,297.8421111614887,-0.380887302949251,True,True,True,True,True,True,True,True
159,4,2,4,200.06792394874003,1.0310695090649793,0.9956966335789189,1.0001750640276523,5.045534609355158,0.09964644692164229,9.991115826910505,0.9609948117707426,51.53324726539634,3.004751506480253,0.2016838129765713,5.259047357857631,12.086940916316887,297.8421111614887,-0.08884173089494851,True,True,True,True,True,True,True,True
160,4,2,5,200.06792394874003,1.0310695090649793,0.9956966335789189,1.0001750640276523,5.045534609355158,0.09963457283604887,9.913655237801175,0.9705396245976473,52.89431055116596,3.0035757993962307,0.19815329275049523,5.3188101844846045,12.086940916316887,297.8421111614887,-0.8634476219882536,True,True,True,True,True,True,True,True
161,4,3,1,200.06792394874003,1.0310695090649793,0.9956966335789189,1.0001750640276523,5.045534609355158,0.09980408154434445,9.999475750028974,0.9574441347410996,49.99905998997698,3.0015942642156954,0.19831234881142085,5.100575270620452,12.086940916316887,297.8421111614887,-0.005242499710256254,True,True,True,True,True,True,True,True
162,4,3,2,200.06792394874003,1.0310695090649793,0.9956966335789189,1.0001750640276523,5.045534609355158,0.09969706139129468,9.997509787602764,1.0085171718813986,52.02294824524494,3.0040796372238057,0.19929275551163175,5.342500679224083,12.086940916316887,297.8421111614887,-0.0249021239723568,True,True,True,True,True,True,True,True
163,4,3,3,200.06792394874003,1.0310695090649793,0.9956966335789189,1.0001750640276523,5.045534609355158,0.09948531929741565,9.974917331942596,0.9816167987079715,52.577621311504956,3.005136828180058,0.19650760039949577,5.267162215760566,12.086940916316887,297.8421111614887,-0.25082668057404334,True,True,True,True,True,True,True,True
164,4,3,4,200.06792394874003,1.0310695090649793,0.9956966335789189,1.0001750640276523,5.045534609355158,0.0993906649712458,9.920512328145719,0.9851461308129735,51.29636386650013,3.005669081739376,0.19305189581442797,5.516856885147511,12.086940916316887,297.8421111614887,-0.7948767185428095,True,True,True,True,True,True,True,True
165,4,3,5,200.06792394874003,1.0310695090649793,0.9956966335789189,1.0001750640276523,5.045534609355158,0.09967302475968319,9.964554336925104,0.979445216668459,52.26435385229125,3.01055094545873,0.19881502620754998,5.47200872724207,12.086940916316887,297.8421111614887,-0.35445663074895606,True,True,True,True,True,True,True,True
166,4,4,1,200.06792394874003,1.0310695090649793,0.9956966335789189,1.0001750640276523,5.045534609355158,0.0997397837399362,9.941094816708805,0.9841884097677659,51.9374993413634,3.0074346825376,0.19903528417820796,5.242528347653298,12.086940916316887,297.8421111614887,-0.5890518329119487,True,True,True,True,True,True,True,True
167,4,4,2,200.06792394874003,1.0310695090649793,0.9956966335789189,1.0001750640276523,5.045534609355158,0.09980288805939898,9.95051445232164,0.9829038478371651,52.346743862218844,3.0063761723784936,0.20147611288952566,5.247008622339747,12.086940916316887,297.8421111614887,-0.4948554767836022,True,True,True,True,True,True,True,True
168,4,4,3,200.06792394874003,1.0310695090649793,0.9956966335789189,1.0001750640276523,5.045534609355158,0.09965400290200703,9.94650381667471,0.9577582356896212,50.85568830732425,3.004904339362029,0.20280745227686106,5.213467850474636,12.086940916316887,297.8421111614887,-0.5349618332529005,True,True,True,True,True,True,True,True
169,4,4,4,200.06792394874003,1.0310695090649793,0.9956966335789189,1.0001750640276523,5.045534609355158,0.09953631484261814,9.913271830886536,1.0038832724347275,50.893213348980716,3.0052152127140883,0.19870703463683745,5.222449203295148,12.086940916316887,297.8421111614887,-0.8672816911346359,True,True,True,True,True,True,True,True
170,4,4,5,200.06792394874003,1.0310695090649793,0.9956966335789189,1.0001750640276523,5.045534609355158,0.09956979534053716,10.036110195281125,0.9998775430269012,52.16380141913164,3.001253511340179,0.19752099519011918,5.453229423143146,12.086940916316887,297.8421111614887,0.36110195281125357,True,True,True,True,True,True,True,True
171,4,5,1,200.06792394874003,1.0310695090649793,0.9956966335789189,1.0001750640276523,5.045534609355158,0.0995123958216372,9.9277267228662,0.9938977554080777,51.32643422583051,3.0082504301370157,0.19962675603735575,5.1362022849160285,12.086940916316887,297.8421111614887,-0.722732771337995,True,True,True,True,True,True,True,True
172,4,5,2,200.06792394874003,1.0310695090649793,0.9956966335789189,1.0001750640276523,5.045534609355158,0.10015925131104304,10.024440822541248,0.9691777030314276,50.65236093104106,3.005878331219367,0.19911485850227797,5.133870637830047,12.086940916316887,297.8421111614887,0.24440822541247795,True,True,True,True,True,True,True,True
173,4,5,3,200.06792394874003,1.0310695090649793,0.9956966335789189,1.0001750640276523,5.045534609355158,0.09915680663629983,9.903592964011962,0.9811993616774044,53.02119331459486,3.0056036763223255,0.20102235713010622,5.47067515007888,12.086940916316887,297.8421111614887,-0.9640703598803846,True,True,True,True,True,True,True,True
174,4,5,4,200.06792394874003,1.0310695090649793,0.9956966335789189,1.0001750640276523,5.045534609355158,0.09894831202493304,9.864145435449858,0.9517967018425103,52.816628548335146,3.0032231781934966,0.19329137007231154,5.389902874091296,12.086940916316887,297.8421111614887,-1.3585456455014189,True,True,True,True,True,True,True,True
175,4,5,5,200.06792394874003,1.0310695090649793,0.9956966335789189,1.0001750640276523,5.045534609355158,0.09939540634313963,9.927770696441407,0.9559445981977858,50.88308406384694,3.0064181421295895,0.20217278580394477,5.407293229178739,12.086940916316887,297.8421111614887,-0.7222930355859347,True,True,True,True,True,True,True,True
176,4,6,1,200.06792394874003,1.0310695090649793,0.9956966335789189,1.0001750640276523,5.045534609355158,0.09909016490908212,9.916707225701423,1.0082652301414683,51.3949032959642,3.0062948328061765,0.1976842012100869,5.152946688672144,12.086940916316887,297.8421111614887,-0.8329277429857739,True,True,True,True,True,True,True,True
177,4,6,2,200.06792394874003,1.0310695090649793,0.9956966335789189,1.0001750640276523,5.045534609355158,0.09907435245374167,9.955117927041984,0.9639724517417081,52.677403226676084,3.001983982398894,0.20056454939450663,5.193487197327277,12.086940916316887,297.8421111614887,-0.44882072958015945,True,True,True,True,True,True,True,True
178,4,6,3,200.06792394874003,1.0310695090649793,0.9956966335789189,1.0001750640276523,5.045534609355158,0.0991626229854826,9.93508847788371,0.9595184342142538,51.01943324361349,3.0052174339457283,0.1977025497186329,5.200352303044437,12.086940916316887,297.8421111614887,-0.6491152211629014,True,True,True,True,True,True,True,True
179,4,6,4,200.06792394874003,1.0310695090649793,0.9956966335789189,1.0001750640276523,5.045534609355158,0.09969944886620732,9.965128873515166,0.9470788312551157,52.97564317896701,3.009192385046502,0.19662334038129237,4.862938057981995,12.086940916316887,297.8421111614887,-0.34871126484834036,True,True,True,True,True,True,True,True
180,4,6,5,200.06792394874003,1.0310695090649793,0.9956966335789189,1.0001750640276523,5.045534609355158,0.09964672504347132,9.95010672332214,0.979649802012083,51.24856676787697,3.0086441317862054,0.1969569155776621,5.331495882227907,12.086940916316887,297.8421111614887,-0.4989327667786014,True,True,True,True,True,True,True,True
181,4,7,1,200.06792394874003,1.0310695090649793,0.9956966335789189,1.0001750640276523,5.045534609355158,0.09970254714695599,10.007566092299943,0.9733646926978446,51.27013417139773,3.0049274879020667,0.20282463372365933,5.455720922660597,12.086940916316887,297.8421111614887,0.0756609229994254,True,True,True,True,True,True,True,True
182,4,7,2,200.06792394874003,1.0310695090649793,0.9956966335789189,1.0001750640276523,5.045534609355158,0.10000712989496226,9.990418217902794,0.9781461637220963,52.14399043259892,3.0060562991395097,0.20378531771709418,5.451039242052508,12.086940916316887,297.8421111614887,-0.09581782097205505,True,True,True,True,True,True,True,True
183,4,7,3,200.06792394874003,1.0310695090649793,0.9956966335789189,1.0001750640276523,5.045534609355158,0.0997854984414432,9.974495426525351,0.9710134570254855,51.68291805617334,3.0066487449473707,0.20466922180398292,5.371610847754018,12.086940916316887,297.8421111614887,-0.2550457347464885,True,True,True,True,True,True,True,True
184,4,7,4,200.06792394874003,1.0310695090649793,0.9956966335789189,1.0001750640276523,5.045534609355158,0.09930550294380117,9.912120876104725,0.9703002714939062,52.88029464428302,3.0074048650504777,0.20241124735578203,5.1808921733440405,12.086940916316887,297.8421111614887,-0.878791238952754,True,True,True,True,True,True,True,True
185,4,7,5,200.06792394874003,1.0310695090649793,0.9956966335789189,1.0001750640276523,5.045534609355158,0.09920802686978054,9.914888816302796,0.9926762412063366,52.82676572156609,3.006947326470416,0.20193759739528308,5.186848284664854,12.086940916316887,297.8421111614887,-0.8511118369720451,True,True,True,True,True,True,True,True
186,4,8,1,200.06792394874003,1.0310695090649793,0.9956966335789189,1.0001750640276523,5.045534609355158,0.09947319281109096,9.950052402373014,0.9674344438268654,52.07651359678933,3.0064748666196124,0.19595002052847,5.4768037139049355,12.086940916316887,297.8421111614887,-0.49947597626985635,True,True,True,True,True,True,True,True
187,4,8,2,200.06792394874003,1.0310695090649793,0.9956966335789189,1.0001750640276523,5.045534609355158,0.099320750811527,9.957389808028747,0.9619570033138346,51.88283928396497,3.005654600421174,0.193546253589488,5.296962783123511,12.086940916316887,297.8421111614887,-0.4261019197125293,True,True,True,True,True,True,True,True
188,4,8,3,200.06792394874003,1.0310695090649793,0.9956966335789189,1.0001750640276523,5.045534609355158,0.09925110804996103,9.858368248893825,1.0092730310795766,51.20513466191134,3.0019309686004143,0.20762745880391834,5.400031280978756,12.086940916316887,297.8421111614887,-1.4163175110617487,True,True,True,True,True,True,True,True
189,4,8,4,200.06792394874003,1.0310695090649793,0.9956966335789189,1.0001750640276523,5.045534609355158,0.09945714022966841,9.925447467965249,0.9907459201998252,49.87844232757169,3.003674214918822,0.19761387235174177,5.28531774087549,12.086940916316887,297.8421111614887,-0.745525320347511,True,True,True,True,True,True,True,True
190,4,8,5,200.06792394874003,1.0310695090649793,0.9956966335789189,1.0001750640276523,5.045534609355158,0.099849089485975,9.992914533162855,0.9865987460644741,51.07623682812061,3.005016472019345,0.20388676678792217,5.3064016300359045,12.086940916316887,297.8421111614887,-0.07085466837144949,True,True,True,True,True,True,True,True
191,4,9,1,200.06792394874003,1.0310695090649793,0.9956966335789189,1.0001750640276523,5.045534609355158,0.09944429869444373,9.95575367579627,0.9629315835691925,51.96700496769914,3.0045491527571437,0.20542038690290926,5.058269317545762,12.086940916316887,297.8421111614887,-0.4424632420372987,True,True,True,True,True,True,True,True
192,4,9,2,200.06792394874003,1.0310695090649793,0.9956966335789189,1.0001750640276523,5.045534609355158,0.0995291792431818,9.95856223360803,1.0146628902425099,50.740183626455114,3.0046622216305443,0.199440705471437,5.412050731004875,12.086940916316887,297.8421111614887,-0.41437766391970493,True,True,True,True,True,True,True,True
193,4,9,3,200.06792394874003,1.0310695090649793,0.9956966335789189,1.0001750640276523,5.045534609355158,0.10023645150389873,10.00784243547328,0.9722932767409672,53.6160518672781,3.0061148299044023,0.1962012284960783,5.340265489474776,12.086940916316887,297.8421111614887,0.07842435473280673,True,True,True,True,True,True,True,True
194,4,9,4,200.06792394874003,1.0310695090649793,0.9956966335789189,1.0001750640276523,5.045534609355158,0.09958367466237031,9.936728558102006,0.9977819952319742,52.322702131318145,3.004958677143567,0.20320049478951616,5.0176014708263565,12.086940916316887,297.8421111614887,-0.6327144189799405,True,True,True,True,True,True,True,True
195,4,9,5,200.06792394874003,1.0310695090649793,0.9956966335789189,1.0001750640276523,5.045534609355158,0.09951722218308945,9.953537708922052,1.0172532411653525,51.17255177823726,3.007005773605447,0.20119965298658077,5.390429884027391,12.086940916316887,297.8421111614887,-0.4646229107794752,True,True,True,True,True,True,True,True
196,4,10,1,200.06792394874003,1.0310695090649793,0.9956966335789189,1.0001750640276523,5.045534609355158,0.09973088535673517,9.987147895124918,0.9682865572771027,52.376276045749016,3.0075631660237936,0.2035815506961593,5.08058603463876,12.086940916316887,297.8421111614887,-0.12852104875081594,True,True,True,True,True,True,True,True
197,4,10,2,200.06792394874003,1.0310695090649793,0.9956966335789189,1.0001750640276523,5.045534609355158,0.09938453045147892,9.94680932052711,0.9887261918199896,52.18905998930925,3.0041435232102267,0.19672959720904964,5.247770428600618,12.086940916316887,297.8421111614887,-0.5319067947288936,True,True,True,True,True,True,True,True
198,4,10,3,200.06792394874003,1.0310695090649793,0.9956966335789189,1.0001750640276523,5.045534609355158,0.10005339170039611,9.987720874691336,0.9383477956089694,51.76227815758569,3.006174589759043,0.20125572006539721,4.869729236622051,12.086940916316887,297.8421111614887,-0.12279125308664261,True,True,True,True,True,True,True,True
199,4,10,4,200.06792394874003,1.0310695090649793,0.9956966335789189,1.0001750640276523,5.045534609355158,0.09897713623268876,9.926354356930405,0.9485143504142712,52.675276381904965,3.0053547662680464,0.19946798586496986,5.100745742905529,12.086940916316887,297.8421111614887,-0.7364564306959487,True,True,True,True,True,True,True,True
200,4,10,5,200.06792394874003,1.0310695090649793,0.9956966335789189,1.0001750640276523,5.045534609355158,0.09956554003291346,9.900554882402249,0.9701873385300216,51.96159592501948,3.006846990702994,0.19764429655411092,5.348856249976008,12.086940916316887,297.8421111614887,-0.9944511759775131,True,True,True,True,True,True,True,True
201,5,1,1,200.43497317822514,1.0016308154273899,0.992292702829739,1.004776017888392,4.990025504512332,0.10057337849902384,10.068682512190193,1.0253645987105031,49.228070738736115,2.995439869626565,0.19415076300556192,5.167223762602602,11.977119729742794,300.57309947901047,0.6868251219019328,True,True,True,True,True,True,True,True
202,5,1,2,200.43497317822514,1.0016308154273899,0.992292702829739,1.004776017888392,4.990025504512332,0.1010323149130222,10.09748379593502,1.0471675542978633,49.112670016255564,2.9975116966094566,0.1928263183959968,4.962318590316833,11.977119729742794,300.57309947901047,0.9748379593501966,True,True,True,True,True,True,True,True
203,5,1,3,200.43497317822514,1.0016308154273899,0.992292702829739,1.004776017888392,4.990025504512332,0.10091860992572074,10.141075464559425,0.951784350149196,48.70535711460832,2.9980860877958024,0.19092766961179605,5.275569742989685,11.977119729742794,300.57309947901047,1.4107546455942455,True,True,True,True,True,True,True,True
204,5,1,4,200.43497317822514,1.0016308154273899,0.992292702829739,1.004776017888392,4.990025504512332,0.10076294972019448,10.077482388455827,1.0037225761131316,49.470300757699185,2.993703441424569,0.18858059583017633,5.159000102800176,11.977119729742794,300.57309947901047,0.7748238845582733,True,True,True,True,True,True,True,True
205,5,1,5,200.43497317822514,1.0016308154273899,0.992292702829739,1.004776017888392,4.990025504512332,0.10047778270197828,10.07169033334314,0.9534274546690484,49.21847631310401,2.9990392416972127,0.19250819271819927,5.152901648556215,11.977119729742794,300.57309947901047,0.7169033334314001,True,True,True,True,True,True,True,True
206,5,2,1,200.43497317822514,1.0016308154273899,0.992292702829739,1.004776017888392,4.990025504512332,0.10067482118643115,10.076546086387982,0.9876284170098955,48.595265094127825,2.9956970899982887,0.18853710542251828,5.077566011359262,11.977119729742794,300.57309947901047,0.7654608638798166,True,True,True,True,True,True,True,True
207,5,2,2,200.43497317822514,1.0016308154273899,0.992292702829739,1.004776017888392,4.990025504512332,0.10063952690110056,10.069650808734137,0.9970707911374612,49.76576059437914,2.999631261186683,0.19342232975039525,5.3551032384267625,11.977119729742794,300.57309947901047,0.6965080873413676,True,True,True,True,True,True,True,True
208,5,2,3,200.43497317822514,1.0016308154273899,0.992292702829739,1.004776017888392,4.990025504512332,0.1010910654298027,10.11876722183375,0.9899700480834964,49.05534664791331,2.99365745683241,0.18763677570497234,5.39373276802369,11.977119729742794,300.57309947901047,1.1876722183374966,True,True,True,True,True,True,True,True
209,5,2,4,200.43497317822514,1.0016308154273899,0.992292702829739,1.004776017888392,4.990025504512332,0.101124017201448,10.118614770193997,1.0056600125520212,48.44284504467874,2.9981939078126563,0.19162331525984078,5.1728402555831225,11.977119729742794,300.57309947901047,1.1861477019399658,True,True,True,True,True,True,True,True
210,5,2,5,200.43497317822514,1.0016308154273899,0.992292702829739,1.004776017888392,4.990025504512332,0.10064098470014939,10.063057822445913,1.0386358572617114,49.46684996299312,2.9974839093096577,0.191066698617545,4.9461999072499285,11.977119729742794,300.57309947901047,0.6305782244591285,True,True,True,True,True,True,True,True
211,5,3,1,200.43497317822514,1.0016308154273899,0.992292702829739,1.004776017888392,4.990025504512332,0.10073694051185259,10.08013925338046,1.016056771635106,48.94669130286587,2.9980938869661835,0.19267075330995842,5.078283730993627,11.977119729742794,300.57309947901047,0.8013925338046058,True,True,True,True,True,True,True,True
212,5,3,2,200.43497317822514,1.0016308154273899,0.992292702829739,1.004776017888392,4.990025504512332,0.10102003377302722,10.05079229995372,1.0061614780946817,49.03669243994737,2.995479563657805,0.18766976525798656,5.172439034117074,11.977119729742794,300.57309947901047,0.5079229995372003,True,True,True,True,True,True,True,True
213,5,3,3,200.43497317822514,1.0016308154273899,0.992292702829739,1.004776017888392,4.990025504512332,0.10077495323474554,10.070413358271583,0.9695198228425336,49.445767236659066,2.9934122090182917,0.18562554397205452,5.430763427557426,11.977119729742794,300.57309947901047,0.7041335827158335,True,True,True,True,True,True,True,True
214,5,3,4,200.43497317822514,1.0016308154273899,0.992292702829739,1.004776017888392,4.990025504512332,0.10105161985593787,10.14110446349565,0.9888499614552408,48.34610706583104,2.997326247371479,0.19574531908158546,4.854996253782443,11.977119729742794,300.57309947901047,1.4110446349564931,True,True,True,True,True,True,True,True
215,5,3,5,200.43497317822514,1.0016308154273899,0.992292702829739,1.004776017888392,4.990025504512332,0.10059477552715669,10.010504161962555,0.9672358420713241,48.95045245792177,2.998334014919097,0.19176960392633413,5.146747826173759,11.977119729742794,300.57309947901047,0.10504161962554548,True,True,True,True,True,True,True,True
216,5,4,1,200.43497317822514,1.0016308154273899,0.992292702829739,1.004776017888392,4.990025504512332,0.10081685909740573,10.083318854765412,0.9465409104978821,49.151654081169696,2.9943382406446433,0.18734091350729892,5.236246645472584,11.977119729742794,300.57309947901047,0.8331885476541244,True,True,True,True,True,True,True,True
217,5,4,2,200.43497317822514,1.0016308154273899,0.992292702829739,1.004776017888392,4.990025504512332,0.10110907957893059,10.12497292211108,0.9909283662460543,48.805078900461,2.9971948010651306,0.18889736354904238,4.969978339392676,11.977119729742794,300.57309947901047,1.2497292211108046,True,True,True,True,True,True,True,True
218,5,4,3,200.43497317822514,1.0016308154273899,0.992292702829739,1.004776017888392,4.990025504512332,0.10120477154337898,10.108810669663297,0.9584024648797701,47.774559559047916,2.9958030148037347,0.19313651371066207,5.349875929676974,11.977119729742794,300.57309947901047,1.0881066966329733,True,True,True,True,True,True,True,True
219,5,4,4,200.43497317822514,1.0016308154273899,0.992292702829739,1.004776017888392,4.990025504512332,0.10106633824664467,10.076118062691314,1.0015016347519976,50.094846232269674,2.9939780948363692,0.1886687314474171,5.079879737102477,11.977119729742794,300.57309947901047,0.7611806269131449,True,True,True,True,True,True,True,True
220,5,4,5,200.43497317822514,1.0016308154273899,0.992292702829739,1.004776017888392,4.990025504512332,0.10146212982264953,10.177196664108264,1.0160483331356387,50.60587417143762,2.9970094938129828,0.19032936144544094,5.4198856090975385,11.977119729742794,300.57309947901047,1.7719666410826385,True,True,True,True,True,True,True,True
221,5,5,1,200.43497317822514,1.0016308154273899,0.992292702829739,1.004776017888392,4.990025504512332,0.10088527815194155,10.05428712735099,1.0294407661452938,48.778387175754226,2.9994271378504638,0.18285050528935476,5.3353182562126955,11.977119729742794,300.57309947901047,0.5428712735099062,True,True,True,True,True,True,True,True
222,5,5,2,200.43497317822514,1.0016308154273899,0.992292702829739,1.004776017888392,4.990025504512332,0.10101831977211898,10.090952513699538,0.9920816726997871,49.55705421355883,2.99617538027534,0.1905807733516118,5.1462942459644125,11.977119729742794,300.57309947901047,0.9095251369953771,True,True,True,True,True,True,True,True
223,5,5,3,200.43497317822514,1.0016308154273899,0.992292702829739,1.004776017888392,4.990025504512332,0.10095219118489161,10.113544381134899,0.9580650871521983,48.91817908545923,2.997002367338007,0.1878111838942425,5.428769033871688,11.977119729742794,300.57309947901047,1.1354438113489884,True,True,True,True,True,True,True,True
224,5,5,4,200.43497317822514,1.0016308154273899,0.992292702829739,1.004776017888392,4.990025504512332,0.10070324134022073,10.062505172687292,0.981469382142003,49.74646953559018,2.9970350530572056,0.1954215796870606,5.0433315430138475,11.977119729742794,300.57309947901047,0.6250517268729183,True,True,True,True,True,True,True,True
225,5,5,5,200.43497317822514,1.0016308154273899,0.992292702829739,1.004776017888392,4.990025504512332,0.1006513577376442,10.06364131432599,1.0053009497559031,49.87701513644319,2.997889388461591,0.18790052084070502,5.130834279806923,11.977119729742794,300.57309947901047,0.6364131432598974,True,True,True,True,True,True,True,True
226,5,6,1,200.43497317822514,1.0016308154273899,0.992292702829739,1.004776017888392,4.990025504512332,0.10079599369776508,10.117576095207722,0.9681155092114139,50.12897944705241,2.995098549039161,0.1909552492126037,5.16388969637673,11.977119729742794,300.57309947901047,1.1757609520772228,True,True,True,True,True,True,True,True
227,5,6,2,200.43497317822514,1.0016308154273899,0.992292702829739,1.004776017888392,4.990025504512332,0.10089701273897307,10.036725916865578,0.9750933730776482,49.654067675420976,2.9921928427428894,0.1947558072100834,5.3168137540247296,11.977119729742794,300.57309947901047,0.367259168655778,True,True,True,True,True,True,True,True
228,5,6,3,200.43497317822514,1.0016308154273899,0.992292702829739,1.004776017888392,4.990025504512332,0.10073047278803578,10.105280757416587,0.9929148890681747,48.54985506254384,2.999999484545242,0.19345772762997596,5.0620534424147525,11.977119729742794,300.57309947901047,1.0528075741658682,True,True,True,True,True,True,True,True
229,5,6,4,200.43497317822514,1.0016308154273899,0.992292702829739,1.004776017888392,4.990025504512332,0.10091132914672174,10.11765700304972,1.000966467047007,49.01704976124141,2.9942984893557743,0.18973740301687386,5.379215256865487,11.977119729742794,300.57309947901047,1.1765700304971993,True,True,True,True,True,True,True,True
230,5,6,5,200.43497317822514,1.0016308154273899,0.992292702829739,1.004776017888392,4.990025504512332,0.10091615616585668,10.092701494956165,1.0051397672174804,49.055221159767335,2.997953284573308,0.19065983334947398,5.123569144874025,11.977119729742794,300.57309947901047,0.9270149495616488,True,True,True,True,True,True,True,True
231,5,7,1,200.43497317822514,1.0016308154273899,0.992292702829739,1.004776017888392,4.990025504512332,0.10049499428848617,10.096947628325674,0.9883672973677093,49.30347903238178,2.9965404217156983,0.1895652394613492,5.3858074034628345,11.977119729742794,300.57309947901047,0.9694762832567427,True,True,True,True,True,True,True,True
232,5,7,2,200.43497317822514,1.0016308154273899,0.992292702829739,1.004776017888392,4.990025504512332,0.1004673312628654,10.055313943417762,0.9885022776921149,48.85043667934549,2.9939743556990157,0.1904131992922221,5.241008438542887,11.977119729742794,300.57309947901047,0.5531394341776164,True,True,True,True,True,True,True,True
233,5,7,3,200.43497317822514,1.0016308154273899,0.992292702829739,1.004776017888392,4.990025504512332,0.10066418261605752,10.086495691097092,0.9997386578307784,49.08800008248761,2.995633136987086,0.18610253138178362,5.617713362607197,11.977119729742794,300.57309947901047,0.8649569109709176,True,True,True,True,True,True,True,True
234,5,7,4,200.43497317822514,1.0016308154273899,0.992292702829739,1.004776017888392,4.990025504512332,0.10139802020977044,10.121938808107046,0.9433696562351782,50.287747555613734,2.997355276258966,0.1864075673177566,5.1190887136957395,11.977119729742794,300.57309947901047,1.2193880810704627,True,True,True,True,True,True,True,True
235,5,7,5,200.43497317822514,1.0016308154273899,0.992292702829739,1.004776017888392,4.990025504512332,0.10080713801424997,10.092660059847194,1.0046259760881295,47.904591281799036,2.996340269751606,0.1857442718628619,5.212984077759955,11.977119729742794,300.57309947901047,0.9266005984719429,True,True,True,True,True,True,True,True
236,5,8,1,200.43497317822514,1.0016308154273899,0.992292702829739,1.004776017888392,4.990025504512332,0.10089373980346247,10.076832861192049,0.9989132052462382,48.78690461601982,2.9955611440633225,0.19110004724442015,5.194571206852327,11.977119729742794,300.57309947901047,0.768328611920488,True,True,True,True,True,True,True,True
237,5,8,2,200.43497317822514,1.0016308154273899,0.992292702829739,1.004776017888392,4.990025504512332,0.10108794867771081,10.14660822544572,1.003482922485466,48.160551872627174,2.997597429443068,0.19425548646904664,5.228337737355982,11.977119729742794,300.57309947901047,1.466082254457195,True,True,True,True,True,True,True,True
238,5,8,3,200.43497317822514,1.0016308154273899,0.992292702829739,1.004776017888392,4.990025504512332,0.10061090531799453,10.06432693680495,0.9897705669048183,48.84879466939419,2.9966177263084717,0.1891738025978118,5.14218094465183,11.977119729742794,300.57309947901047,0.643269368049495,True,True,True,True,True,True,True,True
239,5,8,4,200.43497317822514,1.0016308154273899,0.992292702829739,1.004776017888392,4.990025504512332,0.10062638900870842,10.092104142114174,0.9796449276440029,49.847495539427015,2.9966088671629625,0.192066796460033,4.985260426087177,11.977119729742794,300.57309947901047,0.9210414211417374,True,True,True,True,True,True,True,True
240,5,8,5,200.43497317822514,1.0016308154273899,0.992292702829739,1.004776017888392,4.990025504512332,0.10075470170501681,10.072626028289033,0.9843923803410966,48.876912577134355,2.9943266994562907,0.1894914894094297,5.130954652698794,11.977119729742794,300.57309947901047,0.7262602828903297,True,True,True,True,True,True,True,True
241,5,9,1,200.43497317822514,1.0016308154273899,0.992292702829739,1.004776017888392,4.990025504512332,0.10086158894356362,10.07174391915595,1.0080063368845744,49.44659376466506,2.994540582059493,0.19239612227208808,5.054430224925853,11.977119729742794,300.57309947901047,0.7174391915594924,True,True,True,True,True,True,True,True
242,5,9,2,200.43497317822514,1.0016308154273899,0.992292702829739,1.004776017888392,4.990025504512332,0.1006691919920241,10.066314118778712,0.992254772438377,50.19232169755168,2.993698348935495,0.18650553566992273,5.107514254764579,11.977119729742794,300.57309947901047,0.6631411877871152,True,True,True,True,True,True,True,True
243,5,9,3,200.43497317822514,1.0016308154273899,0.992292702829739,1.004776017888392,4.990025504512332,0.10085449645520789,10.072297300890407,1.0246562412397728,48.44725630749416,2.99494299746132,0.1858909450578794,5.381052200771103,11.977119729742794,300.57309947901047,0.7229730089040665,True,True,True,True,True,True,True,True
244,5,9,4,200.43497317822514,1.0016308154273899,0.992292702829739,1.004776017888392,4.990025504512332,0.10096378545032979,10.067987780673192,1.0267898530900614,50.05785118102415,2.996670216779409,0.1881394546322165,4.978677487227466,11.977119729742794,300.57309947901047,0.6798778067319233,True,True,True,True,True,True,True,True
245,5,9,5,200.43497317822514,1.0016308154273899,0.992292702829739,1.004776017888392,4.990025504512332,0.100679189945722,10.041048145852358,0.9934451143348513,48.96549817692879,2.995590044163755,0.1897560860138422,5.340054457078526,11.977119729742794,300.57309947901047,0.4104814585235772,True,True,True,True,True,True,True,True
246,5,10,1,200.43497317822514,1.0016308154273899,0.992292702829739,1.004776017888392,4.990025504512332,0.1010297484949752,10.03771079689407,0.9810115912453824,50.096707061995915,2.9947456304914493,0.1927769720093081,5.2018182852144195,11.977119729742794,300.57309947901047,0.3771079689406953,True,True,True,True,True,True,True,True
247,5,10,2,200.43497317822514,1.0016308154273899,0.992292702829739,1.004776017888392,4.990025504512332,0.10108461490563862,10.092433970836334,0.9844562056688535,46.956604158602765,2.998463055605647,0.1931134567258754,4.998731313943818,11.977119729742794,300.57309947901047,0.9243397083633375,True,True,True,True,True,True,True,True
248,5,10,3,200.43497317822514,1.0016308154273899,0.992292702829739,1.004776017888392,4.990025504512332,0.10067961369350763,10.086333661484032,1.052595078177844,51.114715260530474,2.9933653272727576,0.19471845538296514,5.094603395004044,11.977119729742794,300.57309947901047,0.8633366148403177,True,True,True,True,True,True,True,True
249,5,10,4,200.43497317822514,1.0016308154273899,0.992292702829739,1.004776017888392,4.990025504512332,0.1010332249853089,10.097699765858824,0.9634714982380941,48.32925215853988,2.999636655797891,0.19090401693033304,4.878074772275408,11.977119729742794,300.57309947901047,0.976997658588239,True,True,True,True,True,True,True,True
250,5,10,5,200.43497317822514,1.0016308154273899,0.992292702829739,1.004776017888392,4.990025504512332,0.10105041803025358,10.142467733280629,0.9943769041224796,50.407444332948494,2.9965755665277958,0.18776158171636595,5.226290566722043,11.977119729742794,300.57309947901047,1.42467733280629,True,True,True,True,True,True,True,True
251,6,1,1,200.11684856408425,0.9910261738133234,1.000090404873091,1.003541560856963,5.049976288559172,0.09944158751773179,9.915568729958036,0.9506254218815884,49.29518815920558,2.994621066708869,0.20244000436717258,5.10395596979437,12.103584542848399,297.4325487838327,-0.8443127004196426,True,True,True,True,True,True,True,True
252,6,1,2,200.11684856408425,0.9910261738133234,1.000090404873091,1.003541560856963,5.049976288559172,0.09955603387846848,9.96610154884565,0.9465421980036341,48.55275597266342,2.9970092601119367,0.20656307072018945,4.780501195892018,12.103584542848399,297.4325487838327,-0.33898451154350084,True,True,True,True,True,True,True,True
253,6,1,3,200.11684856408425,0.9910261738133234,1.000090404873091,1.003541560856963,5.049976288559172,0.09960643613814227,9.923087744346018,0.94876096912682,50.15521162463759,3.0002381711426866,0.2003792189827769,4.997052464546263,12.103584542848399,297.4325487838327,-0.7691225565398163,True,True,True,True,True,True,True,True
254,6,1,4,200.11684856408425,0.9910261738133234,1.000090404873091,1.003541560856963,5.049976288559172,0.09942573055620828,9.947927587336764,0.9504439068356902,48.04915066403902,3.000268205928911,0.19999560584954637,4.877280807514835,12.103584542848399,297.4325487838327,-0.5207241266323592,True,True,True,True,True,True,True,True
255,6,1,5,200.11684856408425,0.9910261738133234,1.000090404873091,1.003541560856963,5.049976288559172,0.09974391115921266,9.977087471606673,0.9365955760035977,50.31648419517005,2.9946217091901968,0.1969592572537843,4.78432898448282,12.103584542848399,297.4325487838327,-0.22912528393327136,True,True,True,True,True,True,True,True
256,6,2,1,200.11684856408425,0.9910261738133234,1.000090404873091,1.003541560856963,5.049976288559172,0.09973111482366842,9.968555087924472,0.9413519860762769,49.3053100362418,2.9999754329599915,0.2016109206479729,4.795790626441358,12.103584542848399,297.4325487838327,-0.31444912075528464,True,True,True,True,True,True,True,True
257,6,2,2,200.11684856408425,0.9910261738133234,1.000090404873091,1.003541560856963,5.049976288559172,0.09921008500544878,9.947668050943943,0.9122148087144197,49.82516941449869,2.996915162439732,0.1981912417639692,5.027723184583516,12.103584542848399,297.4325487838327,-0.5233194905605743,True,True,True,True,True,True,True,True
258,6,2,3,200.11684856408425,0.9910261738133234,1.000090404873091,1.003541560856963,5.049976288559172,0.09972634150774341,9.985880056135523,0.9331523664428897,49.92050092142284,2.9979895755140187,0.20288107716653828,5.0198258823813235,12.103584542848399,297.4325487838327,-0.14119943864477236,True,True,True,True,True,True,True,True
259,6,2,4,200.11684856408425,0.9910261738133234,1.000090404873091,1.003541560856963,5.049976288559172,0.09962942309935172,9.997311579588429,0.9268006585301236,48.550730725829794,2.9979303252002403,0.19472567092693802,5.229789121047143,12.103584542848399,297.4325487838327,-0.026884204115713572,True,True,True,True,True,True,True,True
260,6,2,5,200.11684856408425,0.9910261738133234,1.000090404873091,1.003541560856963,5.049976288559172,0.09972678738795607,9.958195972507825,0.963790949546977,51.6333542648506,2.9964617039364767,0.1988881357089094,5.081733086106275,12.103584542848399,297.4325487838327,-0.41804027492174706,True,True,True,True,True,True,True,True
261,6,3,1,200.11684856408425,0.9910261738133234,1.000090404873091,1.003541560856963,5.049976288559172,0.09906641657483715,9.954586075036325,0.917317575872217,49.144203733057466,2.9981417301734847,0.19954024257457215,4.853870112176627,12.103584542848399,297.4325487838327,-0.45413924963675356,True,True,True,True,True,True,True,True
262,6,3,2,200.11684856408425,0.9910261738133234,1.000090404873091,1.003541560856963,5.049976288559172,0.09953520773476003,9.974049968747114,0.9131744601761115,49.30964840427476,2.9959019755532696,0.20028339498559256,4.953002465973607,12.103584542848399,297.4325487838327,-0.2595003125288642,True,True,True,True,True,True,True,True
263,6,3,3,200.11684856408425,0.9910261738133234,1.000090404873091,1.003541560856963,5.049976288559172,0.09952215935539267,9.949835193005837,0.9254185381847071,48.6524632186166,2.994383458417019,0.20142658444904804,4.88062044379655,12.103584542848399,297.4325487838327,-0.501648069941627,True,True,True,True,True,True,True,True
264,6,3,4,200.11684856408425,0.9910261738133234,1.000090404873091,1.003541560856963,5.049976288559172,0.09948963961823594,9.893555482687395,0.9313656996647701,48.519166064782006,3.0005257693433736,0.20189326852216027,5.232914628054984,12.103584542848399,297.4325487838327,-1.0644451731260496,True,True,True,True,True,True,True,True
265,6,3,5,200.11684856408425,0.9910261738133234,1.000090404873091,1.003541560856963,5.049976288559172,0.0992454967483901,9.908663849800597,0.9364731449913124,50.17005312706711,2.9970083469142006,0.20137164311606334,4.88218131801002,12.103584542848399,297.4325487838327,-0.9133615019940321,True,True,True,True,True,True,True,True
266,6,4,1,200.11684856408425,0.9910261738133234,1.000090404873091,1.003541560856963,5.049976288559172,0.09935590927114755,9.902940811788412,0.9696057027142126,48.59507260835825,2.995999319084911,0.1984984165701624,4.873786099229068,12.103584542848399,297.4325487838327,-0.9705918821158833,True,True,True,True,True,True,True,True
267,6,4,2,200.11684856408425,0.9910261738133234,1.000090404873091,1.003541560856963,5.049976288559172,0.09963161238225396,9.927077592323549,0.9006491561636677,48.00221568444237,2.9975751341651042,0.19881305362447782,4.702656352597123,12.103584542848399,297.4325487838327,-0.7292240767645097,True,True,True,True,True,True,True,True
268,6,4,3,200.11684856408425,0.9910261738133234,1.000090404873091,1.003541560856963,5.049976288559172,0.09921515799435432,9.91743458465803,0.9470654608511743,49.70504784567574,2.999009181650659,0.20150334548762364,4.867726816424518,12.103584542848399,297.4325487838327,-0.8256541534196948,True,True,True,True,True,True,True,True
269,6,4,4,200.11684856408425,0.9910261738133234,1.000090404873091,1.003541560856963,5.049976288559172,0.09946918985206547,9.955764065875544,0.907482917496005,49.433666165730486,3.0012706847130803,0.1981566516780514,5.152667796871631,12.103584542848399,297.4325487838327,-0.4423593412445648,True,True,True,True,True,True,True,True
270,6,4,5,200.11684856408425,0.9910261738133234,1.000090404873091,1.003541560856963,5.049976288559172,0.09927187070364646,9.941810780011364,0.8874692102228509,48.14009280292609,2.9991634059777184,0.2053468356777215,5.070597876360009,12.103584542848399,297.4325487838327,-0.581892199886358,True,True,True,True,True,True,True,True
271,6,5,1,200.11684856408425,0.9910261738133234,1.000090404873091,1.003541560856963,5.049976288559172,0.09967625122477551,9.99728307396867,0.9533493943796912,49.36099426423983,2.9986303590144234,0.201177167246817,5.054791012294023,12.103584542848399,297.4325487838327,-0.027169260313293364,True,True,True,True,True,True,True,True
272,6,5,2,200.11684856408425,0.9910261738133234,1.000090404873091,1.003541560856963,5.049976288559172,0.09967139060500148,9.945122835256615,0.9307385854930428,48.734060560047915,2.9953145078521564,0.20469201407190823,4.874214934046229,12.103584542848399,297.4325487838327,-0.5487716474338455,True,True,True,True,True,True,True,True
273,6,5,3,200.11684856408425,0.9910261738133234,1.000090404873091,1.003541560856963,5.049976288559172,0.09984083048228312,9.999826672681241,0.9440441248874679,49.81219046756566,2.9955030809758365,0.20637371627722584,5.118515553257721,12.103584542848399,297.4325487838327,-0.0017332731875896459,True,True,True,True,True,True,True,True
274,6,5,4,200.11684856408425,0.9910261738133234,1.000090404873091,1.003541560856963,5.049976288559172,0.09970567620389034,9.960207532189644,0.9527931286596873,48.72434498742872,2.9995113831086067,0.20110962792017795,4.793479848304439,12.103584542848399,297.4325487838327,-0.3979246781035606,True,True,True,True,True,True,True,True
275,6,5,5,200.11684856408425,0.9910261738133234,1.000090404873091,1.003541560856963,5.049976288559172,0.09983274857739743,9.97014737385355,0.9243675660800956,48.64729722416291,2.9944082616957006,0.1988748092890138,4.843761493450997,12.103584542848399,297.4325487838327,-0.29852626146450234,True,True,True,True,True,True,True,True
276,6,6,1,200.11684856408425,0.9910261738133234,1.000090404873091,1.003541560856963,5.049976288559172,0.09931118883153726,9.812791740550388,0.9419385906230707,49.47307699704431,2.9970343233095686,0.1978419188130719,5.08856079833044,12.103584542848399,297.4325487838327,-1.8720825944961206,True,True,True,True,True,True,True,True
277,6,6,2,200.11684856408425,0.9910261738133234,1.000090404873091,1.003541560856963,5.049976288559172,0.09932921788288254,9.907506912927495,0.8843912524879084,50.42178829562741,2.9968734995025823,0.20288259645018805,5.0323217575361285,12.103584542848399,297.4325487838327,-0.9249308707250492,True,True,True,True,True,True,True,True
278,6,6,3,200.11684856408425,0.9910261738133234,1.000090404873091,1.003541560856963,5.049976288559172,0.09919973323387082,9.92323259215156,0.933147382695697,50.10997916170375,2.9974792868614575,0.20074566109901654,4.91264823938166,12.103584542848399,297.4325487838327,-0.7676740784843972,True,True,True,True,True,True,True,True
279,6,6,4,200.11684856408425,0.9910261738133234,1.000090404873091,1.003541560856963,5.049976288559172,0.09957407201124092,9.959121524474021,0.9208659170698005,50.17507536763707,2.9964624678259675,0.20817336265132846,4.995292150127514,12.103584542848399,297.4325487838327,-0.40878475525978786,True,True,True,True,True,True,True,True
280,6,6,5,200.11684856408425,0.9910261738133234,1.000090404873091,1.003541560856963,5.049976288559172,0.09916524332209324,9.895016748369654,0.9411527633016339,49.43026356449871,2.997542470225955,0.19926549190779627,5.133726895257555,12.103584542848399,297.4325487838327,-1.0498325163034572,True,True,True,True,True,True,True,True
281,6,7,1,200.11684856408425,0.9910261738133234,1.000090404873091,1.003541560856963,5.049976288559172,0.0994683476780786,9.931954878223218,0.9445866821496958,48.118860270398514,2.996752067352772,0.20029712240959968,4.845669590592982,12.103584542848399,297.4325487838327,-0.6804512177678212,True,True,True,True,True,True,True,True
282,6,7,2,200.11684856408425,0.9910261738133234,1.000090404873091,1.003541560856963,5.049976288559172,0.10006630754848284,10.006074676919335,0.8962937222080711,49.138136283780305,2.997222544425702,0.19834405689473575,5.071947906401849,12.103584542848399,297.4325487838327,0.06074676919334721,True,True,True,True,True,True,True,True
283,6,7,3,200.11684856408425,0.9910261738133234,1.000090404873091,1.003541560856963,5.049976288559172,0.09970034540551961,9.968902431605414,0.9406929310410672,51.06174898650112,2.9982053889588762,0.19964409349049603,4.999274309115073,12.103584542848399,297.4325487838327,-0.3109756839458555,True,True,True,True,True,True,True,True
284,6,7,4,200.11684856408425,0.9910261738133234,1.000090404873091,1.003541560856963,5.049976288559172,0.09968458685543775,9.988148479689213,0.957381384025587,49.721488512465385,3.0005038706310287,0.20295022260358983,5.215012922759904,12.103584542848399,297.4325487838327,-0.11851520310786512,True,True,True,True,True,True,True,True
285,6,7,5,200.11684856408425,0.9910261738133234,1.000090404873091,1.003541560856963,5.049976288559172,0.09905038845134943,9.892645230994727,0.9327886040181883,48.57333624818503,2.997582705853694,0.20005959621651787,5.231793962485963,12.103584542848399,297.4325487838327,-1.0735476900527274,True,True,True,True,True,True,True,True
286,6,8,1,200.11684856408425,0.9910261738133234,1.000090404873091,1.003541560856963,5.049976288559172,0.09932678188236546,9.920026792016472,0.9334547924853877,48.3826730247662,2.9995492473432823,0.1994884148172785,5.011919724903731,12.103584542848399,297.4325487838327,-0.7997320798352803,True,True,True,True,True,True,True,True
287,6,8,2,200.11684856408425,0.9910261738133234,1.000090404873091,1.003541560856963,5.049976288559172,0.09909101785505872,9.905269676251516,0.9122855776465687,50.044543811001674,2.9951793923126813,0.20137684206816667,5.078250323790167,12.103584542848399,297.4325487838327,-0.9473032374848422,True,True,True,True,True,True,True,True
288,6,8,3,200.11684856408425,0.9910261738133234,1.000090404873091,1.003541560856963,5.049976288559172,0.0996065693832679,9.964490252473084,0.94207848303737,49.41337209936206,2.9973918133182753,0.1984663769209217,4.850495733833119,12.103584542848399,297.4325487838327,-0.3550974752691616,True,True,True,True,True,True,True,True
289,6,8,4,200.11684856408425,0.9910261738133234,1.000090404873091,1.003541560856963,5.049976288559172,0.09993200773465732,9.972316582302511,0.9762537230586174,49.41723189004962,3.0016881949144243,0.20212796131642488,4.997664483381596,12.103584542848399,297.4325487838327,-0.2768341769748872,True,True,True,True,True,True,True,True
290,6,8,5,200.11684856408425,0.9910261738133234,1.000090404873091,1.003541560856963,5.049976288559172,0.09977987152676845,10.016381130441447,0.9703920559033101,49.09260534781212,3.0023363628371174,0.19790549698892534,5.246013299685198,12.103584542848399,297.4325487838327,0.16381130441446956,True,True,True,True,True,True,True,True
291,6,9,1,200.11684856408425,0.9910261738133234,1.000090404873091,1.003541560856963,5.049976288559172,0.09967792931536151,9.968358698248993,0.9119450465354497,49.93718320686765,3.001211955703994,0.20262817027487212,5.149150456467769,12.103584542848399,297.4325487838327,-0.3164130175100688,True,True,True,True,True,True,True,True
292,6,9,2,200.11684856408425,0.9910261738133234,1.000090404873091,1.003541560856963,5.049976288559172,0.09912215700824652,9.942996077181249,0.9263728139558535,48.03766011539423,2.9996434353753285,0.2046655754256073,4.9766533978669,12.103584542848399,297.4325487838327,-0.5700392281875111,True,True,True,True,True,True,True,True
293,6,9,3,200.11684856408425,0.9910261738133234,1.000090404873091,1.003541560856963,5.049976288559172,0.09975484737374998,9.949225051303586,0.8962415425347688,48.746229668676975,2.9951716654897345,0.2054910442211894,4.952982871409416,12.103584542848399,297.4325487838327,-0.5077494869641441,True,True,True,True,True,True,True,True
294,6,9,4,200.11684856408425,0.9910261738133234,1.000090404873091,1.003541560856963,5.049976288559172,0.09932035096195518,9.900177550223253,0.9221539267275298,48.813754932521434,2.99396862822237,0.19842066563676475,5.14862201655887,12.103584542848399,297.4325487838327,-0.9982244977674702,True,True,True,True,True,True,True,True
295,6,9,5,200.11684856408425,0.9910261738133234,1.000090404873091,1.003541560856963,5.049976288559172,0.09974099135217455,10.007213793075563,0.9567094697164762,49.5482869774378,2.995595541082466,0.20222678631245314,4.979967872546301,12.103584542848399,297.4325487838327,0.07213793075562691,True,True,True,True,True,True,True,True
296,6,10,1,200.11684856408425,0.9910261738133234,1.000090404873091,1.003541560856963,5.049976288559172,0.09961425628121902,10.016772378936741,0.9496937919191804,50.91874634836424,2.996518919544965,0.1979325705692191,4.997893170827105,12.103584542848399,297.4325487838327,0.16772378936741106,True,True,True,True,True,True,True,True
297,6,10,2,200.11684856408425,0.9910261738133234,1.000090404873091,1.003541560856963,5.049976288559172,0.09974380435675058,9.981391927630723,0.9399141104252704,50.86900057473117,2.9986505821702623,0.19878500435157037,4.9665389654569365,12.103584542848399,297.4325487838327,-0.18608072369277195,True,True,True,True,True,True,True,True
298,6,10,3,200.11684856408425,0.9910261738133234,1.000090404873091,1.003541560856963,5.049976288559172,0.09992137699752246,9.996939584605268,0.9298551218772275,48.06548021456608,3.0001697108691943,0.201066448904128,5.307496024955286,12.103584542848399,297.4325487838327,-0.030604153947315638,True,True,True,True,True,True,True,True
299,6,10,4,200.11684856408425,0.9910261738133234,1.000090404873091,1.003541560856963,5.049976288559172,0.0997822408009942,10.026703204872298,0.9049034215574258,49.120498257649544,2.9968435542153022,0.20535736808035437,5.079794253775436,12.103584542848399,297.4325487838327,0.2670320487229816,True,True,True,True,True,True,True,True
300,6,10,5,200.11684856408425,0.9910261738133234,1.000090404873091,1.003541560856963,5.049976288559172,0.09956706643475131,9.95357855358803,0.9565021030120977,48.51329114914143,2.9957217667685208,0.19868859707724745,4.860976219817085,12.103584542848399,297.4325487838327,-0.4642144641196921,True,True,True,True,True,True,True,True
301,7,1,1,200.14733364439388,0.9825117529915915,0.9944513965052388,1.0130053962907075,5.07808732889189,0.09957113448629655,9.954940136377104,1.0514053068679563,50.108291170401586,2.9974735123821103,0.19683366476817266,5.3891639430386755,12.163631450579725,295.964245104485,-0.45059863622896046,True,True,True,True,True,True,True,True
302,7,1,2,200.14733364439388,0.9825117529915915,0.9944513965052388,1.0130053962907075,5.07808732889189,0.09985597521081525,10.01064442831833,1.0176204577637507,51.815493103633834,2.993979526127743,0.1976615119730288,5.099863914219674,12.163631450579725,295.964245104485,0.10644428318329346,True,True,True,True,True,True,True,True
303,7,1,3,200.14733364439388,0.9825117529915915,0.9944513965052388,1.0130053962907075,5.07808732889189,0.09969617277056604,9.95837676511133,1.0164930081786352,52.40730002307509,2.998552156091952,0.20365509462148818,5.469569872317302,12.163631450579725,295.964245104485,-0.41623234888669813,True,True,True,True,True,True,True,True
304,7,1,4,200.14733364439388,0.9825117529915915,0.9944513965052388,1.0130053962907075,5.07808732889189,0.09912352344351474,9.907426901663207,1.077436877618588,52.32995008234601,2.9985217576861505,0.19669907333172038,5.102548872149393,12.163631450579725,295.964245104485,-0.9257309833679274,True,True,True,True,True,True,True,True
305,7,1,5,200.14733364439388,0.9825117529915915,0.9944513965052388,1.0130053962907075,5.07808732889189,0.09961868132238705,9.991675398086766,1.0102765325128844,51.3365411815053,2.9932196899005774,0.19930400542072058,5.118286796913061,12.163631450579725,295.964245104485,-0.0832460191323392,True,True,True,True,True,True,True,True
306,7,2,1,200.14733364439388,0.9825117529915915,0.9944513965052388,1.0130053962907075,5.07808732889189,0.09933089607370767,9.993022755301455,1.0332261228202817,53.49459996145598,2.9993532238505924,0.19857316034319483,5.224030731216554,12.163631450579725,295.964245104485,-0.06977244698544993,True,True,True,True,True,True,True,True
307,7,2,2,200.14733364439388,0.9825117529915915,0.9944513965052388,1.0130053962907075,5.07808732889189,0.09939088565603671,9.93436968467392,1.0449779254304832,51.43159547175128,2.9982393240526006,0.20144047982012253,5.414636884566424,12.163631450579725,295.964245104485,-0.6563031532608044,True,True,True,True,True,True,True,True
308,7,2,3,200.14733364439388,0.9825117529915915,0.9944513965052388,1.0130053962907075,5.07808732889189,0.0998425062341045,10.011976750734767,1.0103275386982673,50.33893522683465,2.9974676694665114,0.19921280760793095,5.113385045725912,12.163631450579725,295.964245104485,0.1197675073476745,True,True,True,True,True,True,True,True
309,7,2,4,200.14733364439388,0.9825117529915915,0.9944513965052388,1.0130053962907075,5.07808732889189,0.09990479244508542,9.978586123567117,1.0115678805122335,50.1955033892812,2.9994525922011226,0.19815992397704202,5.022702017657165,12.163631450579725,295.964245104485,-0.2141387643288262,True,True,True,True,True,True,True,True
310,7,2,5,200.14733364439388,0.9825117529915915,0.9944513965052388,1.0130053962907075,5.07808732889189,0.09977462269577773,9.966401668780387,1.0531100197230123,51.55921002090915,2.9965295215768837,0.19829644799240467,5.174564410817162,12.163631450579725,295.964245104485,-0.33598331219613087,True,True,True,True,True,True,True,True
311,7,3,1,200.14733364439388,0.9825117529915915,0.9944513965052388,1.0130053962907075,5.07808732889189,0.0999476240104074,10.00313231127228,1.0550577182590701,52.35471925570813,2.995223044175911,0.20205323614776707,4.937539184427471,12.163631450579725,295.964245104485,0.03132311272279864,True,True,True,True,True,True,True,True
312,7,3,2,200.14733364439388,0.9825117529915915,0.9944513965052388,1.0130053962907075,5.07808732889189,0.0998042090341781,10.01702610634235,1.0593861664979236,50.49940252358053,2.997563739786443,0.20007526661451738,5.273153439023477,12.163631450579725,295.964245104485,0.17026106342349578,True,True,True,True,True,True,True,True
313,7,3,3,200.14733364439388,0.9825117529915915,0.9944513965052388,1.0130053962907075,5.07808732889189,0.09977851844091876,9.976831901780434,1.0355442756736855,51.93040512369348,2.999529924649343,0.19932786601042876,5.095412931475863,12.163631450579725,295.964245104485,-0.2316809821956589,True,True,True,True,True,True,True,True
314,7,3,4,200.14733364439388,0.9825117529915915,0.9944513965052388,1.0130053962907075,5.07808732889189,0.09950691987549527,9.953540735962923,1.0445798325620588,51.03799228197178,2.9976579527414042,0.2046839561875598,5.213355791309841,12.163631450579725,295.964245104485,-0.4645926403707712,True,True,True,True,True,True,True,True
315,7,3,5,200.14733364439388,0.9825117529915915,0.9944513965052388,1.0130053962907075,5.07808732889189,0.09971892085695112,10.01176198052795,1.0341935815070866,51.24389120576497,2.996603199202942,0.2008294913809522,5.0780533877834975,12.163631450579725,295.964245104485,0.11761980527950298,True,True,True,True,True,True,True,True
316,7,4,1,200.14733364439388,0.9825117529915915,0.9944513965052388,1.0130053962907075,5.07808732889189,0.09989112839455236,9.956541821969687,1.007541811446088,51.096836935362475,3.0006466993042773,0.20003074390955292,5.317961742741796,12.163631450579725,295.964245104485,-0.43458178030313377,True,True,True,True,True,True,True,True
317,7,4,2,200.14733364439388,0.9825117529915915,0.9944513965052388,1.0130053962907075,5.07808732889189,0.09915656102578034,9.924832742843245,1.03429268979258,51.167397366232045,2.995748854540292,0.1961783935156844,5.084921529875345,12.163631450579725,295.964245104485,-0.7516725715675499,True,True,True,True,True,True,True,True
318,7,4,3,200.14733364439388,0.9825117529915915,0.9944513965052388,1.0130053962907075,5.07808732889189,0.09906263150945269,9.886474810333702,0.9966439020753624,52.03202586907338,2.9942521799250525,0.2008469729410829,5.299215101500789,12.163631450579725,295.964245104485,-1.1352518966629788,True,True,True,True,True,True,True,True
319,7,4,4,200.14733364439388,0.9825117529915915,0.9944513965052388,1.0130053962907075,5.07808732889189,0.09945639035819576,9.917706449517942,1.0311660414976327,51.96066356359096,2.9968969739896973,0.19905603813904874,5.638325029691153,12.163631450579725,295.964245104485,-0.8229355048205812,True,True,True,True,True,True,True,True
320,7,4,5,200.14733364439388,0.9825117529915915,0.9944513965052388,1.0130053962907075,5.07808732889189,0.09971006100191374,9.96820274788817,1.0525018938902673,51.55166736473267,2.9986384039996494,0.1946125682536232,5.144583656925947,12.163631450579725,295.964245104485,-0.31797252111829266,True,True,True,True,True,True,True,True
321,7,5,1,200.14733364439388,0.9825117529915915,0.9944513965052388,1.0130053962907075,5.07808732889189,0.09984266969460343,9.964872818975879,1.0523111884600582,51.60070794580992,2.997667299004222,0.19639269252998123,4.960264699788421,12.163631450579725,295.964245104485,-0.35127181024121157,True,True,True,True,True,True,True,True
322,7,5,2,200.14733364439388,0.9825117529915915,0.9944513965052388,1.0130053962907075,5.07808732889189,0.09937760067329694,9.918643660321207,1.0430162741885298,50.79643889639531,2.9954483006149375,0.19261235670835536,4.939161343738329,12.163631450579725,295.964245104485,-0.8135633967879308,True,True,True,True,True,True,True,True
323,7,5,3,200.14733364439388,0.9825117529915915,0.9944513965052388,1.0130053962907075,5.07808732889189,0.09962227643715635,9.913227144587013,1.027901683398089,51.138023963293165,3.0006832107624093,0.19755921997757656,5.397685372362365,12.163631450579725,295.964245104485,-0.8677285541298652,True,True,True,True,True,True,True,True
324,7,5,4,200.14733364439388,0.9825117529915915,0.9944513965052388,1.0130053962907075,5.07808732889189,0.09996883351417664,9.99587143306109,1.0176430399216685,50.70558697399269,2.9946721510970353,0.19717472363069027,5.159904197180176,12.163631450579725,295.964245104485,-0.04128566938909728,True,True,True,True,True,True,True,True
325,7,5,5,200.14733364439388,0.9825117529915915,0.9944513965052388,1.0130053962907075,5.07808732889189,0.09996137530409699,9.955416691483075,1.0307347219407557,51.68209549750147,2.995079205361819,0.19826630698274994,4.972605542228098,12.163631450579725,295.964245104485,-0.4458330851692516,True,True,True,True,True,True,True,True
326,7,6,1,200.14733364439388,0.9825117529915915,0.9944513965052388,1.0130053962907075,5.07808732889189,0.09958775286848015,9.9316247491192,1.0361329839912077,51.13687687256639,2.9960268463703144,0.19664663470020158,5.082169857046908,12.163631450579725,295.964245104485,-0.6837525088080021,True,True,True,True,True,True,True,True
327,7,6,2,200.14733364439388,0.9825117529915915,0.9944513965052388,1.0130053962907075,5.07808732889189,0.09938216851949165,9.955074879315884,1.011957375031771,51.84798521386687,2.9980734035816927,0.1970625091822273,5.077753311462891,12.163631450579725,295.964245104485,-0.4492512068411614,True,True,True,True,True,True,True,True
328,7,6,3,200.14733364439388,0.9825117529915915,0.9944513965052388,1.0130053962907075,5.07808732889189,0.09950738494102733,9.974092544792924,1.057090981153566,49.26282698051332,2.9966404984719475,0.20153205478246436,5.275896252115636,12.163631450579725,295.964245104485,-0.25907455207075714,True,True,True,True,True,True,True,True
329,7,6,4,200.14733364439388,0.9825117529915915,0.9944513965052388,1.0130053962907075,5.07808732889189,0.09983578626043499,10.031685898704193,1.0515282380479354,49.36709739941327,2.995035128839485,0.19021745524782496,5.071270337466587,12.163631450579725,295.964245104485,0.3168589870419325,True,True,True,True,True,True,True,True
330,7,6,5,200.14733364439388,0.9825117529915915,0.9944513965052388,1.0130053962907075,5.07808732889189,0.10010948098238966,9.989647125570489,1.022308827191849,51.16830927401664,3.002155142921509,0.19868482298153783,5.278725277107916,12.163631450579725,295.964245104485,-0.10352874429511161,True,True,True,True,True,True,True,True
331,7,7,1,200.14733364439388,0.9825117529915915,0.9944513965052388,1.0130053962907075,5.07808732889189,0.09975430210095218,9.964710654338681,1.0100829271432041,50.711122765772195,2.9959915189317825,0.19426530014574261,5.081447179405662,12.163631450579725,295.964245104485,-0.35289345661318805,True,True,True,True,True,True,True,True
332,7,7,2,200.14733364439388,0.9825117529915915,0.9944513965052388,1.0130053962907075,5.07808732889189,0.0993042307392117,9.917181373290017,0.9991597815186422,51.22727860501464,2.99502316028618,0.20492897793830564,5.035439849011032,12.163631450579725,295.964245104485,-0.8281862670998308,True,True,True,True,True,True,True,True
333,7,7,3,200.14733364439388,0.9825117529915915,0.9944513965052388,1.0130053962907075,5.07808732889189,0.09948225931842786,9.963656975879026,1.0752409733914532,51.423613389435644,2.997025485471525,0.20100135380313464,5.166090592036992,12.163631450579725,295.964245104485,-0.3634302412097412,True,True,True,True,True,True,True,True
334,7,7,4,200.14733364439388,0.9825117529915915,0.9944513965052388,1.0130053962907075,5.07808732889189,0.099517620610334,9.973323055801483,1.0056760945416163,50.88618202615593,2.9940831183466816,0.19327731924323477,5.267156914700267,12.163631450579725,295.964245104485,-0.2667694419851685,True,True,True,True,True,True,True,True
335,7,7,5,200.14733364439388,0.9825117529915915,0.9944513965052388,1.0130053962907075,5.07808732889189,0.09960813429622106,9.954744651585992,1.0469553234948892,50.73125126543525,2.994950082157529,0.20035188193930428,5.154249689482317,12.163631450579725,295.964245104485,-0.4525534841400791,True,True,True,True,True,True,True,True
336,7,8,1,200.14733364439388,0.9825117529915915,0.9944513965052388,1.0130053962907075,5.07808732889189,0.09910139946338353,9.949068535749786,1.092267961400618,51.06222911664682,2.9954671418118703,0.19769344285627496,5.13413683370818,12.163631450579725,295.964245104485,-0.5093146425021366,True,True,True,True,True,True,True,True
337,7,8,2,200.14733364439388,0.9825117529915915,0.9944513965052388,1.0130053962907075,5.07808732889189,0.0998215518178059,9.995296225843578,1.003925954713786,50.24304443569336,3.0023604435368703,0.19652131448163873,5.334826030478082,12.163631450579725,295.964245104485,-0.04703774156421758,True,True,True,True,True,True,True,True
338,7,8,3,200.14733364439388,0.9825117529915915,0.9944513965052388,1.0130053962907075,5.07808732889189,0.09937057480342462,9.954228981836616,1.0675481481961184,51.8834855014596,3.000860368506354,0.19833105558677805,5.372246672978967,12.163631450579725,295.964245104485,-0.4577101816338391,True,True,True,True,True,True,True,True
339,7,8,4,200.14733364439388,0.9825117529915915,0.9944513965052388,1.0130053962907075,5.07808732889189,0.10000892695896049,9.97043806980271,1.067332886828284,51.11371350611669,2.9956047355753763,0.19938225166945328,5.284035947170057,12.163631450579725,295.964245104485,-0.29561930197289144,True,True,True,True,True,True,True,True
340,7,8,5,200.14733364439388,0.9825117529915915,0.9944513965052388,1.0130053962907075,5.07808732889189,0.09982167625169314,10.010950913514252,1.0036463708392211,49.96846808988359,2.9987196672987317,0.20229654608439795,5.217970855099437,12.163631450579725,295.964245104485,0.10950913514252036,True,True,True,True,True,True,True,True
341,7,9,1,200.14733364439388,0.9825117529915915,0.9944513965052388,1.0130053962907075,5.07808732889189,0.09937737648165247,9.98167779914035,1.0222251981988157,50.39643639735441,2.997655652677385,0.2004632460320804,4.782667825905374,12.163631450579725,295.964245104485,-0.18322200859650195,True,True,True,True,True,True,True,True
342,7,9,2,200.14733364439388,0.9825117529915915,0.9944513965052388,1.0130053962907075,5.07808732889189,0.09981597390472191,9.970832131146809,1.0527476822083541,51.93070445424002,2.997397932938096,0.2023840192145888,5.326307288674996,12.163631450579725,295.964245104485,-0.29167868853191337,True,True,True,True,True,True,True,True
343,7,9,3,200.14733364439388,0.9825117529915915,0.9944513965052388,1.0130053962907075,5.07808732889189,0.09955032319484285,9.960041592355308,1.00826781794271,50.89101556459244,2.9953375334630197,0.19784117248114882,5.306459033179328,12.163631450579725,295.964245104485,-0.3995840764469172,True,True,True,True,True,True,True,True
344,7,9,4,200.14733364439388,0.9825117529915915,0.9944513965052388,1.0130053962907075,5.07808732889189,0.1000727087793314,9.983213391110661,1.032082451546588,51.04192582050716,2.9955157980207927,0.19724464063385866,5.257825120147727,12.163631450579725,295.964245104485,-0.16786608889338694,True,True,True,True,True,True,True,True
345,7,9,5,200.14733364439388,0.9825117529915915,0.9944513965052388,1.0130053962907075,5.07808732889189,0.09985422737687365,9.963013060069198,0.9741689732045511,50.751419086519356,2.993403933375538,0.20156287653698554,5.305868454502929,12.163631450579725,295.964245104485,-0.36986939930802265,True,True,True,True,True,True,True,True
346,7,10,1,200.14733364439388,0.9825117529915915,0.9944513965052388,1.0130053962907075,5.07808732889189,0.09926861554358377,9.944066008992616,1.0521915596205706,51.65657564487714,2.9940257274072444,0.19738474673838521,5.244934699248304,12.163631450579725,295.964245104485,-0.5593399100738417,True,True,True,True,True,True,True,True
347,7,10,2,200.14733364439388,0.9825117529915915,0.9944513965052388,1.0130053962907075,5.07808732889189,0.09966299847307208,9.916071586811327,1.0399579374831829,51.88532347425462,2.9974630758830445,0.2009422376788591,5.1093082778239145,12.163631450579725,295.964245104485,-0.8392841318867283,True,True,True,True,True,True,True,True
348,7,10,3,200.14733364439388,0.9825117529915915,0.9944513965052388,1.0130053962907075,5.07808732889189,0.09988760957642673,9.981912389205947,1.0181218484594443,52.49983343894139,3.000808368172788,0.1990248682657651,5.128476072295745,12.163631450579725,295.964245104485,-0.18087610794053077,True,True,True,True,True,True,True,True
349,7,10,4,200.14733364439388,0.9825117529915915,0.9944513965052388,1.0130053962907075,5.07808732889189,0.09948318034840542,9.942974653943864,1.0677337308373782,51.4339094735001,2.9942231286024357,0.19284478837497407,5.449532761150067,12.163631450579725,295.964245104485,-0.5702534605613607,True,True,True,True,True,True,True,True
350,7,10,5,200.14733364439388,0.9825117529915915,0.9944513965052388,1.0130053962907075,5.07808732889189,0.09946111410806353,9.90069439704309,1.0513116574502208,50.924364243357864,2.9978934350052455,0.20046093490344896,4.993578937454308,12.163631450579725,295.964245104485,-0.9930560295691038,True,True,True,True,True,True,True,True
351,8,1,1,199.99604286792135,0.9998205954649301,0.9864667333170197,1.004624244535763,5.037231121114182,0.1000667524287944,10.015159954527519,1.0162523429899266,48.01890087621393,2.998261395248126,0.20125024316572832,5.341186369800539,12.065553220081146,298.37007340934747,0.15159954527518948,True,True,True,True,True,True,True,True
352,8,1,2,199.99604286792135,0.9998205954649301,0.9864667333170197,1.004624244535763,5.037231121114182,0.10070180771787987,10.034693628033732,0.9444214498716279,47.6197794374076,2.9975720302861624,0.20339504200960945,5.318074499012527,12.065553220081146,298.37007340934747,0.3469362803373244,True,True,True,True,True,True,True,True
353,8,1,3,199.99604286792135,0.9998205954649301,0.9864667333170197,1.004624244535763,5.037231121114182,0.10046010613208584,10.086582380562582,0.9981765765812909,46.770584016664245,2.998058334101157,0.1953837096747141,5.301787492734802,12.065553220081146,298.37007340934747,0.8658238056258227,True,True,True,True,True,True,True,True
354,8,1,4,199.99604286792135,0.9998205954649301,0.9864667333170197,1.004624244535763,5.037231121114182,0.10035465931440102,10.040840685020521,0.9964990537741442,45.98659358875935,3.0002057159834807,0.20820795917737567,5.622868801356922,12.065553220081146,298.37007340934747,0.4084068502052141,True,True,True,True,True,True,True,True
355,8,1,5,199.99604286792135,0.9998205954649301,0.9864667333170197,1.004624244535763,5.037231121114182,0.10043515639526637,10.025019101466127,1.0326862021680212,46.6426870927956,2.9990385040945013,0.19850232862933137,5.476331674304153,12.065553220081146,298.37007340934747,0.25019101466126514,True,True,True,True,True,True,True,True
356,8,2,1,199.99604286792135,0.9998205954649301,0.9864667333170197,1.004624244535763,5.037231121114182,0.1008828233756043,10.102821957778763,0.9821733184061543,47.37308589118254,2.9954085873702745,0.19659206780102892,5.364368945075639,12.065553220081146,298.37007340934747,1.0282195777876346,True,True,True,True,True,True,True,True
357,8,2,2,199.99604286792135,0.9998205954649301,0.9864667333170197,1.004624244535763,5.037231121114182,0.10076206728504372,10.074163085649248,0.9640534764500049,46.996338395479796,2.9975308123192623,0.20801025070723933,5.186540036405938,12.065553220081146,298.37007340934747,0.7416308564924812,True,True,True,True,True,True,True,True
358,8,2,3,199.99604286792135,0.9998205954649301,0.9864667333170197,1.004624244535763,5.037231121114182,0.10031439386481185,10.050009502509395,0.990784058597171,46.23299104503996,2.9965198390587497,0.2036135011017026,5.396368041997363,12.065553220081146,298.37007340934747,0.5000950250939518,True,True,True,True,True,True,True,True
359,8,2,4,199.99604286792135,0.9998205954649301,0.9864667333170197,1.004624244535763,5.037231121114182,0.10067878676221118,10.073886767039639,1.0052134339909375,45.64702266262391,3.001838536827646,0.19675661094411412,5.355556816496393,12.065553220081146,298.37007340934747,0.7388676703963881,True,True,True,True,True,True,True,True
360,8,2,5,199.99604286792135,0.9998205954649301,0.9864667333170197,1.004624244535763,5.037231121114182,0.10092710915899894,10.07337723913504,0.9707979710167494,45.73417371651781,2.997876707703498,0.2024265926563886,5.515441572179645,12.065553220081146,298.37007340934747,0.7337723913503957,True,True,True,True,True,True,True,True
361,8,3,1,199.99604286792135,0.9998205954649301,0.9864667333170197,1.004624244535763,5.037231121114182,0.1008450344264767,10.061364751605504,1.0061471277946843,47.98245911207973,3.0026664630160917,0.20305269245382565,5.347901400636555,12.065553220081146,298.37007340934747,0.6136475160550425,True,True,True,True,True,True,True,True
362,8,3,2,199.99604286792135,0.9998205954649301,0.9864667333170197,1.004624244535763,5.037231121114182,0.10034523175811552,10.003608269325811,1.0172259153745602,47.15652200537394,2.999655980739317,0.20225946119599084,5.068768627293041,12.065553220081146,298.37007340934747,0.03608269325811264,True,True,True,True,True,True,True,True
363,8,3,3,199.99604286792135,0.9998205954649301,0.9864667333170197,1.004624244535763,5.037231121114182,0.10038306801640824,10.077796902572107,0.9380907870927679,47.210410908450854,2.9966126089510743,0.20477998228289795,5.170118184485878,12.065553220081146,298.37007340934747,0.7779690257210703,True,True,True,True,True,True,True,True
364,8,3,4,199.99604286792135,0.9998205954649301,0.9864667333170197,1.004624244535763,5.037231121114182,0.1006271634325665,10.054693631513109,0.9963159784383471,46.06094410168883,2.996597651741546,0.20126553575646242,5.466176834022708,12.065553220081146,298.37007340934747,0.546936315131088,True,True,True,True,True,True,True,True
365,8,3,5,199.99604286792135,0.9998205954649301,0.9864667333170197,1.004624244535763,5.037231121114182,0.10035424271262933,9.994283311522558,1.013996667464915,48.03083020122058,2.9974245901787904,0.2022819792351693,5.3251881993223975,12.065553220081146,298.37007340934747,-0.05716688477441778,True,True,True,True,True,True,True,True
366,8,4,1,199.99604286792135,0.9998205954649301,0.9864667333170197,1.004624244535763,5.037231121114182,0.10007723609683583,9.997238220965961,0.9909701138801492,48.14573229764902,2.99924448986532,0.20679082214310102,5.288363627959398,12.065553220081146,298.37007340934747,-0.027617790340386254,True,True,True,True,True,True,True,True
367,8,4,2,199.99604286792135,0.9998205954649301,0.9864667333170197,1.004624244535763,5.037231121114182,0.10084217757825188,10.09344389571314,0.9749698837785544,47.23576884184886,2.998568510313556,0.2034192886297726,5.672688904196837,12.065553220081146,298.37007340934747,0.9344389571313982,True,True,True,True,True,True,True,True
368,8,4,3,199.99604286792135,0.9998205954649301,0.9864667333170197,1.004624244535763,5.037231121114182,0.10088332100981444,10.131672539522764,0.9867001505049611,44.96062292594328,3.000897444133548,0.20413946651082926,4.902948475325563,12.065553220081146,298.37007340934747,1.3167253952276425,True,True,True,True,True,True,True,True
369,8,4,4,199.99604286792135,0.9998205954649301,0.9864667333170197,1.004624244535763,5.037231121114182,0.1007313711411718,10.072188512359288,0.9799411870367556,47.837704359867054,2.9948313651804477,0.2049602186333391,5.408132149104762,12.065553220081146,298.37007340934747,0.7218851235928803,True,True,True,True,True,True,True,True
370,8,4,5,199.99604286792135,0.9998205954649301,0.9864667333170197,1.004624244535763,5.037231121114182,0.10051166746077633,10.050069459436827,0.9898406882008254,46.605302700022705,2.999142179352834,0.2042370071539674,5.241183636443406,12.065553220081146,298.37007340934747,0.5006945943682695,True,True,True,True,True,True,True,True
371,8,5,1,199.99604286792135,0.9998205954649301,0.9864667333170197,1.004624244535763,5.037231121114182,0.10087854788408622,10.080782078163164,0.9954637082515004,46.51812802685523,3.000139650086044,0.1996930613643619,5.1870195374785775,12.065553220081146,298.37007340934747,0.8078207816316407,True,True,True,True,True,True,True,True
372,8,5,2,199.99604286792135,0.9998205954649301,0.9864667333170197,1.004624244535763,5.037231121114182,0.10050182507390361,10.048478128613757,1.0374724116571314,46.532407396803755,2.999454310909513,0.20225917521548883,5.41921652654391,12.065553220081146,298.37007340934747,0.48478128613757226,True,True,True,True,True,True,True,True
373,8,5,3,199.99604286792135,0.9998205954649301,0.9864667333170197,1.004624244535763,5.037231121114182,0.10024366442774124,9.985271801975959,0.9239898932597581,45.74507467871413,3.000212786667372,0.20660359295796704,5.382276703374338,12.065553220081146,298.37007340934747,-0.1472819802404146,True,True,True,True,True,True,True,True
374,8,5,4,199.99604286792135,0.9998205954649301,0.9864667333170197,1.004624244535763,5.037231121114182,0.10043407449101625,10.031765349211877,1.0118708160516632,46.50728038938795,2.9988513231356175,0.20265827342485143,5.05685136237809,12.065553220081146,298.37007340934747,0.31765349211877236,True,True,True,True,True,True,True,True
375,8,5,5,199.99604286792135,0.9998205954649301,0.9864667333170197,1.004624244535763,5.037231121114182,0.10087207794164721,10.082669847384269,0.9761242844610567,46.99590578904907,2.9976101732194307,0.19991710393368153,5.098891565947235,12.065553220081146,298.37007340934747,0.8266984738426862,True,True,True,True,True,True,True,True
376,8,6,1,199.99604286792135,0.9998205954649301,0.9864667333170197,1.004624244535763,5.037231121114182,0.10056540186754627,10.069980645722795,0.9735575396080587,47.737230027845044,2.9973964217208127,0.20111391054228855,5.330790910472321,12.065553220081146,298.37007340934747,0.6998064572279539,True,True,True,True,True,True,True,True
377,8,6,2,199.99604286792135,0.9998205954649301,0.9864667333170197,1.004624244535763,5.037231121114182,0.10016920658015477,10.025837610250452,1.0036851843414472,47.78273802022061,3.0009457069057333,0.2076757398498062,5.406337336415435,12.065553220081146,298.37007340934747,0.2583761025045206,True,True,True,True,True,True,True,True
378,8,6,3,199.99604286792135,0.9998205954649301,0.9864667333170197,1.004624244535763,5.037231121114182,0.10018295254532282,9.98099492401312,1.0080204375528494,46.50942896442425,2.9975403072706692,0.20574602579338674,5.359518195085855,12.065553220081146,298.37007340934747,-0.19005075986880726,True,True,True,True,True,True,True,True
379,8,6,4,199.99604286792135,0.9998205954649301,0.9864667333170197,1.004624244535763,5.037231121114182,0.10090739773137604,10.096059449958332,1.0126345700879757,45.48877695424025,2.9988484459244766,0.2028698168122761,5.21521490295187,12.065553220081146,298.37007340934747,0.9605944995833227,True,True,True,True,True,True,True,True
380,8,6,5,199.99604286792135,0.9998205954649301,0.9864667333170197,1.004624244535763,5.037231121114182,0.10032893637253006,10.042429272454003,0.9475698522514187,46.384279247730774,3.0016246448609416,0.2008258562894951,5.340680354930898,12.065553220081146,298.37007340934747,0.4242927245400274,True,True,True,True,True,True,True,True
381,8,7,1,199.99604286792135,0.9998205954649301,0.9864667333170197,1.004624244535763,5.037231121114182,0.10048533317548258,9.995430717359021,1.022390547828,46.925597852766664,2.9995571347772283,0.20460697354822616,5.198652275519755,12.065553220081146,298.37007340934747,-0.04569282640979111,True,True,True,True,True,True,True,True
382,8,7,2,199.99604286792135,0.9998205954649301,0.9864667333170197,1.004624244535763,5.037231121114182,0.10047753545276449,10.048996998038378,1.0282543167531937,48.452179656104,2.999780457277122,0.1989768905676355,5.1739197377255,12.065553220081146,298.37007340934747,0.4899699803837798,True,True,True,True,True,True,True,True
383,8,7,3,199.99604286792135,0.9998205954649301,0.9864667333170197,1.004624244535763,5.037231121114182,0.10074441488207599,10.057237740326727,1.0047237236084239,46.80910240722277,2.996877522948721,0.2053400342479585,5.0734349938863605,12.065553220081146,298.37007340934747,0.5723774032672679,True,True,True,True,True,True,True,True
384,8,7,4,199.99604286792135,0.9998205954649301,0.9864667333170197,1.004624244535763,5.037231121114182,0.10072276157056216,10.039539073662116,0.990788388180584,46.55539712401163,2.999599587302677,0.204385177685177,4.993474376115952,12.065553220081146,298.37007340934747,0.39539073662115953,True,True,True,True,True,True,True,True
385,8,7,5,199.99604286792135,0.9998205954649301,0.9864667333170197,1.004624244535763,5.037231121114182,0.10041262959200555,10.05045832069363,0.9831307965690765,46.32613842210102,2.998979878551083,0.20373095498435592,5.3295517341209955,12.065553220081146,298.37007340934747,0.5045832069363065,True,True,True,True,True,True,True,True
386,8,8,1,199.99604286792135,0.9998205954649301,0.9864667333170197,1.004624244535763,5.037231121114182,0.10033742731081823,10.028255984335159,0.9804004252872648,47.19967147336587,3.000349578962066,0.20794530986546356,4.958205607373033,12.065553220081146,298.37007340934747,0.28255984335158857,True,True,True,True,True,True,True,True
387,8,8,2,199.99604286792135,0.9998205954649301,0.9864667333170197,1.004624244535763,5.037231121114182,0.10013097050403381,10.014502170867802,0.9859849379435678,47.30316330974238,2.9984311258509257,0.20361713413771892,5.251770593917192,12.065553220081146,298.37007340934747,0.14502170867801922,True,True,True,True,True,True,True,True
388,8,8,3,199.99604286792135,0.9998205954649301,0.9864667333170197,1.004624244535763,5.037231121114182,0.10014609844017712,9.998963752170122,0.9626311749264904,46.83416934948262,2.998752830019884,0.20380221496740583,5.21761539611516,12.065553220081146,298.37007340934747,-0.010362478298784339,True,True,True,True,True,True,True,True
389,8,8,4,199.99604286792135,0.9998205954649301,0.9864667333170197,1.004624244535763,5.037231121114182,0.10060016264067231,10.000729141990814,0.9904395276362354,46.58105720751253,3.000154214074625,0.204045980370583,5.175793800641292,12.065553220081146,298.37007340934747,0.00729141990813531,True,True,True,True,True,True,True,True
390,8,8,5,199.99604286792135,0.9998205954649301,0.9864667333170197,1.004624244535763,5.037231121114182,0.10064102491957008,10.080309481169447,0.9424860312433185,46.47606398608659,3.0007528169465902,0.2000737979424732,5.081458648052598,12.065553220081146,298.37007340934747,0.8030948116944714,True,True,True,True,True,True,True,True
391,8,9,1,199.99604286792135,0.9998205954649301,0.9864667333170197,1.004624244535763,5.037231121114182,0.10048127896435334,10.02691951000292,1.0132733474258906,47.153879623543276,2.998046737187641,0.19945739684495284,5.300160379402695,12.065553220081146,298.37007340934747,0.26919510002919367,True,True,True,True,True,True,True,True
392,8,9,2,199.99604286792135,0.9998205954649301,0.9864667333170197,1.004624244535763,5.037231121114182,0.10033845373041073,10.065972028886756,0.995467370374826,48.93142145153415,2.9976183403099452,0.2027962426929973,5.116957114825825,12.065553220081146,298.37007340934747,0.6597202888675646,True,True,True,True,True,True,True,True
393,8,9,3,199.99604286792135,0.9998205954649301,0.9864667333170197,1.004624244535763,5.037231121114182,0.10053104018578438,10.038110405410462,0.9844347779754942,47.465415801191845,2.9991148139111283,0.20577230393545434,5.3726116649882965,12.065553220081146,298.37007340934747,0.3811040541046218,True,True,True,True,True,True,True,True
394,8,9,4,199.99604286792135,0.9998205954649301,0.9864667333170197,1.004624244535763,5.037231121114182,0.10041098893754348,10.059677655305446,0.972648355394121,47.11765152526353,2.9995894795519624,0.20084043118933825,5.0119170001232956,12.065553220081146,298.37007340934747,0.5967765530544611,True,True,True,True,True,True,True,True
395,8,9,5,199.99604286792135,0.9998205954649301,0.9864667333170197,1.004624244535763,5.037231121114182,0.1003919150144052,10.005622380884526,0.9531318783008089,46.365119374844596,2.9989058379002977,0.2028089100028462,5.316243308681548,12.065553220081146,298.37007340934747,0.05622380884526378,True,True,True,True,True,True,True,True
396,8,10,1,199.99604286792135,0.9998205954649301,0.9864667333170197,1.004624244535763,5.037231121114182,0.1004130224181055,10.075032786298054,0.9713827998481029,46.10348675627107,2.9980497495038287,0.197966417000225,5.192406942343921,12.065553220081146,298.37007340934747,0.7503278629805443,True,True,True,True,True,True,True,True
397,8,10,2,199.99604286792135,0.9998205954649301,0.9864667333170197,1.004624244535763,5.037231121114182,0.10053642996530952,10.052682239112409,1.0269464711008411,46.68692118131957,2.9997964630097806,0.1982683305031797,5.248314041764503,12.065553220081146,298.37007340934747,0.5268223911240888,True,True,True,True,True,True,True,True
398,8,10,3,199.99604286792135,0.9998205954649301,0.9864667333170197,1.004624244535763,5.037231121114182,0.10069923043022508,10.102474304928508,0.9958203161682748,46.58128710118546,2.9954817521863633,0.20606994625842903,5.358842107780852,12.065553220081146,298.37007340934747,1.0247430492850818,True,True,True,True,True,True,True,True
399,8,10,4,199.99604286792135,0.9998205954649301,0.9864667333170197,1.004624244535763,5.037231121114182,0.100171618479642,10.060186893946282,0.97869096335505,45.824664518978366,2.9990903530804633,0.2019815058602462,5.398214272714289,12.065553220081146,298.37007340934747,0.6018689394628218,True,True,True,True,True,True,True,True
400,8,10,5,199.99604286792135,0.9998205954649301,0.9864667333170197,1.004624244535763,5.037231121114182,0.10038803232954496,10.012766854137302,0.9550835896311194,46.85319556608394,2.9957399060238776,0.20354164044783327,5.297718793472829,12.065553220081146,298.37007340934747,0.12766854137302275,True,True,True,True,True,True,True,True
401,9,1,1,200.26537315933592,0.988005226072708,1.0065843880091185,0.999743099738765,4.992739961395837,0.10014586584343138,10.014882208507133,1.03475265028645,52.43069766280845,2.995114608246275,0.1907081160500948,4.928654272352326,11.991807410539558,300.20495466229494,0.148822085071334,True,True,True,True,True,True,True,True
402,9,1,2,200.26537315933592,0.988005226072708,1.0065843880091185,0.999743099738765,4.992739961395837,0.10074159602767657,10.068668319226822,1.016683125597946,53.31621612475967,3.0008114660029914,0.19334334318250912,4.794912125980741,11.991807410539558,300.20495466229494,0.686683192268216,True,True,True,True,True,True,True,True
403,9,1,3,200.26537315933592,0.988005226072708,1.0065843880091185,0.999743099738765,4.992739961395837,0.10077696504655591,10.050485797015648,0.9806777867925616,51.62076354259289,2.9997857646220885,0.1853984442895039,4.865833412628694,11.991807410539558,300.20495466229494,0.5048579701564826,True,True,True,True,True,True,True,True
404,9,1,4,200.26537315933592,0.988005226072708,1.0065843880091185,0.999743099738765,4.992739961395837,0.10105732557791876,10.070490232123536,0.9878627651400631,52.96258206625561,2.9991115802095987,0.18940888199272052,4.8669512279499125,11.991807410539558,300.20495466229494,0.7049023212353589,True,True,True,True,True,True,True,True
405,9,1,5,200.26537315933592,0.988005226072708,1.0065843880091185,0.999743099738765,4.992739961395837,0.100484090619859,10.075692549870581,0.9865445342395235,51.45734722439739,2.997239506994697,0.19142102070408262,4.772320303010289,11.991807410539558,300.20495466229494,0.7569254987058116,True,True,True,True,True,True,True,True
406,9,2,1,200.26537315933592,0.988005226072708,1.0065843880091185,0.999743099738765,4.992739961395837,0.10051166531632387,10.044099565884785,1.0095251811023418,50.58479172732143,2.9975524135006157,0.1901284263920527,4.917405571166506,11.991807410539558,300.20495466229494,0.44099565884785363,True,True,True,True,True,True,True,True
407,9,2,2,200.26537315933592,0.988005226072708,1.0065843880091185,0.999743099738765,4.992739961395837,0.10041134270222181,10.051110281051777,1.0092496742309702,50.997616279003864,3.0005655889196747,0.1860223255617269,4.692724458706044,11.991807410539558,300.20495466229494,0.5111028105177695,True,True,True,True,True,True,True,True
408,9,2,3,200.26537315933592,0.988005226072708,1.0065843880091185,0.999743099738765,4.992739961395837,0.10061535975761897,10.075883926655854,1.0079795855153781,52.812310633412736,3.002957892674165,0.1925111792957801,4.908215768918189,11.991807410539558,300.20495466229494,0.7588392665585353,True,True,True,True,True,True,True,True
409,9,2,4,200.26537315933592,0.988005226072708,1.0065843880091185,0.999743099738765,4.992739961395837,0.10086502765405488,10.11336266474896,0.9687342215870758,49.95910321436361,2.9993140182441618,0.18856590241289123,4.914155173792603,11.991807410539558,300.20495466229494,1.1336266474896028,True,True,True,True,True,True,True,True
410,9,2,5,200.26537315933592,0.988005226072708,1.0065843880091185,0.999743099738765,4.992739961395837,0.10114799907816421,10.135181342998305,0.9957262846366364,50.956974353053965,3.0010624728492035,0.1847351275641927,4.80355645317031,11.991807410539558,300.20495466229494,1.3518134299830464,True,True,True,True,True,True,True,True
411,9,3,1,200.26537315933592,0.988005226072708,1.0065843880091185,0.999743099738765,4.992739961395837,0.10046366251027451,10.065775358173068,0.9980637617566042,50.98958992287393,2.9971949067055492,0.19166776601703833,5.100124541911277,11.991807410539558,300.20495466229494,0.6577535817306845,True,True,True,True,True,True,True,True
412,9,3,2,200.26537315933592,0.988005226072708,1.0065843880091185,0.999743099738765,4.992739961395837,0.10033101170064777,10.01274490505051,1.0084795512793003,51.95082213031527,3.000809587267682,0.18725100470959893,4.992751364645084,11.991807410539558,300.20495466229494,0.12744905050510624,True,True,True,True,True,True,True,True
413,9,3,3,200.26537315933592,0.988005226072708,1.0065843880091185,0.999743099738765,4.992739961395837,0.10067433426283401,10.068553710054692,1.0182178194205975,51.425415788645125,2.9984299122327838,0.18545029734489105,4.75436925589148,11.991807410539558,300.20495466229494,0.6855371005469202,True,True,True,True,True,True,True,True
414,9,3,4,200.26537315933592,0.988005226072708,1.0065843880091185,0.999743099738765,4.992739961395837,0.10074868136809197,10.06098617859563,1.0169254344976917,51.85429109012019,2.9953951374687096,0.1876507319220306,4.709724610947441,11.991807410539558,300.20495466229494,0.6098617859563049,True,True,True,True,True,True,True,True
415,9,3,5,200.26537315933592,0.988005226072708,1.0065843880091185,0.999743099738765,4.992739961395837,0.10087286817893276,10.144957718747284,1.0215432048751196,52.31608539864784,3.000948127220035,0.18826337045562408,4.945642568461222,11.991807410539558,300.20495466229494,1.449577187472837,True,True,True,True,True,True,True,True
416,9,4,1,200.26537315933592,0.988005226072708,1.0065843880091185,0.999743099738765,4.992739961395837,0.10047631813898848,9.996129314484323,0.9672602293427787,51.55724630544732,2.9976695189952176,0.1897874054743796,4.644736656451829,11.991807410539558,300.20495466229494,-0.038706855156771525,True,True,True,True,True,True,True,True
417,9,4,2,200.26537315933592,0.988005226072708,1.0065843880091185,0.999743099738765,4.992739961395837,0.10042015583483821,10.05219283175627,1.0074186224974961,52.43910291341869,2.997765317852647,0.1869622537739877,4.861246873123449,11.991807410539558,300.20495466229494,0.5219283175627076,True,True,True,True,True,True,True,True
418,9,4,3,200.26537315933592,0.988005226072708,1.0065843880091185,0.999743099738765,4.992739961395837,0.10085845916262504,10.090905141468465,0.9745057379154398,52.50890855025611,2.9983206906350097,0.1836261616033,4.710778570159502,11.991807410539558,300.20495466229494,0.9090514146846473,True,True,True,True,True,True,True,True
419,9,4,4,200.26537315933592,0.988005226072708,1.0065843880091185,0.999743099738765,4.992739961395837,0.1006168253099261,10.072130813394423,0.9999009245591164,51.03510450162698,2.9968571130125334,0.19111373738824936,4.843021563256188,11.991807410539558,300.20495466229494,0.721308133944234,True,True,True,True,True,True,True,True
420,9,4,5,200.26537315933592,0.988005226072708,1.0065843880091185,0.999743099738765,4.992739961395837,0.10023041863387896,10.027365743043879,0.9818008769300387,50.273113101596756,2.9960073475899334,0.18337472593077062,5.0962336651329565,11.991807410539558,300.20495466229494,0.2736574304387851,True,True,True,True,True,True,True,True
421,9,5,1,200.26537315933592,0.988005226072708,1.0065843880091185,0.999743099738765,4.992739961395837,0.10065760235660788,10.094487042186916,0.9654392209427385,51.82918050224045,2.994727059820918,0.18900808871771202,4.904412348095281,11.991807410539558,300.20495466229494,0.9448704218691617,True,True,True,True,True,True,True,True
422,9,5,2,200.26537315933592,0.988005226072708,1.0065843880091185,0.999743099738765,4.992739961395837,0.10056739340214013,10.054467172457597,0.9957773760858856,50.362844233089135,3.0009015593728767,0.19264058613065235,4.807494047939781,11.991807410539558,300.20495466229494,0.5446717245759736,True,True,True,True,True,True,True,True
423,9,5,3,200.26537315933592,0.988005226072708,1.0065843880091185,0.999743099738765,4.992739961395837,0.10074918621082195,10.102341692496266,1.0052728933645692,51.102946737709914,2.9975424984617662,0.1850798283999444,4.8336520338382805,11.991807410539558,300.20495466229494,1.0234169249626568,True,True,True,True,True,True,True,True
424,9,5,4,200.26537315933592,0.988005226072708,1.0065843880091185,0.999743099738765,4.992739961395837,0.10098417333943893,10.068910945164166,0.977990905791543,51.72654422954845,2.9968079064833013,0.18584481819084295,5.052099670599928,11.991807410539558,300.20495466229494,0.6891094516416629,True,True,True,True,True,True,True,True
425,9,5,5,200.26537315933592,0.988005226072708,1.0065843880091185,0.999743099738765,4.992739961395837,0.10057103439035708,10.045381726943827,1.0077889022766962,52.710933657316716,2.999214559457989,0.1881517616707883,4.9224964283367285,11.991807410539558,300.20495466229494,0.45381726943826806,True,True,True,True,True,True,True,True
426,9,6,1,200.26537315933592,0.988005226072708,1.0065843880091185,0.999743099738765,4.992739961395837,0.10086170682787408,10.099824226508238,0.9816734374628255,51.910032272760084,2.9991847045785485,0.19242818198777953,4.727309419808581,11.991807410539558,300.20495466229494,0.9982422650823785,True,True,True,True,True,True,True,True
427,9,6,2,200.26537315933592,0.988005226072708,1.0065843880091185,0.999743099738765,4.992739961395837,0.10061462487893327,10.070179436064821,1.002605046456594,52.05541724666448,2.996534429176145,0.1939186530043544,5.114890537698229,11.991807410539558,300.20495466229494,0.7017943606482113,True,True,True,True,True,True,True,True
428,9,6,3,200.26537315933592,0.988005226072708,1.0065843880091185,0.999743099738765,4.992739961395837,0.1007840944548947,10.105285309084506,0.9834013033405425,52.70922131293427,2.997843742070467,0.1910673649899622,4.730261165226241,11.991807410539558,300.20495466229494,1.0528530908450584,True,True,True,True,True,True,True,True
429,9,6,4,200.26537315933592,0.988005226072708,1.0065843880091185,0.999743099738765,4.992739961395837,0.10058094401151642,10.065869526758942,1.0062129817121208,51.69524816235951,2.999499862133232,0.19421826134599926,5.01795328978067,11.991807410539558,300.20495466229494,0.6586952675894153,True,True,True,True,True,True,True,True
430,9,6,5,200.26537315933592,0.988005226072708,1.0065843880091185,0.999743099738765,4.992739961395837,0.10079751960688839,10.102204800947908,1.012862047559518,51.95796443802988,2.998542882822064,0.18863919630183942,4.964201169322221,11.991807410539558,300.20495466229494,1.0220480094790751,True,True,True,True,True,True,True,True
431,9,7,1,200.26537315933592,0.988005226072708,1.0065843880091185,0.999743099738765,4.992739961395837,0.10069204253938775,10.107072781719099,0.9999086671311054,51.81575848444406,3.0031682282007166,0.18731865725626842,4.723906883533607,11.991807410539558,300.20495466229494,1.0707278171909884,True,True,True,True,True,True,True,True
432,9,7,2,200.26537315933592,0.988005226072708,1.0065843880091185,0.999743099738765,4.992739961395837,0.10020883535427258,10.036133554583923,0.9707506190201819,50.92067088428993,2.9976014867246756,0.1904267197451013,4.744512716859618,11.991807410539558,300.20495466229494,0.361335545839232,True,True,True,True,True,True,True,True
433,9,7,3,200.26537315933592,0.988005226072708,1.0065843880091185,0.999743099738765,4.992739961395837,0.10094532081980055,10.141589097622143,0.9893762254736375,50.35548092372481,3.000749561344404,0.19252683899166284,4.781454650570599,11.991807410539558,300.20495466229494,1.41589097622143,True,True,True,True,True,True,True,True
434,9,7,4,200.26537315933592,0.988005226072708,1.0065843880091185,0.999743099738765,4.992739961395837,0.10097847764150618,10.0848817164077,1.059507865136158,53.25150536937837,2.995291303799686,0.19308543642897516,4.341253418856523,11.991807410539558,300.20495466229494,0.8488171640770047,True,True,True,True,True,True,True,True
435,9,7,5,200.26537315933592,0.988005226072708,1.0065843880091185,0.999743099738765,4.992739961395837,0.10016603782660624,10.037789602623404,1.000695544044694,51.995225870613844,2.998632334463046,0.1872423464142617,4.680233585551497,11.991807410539558,300.20495466229494,0.37789602623403695,True,True,True,True,True,True,True,True
436,9,8,1,200.26537315933592,0.988005226072708,1.0065843880091185,0.999743099738765,4.992739961395837,0.1006889045132304,10.073067941888192,1.023802575396684,51.45165356475116,2.9985204337304556,0.186758126770009,4.581104962675994,11.991807410539558,300.20495466229494,0.7306794188819232,True,True,True,True,True,True,True,True
437,9,8,2,200.26537315933592,0.988005226072708,1.0065843880091185,0.999743099738765,4.992739961395837,0.10049324604518502,10.057609672891374,0.9941837838786614,51.82174073699057,2.9993320634126417,0.1897439851870117,4.978742957971671,11.991807410539558,300.20495466229494,0.5760967289137398,True,True,True,True,True,True,True,True
438,9,8,3,200.26537315933592,0.988005226072708,1.0065843880091185,0.999743099738765,4.992739961395837,0.10055669555341437,10.070394602401546,1.0065679162688987,52.69062968091628,2.9987361697126027,0.1854268792296539,4.828881555384575,11.991807410539558,300.20495466229494,0.7039460240154582,True,True,True,True,True,True,True,True
439,9,8,4,200.26537315933592,0.988005226072708,1.0065843880091185,0.999743099738765,4.992739961395837,0.1008936997989226,10.13721666314282,0.9840074103064222,52.655113600625256,3.0021941488415815,0.19356751476127754,4.9310747389443055,11.991807410539558,300.20495466229494,1.3721666314281933,True,True,True,True,True,True,True,True
440,9,8,5,200.26537315933592,0.988005226072708,1.0065843880091185,0.999743099738765,4.992739961395837,0.10077012202548521,10.06356331485329,0.9692581152706377,51.347070551327896,2.9960707189030704,0.18908379130020747,4.965108797305087,11.991807410539558,300.20495466229494,0.6356331485329036,True,True,True,True,True,True,True,True
441,9,9,1,200.26537315933592,0.988005226072708,1.0065843880091185,0.999743099738765,4.992739961395837,0.10092608840887504,10.064410534419958,0.9640716612042363,52.75962661215584,2.9978734009215273,0.1889574275409767,5.101463518643954,11.991807410539558,300.20495466229494,0.644105344199577,True,True,True,True,True,True,True,True
442,9,9,2,200.26537315933592,0.988005226072708,1.0065843880091185,0.999743099738765,4.992739961395837,0.10080142722076554,10.055858077592879,1.0477914428457633,52.08054620212057,2.9973444108677647,0.19295957596320498,4.828241861910417,11.991807410539558,300.20495466229494,0.5585807759287853,True,True,True,True,True,True,True,True
443,9,9,3,200.26537315933592,0.988005226072708,1.0065843880091185,0.999743099738765,4.992739961395837,0.1007480482730497,10.085509298830907,1.0254188596934222,52.10802978656022,2.9969671935126447,0.1939628987853803,4.816286356360096,11.991807410539558,300.20495466229494,0.8550929883090674,True,True,True,True,True,True,True,True
444,9,9,4,200.26537315933592,0.988005226072708,1.0065843880091185,0.999743099738765,4.992739961395837,0.1006536144662852,10.053933285847021,1.011512483047599,51.533753068740836,2.99724630136758,0.19113978449684776,4.634541648313191,11.991807410539558,300.20495466229494,0.539332858470214,True,True,True,True,True,True,True,True
445,9,9,5,200.26537315933592,0.988005226072708,1.0065843880091185,0.999743099738765,4.992739961395837,0.10060717372299088,10.035409096578773,0.9362835376969483,51.27853639542236,3.0025453247277833,0.1948665423381226,4.892293584685206,11.991807410539558,300.20495466229494,0.35409096578773,True,True,True,True,True,True,True,True
446,9,10,1,200.26537315933592,0.988005226072708,1.0065843880091185,0.999743099738765,4.992739961395837,0.10019682938254784,9.979828729945607,1.0145759272451604,52.02862123823413,2.994244008244887,0.1916516512243416,5.109366329514001,11.991807410539558,300.20495466229494,-0.20171270054392562,True,True,True,True,True,True,True,True
447,9,10,2,200.26537315933592,0.988005226072708,1.0065843880091185,0.999743099738765,4.992739961395837,0.10058131905292571,10.03143196642379,0.964179894758138,51.66725635608616,2.9972251207598135,0.18747201807080233,5.105917422105485,11.991807410539558,300.20495466229494,0.31431966423790314,True,True,True,True,True,True,True,True
448,9,10,3,200.26537315933592,0.988005226072708,1.0065843880091185,0.999743099738765,4.992739961395837,0.10055565428553456,10.082717342026632,0.9883440098581213,51.84265055319707,3.00379432103378,0.1899103817549105,4.749800431909048,11.991807410539558,300.20495466229494,0.8271734202663161,True,True,True,True,True,True,True,True
449,9,10,4,200.26537315933592,0.988005226072708,1.0065843880091185,0.999743099738765,4.992739961395837,0.1006008550941193,10.06566115375949,0.9828257283595634,52.93434335203071,2.99755659766397,0.18829163977857388,5.033090854311372,11.991807410539558,300.20495466229494,0.6566115375949089,True,True,True,True,True,True,True,True
450,9,10,5,200.26537315933592,0.988005226072708,1.0065843880091185,0.999743099738765,4.992739961395837,0.10067225756640549,10.018394723702839,1.0028402958795937,52.076038265300376,2.9985650210535186,0.18653900203011423,4.858343743136657,11.991807410539558,300.20495466229494,0.1839472370283879,True,True,True,True,True,True,True,True
451,10,1,1,200.25472082776736,0.9999659771924809,1.007859815505156,0.9994927445831572,5.022993266106824,0.09909025173698738,9.909034818677256,0.9805785619590327,48.258675768326704,3.002685778796294,0.1956844166168029,4.398683180217838,12.053339092301961,298.67242366882317,-0.9096518132274412,True,True,True,True,True,True,True,True
452,10,1,2,200.25472082776736,0.9999659771924809,1.007859815505156,0.9994927445831572,5.022993266106824,0.09936405488072955,9.951793766080144,0.9811964193579344,48.49715934631596,3.0021851552256282,0.20055550056974322,4.427310311569206,12.053339092301961,298.67242366882317,-0.48206233919856345,True,True,True,True,True,True,True,True
453,10,1,3,200.25472082776736,0.9999659771924809,1.007859815505156,0.9994927445831572,5.022993266106824,0.09962824122073856,9.957270175401927,0.9972531286279834,48.6466603602145,3.004758009188503,0.20087941520182465,4.682669762880048,12.053339092301961,298.67242366882317,-0.4272982459807295,True,True,True,True,True,True,True,True
454,10,1,4,200.25472082776736,0.9999659771924809,1.007859815505156,0.9994927445831572,5.022993266106824,0.09942416427139501,9.880487761718157,0.9868476613472112,49.54274963066554,3.002170138025491,0.20577529275151185,4.534380434954356,12.053339092301961,298.67242366882317,-1.1951223828184254,True,True,True,True,True,True,True,True
455,10,1,5,200.25472082776736,0.9999659771924809,1.007859815505156,0.9994927445831572,5.022993266106824,0.09956191193532789,9.967452063913608,0.9802708959465821,48.18562229701394,3.0062323486280036,0.2031385577003645,4.668108778751475,12.053339092301961,298.67242366882317,-0.32547936086391616,True,True,True,True,True,True,True,True
456,10,2,1,200.25472082776736,0.9999659771924809,1.007859815505156,0.9994927445831572,5.022993266106824,0.09977554237352307,10.004835125839014,1.0018568733120654,47.08860685816179,3.005481981850594,0.20070428013188818,4.512734383749407,12.053339092301961,298.67242366882317,0.048351258390137986,True,True,True,True,True,True,True,True
457,10,2,2,200.25472082776736,0.9999659771924809,1.007859815505156,0.9994927445831572,5.022993266106824,0.0989525651577999,9.868884985897033,0.9599609761736354,49.558809921208976,3.0063489305452618,0.20066807380420063,4.400564634316457,12.053339092301961,298.67242366882317,-1.311150141029671,True,True,True,True,True,True,True,True
458,10,2,3,200.25472082776736,0.9999659771924809,1.007859815505156,0.9994927445831572,5.022993266106824,0.0992120286749836,9.940770445339824,0.9772631133835094,46.921829594265894,3.0018123284837257,0.20663319158277443,4.440589712659664,12.053339092301961,298.67242366882317,-0.5922955466017576,True,True,True,True,True,True,True,True
459,10,2,4,200.25472082776736,0.9999659771924809,1.007859815505156,0.9994927445831572,5.022993266106824,0.09945718979051414,9.919938288883262,1.004611072173148,49.27484421338227,3.0013498550658353,0.2044763804663407,4.341987835406092,12.053339092301961,298.67242366882317,-0.8006171111673765,True,True,True,True,True,True,True,True
460,10,2,5,200.25472082776736,0.9999659771924809,1.007859815505156,0.9994927445831572,5.022993266106824,0.09944829384225015,9.927848015166868,1.0360461348214867,48.043295418745835,3.000236115238683,0.19982467642712973,4.65322394253731,12.053339092301961,298.67242366882317,-0.7215198483313223,True,True,True,True,True,True,True,True
461,10,3,1,200.25472082776736,0.9999659771924809,1.007859815505156,0.9994927445831572,5.022993266106824,0.09905620311065373,9.915420436819769,1.0262613757496966,48.0790251221329,3.002345406140684,0.1988937861708792,4.464083424572331,12.053339092301961,298.67242366882317,-0.8457956318023107,True,True,True,True,True,True,True,True
462,10,3,2,200.25472082776736,0.9999659771924809,1.007859815505156,0.9994927445831572,5.022993266106824,0.09994758223466393,10.010555573338058,0.9830234811938745,48.03353979351648,3.0021316849142567,0.2091665968602846,4.639481059347313,12.053339092301961,298.67242366882317,0.10555573338058011,True,True,True,True,True,True,True,True
463,10,3,3,200.25472082776736,0.9999659771924809,1.007859815505156,0.9994927445831572,5.022993266106824,0.09916085467487627,9.93302336539357,1.0874180964174054,47.659175927924295,3.0041919450279795,0.20084815582352517,4.428639481687612,12.053339092301961,298.67242366882317,-0.6697663460643,True,True,True,True,True,True,True,True
464,10,3,4,200.25472082776736,0.9999659771924809,1.007859815505156,0.9994927445831572,5.022993266106824,0.09920586189746419,9.919825530471396,1.0133838464206757,48.403296508895856,3.004298903264996,0.19544420760053474,4.552185118759864,12.053339092301961,298.67242366882317,-0.8017446952860395,True,True,True,True,True,True,True,True
465,10,3,5,200.25472082776736,0.9999659771924809,1.007859815505156,0.9994927445831572,5.022993266106824,0.09931795492566238,9.907466649511752,0.995889517213252,49.292693343607304,3.0034948470192466,0.20346003527429576,4.523832764003416,12.053339092301961,298.67242366882317,-0.9253335048824773,True,True,True,True,True,True,True,True
466,10,4,1,200.25472082776736,0.9999659771924809,1.007859815505156,0.9994927445831572,5.022993266106824,0.09945477297606911,9.965083043658527,1.0226277716678513,47.8743779245881,3.002876230683163,0.1975539937173218,4.555612542514536,12.053339092301961,298.67242366882317,-0.34916956341472627,True,True,True,True,True,True,True,True
467,10,4,2,200.25472082776736,0.9999659771924809,1.007859815505156,0.9994927445831572,5.022993266106824,0.09894478956584245,9.919905653049636,0.9967339560591408,47.51582261638528,2.997326564639169,0.1967671781505716,4.376189232045799,12.053339092301961,298.67242366882317,-0.8009434695036433,True,True,True,True,True,True,True,True
468,10,4,3,200.25472082776736,0.9999659771924809,1.007859815505156,0.9994927445831572,5.022993266106824,0.09936354875228301,9.901672779677417,0.9991104579745334,47.85821205896845,3.002533483650264,0.20053586490468905,4.592460528287667,12.053339092301961,298.67242366882317,-0.9832722032258268,True,True,True,True,True,True,True,True
469,10,4,4,200.25472082776736,0.9999659771924809,1.007859815505156,0.9994927445831572,5.022993266106824,0.0989388069659955,9.917380048400771,1.0425908353377271,47.572264344644914,3.004486521597275,0.1991794587330987,4.674495292892861,12.053339092301961,298.67242366882317,-0.8261995159922897,True,True,True,True,True,True,True,True
470,10,4,5,200.25472082776736,0.9999659771924809,1.007859815505156,0.9994927445831572,5.022993266106824,0.09917946261460305,9.8702178214873,0.9716024001402053,47.40872640312642,3.0038209419893107,0.20707743746289736,4.6187840092015,12.053339092301961,298.67242366882317,-1.2978217851270024,True,True,True,True,True,True,True,True
471,10,5,1,200.25472082776736,0.9999659771924809,1.007859815505156,0.9994927445831572,5.022993266106824,0.09949517418456011,9.94916706184153,0.9831479498691066,49.5206073023158,3.0028963493372487,0.19789965263920825,4.498301532215101,12.053339092301961,298.67242366882317,-0.5083293815846979,True,True,True,True,True,True,True,True
472,10,5,2,200.25472082776736,0.9999659771924809,1.007859815505156,0.9994927445831572,5.022993266106824,0.09915897593971164,9.915131863119015,1.0503978285523703,47.37529623887912,3.005893958477919,0.2024297422964521,4.3920618230291595,12.053339092301961,298.67242366882317,-0.8486813688098495,True,True,True,True,True,True,True,True
473,10,5,3,200.25472082776736,0.9999659771924809,1.007859815505156,0.9994927445831572,5.022993266106824,0.09929991718530487,9.959877270815019,1.0220594127483398,47.92477283075572,3.001905107397107,0.19774576824182305,4.575316410295071,12.053339092301961,298.67242366882317,-0.40122729184981054,True,True,True,True,True,True,True,True
474,10,5,4,200.25472082776736,0.9999659771924809,1.007859815505156,0.9994927445831572,5.022993266106824,0.09951934600793187,9.959038341819243,0.9936361980556468,47.66278903230788,3.004860378317579,0.20111195724453063,4.453281900716937,12.053339092301961,298.67242366882317,-0.4096165818075726,True,True,True,True,True,True,True,True
475,10,5,5,200.25472082776736,0.9999659771924809,1.007859815505156,0.9994927445831572,5.022993266106824,0.09921428717196601,9.939789809271236,0.9777139917911227,49.31206544470133,3.001531363849839,0.20755892094247066,4.308531499067854,12.053339092301961,298.67242366882317,-0.6021019072876399,True,True,True,True,True,True,True,True
476,10,6,1,200.25472082776736,0.9999659771924809,1.007859815505156,0.9994927445831572,5.022993266106824,0.09936411383336935,9.95423960550275,1.0438751683539063,48.90682568852554,3.006843430410349,0.19650554325711175,4.445177527287678,12.053339092301961,298.67242366882317,-0.4576039449725044,True,True,True,True,True,True,True,True
477,10,6,2,200.25472082776736,0.9999659771924809,1.007859815505156,0.9994927445831572,5.022993266106824,0.099122393713274,9.922022105275033,0.9924626049828508,48.46115192133226,3.005243316845015,0.19286391918480364,4.555645060280212,12.053339092301961,298.67242366882317,-0.7797789472496675,True,True,True,True,True,True,True,True
478,10,6,3,200.25472082776736,0.9999659771924809,1.007859815505156,0.9994927445831572,5.022993266106824,0.09928943253851318,9.92160510855716,0.9941207832999344,48.02148723978786,3.0059879514222283,0.1981989256451496,4.397802610733247,12.053339092301961,298.67242366882317,-0.7839489144284072,True,True,True,True,True,True,True,True
479,10,6,4,200.25472082776736,0.9999659771924809,1.007859815505156,0.9994927445831572,5.022993266106824,0.09935416476510305,9.92718755742059,0.9737668215347228,49.56218912013594,3.0041120195678883,0.19914258628809237,4.685602358396018,12.053339092301961,298.67242366882317,-0.7281244257941033,True,True,True,True,True,True,True,True
480,10,6,5,200.25472082776736,0.9999659771924809,1.007859815505156,0.9994927445831572,5.022993266106824,0.09886581037540368,9.914549580441431,1.0074661956424262,47.90400564410229,3.0029507247610683,0.20334407039507826,4.685493347398538,12.053339092301961,298.67242366882317,-0.8545041955856902,True,True,True,True,True,True,True,True
481,10,7,1,200.25472082776736,0.9999659771924809,1.007859815505156,0.9994927445831572,5.022993266106824,0.09907063144489592,9.922944990470546,1.0324261556447722,47.72997352073384,3.0025532712932748,0.19706196397719422,4.656158107743022,12.053339092301961,298.67242366882317,-0.7705500952945421,True,True,True,True,True,True,True,True
482,10,7,2,200.25472082776736,0.9999659771924809,1.007859815505156,0.9994927445831572,5.022993266106824,0.09933413022723568,9.901071925970937,0.9871291578823786,47.68236287100843,3.005255270269081,0.20265822971754588,4.396942468224759,12.053339092301961,298.67242366882317,-0.9892807402906277,True,True,True,True,True,True,True,True
483,10,7,3,200.25472082776736,0.9999659771924809,1.007859815505156,0.9994927445831572,5.022993266106824,0.09927262301933218,9.955952553436923,0.9896019617991672,47.49761705783511,3.0068698762222734,0.1978026740810544,4.401458896292693,12.053339092301961,298.67242366882317,-0.44047446563077136,True,True,True,True,True,True,True,True
484,10,7,4,200.25472082776736,0.9999659771924809,1.007859815505156,0.9994927445831572,5.022993266106824,0.09919589895454164,9.909215891236443,1.0282680356859004,48.14373646641895,3.005112215503334,0.19457479887459214,4.7507636783599905,12.053339092301961,298.67242366882317,-0.9078410876355747,True,True,True,True,True,True,True,True
485,10,7,5,200.25472082776736,0.9999659771924809,1.007859815505156,0.9994927445831572,5.022993266106824,0.09900054743337847,9.88823513463117,1.0115326843026367,47.98576616818697,3.0011803100366485,0.2002686205148337,4.440062406831277,12.053339092301961,298.67242366882317,-1.117648653688299,True,True,True,True,True,True,True,True
486,10,8,1,200.25472082776736,0.9999659771924809,1.007859815505156,0.9994927445831572,5.022993266106824,0.09943938656977488,9.968188639114196,1.026351575922335,48.19873199766575,3.0080377476998463,0.2003144113809014,4.364557113981216,12.053339092301961,298.67242366882317,-0.31811360885804163,True,True,True,True,True,True,True,True
487,10,8,2,200.25472082776736,0.9999659771924809,1.007859815505156,0.9994927445831572,5.022993266106824,0.09968696599295096,10.003916145522831,1.030582876951157,47.38958797561983,3.0065285434595186,0.20061060612577614,4.614607842832414,12.053339092301961,298.67242366882317,0.03916145522831371,True,True,True,True,True,True,True,True
488,10,8,3,200.25472082776736,0.9999659771924809,1.007859815505156,0.9994927445831572,5.022993266106824,0.09905750012490337,9.91760735632493,1.000748869977829,47.790239040340175,3.0072993141023203,0.196741939222619,4.244070454200777,12.053339092301961,298.67242366882317,-0.8239264367506928,True,True,True,True,True,True,True,True
489,10,8,4,200.25472082776736,0.9999659771924809,1.007859815505156,0.9994927445831572,5.022993266106824,0.09943504284446192,9.962552740954829,1.009655086229569,48.138811005336784,3.0044869185197998,0.20736804196204311,4.662335063165208,12.053339092301961,298.67242366882317,-0.3744725904517132,True,True,True,True,True,True,True,True
490,10,8,5,200.25472082776736,0.9999659771924809,1.007859815505156,0.9994927445831572,5.022993266106824,0.09922515697511786,9.908210438294406,1.0216443475824337,47.803646118235264,3.0041523732192856,0.20072316825912456,4.729097689338661,12.053339092301961,298.67242366882317,-0.9178956170559438,True,True,True,True,True,True,True,True
491,10,9,1,200.25472082776736,0.9999659771924809,1.007859815505156,0.9994927445831572,5.022993266106824,0.09932272821207523,9.897049584618367,1.0446049178380392,47.45797906439665,3.005042308001134,0.20450331624768534,4.507540690570741,12.053339092301961,298.67242366882317,-1.0295041538163296,True,True,True,True,True,True,True,True
492,10,9,2,200.25472082776736,0.9999659771924809,1.007859815505156,0.9994927445831572,5.022993266106824,0.09935779430517017,9.980461835000167,0.9697175555138189,48.26908126337931,3.0078098753363216,0.20251965669050695,4.563168159405367,12.053339092301961,298.67242366882317,-0.19538164999833182,True,True,True,True,True,True,True,True
493,10,9,3,200.25472082776736,0.9999659771924809,1.007859815505156,0.9994927445831572,5.022993266106824,0.09915315615237645,9.895783051745786,0.9966783769578108,48.638652046053046,3.0050338901731295,0.2011107970223108,4.5552170029554375,12.053339092301961,298.67242366882317,-1.042169482542139,True,True,True,True,True,True,True,True
494,10,9,4,200.25472082776736,0.9999659771924809,1.007859815505156,0.9994927445831572,5.022993266106824,0.0993793283041664,9.929742997175019,1.0273566777659717,48.67643981672272,3.002984990939284,0.20110518721460452,4.436197689035749,12.053339092301961,298.67242366882317,-0.7025700282498093,True,True,True,True,True,True,True,True
495,10,9,5,200.25472082776736,0.9999659771924809,1.007859815505156,0.9994927445831572,5.022993266106824,0.099306315019541,9.96891097356372,0.9821560838113497,48.006594254123684,3.0018656608459824,0.19907333485870696,4.64606819943055,12.053339092301961,298.67242366882317,-0.3108902643628042,True,True,True,True,True,True,True,True
496,10,10,1,200.25472082776736,0.9999659771924809,1.007859815505156,0.9994927445831572,5.022993266106824,0.09926092242010981,9.949618340348767,0.9941400974852354,47.65250298387994,3.005986758519506,0.20087535568475776,4.490889405308104,12.053339092301961,298.67242366882317,-0.5038165965123298,True,True,True,True,True,True,True,True
497,10,10,2,200.25472082776736,0.9999659771924809,1.007859815505156,0.9994927445831572,5.022993266106824,0.09912259781334108,9.90218431991924,0.9948691520416256,49.00793987949253,3.0063181032250204,0.20033955370893877,4.685255766671801,12.053339092301961,298.67242366882317,-0.9781568008076036,True,True,True,True,True,True,True,True
498,10,10,3,200.25472082776736,0.9999659771924809,1.007859815505156,0.9994927445831572,5.022993266106824,0.09861859892338921,9.907594479390157,1.0229237610736341,47.84687189825483,3.0056733261651356,0.20003942139891298,4.427124519414036,12.053339092301961,298.67242366882317,-0.9240552060984264,True,True,True,True,True,True,True,True
499,10,10,4,200.25472082776736,0.9999659771924809,1.007859815505156,0.9994927445831572,5.022993266106824,0.09921598791036167,9.934701886955187,1.0019923632955996,48.59267009766433,3.005213098882049,0.20109089862418975,4.624844107137903,12.053339092301961,298.67242366882317,-0.6529811304481292,True,True,True,True,True,True,True,True
500,10,10,5,200.25472082776736,0.9999659771924809,1.007859815505156,0.9994927445831572,5.022993266106824,0.0995947377404134,9.991355226663453,0.9886416046710722,48.11550881687036,3.003677822578039,0.20205822055876366,4.874610275100012,12.053339092301961,298.67242366882317,-0.08644773336547118,True,True,True,True,True,True,True,True
501,11,1,1,200.07521561948593,1.000835047730277,1.0078792127690026,1.0155015140719672,5.0265174155962615,0.1001388146628534,9.976992852974737,1.0107330594468353,50.58383913781831,2.9970590028396273,0.21289930206498842,5.165307913051197,12.076415558033492,298.1016993577372,-0.2300714702526285,True,True,True,True,True,True,True,True
502,11,1,2,200.07521561948593,1.000835047730277,1.0078792127690026,1.0155015140719672,5.0265174155962615,0.09991583943385965,10.023861927351053,0.9386119212057082,50.06130421630136,2.9965170491591167,0.21453592437616947,5.009114480436704,12.076415558033492,298.1016993577372,0.2386192735105297,True,True,True,True,True,True,True,True
503,11,1,3,200.07521561948593,1.000835047730277,1.0078792127690026,1.0155015140719672,5.0265174155962615,0.10002844255529274,9.993747383752575,0.9723235905428819,51.15609856907773,3.003208043877844,0.21010656074074227,4.972975307133162,12.076415558033492,298.1016993577372,-0.0625261624742457,True,True,True,True,True,True,True,True
504,11,1,4,200.07521561948593,1.000835047730277,1.0078792127690026,1.0155015140719672,5.0265174155962615,0.09982989766432634,9.996688443823647,1.010920603496424,50.70441382035567,3.003606526671857,0.2146483521023296,5.338337649468854,12.076415558033492,298.1016993577372,-0.033115561763530366,True,True,True,True,True,True,True,True
505,11,1,5,200.07521561948593,1.000835047730277,1.0078792127690026,1.0155015140719672,5.0265174155962615,0.10035644856320323,10.055918663293117,0.9861694919776772,49.55736742646071,3.000702962888453,0.2143522426226075,5.305111945280433,12.076415558033492,298.1016993577372,0.5591866329311657,True,True,True,True,True,True,True,True
506,11,2,1,200.07521561948593,1.000835047730277,1.0078792127690026,1.0155015140719672,5.0265174155962615,0.09998007527855647,9.996425514460435,1.0078700139479178,49.34149509270855,3.005100503976442,0.2138023732657062,5.301279006951229,12.076415558033492,298.1016993577372,-0.0357448553956452,True,True,True,True,True,True,True,True
507,11,2,2,200.07521561948593,1.000835047730277,1.0078792127690026,1.0155015140719672,5.0265174155962615,0.09938723868785113,9.955503345653675,0.9695494155646494,49.51597303439594,3.000316642897432,0.21805978009437746,5.001424981450623,12.076415558033492,298.1016993577372,-0.4449665434632521,True,True,True,True,True,True,True,True
508,11,2,3,200.07521561948593,1.000835047730277,1.0078792127690026,1.0155015140719672,5.0265174155962615,0.10022377292027937,10.059766917303588,0.9822105703554427,49.736578184119544,2.998379180821204,0.20924931628012408,5.315401294504484,12.076415558033492,298.1016993577372,0.5976691730358752,True,True,True,True,True,True,True,True
509,11,2,4,200.07521561948593,1.000835047730277,1.0078792127690026,1.0155015140719672,5.0265174155962615,0.09999734778952932,9.970874637808722,0.9475530418207816,50.38350560739586,3.002477691985261,0.21656912184259466,5.18506660080563,12.076415558033492,298.1016993577372,-0.2912536219127837,True,True,True,True,True,True,True,True
510,11,2,5,200.07521561948593,1.000835047730277,1.0078792127690026,1.0155015140719672,5.0265174155962615,0.09998655332146311,9.94989998361054,0.9752087198281141,50.110270823384404,2.999996907287076,0.20928915143498714,5.074179705146199,12.076415558033492,298.1016993577372,-0.5010001638945916,True,True,True,True,True,True,True,True
511,11,3,1,200.07521561948593,1.000835047730277,1.0078792127690026,1.0155015140719672,5.0265174155962615,0.09998611860009182,9.939267985224605,0.9726224718674732,50.93003051698392,3.0001625961468936,0.21644462356772767,5.041019378015181,12.076415558033492,298.1016993577372,-0.6073201477539492,True,True,True,True,True,True,True,True
512,11,3,2,200.07521561948593,1.000835047730277,1.0078792127690026,1.0155015140719672,5.0265174155962615,0.09974547433840668,9.933335604565471,1.0126923650571373,50.66857525636458,3.0006369476505705,0.21027625143572606,5.333353555740451,12.076415558033492,298.1016993577372,-0.6666439543452896,True,True,True,True,True,True,True,True
513,11,3,3,200.07521561948593,1.000835047730277,1.0078792127690026,1.0155015140719672,5.0265174155962615,0.10001470796863732,10.021873233046101,1.0301467730940168,51.732984799903996,2.9984779982465968,0.21289420691181515,5.004097786494839,12.076415558033492,298.1016993577372,0.21873233046100896,True,True,True,True,True,True,True,True
514,11,3,4,200.07521561948593,1.000835047730277,1.0078792127690026,1.0155015140719672,5.0265174155962615,0.09938406973771985,9.928967206327533,0.9538735596449958,51.15602907975666,3.0016552141382733,0.2142455011623177,4.845639148979623,12.076415558033492,298.1016993577372,-0.7103279367246706,True,True,True,True,True,True,True,True
515,11,3,5,200.07521561948593,1.000835047730277,1.0078792127690026,1.0155015140719672,5.0265174155962615,0.0997821256992019,10.009353440154795,0.961508726035316,49.25607535378897,2.9997679706998928,0.21298683072292007,5.268348717888328,12.076415558033492,298.1016993577372,0.09353440154795223,True,True,True,True,True,True,True,True
516,11,4,1,200.07521561948593,1.000835047730277,1.0078792127690026,1.0155015140719672,5.0265174155962615,0.09983398072226683,9.96399900970313,0.9953311474575104,49.81710669710293,2.9997297256188062,0.21453619981242444,5.294866197185853,12.076415558033492,298.1016993577372,-0.3600099029686987,True,True,True,True,True,True,True,True
517,11,4,2,200.07521561948593,1.000835047730277,1.0078792127690026,1.0155015140719672,5.0265174155962615,0.09998877784417967,9.97514189286262,0.9969564030694809,50.91194376277373,3.0016184607894445,0.21209210623616215,5.138216517950709,12.076415558033492,298.1016993577372,-0.24858107137379903,True,True,True,True,True,True,True,True
518,11,4,3,200.07521561948593,1.000835047730277,1.0078792127690026,1.0155015140719672,5.0265174155962615,0.0998804363398457,10.013013720980203,0.9536607144108301,50.50908524051833,3.001256469092023,0.2119485384895259,5.146442091032569,12.076415558033492,298.1016993577372,0.13013720980202592,True,True,True,True,True,True,True,True
519,11,4,4,200.07521561948593,1.000835047730277,1.0078792127690026,1.0155015140719672,5.0265174155962615,0.09957763150269756,9.947731528678101,0.9529975017849817,49.02815079048491,3.0019515192371777,0.21659502206379322,5.053987740549439,12.076415558033492,298.1016993577372,-0.522684713218986,True,True,True,True,True,True,True,True
520,11,4,5,200.07521561948593,1.000835047730277,1.0078792127690026,1.0155015140719672,5.0265174155962615,0.0998534709863141,9.997261160088948,1.0102938209706331,50.83068584104661,3.0009822898706258,0.20893160691191634,5.068327632878956,12.076415558033492,298.1016993577372,-0.02738839911051727,True,True,True,True,True,True,True,True
521,11,5,1,200.07521561948593,1.000835047730277,1.0078792127690026,1.0155015140719672,5.0265174155962615,0.1001556596767563,10.038049700630424,1.0004482350779036,50.52637974183357,2.9974433848410773,0.21269508946404533,5.179111897029965,12.076415558033492,298.1016993577372,0.380497006304239,True,True,True,True,True,True,True,True
522,11,5,2,200.07521561948593,1.000835047730277,1.0078792127690026,1.0155015140719672,5.0265174155962615,0.10021104436858208,10.043500082943648,1.0115599411657026,50.56221326368895,2.9991843079077767,0.21188114401562338,4.969341187473265,12.076415558033492,298.1016993577372,0.43500082943648266,True,True,True,True,True,True,True,True
523,11,5,3,200.07521561948593,1.000835047730277,1.0078792127690026,1.0155015140719672,5.0265174155962615,0.09940614243805164,9.915063990670376,0.9632375058393179,50.29875862649654,2.997019503785468,0.21111482147978577,5.085813382901451,12.076415558033492,298.1016993577372,-0.849360093296241,True,True,True,True,True,True,True,True
524,11,5,4,200.07521561948593,1.000835047730277,1.0078792127690026,1.0155015140719672,5.0265174155962615,0.10000950743533174,9.990617904677926,0.9927366076300312,50.528065087370756,2.9977108209966072,0.21812326642491295,4.752324749448407,12.076415558033492,298.1016993577372,-0.09382095322074235,True,True,True,True,True,True,True,True
525,11,5,5,200.07521561948593,1.000835047730277,1.0078792127690026,1.0155015140719672,5.0265174155962615,0.09934454980853066,9.936942357976688,0.9525122148927325,49.836519876003926,3.0003832749445065,0.21753781170755787,5.094404110803021,12.076415558033492,298.1016993577372,-0.6305764202331154,True,True,True,True,True,True,True,True
526,11,6,1,200.07521561948593,1.000835047730277,1.0078792127690026,1.0155015140719672,5.0265174155962615,0.09952430168201895,9.957648999463576,1.0149974485571218,50.56545473699164,3.004728797068281,0.2115801009562636,5.013696205881789,12.076415558033492,298.1016993577372,-0.42351000536424266,True,True,True,True,True,True,True,True
527,11,6,2,200.07521561948593,1.000835047730277,1.0078792127690026,1.0155015140719672,5.0265174155962615,0.10003818148464888,10.016882180896554,0.9862779849049231,49.25143748744476,2.9982528446629466,0.21606139781076256,5.122719120660465,12.076415558033492,298.1016993577372,0.16882180896553578,True,True,True,True,True,True,True,True
528,11,6,3,200.07521561948593,1.000835047730277,1.0078792127690026,1.0155015140719672,5.0265174155962615,0.09983920667112318,9.9638333957944,0.9243800603461738,51.672712610796964,3.000628253734634,0.21111103785554367,5.016521420198745,12.076415558033492,298.1016993577372,-0.36166604205600805,True,True,True,True,True,True,True,True
529,11,6,4,200.07521561948593,1.000835047730277,1.0078792127690026,1.0155015140719672,5.0265174155962615,0.09984744519163173,9.97331937093588,0.9987853846733036,49.21306901010238,3.00000881848538,0.2156716396561718,5.149756536118734,12.076415558033492,298.1016993577372,-0.2668062906412061,True,True,True,True,True,True,True,True
530,11,6,5,200.07521561948593,1.000835047730277,1.0078792127690026,1.0155015140719672,5.0265174155962615,0.09988686766053594,9.992626955900622,0.9788424160079148,50.339563284974595,2.99797910148777,0.21185736096464644,5.156766186030539,12.076415558033492,298.1016993577372,-0.07373044099377779,True,True,True,True,True,True,True,True
531,11,7,1,200.07521561948593,1.000835047730277,1.0078792127690026,1.0155015140719672,5.0265174155962615,0.09934931397283571,9.958842543776953,0.9764396685482866,50.29257164602704,2.9981830964594796,0.20976428058103502,5.01138732579701,12.076415558033492,298.1016993577372,-0.41157456223047006,True,True,True,True,True,True,True,True
532,11,7,2,200.07521561948593,1.000835047730277,1.0078792127690026,1.0155015140719672,5.0265174155962615,0.09961828276507705,9.961299032065885,0.9801620480659698,52.34869231750099,2.992960162325901,0.21836640798215226,4.921163726040446,12.076415558033492,298.1016993577372,-0.3870096793411548,True,True,True,True,True,True,True,True
533,11,7,3,200.07521561948593,1.000835047730277,1.0078792127690026,1.0155015140719672,5.0265174155962615,0.10028312554621586,10.044241295663525,0.9524438396325534,50.02541937198149,3.0000722450314057,0.2103716010450758,5.176887895283627,12.076415558033492,298.1016993577372,0.44241295663525193,True,True,True,True,True,True,True,True
534,11,7,4,200.07521561948593,1.000835047730277,1.0078792127690026,1.0155015140719672,5.0265174155962615,0.09994814533304763,10.017253033183161,0.9696652710462292,48.83676679726873,2.997505828274483,0.21374707041605853,5.00163224851855,12.076415558033492,298.1016993577372,0.17253033183161293,True,True,True,True,True,True,True,True
535,11,7,5,200.07521561948593,1.000835047730277,1.0078792127690026,1.0155015140719672,5.0265174155962615,0.09969713040066282,10.012196309944986,0.9949430448455614,51.32656333100378,2.9964278878150696,0.21194817742740216,5.046411868635751,12.076415558033492,298.1016993577372,0.12196309944986437,True,True,True,True,True,True,True,True
536,11,8,1,200.07521561948593,1.000835047730277,1.0078792127690026,1.0155015140719672,5.0265174155962615,0.10009479949064552,10.007448675483886,0.982340387739237,49.51072365746738,2.9969499397729855,0.21396288000694735,5.448024363122315,12.076415558033492,298.1016993577372,0.07448675483885836,True,True,True,True,True,True,True,True
537,11,8,2,200.07521561948593,1.000835047730277,1.0078792127690026,1.0155015140719672,5.0265174155962615,0.09931377574936985,9.9690841079516,1.031560605199126,50.998115527126295,2.997316042918306,0.21653710539900953,5.102093272392161,12.076415558033492,298.1016993577372,-0.3091589204839984,True,True,True,True,True,True,True,True
538,11,8,3,200.07521561948593,1.000835047730277,1.0078792127690026,1.0155015140719672,5.0265174155962615,0.09950245585931648,9.924006794125507,0.9325233324500621,48.692653107720034,2.999539417801555,0.21460297257114708,4.990604230959547,12.076415558033492,298.1016993577372,-0.7599320587449299,True,True,True,True,True,True,True,True
539,11,8,4,200.07521561948593,1.000835047730277,1.0078792127690026,1.0155015140719672,5.0265174155962615,0.09956596576717706,9.946596801753437,0.9700773292566791,50.61861113615201,3.00316839815703,0.21087592589486956,5.220600625440033,12.076415558033492,298.1016993577372,-0.5340319824656348,True,True,True,True,True,True,True,True
540,11,8,5,200.07521561948593,1.000835047730277,1.0078792127690026,1.0155015140719672,5.0265174155962615,0.09962549379873274,9.968664294716353,0.9737612548686172,50.564509097448685,2.9969148360594455,0.2114280476050953,5.332826966216523,12.076415558033492,298.1016993577372,-0.3133570528364693,True,True,True,True,True,True,True,True
541,11,9,1,200.07521561948593,1.000835047730277,1.0078792127690026,1.0155015140719672,5.0265174155962615,0.09981859357450369,10.015930774065781,0.9570079727213077,51.38664914405941,3.0014989133139443,0.2129187351721853,4.948193763737603,12.076415558033492,298.1016993577372,0.1593077406578125,True,True,True,True,True,True,True,True
542,11,9,2,200.07521561948593,1.000835047730277,1.0078792127690026,1.0155015140719672,5.0265174155962615,0.10025287934004892,10.019042130228323,0.974421199905783,51.24849920369582,3.0038748099091332,0.21620163823782668,5.096780996920114,12.076415558033492,298.1016993577372,0.19042130228323018,True,True,True,True,True,True,True,True
543,11,9,3,200.07521561948593,1.000835047730277,1.0078792127690026,1.0155015140719672,5.0265174155962615,0.0996693632332414,9.95226560430245,0.9795196764841407,50.595450109651885,3.0012490455155754,0.21198488274875366,4.926464855122753,12.076415558033492,298.1016993577372,-0.4773439569754956,True,True,True,True,True,True,True,True
544,11,9,4,200.07521561948593,1.000835047730277,1.0078792127690026,1.0155015140719672,5.0265174155962615,0.09998389549343424,9.945139604211374,0.9689023983073572,51.499582639019785,2.9962835923444735,0.21212879627698566,5.348735102191237,12.076415558033492,298.1016993577372,-0.5486039578862645,True,True,True,True,True,True,True,True
545,11,9,5,200.07521561948593,1.000835047730277,1.0078792127690026,1.0155015140719672,5.0265174155962615,0.09971251951540284,10.002082570578523,1.0291591566389655,50.14421686893778,2.9990673690050333,0.21414848382840218,5.040527253904591,12.076415558033492,298.1016993577372,0.02082570578522791,True,True,True,True,True,True,True,True
546,11,10,1,200.07521561948593,1.000835047730277,1.0078792127690026,1.0155015140719672,5.0265174155962615,0.09983028412091363,9.980400409386272,1.0130118215613877,50.876601429261626,2.9993002921175567,0.21847071482413855,5.213124105507299,12.076415558033492,298.1016993577372,-0.19599590613728068,True,True,True,True,True,True,True,True
547,11,10,2,200.07521561948593,1.000835047730277,1.0078792127690026,1.0155015140719672,5.0265174155962615,0.09956583239965915,9.976299814301413,1.0106139317375253,51.17532052007959,2.998430904872117,0.21552102800941778,5.466038927266498,12.076415558033492,298.1016993577372,-0.2370018569858701,True,True,True,True,True,True,True,True
548,11,10,3,200.07521561948593,1.000835047730277,1.0078792127690026,1.0155015140719672,5.0265174155962615,0.10002814391430968,10.018042753961367,0.9492630627294266,51.23303523109072,2.998531919991486,0.2142966029746968,5.141480843587262,12.076415558033492,298.1016993577372,0.18042753961367453,True,True,True,True,True,True,True,True
549,11,10,4,200.07521561948593,1.000835047730277,1.0078792127690026,1.0155015140719672,5.0265174155962615,0.09959715136818334,9.956356025081174,0.9377956351408641,50.307674540231524,3.000950420302635,0.21425208583574945,4.781008609851509,12.076415558033492,298.1016993577372,-0.4364397491882599,True,True,True,True,True,True,True,True
550,11,10,5,200.07521561948593,1.000835047730277,1.0078792127690026,1.0155015140719672,5.0265174155962615,0.09942168869778041,9.918748878535265,1.0092024519751737,51.353959995606665,2.9991523492641625,0.21951068313116823,5.0745465442176565,12.076415558033492,298.1016993577372,-0.8125112146473512,True,True,True,True,True,True,True,True
551,12,1,1,200.18747207592742,1.0016070767330167,0.9967915661500503,1.0059679386022522,5.003020503291365,0.10118589774578042,10.1115370888974,1.024071350339797,53.0020838894793,2.9968455472016804,0.19489523188169514,4.67845067503692,12.008800511335032,299.78014845046204,1.1153708889739988,True,True,True,True,True,True,True,True
552,12,1,2,200.18747207592742,1.0016070767330167,0.9967915661500503,1.0059679386022522,5.003020503291365,0.10073073818833579,10.061688241753243,0.9995308735261179,49.8129766293938,2.9990398723374194,0.18296123038749923,4.4815736059518985,12.008800511335032,299.78014845046204,0.6168824175324339,True,True,True,True,True,True,True,True
553,12,1,3,200.18747207592742,1.0016070767330167,0.9967915661500503,1.0059679386022522,5.003020503291365,0.10086892622969516,10.129522093746889,0.9397512723412749,51.43876078606172,2.999345830550466,0.1910576392688982,4.583851732148223,12.008800511335032,299.78014845046204,1.2952209374688906,True,True,True,True,True,True,True,True
554,12,1,4,200.18747207592742,1.0016070767330167,0.9967915661500503,1.0059679386022522,5.003020503291365,0.10097818938763208,10.095484633357826,1.0072486876759617,52.27768594443364,3.004428832709493,0.1877324786294133,4.838469177867526,12.008800511335032,299.78014845046204,0.9548463335782565,True,True,True,True,True,True,True,True
555,12,1,5,200.18747207592742,1.0016070767330167,0.9967915661500503,1.0059679386022522,5.003020503291365,0.10086448997332428,10.07843788726719,1.0194639108014492,52.172451775771826,3.001789937979468,0.19181715014119305,4.644437627966987,12.008800511335032,299.78014845046204,0.7843788726719046,True,True,True,True,True,True,True,True
556,12,2,1,200.18747207592742,1.0016070767330167,0.9967915661500503,1.0059679386022522,5.003020503291365,0.10063158919790655,10.041763680314428,1.0107484962151576,51.27230398011177,2.9996777947961313,0.18927886507283803,4.782197077991816,12.008800511335032,299.78014845046204,0.4176368031442834,True,True,True,True,True,True,True,True
557,12,2,2,200.18747207592742,1.0016070767330167,0.9967915661500503,1.0059679386022522,5.003020503291365,0.10118862750156497,10.119066918890425,0.9791012948965139,50.28430688294107,3.000488466203965,0.19217741002733074,4.5577836873612005,12.008800511335032,299.78014845046204,1.190669188904252,True,True,True,True,True,True,True,True
558,12,2,3,200.18747207592742,1.0016070767330167,0.9967915661500503,1.0059679386022522,5.003020503291365,0.10063884549666786,10.071574429561531,0.9382582892065607,51.54179216894046,3.0001147959446435,0.18890820404169242,4.514877503552326,12.008800511335032,299.78014845046204,0.7157442956153126,True,True,True,True,True,True,True,True
559,12,2,4,200.18747207592742,1.0016070767330167,0.9967915661500503,1.0059679386022522,5.003020503291365,0.10110722335689794,10.101160750339373,0.9828639590042803,52.145711310574434,3.002975275032962,0.19038136279984436,4.737158565997351,12.008800511335032,299.78014845046204,1.01160750339373,True,True,True,True,True,True,True,True
560,12,2,5,200.18747207592742,1.0016070767330167,0.9967915661500503,1.0059679386022522,5.003020503291365,0.10125399550241303,10.082792661256402,1.0009431552304802,50.91279774656785,3.0022969835291247,0.185223123422461,4.38312482048911,12.008800511335032,299.78014845046204,0.8279266125640206,True,True,True,True,True,True,True,True
561,12,3,1,200.18747207592742,1.0016070767330167,0.9967915661500503,1.0059679386022522,5.003020503291365,0.10061511460726964,10.06976974538806,1.0075379073170296,50.76387797890418,3.0009368613957554,0.19587072558641921,4.454663898532365,12.008800511335032,299.78014845046204,0.6976974538805969,True,True,True,True,True,True,True,True
562,12,3,2,200.18747207592742,1.0016070767330167,0.9967915661500503,1.0059679386022522,5.003020503291365,0.10098698879301635,10.14428911714003,0.9696717104471654,50.93733665616998,2.999327330123021,0.19301097579596785,5.038371006962998,12.008800511335032,299.78014845046204,1.4428911714002979,True,True,True,True,True,True,True,True
563,12,3,3,200.18747207592742,1.0016070767330167,0.9967915661500503,1.0059679386022522,5.003020503291365,0.10114401474844711,10.09712197687616,0.9877746299812663,50.33575480166619,2.999654794219626,0.19139024346095115,4.698878876355203,12.008800511335032,299.78014845046204,0.9712197687615998,True,True,True,True,True,True,True,True
564,12,3,4,200.18747207592742,1.0016070767330167,0.9967915661500503,1.0059679386022522,5.003020503291365,0.10080661707218348,10.08004842108918,0.9962675835438046,51.5093328273302,2.9980102109094733,0.19025368983310778,4.454904909108599,12.008800511335032,299.78014845046204,0.800484210891792,True,True,True,True,True,True,True,True
565,12,3,5,200.18747207592742,1.0016070767330167,0.9967915661500503,1.0059679386022522,5.003020503291365,0.101018368678449,10.130113082813764,0.9801047126890025,52.28478114258467,3.005965891478847,0.1901353114725808,4.85275669081565,12.008800511335032,299.78014845046204,1.3011308281376444,True,True,True,True,True,True,True,True
566,12,4,1,200.18747207592742,1.0016070767330167,0.9967915661500503,1.0059679386022522,5.003020503291365,0.10096656790824508,10.086135428926134,0.9869571642898735,50.385047976509604,3.001571912076791,0.18850832265591433,4.532692408250129,12.008800511335032,299.78014845046204,0.8613542892613424,True,True,True,True,True,True,True,True
567,12,4,2,200.18747207592742,1.0016070767330167,0.9967915661500503,1.0059679386022522,5.003020503291365,0.10087985541067308,10.136287683866492,0.9854662122335949,50.59484332185953,3.001724817624541,0.18383413023577286,4.706280674247121,12.008800511335032,299.78014845046204,1.362876838664917,True,True,True,True,True,True,True,True
568,12,4,3,200.18747207592742,1.0016070767330167,0.9967915661500503,1.0059679386022522,5.003020503291365,0.10078218263541817,10.084265622883624,0.9677955617777595,51.38330201443244,2.999386739562096,0.18904435776603606,4.457192324708582,12.008800511335032,299.78014845046204,0.8426562288362406,True,True,True,True,True,True,True,True
569,12,4,4,200.18747207592742,1.0016070767330167,0.9967915661500503,1.0059679386022522,5.003020503291365,0.10128502885434297,10.13348973228216,0.9935121384343513,52.13507114604109,3.001712385146418,0.18834790862766326,4.628472853941095,12.008800511335032,299.78014845046204,1.3348973228215932,True,True,True,True,True,True,True,True
570,12,4,5,200.18747207592742,1.0016070767330167,0.9967915661500503,1.0059679386022522,5.003020503291365,0.10086588011102048,10.101580451034355,0.976384980708708,52.995247154819886,3.0012364025252882,0.19324885646157774,4.680903235423096,12.008800511335032,299.78014845046204,1.0158045103435498,True,True,True,True,True,True,True,True
571,12,5,1,200.18747207592742,1.0016070767330167,0.9967915661500503,1.0059679386022522,5.003020503291365,0.10100757847087541,10.107223627178314,0.9372160982872265,50.41604259808882,3.004067724944754,0.1903712510964499,4.103820218079986,12.008800511335032,299.78014845046204,1.0722362717831402,True,True,True,True,True,True,True,True
572,12,5,2,200.18747207592742,1.0016070767330167,0.9967915661500503,1.0059679386022522,5.003020503291365,0.10106473717112328,10.143759014094728,1.017281019738341,50.92861031854328,3.0001765894089845,0.18923176355255264,4.775264270366621,12.008800511335032,299.78014845046204,1.4375901409472824,True,True,True,True,True,True,True,True
573,12,5,3,200.18747207592742,1.0016070767330167,0.9967915661500503,1.0059679386022522,5.003020503291365,0.10127711741487423,10.12875259230107,0.9408614888160072,52.62058903356514,2.9995692219455927,0.185680080941684,4.699530296572455,12.008800511335032,299.78014845046204,1.2875259230107083,True,True,True,True,True,True,True,True
574,12,5,4,200.18747207592742,1.0016070767330167,0.9967915661500503,1.0059679386022522,5.003020503291365,0.1010031477254916,10.070626339643175,1.0347246827388923,53.431766465015144,3.0002449253417813,0.19034658177598962,4.774326368002134,12.008800511335032,299.78014845046204,0.7062633964317477,True,True,True,True,True,True,True,True
575,12,5,5,200.18747207592742,1.0016070767330167,0.9967915661500503,1.0059679386022522,5.003020503291365,0.10141544845359211,10.133334163949058,0.9385318057618569,50.90189969362145,2.9997254521208285,0.19015248245005836,4.561362419982764,12.008800511335032,299.78014845046204,1.333341639490584,True,True,True,True,True,True,True,True
576,12,6,1,200.18747207592742,1.0016070767330167,0.9967915661500503,1.0059679386022522,5.003020503291365,0.10104339597245358,10.114576482313927,0.949894136200665,50.75162421201147,2.99954804114384,0.1883789604665165,4.462938613642477,12.008800511335032,299.78014845046204,1.1457648231392703,True,True,True,True,True,True,True,True
577,12,6,2,200.18747207592742,1.0016070767330167,0.9967915661500503,1.0059679386022522,5.003020503291365,0.10076733021096808,10.053948040123815,0.9941669019197432,51.83720424958594,3.0043004487751133,0.1889779884254858,4.781248887773798,12.008800511335032,299.78014845046204,0.5394804012381549,True,True,True,True,True,True,True,True
578,12,6,3,200.18747207592742,1.0016070767330167,0.9967915661500503,1.0059679386022522,5.003020503291365,0.10089115809602506,10.102809581660479,0.9881360632318457,51.0346072218131,3.003188002870974,0.18672933949725098,4.5606555088433485,12.008800511335032,299.78014845046204,1.028095816604786,True,True,True,True,True,True,True,True
579,12,6,4,200.18747207592742,1.0016070767330167,0.9967915661500503,1.0059679386022522,5.003020503291365,0.1004302689398787,10.019890297547104,1.0285022126600587,51.18133074293923,3.0041949187244765,0.18547059304722843,4.649348591052658,12.008800511335032,299.78014845046204,0.19890297547103586,True,True,True,True,True,True,True,True
580,12,6,5,200.18747207592742,1.0016070767330167,0.9967915661500503,1.0059679386022522,5.003020503291365,0.10105487454151434,10.087462056795575,0.9599359276352012,52.25497166875021,2.9983373279305408,0.19153226197358128,4.612353798542863,12.008800511335032,299.78014845046204,0.8746205679557483,True,True,True,True,True,True,True,True
581,12,7,1,200.18747207592742,1.0016070767330167,0.9967915661500503,1.0059679386022522,5.003020503291365,0.10102137560036263,10.156188041367747,0.9441752407288541,51.78960655241125,3.000800202285035,0.19250165911867553,4.653988167079587,12.008800511335032,299.78014845046204,1.5618804136774678,True,True,True,True,True,True,True,True
582,12,7,2,200.18747207592742,1.0016070767330167,0.9967915661500503,1.0059679386022522,5.003020503291365,0.10075197691993738,10.061710076086673,0.9951628771964286,52.070069906762214,3.0017984250012955,0.19149182729091338,4.715878708430179,12.008800511335032,299.78014845046204,0.6171007608667267,True,True,True,True,True,True,True,True
583,12,7,3,200.18747207592742,1.0016070767330167,0.9967915661500503,1.0059679386022522,5.003020503291365,0.10049668453086481,10.070493999684027,0.9791360349728027,50.363784837809675,3.0084128611113963,0.19056796211014213,4.495295079773113,12.008800511335032,299.78014845046204,0.7049399968402703,True,True,True,True,True,True,True,True
584,12,7,4,200.18747207592742,1.0016070767330167,0.9967915661500503,1.0059679386022522,5.003020503291365,0.10122336521363337,10.129351611235625,1.0144723765379642,50.88299455531399,2.9997426948275367,0.18734523035275297,4.900941015228838,12.008800511335032,299.78014845046204,1.2935161123562544,True,True,True,True,True,True,True,True
585,12,7,5,200.18747207592742,1.0016070767330167,0.9967915661500503,1.0059679386022522,5.003020503291365,0.10088063258868586,10.08231159585594,0.949549002714294,51.007248832706985,3.0001214774577543,0.1892330086232805,4.6062833462805335,12.008800511335032,299.78014845046204,0.823115958559395,True,True,True,True,True,True,True,True
586,12,8,1,200.18747207592742,1.0016070767330167,0.9967915661500503,1.0059679386022522,5.003020503291365,0.10091759497409866,10.097475297360445,0.9692713419086064,51.33485948889342,3.0012518153369627,0.1833967100683002,4.775809260146156,12.008800511335032,299.78014845046204,0.974752973604449,True,True,True,True,True,True,True,True
587,12,8,2,200.18747207592742,1.0016070767330167,0.9967915661500503,1.0059679386022522,5.003020503291365,0.10073414284780641,10.091709900638277,0.999922661682463,50.50060392873933,2.9986692459156883,0.18807883785692744,4.532572235191597,12.008800511335032,299.78014845046204,0.9170990063827665,True,True,True,True,True,True,True,True
588,12,8,3,200.18747207592742,1.0016070767330167,0.9967915661500503,1.0059679386022522,5.003020503291365,0.10098526316146522,10.09090221411192,0.9840375365944434,52.78729487631588,2.9995671252573075,0.18969804541527438,4.560302168598609,12.008800511335032,299.78014845046204,0.9090221411191913,True,True,True,True,True,True,True,True
589,12,8,4,200.18747207592742,1.0016070767330167,0.9967915661500503,1.0059679386022522,5.003020503291365,0.10099631981039832,10.139829058532033,0.963983224584923,51.50685504464766,3.005458734911562,0.19801577316512878,4.528501639138838,12.008800511335032,299.78014845046204,1.398290585320332,True,True,True,True,True,True,True,True
590,12,8,5,200.18747207592742,1.0016070767330167,0.9967915661500503,1.0059679386022522,5.003020503291365,0.10010769139710181,10.034491179744899,0.965142143669793,51.477899426803404,2.9969426646779502,0.1880130445482392,4.71474227461427,12.008800511335032,299.78014845046204,0.34491179744899014,True,True,True,True,True,True,True,True
591,12,9,1,200.18747207592742,1.0016070767330167,0.9967915661500503,1.0059679386022522,5.003020503291365,0.10084543092442026,10.091539765788283,0.9542704339972875,52.96940188532521,3.0016000242512213,0.1942341763070145,4.445594812488774,12.008800511335032,299.78014845046204,0.9153976578828349,True,True,True,True,True,True,True,True
592,12,9,2,200.18747207592742,1.0016070767330167,0.9967915661500503,1.0059679386022522,5.003020503291365,0.10082582521259341,10.108762141745716,0.9763239852687431,50.835917748789875,2.997249560701822,0.19406559249623548,4.5795771744573575,12.008800511335032,299.78014845046204,1.0876214174571608,True,True,True,True,True,True,True,True
593,12,9,3,200.18747207592742,1.0016070767330167,0.9967915661500503,1.0059679386022522,5.003020503291365,0.10091207716130163,10.071998897586745,0.9841449189601279,52.32670009702661,3.0015064428517624,0.19035368495226151,4.698619573699897,12.008800511335032,299.78014845046204,0.7199889758674516,True,True,True,True,True,True,True,True
594,12,9,4,200.18747207592742,1.0016070767330167,0.9967915661500503,1.0059679386022522,5.003020503291365,0.10070869587810094,10.068681298838317,0.9232013952153233,51.388392365059005,3.0032327392398925,0.18909984421688628,4.363126453519371,12.008800511335032,299.78014845046204,0.6868129883831742,True,True,True,True,True,True,True,True
595,12,9,5,200.18747207592742,1.0016070767330167,0.9967915661500503,1.0059679386022522,5.003020503291365,0.10061242611317221,10.05313022770294,1.001824981505107,50.742519838406025,3.000808501374217,0.18861281579612862,4.6650813455371996,12.008800511335032,299.78014845046204,0.531302277029404,True,True,True,True,True,True,True,True
596,12,10,1,200.18747207592742,1.0016070767330167,0.9967915661500503,1.0059679386022522,5.003020503291365,0.10076903491346803,10.079847886377761,0.9935830593399001,50.46915884529185,3.0031359959253265,0.1862147255021891,4.708862572844926,12.008800511335032,299.78014845046204,0.798478863777614,True,True,True,True,True,True,True,True
597,12,10,2,200.18747207592742,1.0016070767330167,0.9967915661500503,1.0059679386022522,5.003020503291365,0.10074660198375204,10.046972534982025,1.009986015229587,49.76596110019926,2.9989739706401517,0.18431610761849876,4.672540355962169,12.008800511335032,299.78014845046204,0.46972534982025144,True,True,True,True,True,True,True,True
598,12,10,3,200.18747207592742,1.0016070767330167,0.9967915661500503,1.0059679386022522,5.003020503291365,0.10083993478411556,10.035794894239107,1.0168616268997284,52.404311252971105,2.9992253793892822,0.19198528833602066,4.431973917978643,12.008800511335032,299.78014845046204,0.35794894239106867,True,True,True,True,True,True,True,True
599,12,10,4,200.18747207592742,1.0016070767330167,0.9967915661500503,1.0059679386022522,5.003020503291365,0.10087759313862958,10.081837236630726,0.9540383417851757,51.94553841139037,2.9977227840328284,0.19290805492394109,4.766348554407684,12.008800511335032,299.78014845046204,0.8183723663072583,True,True,True,True,True,True,True,True
600,12,10,5,200.18747207592742,1.0016070767330167,0.9967915661500503,1.0059679386022522,5.003020503291365,0.10142524989924634,10.116523935069958,0.9331331472981497,51.429357331150825,2.998635661437811,0.18549664307920635,4.7821708185370415,12.008800511335032,299.78014845046204,1.1652393506995828,True,True,True,True,True,True,True,True
601,13,1,1,200.09133787514273,1.001346071498995,1.0025331283577343,1.0031562290839948,5.027764335168041,0.09917746264601615,9.898012931761317,1.0692499493827952,49.66021872389048,2.99749186409366,0.20146932176595098,5.448019856875703,12.061218027777812,298.477317275001,-1.0198706823868342,True,True,True,True,True,True,True,True
602,13,1,2,200.09133787514273,1.001346071498995,1.0025331283577343,1.0031562290839948,5.027764335168041,0.09959120885635604,9.986722119757422,1.0960978781617456,50.21433878369718,2.9939874603226975,0.2054655539587689,5.41950190020969,12.061218027777812,298.477317275001,-0.13277880242577922,True,True,True,True,True,True,True,True
603,13,1,3,200.09133787514273,1.001346071498995,1.0025331283577343,1.0031562290839948,5.027764335168041,0.09956836334858526,9.992041629115876,1.0864198429460137,51.0161818254424,2.990928746619333,0.20093545385248354,5.470079216858952,12.061218027777812,298.477317275001,-0.07958370884123767,True,True,True,True,True,True,True,True
604,13,1,4,200.09133787514273,1.001346071498995,1.0025331283577343,1.0031562290839948,5.027764335168041,0.09924676666645647,9.909183714001525,1.0672677660954704,51.643746008536326,2.992178135005065,0.19929936102909532,5.392924175598519,12.061218027777812,298.477317275001,-0.9081628599847491,True,True,True,True,True,True,True,True
605,13,1,5,200.09133787514273,1.001346071498995,1.0025331283577343,1.0031562290839948,5.027764335168041,0.09937942608710278,9.982262342856822,1.0891132686582865,52.5364316433489,2.993941794200962,0.2013296919206587,5.2633033982716,12.061218027777812,298.477317275001,-0.17737657143177543,True,True,True,True,True,True,True,True
606,13,2,1,200.09133787514273,1.001346071498995,1.0025331283577343,1.0031562290839948,5.027764335168041,0.09890104464611606,9.898963807560149,1.0415584057656884,51.07684296737708,2.991189532162631,0.201690120833904,5.409692408417086,12.061218027777812,298.477317275001,-1.010361924398513,True,True,True,True,True,True,True,True
607,13,2,2,200.09133787514273,1.001346071498995,1.0025331283577343,1.0031562290839948,5.027764335168041,0.09890665602740097,9.867107178039431,1.0277664120845968,51.69140585049108,2.992316120459064,0.19632002599620657,5.563667952647885,12.061218027777812,298.477317275001,-1.3289282196056895,True,True,True,True,True,True,True,True
608,13,2,3,200.09133787514273,1.001346071498995,1.0025331283577343,1.0031562290839948,5.027764335168041,0.09891904628015556,9.894373496740542,1.0859463719209517,51.78190273627672,2.996794614330255,0.2011101327489702,5.52384974825451,12.061218027777812,298.477317275001,-1.056265032594581,True,True,True,True,True,True,True,True
609,13,2,4,200.09133787514273,1.001346071498995,1.0025331283577343,1.0031562290839948,5.027764335168041,0.09955730526724729,9.91138075855292,1.0907505376503566,51.794502630221125,2.9941720969986285,0.19999383678544114,5.300937475825372,12.061218027777812,298.477317275001,-0.8861924144708054,True,True,True,True,True,True,True,True
610,13,2,5,200.09133787514273,1.001346071498995,1.0025331283577343,1.0031562290839948,5.027764335168041,0.09960545780371009,9.946210430754425,1.0714928079977462,51.6971237634225,2.9914086495747734,0.20167139739899712,5.553921046384596,12.061218027777812,298.477317275001,-0.5378956924557521,True,True,True,True,True,True,True,True
611,13,3,1,200.09133787514273,1.001346071498995,1.0025331283577343,1.0031562290839948,5.027764335168041,0.09911709319062355,9.915900274675383,1.059677548046291,51.00828726843348,2.997556589754941,0.19815399923258945,5.37869412239195,12.061218027777812,298.477317275001,-0.8409972532461651,True,True,True,True,True,True,True,True
612,13,3,2,200.09133787514273,1.001346071498995,1.0025331283577343,1.0031562290839948,5.027764335168041,0.09924112960721872,9.92208443193417,1.074701391325321,51.926500454515676,2.992295510073428,0.20352580041409735,5.558099917705227,12.061218027777812,298.477317275001,-0.7791556806582989,True,True,True,True,True,True,True,True
613,13,3,3,200.09133787514273,1.001346071498995,1.0025331283577343,1.0031562290839948,5.027764335168041,0.09935409847700999,9.904872256277025,1.074900369142908,49.300338322907535,2.993322498174491,0.20113453631202322,5.314573001437731,12.061218027777812,298.477317275001,-0.951277437229745,True,True,True,True,True,True,True,True
614,13,3,4,200.09133787514273,1.001346071498995,1.0025331283577343,1.0031562290839948,5.027764335168041,0.09897482109716128,9.944751286783884,1.0618485700431883,50.48496466805672,2.996735275192746,0.20375168502857166,5.312623623913554,12.061218027777812,298.477317275001,-0.5524871321611613,True,True,True,True,True,True,True,True
615,13,3,5,200.09133787514273,1.001346071498995,1.0025331283577343,1.0031562290839948,5.027764335168041,0.09898606807243251,9.917147870020868,1.0686422627076853,48.848842484415535,2.9941996969766063,0.2018921792977538,5.679497157316941,12.061218027777812,298.477317275001,-0.8285212997913228,True,True,True,True,True,True,True,True
616,13,4,1,200.09133787514273,1.001346071498995,1.0025331283577343,1.0031562290839948,5.027764335168041,0.09894551479665936,9.905818269653437,1.0673486097217433,49.20958790104782,2.992052589456177,0.1999750382415107,5.154334497205683,12.061218027777812,298.477317275001,-0.9418173034656262,True,True,True,True,True,True,True,True
617,13,4,2,200.09133787514273,1.001346071498995,1.0025331283577343,1.0031562290839948,5.027764335168041,0.09955657472880412,9.93385043730857,1.0690827413062116,51.67265351532724,2.9928644863546747,0.20322455477126525,5.342828231484454,12.061218027777812,298.477317275001,-0.6614956269143057,True,True,True,True,True,True,True,True
618,13,4,3,200.09133787514273,1.001346071498995,1.0025331283577343,1.0031562290839948,5.027764335168041,0.09889525021624718,9.865556258694427,1.0725630312512786,50.315661059100925,2.995995255357592,0.19704346255264935,5.487728417137685,12.061218027777812,298.477317275001,-1.3444374130557257,True,True,True,True,True,True,True,True
619,13,4,4,200.09133787514273,1.001346071498995,1.0025331283577343,1.0031562290839948,5.027764335168041,0.09922297179881996,9.926972166680612,1.0762934438965759,49.76180897267489,2.9925105442425504,0.20290588039442206,5.475480341478175,12.061218027777812,298.477317275001,-0.7302783331938834,True,True,True,True,True,True,True,True
620,13,4,5,200.09133787514273,1.001346071498995,1.0025331283577343,1.0031562290839948,5.027764335168041,0.09951812113175053,9.912154540091771,1.1190727458467178,51.83363914404127,2.994980489181826,0.20028008077501055,5.373591733575094,12.061218027777812,298.477317275001,-0.8784545990822855,True,True,True,True,True,True,True,True
621,13,5,1,200.09133787514273,1.001346071498995,1.0025331283577343,1.0031562290839948,5.027764335168041,0.0996134581742048,10.01562326448634,1.0969421630596246,50.329676906481424,2.992263291653114,0.20451805738593917,5.340027098084221,12.061218027777812,298.477317275001,0.15623264486340105,True,True,True,True,True,True,True,True
622,13,5,2,200.09133787514273,1.001346071498995,1.0025331283577343,1.0031562290839948,5.027764335168041,0.0992118196298721,9.915095972119493,1.089351518590659,51.49652142434354,2.9938552016020012,0.19862418556762343,5.51008034102556,12.061218027777812,298.477317275001,-0.8490402788050666,True,True,True,True,True,True,True,True
623,13,5,3,200.09133787514273,1.001346071498995,1.0025331283577343,1.0031562290839948,5.027764335168041,0.09933968313336577,9.956824290408735,1.0418294263258194,49.31044023743038,2.9917518537203738,0.2005427425154073,5.595066736865584,12.061218027777812,298.477317275001,-0.4317570959126549,True,True,True,True,True,True,True,True
624,13,5,4,200.09133787514273,1.001346071498995,1.0025331283577343,1.0031562290839948,5.027764335168041,0.09904107395179697,9.893063611796679,1.0598297173037943,49.72645032826347,2.993048286261161,0.20387218894789397,5.20316666388649,12.061218027777812,298.477317275001,-1.0693638820332119,True,True,True,True,True,True,True,True
625,13,5,5,200.09133787514273,1.001346071498995,1.0025331283577343,1.0031562290839948,5.027764335168041,0.09937892434687433,9.928027190006267,1.0212693309588448,51.27828650450443,2.9915938649840212,0.2030643453274664,5.139032315603725,12.061218027777812,298.477317275001,-0.7197280999373312,True,True,True,True,True,True,True,True
626,13,6,1,200.09133787514273,1.001346071498995,1.0025331283577343,1.0031562290839948,5.027764335168041,0.09928017926360858,9.91448982233685,1.057868813392373,48.925149783963235,2.9920796979034425,0.20206027152774048,5.403705701361775,12.061218027777812,298.477317275001,-0.8551017766314928,True,True,True,True,True,True,True,True
627,13,6,2,200.09133787514273,1.001346071498995,1.0025331283577343,1.0031562290839948,5.027764335168041,0.09924392854881278,9.948413493433373,1.0858038769859057,49.49027511975958,2.9954207944192515,0.20143737261098466,5.574895253075684,12.061218027777812,298.477317275001,-0.5158650656662722,True,True,True,True,True,True,True,True
628,13,6,3,200.09133787514273,1.001346071498995,1.0025331283577343,1.0031562290839948,5.027764335168041,0.09908530962764442,9.882262708858589,1.0782995822534764,52.92147952289485,2.9947238241644287,0.20122419170526876,5.257462057253988,12.061218027777812,298.477317275001,-1.177372911414114,True,True,True,True,True,True,True,True
629,13,6,4,200.09133787514273,1.001346071498995,1.0025331283577343,1.0031562290839948,5.027764335168041,0.0994519834880969,9.936071877805878,1.048504131689906,49.801128874821984,2.9991563911590595,0.20047093286404077,5.342987210566541,12.061218027777812,298.477317275001,-0.6392812219412214,True,True,True,True,True,True,True,True
630,13,6,5,200.09133787514273,1.001346071498995,1.0025331283577343,1.0031562290839948,5.027764335168041,0.09941883011279253,9.919630459452186,1.0724995549806884,51.50103586962408,2.997364333635602,0.20240295929604166,5.537313300139104,12.061218027777812,298.477317275001,-0.8036954054781377,True,True,True,True,True,True,True,True
631,13,7,1,200.09133787514273,1.001346071498995,1.0025331283577343,1.0031562290839948,5.027764335168041,0.09888187845892658,9.89571195421122,1.0840065746696157,49.88657410320054,2.9926886749400854,0.20289645337250062,5.247687008193318,12.061218027777812,298.477317275001,-1.0428804578877937,True,True,True,True,True,True,True,True
632,13,7,2,200.09133787514273,1.001346071498995,1.0025331283577343,1.0031562290839948,5.027764335168041,0.0993141718409637,9.927587831154932,1.0836036741943533,50.874850523153064,2.9948716112854687,0.1965281408299143,5.513570037559686,12.061218027777812,298.477317275001,-0.7241216884506763,True,True,True,True,True,True,True,True
633,13,7,3,200.09133787514273,1.001346071498995,1.0025331283577343,1.0031562290839948,5.027764335168041,0.09959077092071855,9.962179170257107,1.0441155723452256,51.70797606092147,2.991935562689329,0.20146190925681612,5.354100797321096,12.061218027777812,298.477317275001,-0.37820829742893025,True,True,True,True,True,True,True,True
634,13,7,4,200.09133787514273,1.001346071498995,1.0025331283577343,1.0031562290839948,5.027764335168041,0.09882185124933941,9.879991989489902,1.0497691050609719,51.3415498116418,2.9957768988536926,0.2018807219707785,5.421036154533285,12.061218027777812,298.477317275001,-1.2000801051009802,True,True,True,True,True,True,True,True
635,13,7,5,200.09133787514273,1.001346071498995,1.0025331283577343,1.0031562290839948,5.027764335168041,0.09911753806626623,9.9198793675998,1.0570157853199877,48.317716900748586,2.997821143179618,0.20561120687205459,5.486627002975709,12.061218027777812,298.477317275001,-0.8012063240020063,True,True,True,True,True,True,True,True
636,13,8,1,200.09133787514273,1.001346071498995,1.0025331283577343,1.0031562290839948,5.027764335168041,0.09960503436174745,9.971443554959455,1.128673365248621,49.992895314963256,2.992846984048578,0.20313641212784148,5.34071706975358,12.061218027777812,298.477317275001,-0.28556445040544887,True,True,True,True,True,True,True,True
637,13,8,2,200.09133787514273,1.001346071498995,1.0025331283577343,1.0031562290839948,5.027764335168041,0.09923136752353111,9.913798844095242,1.0806579096397257,50.269347659635386,2.9947079925420494,0.19967084905235263,5.370731261011817,12.061218027777812,298.477317275001,-0.8620115590475841,True,True,True,True,True,True,True,True
638,13,8,3,200.09133787514273,1.001346071498995,1.0025331283577343,1.0031562290839948,5.027764335168041,0.09951141780366743,9.963776960557134,1.0593321175237476,50.46428131309034,2.992371274181456,0.20375412663814782,5.491807514857809,12.061218027777812,298.477317275001,-0.3622303944286642,True,True,True,True,True,True,True,True
639,13,8,4,200.09133787514273,1.001346071498995,1.0025331283577343,1.0031562290839948,5.027764335168041,0.09940238483851342,9.986193746879254,1.0875978887104418,50.374164209299906,2.9951431296183815,0.20241915159743393,5.555955739480331,12.061218027777812,298.477317275001,-0.13806253120746348,True,True,True,True,True,True,True,True
640,13,8,5,200.09133787514273,1.001346071498995,1.0025331283577343,1.0031562290839948,5.027764335168041,0.09898315076325306,9.903939714052639,1.0700208203564727,50.999794454483045,2.9916437078245606,0.20166104999281642,5.659429045617054,12.061218027777812,298.477317275001,-0.9606028594736138,True,True,True,True,True,True,True,True
641,13,9,1,200.09133787514273,1.001346071498995,1.0025331283577343,1.0031562290839948,5.027764335168041,0.09902352556463892,9.905123158835353,1.0311485213181992,48.95415590611646,2.996236508167206,0.19859928348143602,5.232640348678722,12.061218027777812,298.477317275001,-0.9487684116464657,True,True,True,True,True,True,True,True
642,13,9,2,200.09133787514273,1.001346071498995,1.0025331283577343,1.0031562290839948,5.027764335168041,0.09957848547166323,9.906668140336297,1.0809602864257166,51.4399690977402,2.994096591284158,0.19939325242442946,5.395535283103783,12.061218027777812,298.477317275001,-0.9333185966370293,True,True,True,True,True,True,True,True
643,13,9,3,200.09133787514273,1.001346071498995,1.0025331283577343,1.0031562290839948,5.027764335168041,0.09904683365468436,9.935195313541827,1.0429757168122589,50.31188812747649,2.9949763381603054,0.1945101339125508,5.111874825305777,12.061218027777812,298.477317275001,-0.6480468645817261,True,True,True,True,True,True,True,True
644,13,9,4,200.09133787514273,1.001346071498995,1.0025331283577343,1.0031562290839948,5.027764335168041,0.09877355011928812,9.918873803063772,1.1057120156656286,51.63378460994293,2.9930882163286934,0.20213999111237016,5.3896479048753525,12.061218027777812,298.477317275001,-0.8112619693622847,True,True,True,True,True,True,True,True
645,13,9,5,200.09133787514273,1.001346071498995,1.0025331283577343,1.0031562290839948,5.027764335168041,0.09927485517033,9.900294428026601,1.0567626611714416,50.29118888500154,2.99563235755494,0.2005012172368104,5.586655842204485,12.061218027777812,298.477317275001,-0.9970557197339858,True,True,True,True,True,True,True,True
646,13,10,1,200.09133787514273,1.001346071498995,1.0025331283577343,1.0031562290839948,5.027764335168041,0.098533761087497,9.884314323209367,1.0697188998288671,49.63023040361459,2.999489924961378,0.20320545480694893,5.386988888808613,12.061218027777812,298.477317275001,-1.1568567679063335,True,True,True,True,True,True,True,True
647,13,10,2,200.09133787514273,1.001346071498995,1.0025331283577343,1.0031562290839948,5.027764335168041,0.09888715007665808,9.888591753462176,1.0522744651769187,51.2384802611471,2.9935633040803222,0.20061226137754795,5.471742063688649,12.061218027777812,298.477317275001,-1.1140824653782389,True,True,True,True,True,True,True,True
648,13,10,3,200.09133787514273,1.001346071498995,1.0025331283577343,1.0031562290839948,5.027764335168041,0.09897444375315997,9.872702962954314,1.1205913886664824,52.480973897157824,2.9916032437296307,0.20093276341972185,5.676456099740768,12.061218027777812,298.477317275001,-1.2729703704568607,True,True,True,True,True,True,True,True
649,13,10,4,200.09133787514273,1.001346071498995,1.0025331283577343,1.0031562290839948,5.027764335168041,0.09916368073772559,9.913450987764966,1.0442321335034528,50.59510918249982,2.9933510677884962,0.19765662015682733,5.243040672993559,12.061218027777812,298.477317275001,-0.8654901223503408,True,True,True,True,True,True,True,True
650,13,10,5,200.09133787514273,1.001346071498995,1.0025331283577343,1.0031562290839948,5.027764335168041,0.09915655050961916,9.928945605410515,1.052206444751834,51.14256282935453,2.9945297091707275,0.20092357291969193,5.367831125053516,12.061218027777812,298.477317275001,-0.7105439458948482,True,True,True,True,True,True,True,True
651,14,1,1,200.31352214936248,1.0061326720386998,0.9992984135938968,1.0128700101060024,5.0017184787929825,0.09987548211627921,9.994822878327557,1.0384234154771703,50.42004217455483,2.994986248239449,0.19309477220896637,4.8458314396076165,12.015605381285864,299.6103721587719,-0.05177121672442553,True,True,True,True,True,True,True,True
652,14,1,2,200.31352214936248,1.0061326720386998,0.9992984135938968,1.0128700101060024,5.0017184787929825,0.10003034627007312,10.033744975156864,1.057935603209427,49.8814209360967,2.9961664305557063,0.1945661202675833,5.010743551853749,12.015605381285864,299.6103721587719,0.33744975156864143,True,True,True,True,True,True,True,True
653,14,1,3,200.31352214936248,1.0061326720386998,0.9992984135938968,1.0128700101060024,5.0017184787929825,0.10026315016213874,9.99890170551247,1.0762815766147025,50.25404205321348,2.997813540240368,0.19292801563257844,5.32571648184414,12.015605381285864,299.6103721587719,-0.010982944875301826,True,True,True,True,True,True,True,True
654,14,1,4,200.31352214936248,1.0061326720386998,0.9992984135938968,1.0128700101060024,5.0017184787929825,0.10018224751067023,10.003530032188214,1.0696329199240413,50.91913503136425,2.9989413563357123,0.19407287381131844,5.115877479323806,12.015605381285864,299.6103721587719,0.03530032188214349,True,True,True,True,True,True,True,True
655,14,1,5,200.31352214936248,1.0061326720386998,0.9992984135938968,1.0128700101060024,5.0017184787929825,0.10010360721591229,10.020759829078253,1.081172666338267,51.169657603785936,2.999287779226709,0.19445321705052293,5.084623536352973,12.015605381285864,299.6103721587719,0.20759829078253134,True,True,True,True,True,True,True,True
656,14,2,1,200.31352214936248,1.0061326720386998,0.9992984135938968,1.0128700101060024,5.0017184787929825,0.099452986083626,9.950966836501935,1.0423098811345752,50.09584118237436,2.996795410185008,0.19196531689845786,5.097634242210591,12.015605381285864,299.6103721587719,-0.49033163498064525,True,True,True,True,True,True,True,True
657,14,2,2,200.31352214936248,1.0061326720386998,0.9992984135938968,1.0128700101060024,5.0017184787929825,0.10026653561716845,9.984813639123502,1.0393296471336502,47.10844441860012,2.998664916284056,0.19580833794896496,5.065376066864448,12.015605381285864,299.6103721587719,-0.15186360876498384,True,True,True,True,True,True,True,True
658,14,2,3,200.31352214936248,1.0061326720386998,0.9992984135938968,1.0128700101060024,5.0017184787929825,0.10015403494689973,10.014679472315672,1.047763028500091,48.90281755738119,2.997163004659742,0.19440899838247633,5.077869876931216,12.015605381285864,299.6103721587719,0.14679472315672015,True,True,True,True,True,True,True,True
659,14,2,4,200.31352214936248,1.0061326720386998,0.9992984135938968,1.0128700101060024,5.0017184787929825,0.100213858513893,10.00684476800542,1.1186765277948953,51.04914947131711,2.9981402414472065,0.19061143259317834,4.992737501225468,12.015605381285864,299.6103721587719,0.06844768005420221,True,True,True,True,True,True,True,True
660,14,2,5,200.31352214936248,1.0061326720386998,0.9992984135938968,1.0128700101060024,5.0017184787929825,0.09960987296550196,9.94201990266192,1.0795242451332598,48.20414987418104,2.998347852886684,0.19220367405957128,4.983147006998114,12.015605381285864,299.6103721587719,-0.5798009733807952,True,True,True,True,True,True,True,True
661,14,3,1,200.31352214936248,1.0061326720386998,0.9992984135938968,1.0128700101060024,5.0017184787929825,0.09991833570418741,9.97273990556644,1.0769057562912177,50.04376409524538,2.996945825698078,0.19571583431705242,5.078316621166371,12.015605381285864,299.6103721587719,-0.272600944335597,True,True,True,True,True,True,True,True
662,14,3,2,200.31352214936248,1.0061326720386998,0.9992984135938968,1.0128700101060024,5.0017184787929825,0.10013002469602598,10.008241645286212,1.1043557100758314,49.87272757809337,2.997624174696187,0.1951154418630439,5.168808159047351,12.015605381285864,299.6103721587719,0.08241645286211963,True,True,True,True,True,True,True,True
663,14,3,3,200.31352214936248,1.0061326720386998,0.9992984135938968,1.0128700101060024,5.0017184787929825,0.09986451156529524,9.977564276713597,1.0595037406279766,50.55563999574028,2.996646687215927,0.1978181467741891,5.170056985323841,12.015605381285864,299.6103721587719,-0.22435723286402973,True,True,True,True,True,True,True,True
664,14,3,4,200.31352214936248,1.0061326720386998,0.9992984135938968,1.0128700101060024,5.0017184787929825,0.09962351284640544,10.015479578231266,1.062475843753775,49.21957833122027,2.999638571057039,0.19157401939645605,5.064361459365356,12.015605381285864,299.6103721587719,0.15479578231266444,True,True,True,True,True,True,True,True
665,14,3,5,200.31352214936248,1.0061326720386998,0.9992984135938968,1.0128700101060024,5.0017184787929825,0.09966121128953216,9.970723578135225,1.1153981291947397,49.64726326920025,2.9952705538890045,0.19436932748462898,5.232494432074778,12.015605381285864,299.6103721587719,-0.29276421864775415,True,True,True,True,True,True,True,True
666,14,4,1,200.31352214936248,1.0061326720386998,0.9992984135938968,1.0128700101060024,5.0017184787929825,0.09996661317898363,9.995118087642219,1.108469695926119,50.752343666015086,2.9983764076874455,0.19614925967110164,5.24197416221489,12.015605381285864,299.6103721587719,-0.048819123577814594,True,True,True,True,True,True,True,True
667,14,4,2,200.31352214936248,1.0061326720386998,0.9992984135938968,1.0128700101060024,5.0017184787929825,0.0994707560728777,9.940644687890234,1.0653830970520373,48.90154155637376,2.999496401115575,0.1885344962301264,5.16827982887951,12.015605381285864,299.6103721587719,-0.5935531210976563,True,True,True,True,True,True,True,True
668,14,4,3,200.31352214936248,1.0061326720386998,0.9992984135938968,1.0128700101060024,5.0017184787929825,0.0998708170108673,9.990767819674515,1.0693288657016387,48.6337731114536,2.9964119854547073,0.19192305372225757,5.08975633857319,12.015605381285864,299.6103721587719,-0.09232180325485118,True,True,True,True,True,True,True,True
669,14,4,4,200.31352214936248,1.0061326720386998,0.9992984135938968,1.0128700101060024,5.0017184787929825,0.09950541817745054,9.949713371801016,1.102480086897441,48.74947632504448,2.996455705429377,0.19367184495159676,4.971460245515886,12.015605381285864,299.6103721587719,-0.5028662819898422,True,True,True,True,True,True,True,True
670,14,4,5,200.31352214936248,1.0061326720386998,0.9992984135938968,1.0128700101060024,5.0017184787929825,0.09969847867965481,9.955105685511445,1.0482602472611984,48.99908069447536,2.996367733475327,0.19446117997833964,5.25912456815626,12.015605381285864,299.6103721587719,-0.4489431448855541,True,True,True,True,True,True,True,True
671,14,5,1,200.31352214936248,1.0061326720386998,0.9992984135938968,1.0128700101060024,5.0017184787929825,0.09940536862240328,9.892626554641753,1.0413728815439565,49.29833127267669,2.997714510145294,0.1925685147752249,4.9271236448233635,12.015605381285864,299.6103721587719,-1.073734453582471,True,True,True,True,True,True,True,True
672,14,5,2,200.31352214936248,1.0061326720386998,0.9992984135938968,1.0128700101060024,5.0017184787929825,0.09908951453656521,9.907704063619528,0.9969205714824162,50.53613587613936,2.9976048674818627,0.19535363830749328,5.20668084042217,12.015605381285864,299.6103721587719,-0.9229593638047184,True,True,True,True,True,True,True,True
673,14,5,3,200.31352214936248,1.0061326720386998,0.9992984135938968,1.0128700101060024,5.0017184787929825,0.10000943303349583,9.968608674910366,1.0474417104465443,49.988784747114934,2.9973926918318496,0.1922831686642039,5.327454834800167,12.015605381285864,299.6103721587719,-0.3139132508963449,True,True,True,True,True,True,True,True
674,14,5,4,200.31352214936248,1.0061326720386998,0.9992984135938968,1.0128700101060024,5.0017184787929825,0.09987107635191483,9.966209610389337,1.051337154782945,51.93673429152442,2.9977569375414084,0.19376342106048333,4.888687376223485,12.015605381285864,299.6103721587719,-0.33790389610663496,True,True,True,True,True,True,True,True
675,14,5,5,200.31352214936248,1.0061326720386998,0.9992984135938968,1.0128700101060024,5.0017184787929825,0.0995643854500728,9.957947982405848,1.02262903358272,49.96616444220752,2.9942953010243594,0.1946935951564429,5.236457820297745,12.015605381285864,299.6103721587719,-0.4205201759415189,True,True,True,True,True,True,True,True
676,14,6,1,200.31352214936248,1.0061326720386998,0.9992984135938968,1.0128700101060024,5.0017184787929825,0.09976696454117648,9.94839714169794,1.0538461971444137,49.66589468931932,2.997086772541586,0.19444270768770985,4.985922265953483,12.015605381285864,299.6103721587719,-0.5160285830205957,True,True,True,True,True,True,True,True
677,14,6,2,200.31352214936248,1.0061326720386998,0.9992984135938968,1.0128700101060024,5.0017184787929825,0.09946509377780671,9.98571049324472,1.0640726045681115,48.58491896783098,2.9946645810606323,0.1908450059660702,5.136649681650313,12.015605381285864,299.6103721587719,-0.1428950675527929,True,True,True,True,True,True,True,True
678,14,6,3,200.31352214936248,1.0061326720386998,0.9992984135938968,1.0128700101060024,5.0017184787929825,0.0996739604642955,9.982496470778571,1.0970409647815034,48.913690456477354,2.996072394165843,0.1896256084712681,5.128915975105716,12.015605381285864,299.6103721587719,-0.17503529221428948,True,True,True,True,True,True,True,True
679,14,6,4,200.31352214936248,1.0061326720386998,0.9992984135938968,1.0128700101060024,5.0017184787929825,0.09982241836736742,10.01740520858043,1.027133568602887,50.105091756221746,2.995248657794999,0.19622316489044908,5.2031943912001095,12.015605381285864,299.6103721587719,0.17405208580429488,True,True,True,True,True,True,True,True
680,14,6,5,200.31352214936248,1.0061326720386998,0.9992984135938968,1.0128700101060024,5.0017184787929825,0.09976024588417752,9.963133274674751,1.080065783085605,49.9458768976056,2.997693140452519,0.19460220174933732,4.979439169410522,12.015605381285864,299.6103721587719,-0.36866725325248595,True,True,True,True,True,True,True,True
681,14,7,1,200.31352214936248,1.0061326720386998,0.9992984135938968,1.0128700101060024,5.0017184787929825,0.10017629374096165,9.999286534359927,1.07834162433996,50.204974549554976,2.997557739135766,0.19090842216933832,5.243375843794745,12.015605381285864,299.6103721587719,-0.007134656400733518,True,True,True,True,True,True,True,True
682,14,7,2,200.31352214936248,1.0061326720386998,0.9992984135938968,1.0128700101060024,5.0017184787929825,0.10003895853697044,10.017011294998257,1.1566115829217594,50.39361192302508,2.9951434041367384,0.19032877305586665,5.119174843175619,12.015605381285864,299.6103721587719,0.17011294998257043,True,True,True,True,True,True,True,True
683,14,7,3,200.31352214936248,1.0061326720386998,0.9992984135938968,1.0128700101060024,5.0017184787929825,0.09972264799042461,9.97668145045948,1.0719978109513297,49.509091400649105,2.9963668087312434,0.19542326779153713,5.0014128068059245,12.015605381285864,299.6103721587719,-0.23318549540519484,True,True,True,True,True,True,True,True
684,14,7,4,200.31352214936248,1.0061326720386998,0.9992984135938968,1.0128700101060024,5.0017184787929825,0.09917932717804674,9.936023155120727,1.0561777740140394,49.171224575384905,2.9975375902329984,0.19270315418720665,5.121140011557156,12.015605381285864,299.6103721587719,-0.6397684487927258,True,True,True,True,True,True,True,True
685,14,7,5,200.31352214936248,1.0061326720386998,0.9992984135938968,1.0128700101060024,5.0017184787929825,0.09996269481079846,9.962805472319863,1.0907030474344879,49.30124321527966,2.995286922918125,0.1906170280957334,5.312529335299166,12.015605381285864,299.6103721587719,-0.3719452768013731,True,True,True,True,True,True,True,True
686,14,8,1,200.31352214936248,1.0061326720386998,0.9992984135938968,1.0128700101060024,5.0017184787929825,0.10003864399516887,9.991420382592722,1.0785080180904738,50.289253702648125,2.9932996179538294,0.19718825537070517,5.317621767566585,12.015605381285864,299.6103721587719,-0.08579617407278306,True,True,True,True,True,True,True,True
687,14,8,2,200.31352214936248,1.0061326720386998,0.9992984135938968,1.0128700101060024,5.0017184787929825,0.09983404036008152,9.992802052410198,1.0617584520493517,49.228790984564455,2.9972345820005146,0.19307907849556816,5.329760743159763,12.015605381285864,299.6103721587719,-0.07197947589801856,True,True,True,True,True,True,True,True
688,14,8,3,200.31352214936248,1.0061326720386998,0.9992984135938968,1.0128700101060024,5.0017184787929825,0.09988966448590922,10.056432887395115,1.0736402305614798,49.94099405331018,2.995777444477024,0.1986801652297277,5.362038987554608,12.015605381285864,299.6103721587719,0.5643288739511476,True,True,True,True,True,True,True,True
689,14,8,4,200.31352214936248,1.0061326720386998,0.9992984135938968,1.0128700101060024,5.0017184787929825,0.09971653590693193,9.992721301317756,1.0657720902647136,49.67708521548158,2.996066394041393,0.1962501307327974,5.20338462727534,12.015605381285864,299.6103721587719,-0.07278698682243956,True,True,True,True,True,True,True,True
690,14,8,5,200.31352214936248,1.0061326720386998,0.9992984135938968,1.0128700101060024,5.0017184787929825,0.10005936235606912,9.981351166282296,1.040881118966551,49.98968061400338,2.9994812444576837,0.18933268739147496,5.278638019303071,12.015605381285864,299.6103721587719,-0.1864883371770354,True,True,True,True,True,True,True,True
691,14,9,1,200.31352214936248,1.0061326720386998,0.9992984135938968,1.0128700101060024,5.0017184787929825,0.0995487858041652,9.945840947029469,1.0865540686885486,49.41544143616561,2.9939623960096324,0.1933065727231576,5.013658664569747,12.015605381285864,299.6103721587719,-0.5415905297053136,True,True,True,True,True,True,True,True
692,14,9,2,200.31352214936248,1.0061326720386998,0.9992984135938968,1.0128700101060024,5.0017184787929825,0.099937488759256,10.02478983927482,1.0617921540825166,50.105919593113555,3.0004709508720455,0.19284391073369306,5.42987477598749,12.015605381285864,299.6103721587719,0.2478983927482048,True,True,True,True,True,True,True,True
693,14,9,3,200.31352214936248,1.0061326720386998,0.9992984135938968,1.0128700101060024,5.0017184787929825,0.09932930733416494,9.894357764433147,1.0436627053922722,49.58909363065518,2.9972659853421044,0.1928113760535987,5.274081976880573,12.015605381285864,299.6103721587719,-1.056422355668527,True,True,True,True,True,True,True,True
694,14,9,4,200.31352214936248,1.0061326720386998,0.9992984135938968,1.0128700101060024,5.0017184787929825,0.1001042774701891,9.989823398031604,1.0793090340527574,51.470022264741054,2.9996345109568834,0.18908304762325034,5.24195939133975,12.015605381285864,299.6103721587719,-0.10176601968396426,True,True,True,True,True,True,True,True
695,14,9,5,200.31352214936248,1.0061326720386998,0.9992984135938968,1.0128700101060024,5.0017184787929825,0.09940042295541761,9.960948980712699,1.0696734481262244,49.73442972942736,2.9960702970039947,0.1945151427005852,4.815864424319886,12.015605381285864,299.6103721587719,-0.3905101928730126,True,True,True,True,True,True,True,True
696,14,10,1,200.31352214936248,1.0061326720386998,0.9992984135938968,1.0128700101060024,5.0017184787929825,0.09991410047218252,9.945504368603453,1.0844526422786263,50.47095065361404,2.9967187886929647,0.19777421841250425,4.999834776187557,12.015605381285864,299.6103721587719,-0.5449563139654678,True,True,True,True,True,True,True,True
697,14,10,2,200.31352214936248,1.0061326720386998,0.9992984135938968,1.0128700101060024,5.0017184787929825,0.0995793990806212,9.961746478468445,1.041458118915309,49.76636423172824,2.9981123451441913,0.19842063444149624,5.166211964777845,12.015605381285864,299.6103721587719,-0.38253521531554924,True,True,True,True,True,True,True,True
698,14,10,3,200.31352214936248,1.0061326720386998,0.9992984135938968,1.0128700101060024,5.0017184787929825,0.09966109617348354,9.954806210607678,1.0282953999983673,48.813295166295916,2.9909991246586722,0.18918897666631926,5.363860442084149,12.015605381285864,299.6103721587719,-0.4519378939232155,True,True,True,True,True,True,True,True
699,14,10,4,200.31352214936248,1.0061326720386998,0.9992984135938968,1.0128700101060024,5.0017184787929825,0.09944754672050128,9.977561023849477,1.0952115171236088,49.42482021075837,2.998534448141503,0.19383992339079087,5.1971510713172355,12.015605381285864,299.6103721587719,-0.22438976150523257,True,True,True,True,True,True,True,True
700,14,10,5,200.31352214936248,1.0061326720386998,0.9992984135938968,1.0128700101060024,5.0017184787929825,0.09954316966839262,9.95416829754233,1.099530224196439,50.54494898666622,2.998739689398545,0.1981176745834203,5.442408461148502,12.015605381285864,299.6103721587719,-0.4583170245767043,True,True,True,True,True,True,True,True
701,15,1,1,200.08046611689346,0.999137963609867,0.9964426650971324,1.0156282224742026,4.977364713930723,0.09936256389771604,9.88090776167528,1.0104510455134523,49.98884976611542,2.9998344246447717,0.1919437162205074,4.621448304881605,11.966800315432781,300.8322947745122,-1.1909223832472016,True,True,True,True,True,True,True,True
702,15,1,2,200.08046611689346,0.999137963609867,0.9964426650971324,1.0156282224742026,4.977364713930723,0.10003532464128363,10.03991584836845,0.9764343631496166,50.038266904040185,3.0019806161792153,0.18614892943114322,4.652925953675183,11.966800315432781,300.8322947745122,0.3991584836844986,True,True,True,True,True,True,True,True
703,15,1,3,200.08046611689346,0.999137963609867,0.9964426650971324,1.0156282224742026,4.977364713930723,0.09928246047071596,9.95545470448191,0.9398258981003006,51.05932632685771,3.0008786581707203,0.19392018118425453,4.903942840485093,11.966800315432781,300.8322947745122,-0.44545295518089395,True,True,True,True,True,True,True,True
704,15,1,4,200.08046611689346,0.999137963609867,0.9964426650971324,1.0156282224742026,4.977364713930723,0.10006045279363697,9.975928255538038,0.9631244842289483,51.185275216337885,2.9975859148959234,0.18637728584833202,4.716912181415639,11.966800315432781,300.8322947745122,-0.2407174446196159,True,True,True,True,True,True,True,True
705,15,1,5,200.08046611689346,0.999137963609867,0.9964426650971324,1.0156282224742026,4.977364713930723,0.09906966266837354,9.927121511414018,0.9620680800050393,49.893108690546484,3.0007449342691626,0.1843294960018759,4.987184217873765,11.966800315432781,300.8322947745122,-0.7287848858598167,True,True,True,True,True,True,True,True
706,15,2,1,200.08046611689346,0.999137963609867,0.9964426650971324,1.0156282224742026,4.977364713930723,0.0995199551940399,9.966158064460835,0.9572432340178609,50.59447118726084,2.995597347484268,0.19374114989851698,4.849922350475175,11.966800315432781,300.8322947745122,-0.33841935539165036,True,True,True,True,True,True,True,True
707,15,2,2,200.08046611689346,0.999137963609867,0.9964426650971324,1.0156282224742026,4.977364713930723,0.09846458535549048,9.865563479942457,0.9987083908108255,50.93690380982644,3.0026288783867447,0.18545159703661193,4.851587976071123,11.966800315432781,300.8322947745122,-1.344365200575428,True,True,True,True,True,True,True,True
708,15,2,3,200.08046611689346,0.999137963609867,0.9964426650971324,1.0156282224742026,4.977364713930723,0.09926211204011239,9.934026964704394,0.9377589537533823,51.05858723005533,3.0026620148236027,0.193483166012144,4.840145635687935,11.966800315432781,300.8322947745122,-0.6597303529560605,True,True,True,True,True,True,True,True
709,15,2,4,200.08046611689346,0.999137963609867,0.9964426650971324,1.0156282224742026,4.977364713930723,0.09959082713137223,9.954840712078799,0.977048625839271,50.65718428599198,3.000526696050792,0.18789709197154103,4.7617829553618085,11.966800315432781,300.8322947745122,-0.45159287921201496,True,True,True,True,True,True,True,True
710,15,2,5,200.08046611689346,0.999137963609867,0.9964426650971324,1.0156282224742026,4.977364713930723,0.09944705970860389,9.979429937899102,0.9870400361905715,50.12689771261727,3.0017448524911643,0.18848865490643538,4.873232797404542,11.966800315432781,300.8322947745122,-0.20570062100897954,True,True,True,True,True,True,True,True
711,15,3,1,200.08046611689346,0.999137963609867,0.9964426650971324,1.0156282224742026,4.977364713930723,0.09941508554394499,9.969548931461162,0.9459443621629637,51.215308608134855,2.9986450071165343,0.18862211245743546,4.720252655279732,11.966800315432781,300.8322947745122,-0.30451068538837944,True,True,True,True,True,True,True,True
712,15,3,2,200.08046611689346,0.999137963609867,0.9964426650971324,1.0156282224742026,4.977364713930723,0.09939170201476176,9.956095062110773,0.9818939665533393,50.099189599664065,3.002602170752647,0.18687335856594106,4.682876328792009,11.966800315432781,300.8322947745122,-0.43904937889227114,True,True,True,True,True,True,True,True
713,15,3,3,200.08046611689346,0.999137963609867,0.9964426650971324,1.0156282224742026,4.977364713930723,0.09935308083150005,9.956693641527822,1.006348649471186,50.89313875376027,2.998210054462921,0.1881982762285072,5.031795140722278,11.966800315432781,300.8322947745122,-0.43306358472177564,True,True,True,True,True,True,True,True
714,15,3,4,200.08046611689346,0.999137963609867,0.9964426650971324,1.0156282224742026,4.977364713930723,0.09969151776374782,9.978217465675597,0.9515856454451367,50.54040907350127,2.9991412657862893,0.19223799652370407,4.861571826271846,11.966800315432781,300.8322947745122,-0.2178253432440336,True,True,True,True,True,True,True,True
715,15,3,5,200.08046611689346,0.999137963609867,0.9964426650971324,1.0156282224742026,4.977364713930723,0.09967502047642614,9.930782693967558,1.0077418983690425,51.1789629663642,2.9970012091423794,0.18528770193915725,4.770069487671678,11.966800315432781,300.8322947745122,-0.6921730603244214,True,True,True,True,True,True,True,True
716,15,4,1,200.08046611689346,0.999137963609867,0.9964426650971324,1.0156282224742026,4.977364713930723,0.09939670083974014,9.91799198880857,0.9408615960113506,52.13902574756677,3.0047101543073995,0.19438545145093333,4.716451034408578,11.966800315432781,300.8322947745122,-0.8200801119143009,True,True,True,True,True,True,True,True
717,15,4,2,200.08046611689346,0.999137963609867,0.9964426650971324,1.0156282224742026,4.977364713930723,0.09983977391591875,9.986608145596405,0.9995004092962514,50.15294843832346,3.001318135214514,0.19404916759037016,4.833261857609482,11.966800315432781,300.8322947745122,-0.1339185440359536,True,True,True,True,True,True,True,True
718,15,4,3,200.08046611689346,0.999137963609867,0.9964426650971324,1.0156282224742026,4.977364713930723,0.0992524946029688,9.947713362839172,0.9548036878253373,50.49573123510751,2.998544186671387,0.18573211243056628,5.16750681942332,11.966800315432781,300.8322947745122,-0.5228663716082771,True,True,True,True,True,True,True,True
719,15,4,4,200.08046611689346,0.999137963609867,0.9964426650971324,1.0156282224742026,4.977364713930723,0.09973426297582128,9.9687897235281,0.9412077779831941,51.22386649246394,3.002387432787033,0.18912121110955146,4.975191586833493,11.966800315432781,300.8322947745122,-0.31210276471899334,True,True,True,True,True,True,True,True
720,15,4,5,200.08046611689346,0.999137963609867,0.9964426650971324,1.0156282224742026,4.977364713930723,0.09968495839633684,9.948693518268588,0.9766694754615539,50.80991195079833,3.0026474941136594,0.1895158855664758,4.820429875618177,11.966800315432781,300.8322947745122,-0.5130648173141239,True,True,True,True,True,True,True,True
721,15,5,1,200.08046611689346,0.999137963609867,0.9964426650971324,1.0156282224742026,4.977364713930723,0.09985975235334753,9.959369063655261,0.9689544237356591,49.23298272227668,3.0000072620986313,0.18999945333724194,4.727610552364293,11.966800315432781,300.8322947745122,-0.406309363447388,True,True,True,True,True,True,True,True
722,15,5,2,200.08046611689346,0.999137963609867,0.9964426650971324,1.0156282224742026,4.977364713930723,0.09945169018588407,9.952997313396997,1.008610669651477,49.902098336403725,3.0019230250572893,0.19174070196131682,4.465892709550739,11.966800315432781,300.8322947745122,-0.4700268660300289,True,True,True,True,True,True,True,True
723,15,5,3,200.08046611689346,0.999137963609867,0.9964426650971324,1.0156282224742026,4.977364713930723,0.09935499681843363,9.966176167913558,0.9649847821320117,49.37034709168725,2.998141572447245,0.1892774637663642,4.8428983328258655,11.966800315432781,300.8322947745122,-0.3382383208644235,True,True,True,True,True,True,True,True
724,15,5,4,200.08046611689346,0.999137963609867,0.9964426650971324,1.0156282224742026,4.977364713930723,0.10000315895523208,10.016354385376273,0.9918277018228747,50.937849803284905,3.000369368592804,0.18559772725060783,4.8321266203968465,11.966800315432781,300.8322947745122,0.16354385376272873,True,True,True,True,True,True,True,True
725,15,5,5,200.08046611689346,0.999137963609867,0.9964426650971324,1.0156282224742026,4.977364713930723,0.09964968877208544,9.99641432877432,0.9677902694796547,49.22648578904802,3.0016508155023374,0.18826668795994367,4.883272590934957,11.966800315432781,300.8322947745122,-0.03585671225680542,True,True,True,True,True,True,True,True
726,15,6,1,200.08046611689346,0.999137963609867,0.9964426650971324,1.0156282224742026,4.977364713930723,0.09935234454371293,9.934859938399201,0.9303948920296963,50.10885666696549,2.9986812255296926,0.1867576387886561,4.871849812362649,11.966800315432781,300.8322947745122,-0.6514006160079866,True,True,True,True,True,True,True,True
727,15,6,2,200.08046611689346,0.999137963609867,0.9964426650971324,1.0156282224742026,4.977364713930723,0.0994628606111988,9.966159805516664,0.9662211441389854,49.8685168683015,2.99989190630278,0.19359571888988236,4.777597523622222,11.966800315432781,300.8322947745122,-0.3384019448333575,True,True,True,True,True,True,True,True
728,15,6,3,200.08046611689346,0.999137963609867,0.9964426650971324,1.0156282224742026,4.977364713930723,0.0993908645618211,9.97694341146577,0.9778151434114613,51.51992933589215,3.001270875926694,0.1912553028172025,4.907062233147567,11.966800315432781,300.8322947745122,-0.23056588534229758,True,True,True,True,True,True,True,True
729,15,6,4,200.08046611689346,0.999137963609867,0.9964426650971324,1.0156282224742026,4.977364713930723,0.09947556842164627,9.91918861256285,0.9864472274254114,50.732389325883986,2.9994602410472018,0.18884231047364963,4.338796698472934,11.966800315432781,300.8322947745122,-0.8081138743714966,True,True,True,True,True,True,True,True
730,15,6,5,200.08046611689346,0.999137963609867,0.9964426650971324,1.0156282224742026,4.977364713930723,0.09927881643442721,9.901637226034044,0.9806933074186078,50.96291937853344,2.9993288264613662,0.18886470277011372,4.8193245750025895,11.966800315432781,300.8322947745122,-0.9836277396595604,True,True,True,True,True,True,True,True
731,15,7,1,200.08046611689346,0.999137963609867,0.9964426650971324,1.0156282224742026,4.977364713930723,0.0997327876975515,9.961170253285767,0.9514122361587848,49.08401248681213,3.003124183213023,0.18955253292648974,4.70589350232996,11.966800315432781,300.8322947745122,-0.3882974671423334,True,True,True,True,True,True,True,True
732,15,7,2,200.08046611689346,0.999137963609867,0.9964426650971324,1.0156282224742026,4.977364713930723,0.09977887025974082,9.996955852692286,0.9720759709067425,50.76000945051666,2.999320122245919,0.19130299693630998,4.7571215413365975,11.966800315432781,300.8322947745122,-0.030441473077136294,True,True,True,True,True,True,True,True
733,15,7,3,200.08046611689346,0.999137963609867,0.9964426650971324,1.0156282224742026,4.977364713930723,0.09970963420517719,9.951011096648388,1.0329270902417145,50.21450564356228,3.002322320702845,0.1862131668054589,4.727891171252379,11.966800315432781,300.8322947745122,-0.4898890335161177,True,True,True,True,True,True,True,True
734,15,7,4,200.08046611689346,0.999137963609867,0.9964426650971324,1.0156282224742026,4.977364713930723,0.09949767098545631,9.969968390507953,0.9812497871145144,49.06433593500917,3.0027645626063895,0.18625839222912569,4.872139963663742,11.966800315432781,300.8322947745122,-0.30031609492047195,True,True,True,True,True,True,True,True
735,15,7,5,200.08046611689346,0.999137963609867,0.9964426650971324,1.0156282224742026,4.977364713930723,0.09899669187382869,9.90308577933354,0.9999023728279288,50.31354584663038,3.000345406566313,0.19138053267302554,4.849126784637892,11.966800315432781,300.8322947745122,-0.9691422066645926,True,True,True,True,True,True,True,True
736,15,8,1,200.08046611689346,0.999137963609867,0.9964426650971324,1.0156282224742026,4.977364713930723,0.09954058487543611,9.991633992845335,0.9584386753277588,50.29776700236281,3.003713334800488,0.18680869609023218,4.8597757168850775,11.966800315432781,300.8322947745122,-0.08366007154664956,True,True,True,True,True,True,True,True
737,15,8,2,200.08046611689346,0.999137963609867,0.9964426650971324,1.0156282224742026,4.977364713930723,0.09991642301258978,9.993854327047496,1.0312164495136205,50.24681022463265,2.994449500911464,0.18823973488991982,4.772168964043666,11.966800315432781,300.8322947745122,-0.06145672952504455,True,True,True,True,True,True,True,True
738,15,8,3,200.08046611689346,0.999137963609867,0.9964426650971324,1.0156282224742026,4.977364713930723,0.09913187889370907,9.910533792890242,1.0354763863759573,49.783246910622275,3.0018249544753486,0.18696159975694032,4.7280120126755065,11.966800315432781,300.8322947745122,-0.894662071097585,True,True,True,True,True,True,True,True
739,15,8,4,200.08046611689346,0.999137963609867,0.9964426650971324,1.0156282224742026,4.977364713930723,0.09980920123872174,10.00497294193258,0.9876908183962905,51.23542586028046,3.0014676074890025,0.18926867808486725,4.700651870552828,11.966800315432781,300.8322947745122,0.04972941932580355,True,True,True,True,True,True,True,True
740,15,8,5,200.08046611689346,0.999137963609867,0.9964426650971324,1.0156282224742026,4.977364713930723,0.09905454332280102,9.943330861188556,0.9374285915016147,49.93820437401012,3.0003014256750773,0.18666722955600504,4.679784498838568,11.966800315432781,300.8322947745122,-0.5666913881144353,True,True,True,True,True,True,True,True
741,15,9,1,200.08046611689346,0.999137963609867,0.9964426650971324,1.0156282224742026,4.977364713930723,0.09987431701162416,10.004688003722753,0.9816975929836071,48.82219063939453,3.001872560979963,0.1883114899388909,4.972248606887447,11.966800315432781,300.8322947745122,0.04688003722753464,True,True,True,True,True,True,True,True
742,15,9,2,200.08046611689346,0.999137963609867,0.9964426650971324,1.0156282224742026,4.977364713930723,0.09956863088010909,9.884472198007224,1.004380233445493,51.3219623328935,3.000301954342307,0.18861832110617374,4.841804026298612,11.966800315432781,300.8322947745122,-1.1552780199277635,True,True,True,True,True,True,True,True
743,15,9,3,200.08046611689346,0.999137963609867,0.9964426650971324,1.0156282224742026,4.977364713930723,0.0993003179722594,9.944677067263388,0.9829113173693644,50.92729941388825,3.0030462299129885,0.19323402876753054,4.943226974299295,11.966800315432781,300.8322947745122,-0.5532293273661182,True,True,True,True,True,True,True,True
744,15,9,4,200.08046611689346,0.999137963609867,0.9964426650971324,1.0156282224742026,4.977364713930723,0.09957151198061827,9.963805613647795,1.0114466533769484,51.29460065934421,2.998804435906115,0.18652560141786956,4.557119165350872,11.966800315432781,300.8322947745122,-0.361943863522054,True,True,True,True,True,True,True,True
745,15,9,5,200.08046611689346,0.999137963609867,0.9964426650971324,1.0156282224742026,4.977364713930723,0.09920914306861234,9.954612855981065,0.9528777044276272,50.39455934798371,3.002881829335031,0.18789676536558286,4.870786106921272,11.966800315432781,300.8322947745122,-0.4538714401893529,True,True,True,True,True,True,True,True
746,15,10,1,200.08046611689346,0.999137963609867,0.9964426650971324,1.0156282224742026,4.977364713930723,0.09922065710115202,9.913749513499798,0.9977204767972533,50.26272731489002,3.0032954549192636,0.18817532033989742,4.692399733883418,11.966800315432781,300.8322947745122,-0.8625048650020163,True,True,True,True,True,True,True,True
747,15,10,2,200.08046611689346,0.999137963609867,0.9964426650971324,1.0156282224742026,4.977364713930723,0.09921090316084348,9.905270598538293,0.9982891730208514,49.95685549080389,3.0020270211436753,0.19289135721921855,5.011462657561091,11.966800315432781,300.8322947745122,-0.947294014617075,True,True,True,True,True,True,True,True
748,15,10,3,200.08046611689346,0.999137963609867,0.9964426650971324,1.0156282224742026,4.977364713930723,0.09944354852812583,9.967585202758976,0.9438601756049632,48.96837045538715,2.998902277803516,0.19217712933994774,4.746383672726916,11.966800315432781,300.8322947745122,-0.32414797241024473,True,True,True,True,True,True,True,True
749,15,10,4,200.08046611689346,0.999137963609867,0.9964426650971324,1.0156282224742026,4.977364713930723,0.09959973924671162,9.966319623534414,1.0158426282124389,50.408333835581836,2.9989196260762783,0.18691284742561776,4.7056775632966685,11.966800315432781,300.8322947745122,-0.3368037646558619,True,True,True,True,True,True,True,True
750,15,10,5,200.08046611689346,0.999137963609867,0.9964426650971324,1.0156282224742026,4.977364713930723,0.0991317491510723,9.909715279357538,0.9594080827648473,51.25080124218465,2.9998383668488398,0.19097471215143932,4.8161028216873785,11.966800315432781,300.8322947745122,-0.9028472064246174,True,True,True,True,True,True,True,True
751,16,1,1,200.208767889865,0.9976885396772774,1.0057782610862736,0.9941759185107972,5.02930088103922,0.10020799219339555,10.018911511090344,1.0058975504267926,51.26161747080218,3.0019017545903544,0.20466786340918866,5.121555031826175,12.058555941675511,298.5432101001463,0.1891151109034439,True,True,True,True,True,True,True,True
752,16,1,2,200.208767889865,0.9976885396772774,1.0057782610862736,0.9941759185107972,5.02930088103922,0.10062838633421749,10.033400488954845,1.006774979747505,49.81030455446442,3.002221396136331,0.19976609599018003,5.150333664441785,12.058555941675511,298.5432101001463,0.3340048895484493,True,True,True,True,True,True,True,True
753,16,1,3,200.208767889865,0.9976885396772774,1.0057782610862736,0.9941759185107972,5.02930088103922,0.09996964003938918,9.967636331625226,1.0012706731531484,49.6761651164104,3.002453226560231,0.20149951739011027,5.183231095453646,12.058555941675511,298.5432101001463,-0.32363668374774335,True,True,True,True,True,True,True,True
754,16,1,4,200.208767889865,0.9976885396772774,1.0057782610862736,0.9941759185107972,5.02930088103922,0.09976862634373479,9.962383045219799,0.9437523840841064,50.32816449887662,3.0016931041940116,0.21080876896164982,5.001830861841857,12.058555941675511,298.5432101001463,-0.3761695478020144,True,True,True,True,True,True,True,True
755,16,1,5,200.208767889865,0.9976885396772774,1.0057782610862736,0.9941759185107972,5.02930088103922,0.10041402091226516,10.02151195406371,1.010315486683492,51.03106244774797,3.0020594004173833,0.20512931822964217,5.33176169793055,12.058555941675511,298.5432101001463,0.21511954063710093,True,True,True,True,True,True,True,True
756,16,2,1,200.208767889865,0.9976885396772774,1.0057782610862736,0.9941759185107972,5.02930088103922,0.10001285888335615,10.016816582899143,0.9812091606019964,49.526174215413334,3.002972038630717,0.20355507704381373,5.2873384636709835,12.058555941675511,298.5432101001463,0.16816582899142674,True,True,True,True,True,True,True,True
757,16,2,2,200.208767889865,0.9976885396772774,1.0057782610862736,0.9941759185107972,5.02930088103922,0.10043954160574955,10.023162750696034,0.995586702330004,49.95258581967188,3.0008109529408515,0.20312850991710146,4.923206715469507,12.058555941675511,298.5432101001463,0.2316275069603435,True,True,True,True,True,True,True,True
758,16,2,3,200.208767889865,0.9976885396772774,1.0057782610862736,0.9941759185107972,5.02930088103922,0.10047935771729163,10.067309615369567,0.9696836638283303,51.01287886789639,3.0004313542267393,0.20313510134925425,5.2461094027538815,12.058555941675511,298.5432101001463,0.673096153695667,True,True,True,True,True,True,True,True
759,16,2,4,200.208767889865,0.9976885396772774,1.0057782610862736,0.9941759185107972,5.02930088103922,0.10049216697010457,10.040804205007323,1.0367355045854016,50.6632220687721,3.0011803453892787,0.20805196305876206,5.614529380522028,12.058555941675511,298.5432101001463,0.40804205007322736,True,True,True,True,True,True,True,True
760,16,2,5,200.208767889865,0.9976885396772774,1.0057782610862736,0.9941759185107972,5.02930088103922,0.10010097254742592,10.045914525668268,1.000636173897414,50.28529824542343,3.000722738132999,0.20295830864658115,5.233372120623619,12.058555941675511,298.5432101001463,0.4591452566826781,True,True,True,True,True,True,True,True
761,16,3,1,200.208767889865,0.9976885396772774,1.0057782610862736,0.9941759185107972,5.02930088103922,0.10030655215857236,10.043096221689368,0.9127755825125138,49.92429466885945,3.0024229956129544,0.2007554323268161,5.079694219019958,12.058555941675511,298.5432101001463,0.43096221689367553,True,True,True,True,True,True,True,True
762,16,3,2,200.208767889865,0.9976885396772774,1.0057782610862736,0.9941759185107972,5.02930088103922,0.10068178747585217,10.087851136825044,0.978492616219798,51.08601200357129,2.999123333205987,0.20684769193146094,5.154582619032516,12.058555941675511,298.5432101001463,0.8785113682504431,True,True,True,True,True,True,True,True
763,16,3,3,200.208767889865,0.9976885396772774,1.0057782610862736,0.9941759185107972,5.02930088103922,0.10005475801310386,10.028939473580882,0.999366171300993,49.92555436670545,3.003042917157087,0.20269445248891035,5.137195396528089,12.058555941675511,298.5432101001463,0.28939473580882336,True,True,True,True,True,True,True,True
764,16,3,4,200.208767889865,0.9976885396772774,1.0057782610862736,0.9941759185107972,5.02930088103922,0.10021107674898366,10.02118928071673,1.022739249996511,48.937909314389486,3.002434314837363,0.20441695593709466,4.802774128045853,12.058555941675511,298.5432101001463,0.2118928071672954,True,True,True,True,True,True,True,True
765,16,3,5,200.208767889865,0.9976885396772774,1.0057782610862736,0.9941759185107972,5.02930088103922,0.10037124430446163,10.085887377657844,0.9829956027350206,49.82190657783043,3.00401314348631,0.20415467957798156,5.200494610367055,12.058555941675511,298.5432101001463,0.8588737765784416,True,True,True,True,True,True,True,True
766,16,4,1,200.208767889865,0.9976885396772774,1.0057782610862736,0.9941759185107972,5.02930088103922,0.10026396113908785,10.039421823431491,0.9543113004387109,51.370911628264686,2.9990869479111693,0.19706896812359614,4.916593492176144,12.058555941675511,298.5432101001463,0.3942182343149092,True,True,True,True,True,True,True,True
767,16,4,2,200.208767889865,0.9976885396772774,1.0057782610862736,0.9941759185107972,5.02930088103922,0.10002485257179909,9.999676315392946,1.0191397970330969,49.72743337675416,2.9986419217188724,0.20385074483414,4.942447098939123,12.058555941675511,298.5432101001463,-0.0032368460705356488,True,True,True,True,True,True,True,True
768,16,4,3,200.208767889865,0.9976885396772774,1.0057782610862736,0.9941759185107972,5.02930088103922,0.10041462318290566,10.022967774793797,1.0032740366525614,49.89296516339969,3.0003631659117924,0.20764968023398753,5.251734259796113,12.058555941675511,298.5432101001463,0.22967774793796633,True,True,True,True,True,True,True,True
769,16,4,4,200.208767889865,0.9976885396772774,1.0057782610862736,0.9941759185107972,5.02930088103922,0.10050305416891898,10.044625585807447,1.023015121554993,50.38322039940976,2.999150579695959,0.20317919070528143,5.3049490527626295,12.058555941675511,298.5432101001463,0.4462558580744691,True,True,True,True,True,True,True,True
770,16,4,5,200.208767889865,0.9976885396772774,1.0057782610862736,0.9941759185107972,5.02930088103922,0.10013278618232542,10.01278464102517,1.0285247482241244,49.731327865242626,3.004818395890765,0.20074322228767233,5.146142429242059,12.058555941675511,298.5432101001463,0.1278464102517063,True,True,True,True,True,True,True,True
771,16,5,1,200.208767889865,0.9976885396772774,1.0057782610862736,0.9941759185107972,5.02930088103922,0.10016469467505626,10.089501082399295,0.9754882832996744,50.223340124990806,3.0023822009679018,0.2039425591874473,5.06743889959212,12.058555941675511,298.5432101001463,0.8950108239929477,True,True,True,True,True,True,True,True
772,16,5,2,200.208767889865,0.9976885396772774,1.0057782610862736,0.9941759185107972,5.02930088103922,0.1006184946221149,10.089610701491376,0.9840557524152167,50.3169290062393,3.0027042573943756,0.1998911811351234,5.204538786124209,12.058555941675511,298.5432101001463,0.8961070149137561,True,True,True,True,True,True,True,True
773,16,5,3,200.208767889865,0.9976885396772774,1.0057782610862736,0.9941759185107972,5.02930088103922,0.10015322212316283,9.995124927046184,0.9839171368092214,50.7378581097715,3.0032183819653664,0.20692891966179647,5.212965203713071,12.058555941675511,298.5432101001463,-0.04875072953815618,True,True,True,True,True,True,True,True
774,16,5,4,200.208767889865,0.9976885396772774,1.0057782610862736,0.9941759185107972,5.02930088103922,0.1003514038765073,10.025772386337824,1.0242851077726611,49.401429988996995,3.0026898243992988,0.20127158681646903,4.856357544494532,12.058555941675511,298.5432101001463,0.2577238633782386,True,True,True,True,True,True,True,True
775,16,5,5,200.208767889865,0.9976885396772774,1.0057782610862736,0.9941759185107972,5.02930088103922,0.10062999116233382,10.096166351370188,1.0403714377451945,50.08525593915791,3.001412754083565,0.20806518026213575,5.105343815486122,12.058555941675511,298.5432101001463,0.9616635137018825,True,True,True,True,True,True,True,True
776,16,6,1,200.208767889865,0.9976885396772774,1.0057782610862736,0.9941759185107972,5.02930088103922,0.10014549985351674,10.015992266029379,0.986947095236619,50.237092568326524,2.998879051079946,0.20055376797514357,5.274111174979968,12.058555941675511,298.5432101001463,0.15992266029378754,True,True,True,True,True,True,True,True
777,16,6,2,200.208767889865,0.9976885396772774,1.0057782610862736,0.9941759185107972,5.02930088103922,0.10040240849732145,10.02114485188984,1.0025599457637395,50.064219413446914,3.0016032677504105,0.20061523052863747,5.278769374986983,12.058555941675511,298.5432101001463,0.21144851889840058,True,True,True,True,True,True,True,True
778,16,6,3,200.208767889865,0.9976885396772774,1.0057782610862736,0.9941759185107972,5.02930088103922,0.10036017775594593,10.059494821247236,1.0121438824822777,50.67971966828778,3.003380696790401,0.20409732951824588,5.377079009121815,12.058555941675511,298.5432101001463,0.5949482124723637,True,True,True,True,True,True,True,True
779,16,6,4,200.208767889865,0.9976885396772774,1.0057782610862736,0.9941759185107972,5.02930088103922,0.10059744604802671,10.068171110985972,0.9959282755631035,49.01384653824479,3.0030126190424546,0.20344866140899537,5.614479363195896,12.058555941675511,298.5432101001463,0.6817111098597195,True,True,True,True,True,True,True,True
780,16,6,5,200.208767889865,0.9976885396772774,1.0057782610862736,0.9941759185107972,5.02930088103922,0.1003382664058389,10.01863190575078,0.9771397498656356,49.11085022836516,2.998480906534097,0.20446305084578778,5.055223945087481,12.058555941675511,298.5432101001463,0.1863190575078022,True,True,True,True,True,True,True,True
781,16,7,1,200.208767889865,0.9976885396772774,1.0057782610862736,0.9941759185107972,5.02930088103922,0.10057839053472456,10.070972547466695,1.0022774493905693,49.25364051019447,3.002237162411117,0.20226360878037616,5.0668540686669195,12.058555941675511,298.5432101001463,0.7097254746669535,True,True,True,True,True,True,True,True
782,16,7,2,200.208767889865,0.9976885396772774,1.0057782610862736,0.9941759185107972,5.02930088103922,0.09982180548409117,10.006672344096863,0.9781164126921996,50.04250563742058,3.000558186221382,0.20054070011265823,5.2803506486471905,12.058555941675511,298.5432101001463,0.06672344096863014,True,True,True,True,True,True,True,True
783,16,7,3,200.208767889865,0.9976885396772774,1.0057782610862736,0.9941759185107972,5.02930088103922,0.10057006746171442,10.027937230528455,0.9706564248707024,52.09175079299903,3.0015537010170292,0.19811648075549634,5.357008771762832,12.058555941675511,298.5432101001463,0.2793723052845465,True,True,True,True,True,True,True,True
784,16,7,4,200.208767889865,0.9976885396772774,1.0057782610862736,0.9941759185107972,5.02930088103922,0.09980839351912953,9.991025272397435,0.9691512800976659,51.128775450455784,3.0013419998668986,0.19743769030675548,5.120288160862723,12.058555941675511,298.5432101001463,-0.08974727602565125,True,True,True,True,True,True,True,True
785,16,7,5,200.208767889865,0.9976885396772774,1.0057782610862736,0.9941759185107972,5.02930088103922,0.10013074534994879,10.015265719540873,0.9834067783664863,50.176822730506125,3.005089693214547,0.19734968835286734,5.141266424912159,12.058555941675511,298.5432101001463,0.15265719540872524,True,True,True,True,True,True,True,True
786,16,8,1,200.208767889865,0.9976885396772774,1.0057782610862736,0.9941759185107972,5.02930088103922,0.09999145240239993,9.987514936396796,1.0235766488492823,49.784853228575145,3.002599565423736,0.20329818482441597,5.16123257981986,12.058555941675511,298.5432101001463,-0.12485063603204338,True,True,True,True,True,True,True,True
787,16,8,2,200.208767889865,0.9976885396772774,1.0057782610862736,0.9941759185107972,5.02930088103922,0.10044715918811516,10.05150723634049,1.0329104253102275,50.42486298085061,2.9999871519103483,0.20382415770532614,5.097476358367265,12.058555941675511,298.5432101001463,0.5150723634048937,True,True,True,True,True,True,True,True
788,16,8,3,200.208767889865,0.9976885396772774,1.0057782610862736,0.9941759185107972,5.02930088103922,0.10044925127436417,10.109872828131017,1.0188616279857776,49.70750543089793,2.9999366054030685,0.20115866513548022,5.114983324515333,12.058555941675511,298.5432101001463,1.0987282813101729,True,True,True,True,True,True,True,True
789,16,8,4,200.208767889865,0.9976885396772774,1.0057782610862736,0.9941759185107972,5.02930088103922,0.10043698912716499,10.007363019271216,1.0001988071526788,48.06839234601696,3.004924664759914,0.20373590196900257,4.997086387718312,12.058555941675511,298.5432101001463,0.0736301927121552,True,True,True,True,True,True,True,True
790,16,8,5,200.208767889865,0.9976885396772774,1.0057782610862736,0.9941759185107972,5.02930088103922,0.10016614986129221,10.049419241709519,1.011075813868071,49.28914175336281,3.0035853814295566,0.20752144672358896,5.369458924850928,12.058555941675511,298.5432101001463,0.494192417095185,True,True,True,True,True,True,True,True
791,16,9,1,200.208767889865,0.9976885396772774,1.0057782610862736,0.9941759185107972,5.02930088103922,0.10017179181111237,9.984621420024503,0.9684737925762376,50.780598042668814,3.000824160029008,0.20317312628363063,5.1155952793098205,12.058555941675511,298.5432101001463,-0.15378579975497075,True,True,True,True,True,True,True,True
792,16,9,2,200.208767889865,0.9976885396772774,1.0057782610862736,0.9941759185107972,5.02930088103922,0.10054771881869329,10.01840713888589,0.9992365316432303,50.440397623374615,3.0002620501418797,0.19812367176581502,5.066928964018936,12.058555941675511,298.5432101001463,0.18407138885889296,True,True,True,True,True,True,True,True
793,16,9,3,200.208767889865,0.9976885396772774,1.0057782610862736,0.9941759185107972,5.02930088103922,0.100032313737857,9.984652264871617,0.9526108958373362,50.53218334674733,3.0013540322398335,0.1996743730418927,5.215847479249203,12.058555941675511,298.5432101001463,-0.15347735128383277,True,True,True,True,True,True,True,True
794,16,9,4,200.208767889865,0.9976885396772774,1.0057782610862736,0.9941759185107972,5.02930088103922,0.10050004010582339,10.030787478112535,0.9989527040814931,50.1733560363307,3.004938107531786,0.20131390528281826,5.022861458148379,12.058555941675511,298.5432101001463,0.3078747811253457,True,True,True,True,True,True,True,True
795,16,9,5,200.208767889865,0.9976885396772774,1.0057782610862736,0.9941759185107972,5.02930088103922,0.10038602751295099,10.002533190723986,1.0294259199360127,49.02624954828258,2.9993099630788653,0.20069971865053474,5.418167355983898,12.058555941675511,298.5432101001463,0.025331907239856122,True,True,True,True,True,True,True,True
796,16,10,1,200.208767889865,0.9976885396772774,1.0057782610862736,0.9941759185107972,5.02930088103922,0.10062566918606698,10.077784047896058,1.0323728644679284,49.34048106903593,2.9995233320727044,0.20446203379653158,4.967117871251069,12.058555941675511,298.5432101001463,0.7778404789605808,True,True,True,True,True,True,True,True
797,16,10,2,200.208767889865,0.9976885396772774,1.0057782610862736,0.9941759185107972,5.02930088103922,0.10038206475457088,9.992573728963436,1.038356019109929,49.02149039088405,2.999401070508007,0.20077456271199423,5.492894359073862,12.058555941675511,298.5432101001463,-0.07426271036564458,True,True,True,True,True,True,True,True
798,16,10,3,200.208767889865,0.9976885396772774,1.0057782610862736,0.9941759185107972,5.02930088103922,0.10023609892936054,10.0052927794899,1.0376129516850652,50.326112269617845,3.0029916918371615,0.20119184298922657,5.244146918733853,12.058555941675511,298.5432101001463,0.052927794898991465,True,True,True,True,True,True,True,True
799,16,10,4,200.208767889865,0.9976885396772774,1.0057782610862736,0.9941759185107972,5.02930088103922,0.09978278655813091,10.019929062481792,1.0044538738611992,49.77679003149191,3.00093228801719,0.19768011292482057,4.993973847738948,12.058555941675511,298.5432101001463,0.19929062481791604,True,True,True,True,True,True,True,True
800,16,10,5,200.208767889865,0.9976885396772774,1.0057782610862736,0.9941759185107972,5.02930088103922,0.10044427619566731,10.042118651207549,1.0174159893771832,50.0128798580565,3.0015493976370693,0.20180561454569257,4.892795428070424,12.058555941675511,298.5432101001463,0.42118651207548646,True,True,True,True,True,True,True,True
801,17,1,1,200.01472783646054,0.9877018797004008,1.0048252104038646,1.014899332743819,5.022527289932559,0.1002675606326704,10.008153239435142,1.0276785393852343,45.48409312143373,2.9970317992964755,0.20086498161762648,5.044331289969254,12.064779123012801,298.38921734863993,0.08153239435142012,True,True,True,True,True,True,True,True
802,17,1,2,200.01472783646054,0.9877018797004008,1.0048252104038646,1.014899332743819,5.022527289932559,0.10014225175220814,10.051586208565102,1.0440340433338042,46.04330326799293,2.998699386443329,0.2051316667419406,4.790835825911435,12.064779123012801,298.38921734863993,0.5158620856510154,True,True,True,True,True,True,True,True
803,17,1,3,200.01472783646054,0.9877018797004008,1.0048252104038646,1.014899332743819,5.022527289932559,0.09988857621593226,9.955070415572441,1.0361665727692708,45.81867642719268,2.9959210560309875,0.19846843139582268,4.717582655326271,12.064779123012801,298.38921734863993,-0.4492958442755856,True,True,True,True,True,True,True,True
804,17,1,4,200.01472783646054,0.9877018797004008,1.0048252104038646,1.014899332743819,5.022527289932559,0.10060975286958453,10.088622551731666,1.0392875141136881,46.10179287629703,3.0029367731495547,0.2029597751144766,5.012034578737397,12.064779123012801,298.38921734863993,0.8862255173166568,True,True,True,True,True,True,True,True
805,17,1,5,200.01472783646054,0.9877018797004008,1.0048252104038646,1.014899332743819,5.022527289932559,0.10038998732339387,10.051665299313425,1.043953496399263,44.34648533906147,2.995968251339926,0.1973263034903018,4.699561646507845,12.064779123012801,298.38921734863993,0.5166529931342545,True,True,True,True,True,True,True,True
806,17,2,1,200.01472783646054,0.9877018797004008,1.0048252104038646,1.014899332743819,5.022527289932559,0.10067112542087094,10.091690133992827,1.0481409103024522,46.643258860633395,2.9977965547827825,0.203156994100044,4.618620914052968,12.064779123012801,298.38921734863993,0.9169013399282732,True,True,True,True,True,True,True,True
807,17,2,2,200.01472783646054,0.9877018797004008,1.0048252104038646,1.014899332743819,5.022527289932559,0.09999374782547789,9.96310296012098,1.0074708604477722,44.17736684124722,2.9975670938028225,0.20027144666867389,4.82534984749223,12.064779123012801,298.38921734863993,-0.3689703987902071,True,True,True,True,True,True,True,True
808,17,2,3,200.01472783646054,0.9877018797004008,1.0048252104038646,1.014899332743819,5.022527289932559,0.0997553536260968,9.973190627810002,1.006915256928692,43.23879376308422,2.9944693267702163,0.20452788413078676,4.783147342672293,12.064779123012801,298.38921734863993,-0.26809372189998015,True,True,True,True,True,True,True,True
809,17,2,4,200.01472783646054,0.9877018797004008,1.0048252104038646,1.014899332743819,5.022527289932559,0.1002967755975506,10.034293863009603,1.0098692835294554,46.375625765746285,2.9963938806687005,0.20294294734992738,4.799780442057496,12.064779123012801,298.38921734863993,0.3429386300960324,True,True,True,True,True,True,True,True
810,17,2,5,200.01472783646054,0.9877018797004008,1.0048252104038646,1.014899332743819,5.022527289932559,0.10026447336396702,10.025066130176674,1.0288425267009145,46.31444693919619,2.9989029382845183,0.20539641117657179,4.742979194838056,12.064779123012801,298.38921734863993,0.25066130176673695,True,True,True,True,True,True,True,True
811,17,3,1,200.01472783646054,0.9877018797004008,1.0048252104038646,1.014899332743819,5.022527289932559,0.10007742566601935,9.964175635386804,1.0823984535228874,44.88041019783315,2.9983659212991722,0.20596218392920954,4.764902970422075,12.064779123012801,298.38921734863993,-0.3582436461319638,True,True,True,True,True,True,True,True
812,17,3,2,200.01472783646054,0.9877018797004008,1.0048252104038646,1.014899332743819,5.022527289932559,0.10056461218372593,10.03903925278227,1.03924690592685,44.90964237091427,2.994491085778826,0.20126409753165442,5.09728182940103,12.064779123012801,298.38921734863993,0.39039252782270495,True,True,True,True,True,True,True,True
813,17,3,3,200.01472783646054,0.9877018797004008,1.0048252104038646,1.014899332743819,5.022527289932559,0.10054614330140825,10.012247773517247,1.0583870354747507,45.36751399935428,2.995344535344933,0.20255220366547655,5.050690647295164,12.064779123012801,298.38921734863993,0.1224777351724704,True,True,True,True,True,True,True,True
814,17,3,4,200.01472783646054,0.9877018797004008,1.0048252104038646,1.014899332743819,5.022527289932559,0.1002953384841773,10.012589435659736,1.0207360854808447,45.05539545446563,2.9957413254274146,0.20692527925510246,4.934255618698313,12.064779123012801,298.38921734863993,0.12589435659736026,True,True,True,True,True,True,True,True
815,17,3,5,200.01472783646054,0.9877018797004008,1.0048252104038646,1.014899332743819,5.022527289932559,0.1004484337984818,10.023111903686637,1.047498818434967,46.26203072619877,2.9956927242198375,0.20415958171066986,4.82447681394983,12.064779123012801,298.38921734863993,0.23111903686636737,True,True,True,True,True,True,True,True
816,17,4,1,200.01472783646054,0.9877018797004008,1.0048252104038646,1.014899332743819,5.022527289932559,0.10045866095739851,10.000148538990695,1.0635075116725876,44.78334497030372,2.995743937807227,0.2004976700287339,4.859545670959398,12.064779123012801,298.38921734863993,0.0014853899069500187,True,True,True,True,True,True,True,True
817,17,4,2,200.01472783646054,0.9877018797004008,1.0048252104038646,1.014899332743819,5.022527289932559,0.10031050204164893,10.00849539325475,1.0272038699592712,45.61400204475981,2.996142788944163,0.20412966961315485,4.626969114994422,12.064779123012801,298.38921734863993,0.08495393254749573,True,True,True,True,True,True,True,True
818,17,4,3,200.01472783646054,0.9877018797004008,1.0048252104038646,1.014899332743819,5.022527289932559,0.10022169547820087,9.99838306249785,1.0539641260612267,46.957068764205914,2.997344382687067,0.19805970973045695,4.700807152223373,12.064779123012801,298.38921734863993,-0.016169375021508614,True,True,True,True,True,True,True,True
819,17,4,4,200.01472783646054,0.9877018797004008,1.0048252104038646,1.014899332743819,5.022527289932559,0.10012194309325458,10.025563231472313,1.0336689765149716,45.51657545159129,2.9929660016577544,0.20044808231050196,4.632072784712953,12.064779123012801,298.38921734863993,0.2556323147231332,True,True,True,True,True,True,True,True
820,17,4,5,200.01472783646054,0.9877018797004008,1.0048252104038646,1.014899332743819,5.022527289932559,0.10036373362510019,10.056922850555571,1.0518565275480078,46.086251184283235,3.001795500093191,0.20362383869410644,4.763289933221217,12.064779123012801,298.38921734863993,0.56922850555571,True,True,True,True,True,True,True,True
821,17,5,1,200.01472783646054,0.9877018797004008,1.0048252104038646,1.014899332743819,5.022527289932559,0.09997830607881725,9.999145925638151,1.0272155429977043,45.827280777840784,2.9975545542042235,0.2044279839786322,4.685132253551764,12.064779123012801,298.38921734863993,-0.008540743618485891,True,True,True,True,True,True,True,True
822,17,5,2,200.01472783646054,0.9877018797004008,1.0048252104038646,1.014899332743819,5.022527289932559,0.10034676099454327,10.067534119000294,1.0605714811678773,45.896243649702576,2.994077473888958,0.19967677158721667,4.798079074011025,12.064779123012801,298.38921734863993,0.6753411900029427,True,True,True,True,True,True,True,True
823,17,5,3,200.01472783646054,0.9877018797004008,1.0048252104038646,1.014899332743819,5.022527289932559,0.1000645468003564,10.00638931044185,1.0443705440076714,46.46437540568534,2.9939054614027225,0.20156673819352422,4.999873628238549,12.064779123012801,298.38921734863993,0.06389310441850427,True,True,True,True,True,True,True,True
824,17,5,4,200.01472783646054,0.9877018797004008,1.0048252104038646,1.014899332743819,5.022527289932559,0.1005603651501596,10.039637245109194,1.0324159906624875,44.62475013540056,2.996065662988715,0.20277287156813645,4.824050713843737,12.064779123012801,298.38921734863993,0.39637245109194197,True,True,True,True,True,True,True,True
825,17,5,5,200.01472783646054,0.9877018797004008,1.0048252104038646,1.014899332743819,5.022527289932559,0.09989247854444133,9.985421106912412,1.0670613945789094,45.803467544774435,2.9940628831822247,0.20337440972810789,4.874264253218116,12.064779123012801,298.38921734863993,-0.14578893087588085,True,True,True,True,True,True,True,True
826,17,6,1,200.01472783646054,0.9877018797004008,1.0048252104038646,1.014899332743819,5.022527289932559,0.10036846370500764,10.039980461179185,1.0149321401109215,45.60076470509095,2.996823345815125,0.20700337652576123,4.3382133460770245,12.064779123012801,298.38921734863993,0.3998046117918541,True,True,True,True,True,True,True,True
827,17,6,2,200.01472783646054,0.9877018797004008,1.0048252104038646,1.014899332743819,5.022527289932559,0.10038712817258022,10.038634519989973,1.012574554293476,44.0790787762518,2.9998604644421034,0.20080532383214167,4.548706495208564,12.064779123012801,298.38921734863993,0.38634519989972915,True,True,True,True,True,True,True,True
828,17,6,3,200.01472783646054,0.9877018797004008,1.0048252104038646,1.014899332743819,5.022527289932559,0.10026488481824071,10.06126427772664,1.0324861057560024,44.64559640764851,2.99501913111759,0.2053910242383803,4.610530009222985,12.064779123012801,298.38921734863993,0.6126427772663945,True,True,True,True,True,True,True,True
829,17,6,4,200.01472783646054,0.9877018797004008,1.0048252104038646,1.014899332743819,5.022527289932559,0.10049839138456029,10.039938886233362,1.1451295666491823,45.78057121175153,2.9974832635792517,0.20694382914680115,4.6672417688360675,12.064779123012801,298.38921734863993,0.39938886233361615,True,True,True,True,True,True,True,True
830,17,6,5,200.01472783646054,0.9877018797004008,1.0048252104038646,1.014899332743819,5.022527289932559,0.0998977085936286,10.012842337372902,1.0001675414166498,46.50270535932497,2.9932086776339437,0.209307268879188,4.794839589881954,12.064779123012801,298.38921734863993,0.1284233737290208,True,True,True,True,True,True,True,True
831,17,7,1,200.01472783646054,0.9877018797004008,1.0048252104038646,1.014899332743819,5.022527289932559,0.09982478355060241,9.992346201948923,1.0769911477614493,44.357306209827996,2.997347910990318,0.20565509257254494,4.724944054886752,12.064779123012801,298.38921734863993,-0.07653798051077132,True,True,True,True,True,True,True,True
832,17,7,2,200.01472783646054,0.9877018797004008,1.0048252104038646,1.014899332743819,5.022527289932559,0.10008492916493784,10.001561139612013,1.0301003707872138,46.01936435141833,2.999926573506283,0.20275524720215374,4.530769890042987,12.064779123012801,298.38921734863993,0.01561139612013207,True,True,True,True,True,True,True,True
833,17,7,3,200.01472783646054,0.9877018797004008,1.0048252104038646,1.014899332743819,5.022527289932559,0.09996513717851098,10.018294516441303,1.068195948735698,44.50744177978907,2.996629337596699,0.20269910916761244,5.029277149581651,12.064779123012801,298.38921734863993,0.18294516441303088,True,True,True,True,True,True,True,True
834,17,7,4,200.01472783646054,0.9877018797004008,1.0048252104038646,1.014899332743819,5.022527289932559,0.0995413272588989,9.942542086907329,0.99303330454201,45.9129233802946,2.9998519915766737,0.20335397943752692,4.900270051686295,12.064779123012801,298.38921734863993,-0.5745791309267112,True,True,True,True,True,True,True,True
835,17,7,5,200.01472783646054,0.9877018797004008,1.0048252104038646,1.014899332743819,5.022527289932559,0.09977356815621817,9.96855012105596,1.0557984556438778,44.92801054240357,2.994125471562578,0.20267690322519102,4.9591034795622315,12.064779123012801,298.38921734863993,-0.3144987894403961,True,True,True,True,True,True,True,True
836,17,8,1,200.01472783646054,0.9877018797004008,1.0048252104038646,1.014899332743819,5.022527289932559,0.09976302854176679,10.038561203892478,1.035923889187237,43.4245065826324,2.997520509235545,0.199912978330837,4.853376668257977,12.064779123012801,298.38921734863993,0.38561203892477636,True,True,True,True,True,True,True,True
837,17,8,2,200.01472783646054,0.9877018797004008,1.0048252104038646,1.014899332743819,5.022527289932559,0.0997028085452427,9.988140672729338,1.026536561231813,45.561821294632445,2.995815731354557,0.20698486798420296,4.549757687695865,12.064779123012801,298.38921734863993,-0.11859327270661522,True,True,True,True,True,True,True,True
838,17,8,3,200.01472783646054,0.9877018797004008,1.0048252104038646,1.014899332743819,5.022527289932559,0.09969022628298621,10.006167689838602,0.9940820898805328,45.5678275929751,3.0014862116252643,0.20771678125176335,5.024987445949361,12.064779123012801,298.38921734863993,0.06167689838601831,True,True,True,True,True,True,True,True
839,17,8,4,200.01472783646054,0.9877018797004008,1.0048252104038646,1.014899332743819,5.022527289932559,0.09991480901617711,9.965070918137647,1.088984144201491,45.199858115568844,2.995349652632698,0.20935855384163307,4.9961425244670865,12.064779123012801,298.38921734863993,-0.3492908186235333,True,True,True,True,True,True,True,True
840,17,8,5,200.01472783646054,0.9877018797004008,1.0048252104038646,1.014899332743819,5.022527289932559,0.09987010036084494,9.950893714972214,1.045526441508152,45.375193692800146,3.0009867225345204,0.2022658690534549,4.840061243173381,12.064779123012801,298.38921734863993,-0.49106285027786356,True,True,True,True,True,True,True,True
841,17,9,1,200.01472783646054,0.9877018797004008,1.0048252104038646,1.014899332743819,5.022527289932559,0.10005945341875801,10.013353238243251,1.021985007342369,44.62988766509347,2.9949385771207844,0.2020168341280864,4.459239064422362,12.064779123012801,298.38921734863993,0.13353238243251297,True,True,True,True,True,True,True,True
842,17,9,2,200.01472783646054,0.9877018797004008,1.0048252104038646,1.014899332743819,5.022527289932559,0.09964761356213378,9.945800291624654,1.0135664784626872,44.177050259592065,2.999611795909718,0.2076024407192594,4.6797821686778445,12.064779123012801,298.38921734863993,-0.5419970837534649,True,True,True,True,True,True,True,True
843,17,9,3,200.01472783646054,0.9877018797004008,1.0048252104038646,1.014899332743819,5.022527289932559,0.10044111953128909,10.00907624976443,1.0587439460878871,46.224393732982854,2.9985049351812005,0.20435986804328068,4.763464740291234,12.064779123012801,298.38921734863993,0.09076249764429889,True,True,True,True,True,True,True,True
844,17,9,4,200.01472783646054,0.9877018797004008,1.0048252104038646,1.014899332743819,5.022527289932559,0.10011053853416231,10.042219865362492,1.0287750061706407,46.45956798726803,2.9961471175572965,0.2037965442113249,4.650601360393156,12.064779123012801,298.38921734863993,0.42219865362492115,True,True,True,True,True,True,True,True
845,17,9,5,200.01472783646054,0.9877018797004008,1.0048252104038646,1.014899332743819,5.022527289932559,0.10011055536552589,10.024231387470966,1.0329538913559795,45.73220419839708,2.99798473960043,0.20482742687363475,4.681811886280155,12.064779123012801,298.38921734863993,0.24231387470965868,True,True,True,True,True,True,True,True
846,17,10,1,200.01472783646054,0.9877018797004008,1.0048252104038646,1.014899332743819,5.022527289932559,0.10027145216106825,10.029935718264555,1.006881632629009,46.19626842240403,2.9957555323265628,0.20550646835206104,4.56988689283525,12.064779123012801,298.38921734863993,0.29935718264555433,True,True,True,True,True,True,True,True
847,17,10,2,200.01472783646054,0.9877018797004008,1.0048252104038646,1.014899332743819,5.022527289932559,0.09987734595872817,10.002546298335123,1.0866940502796432,44.96913177609388,2.999270064784938,0.20194927283262704,4.769370918125644,12.064779123012801,298.38921734863993,0.025462983351225432,True,True,True,True,True,True,True,True
848,17,10,3,200.01472783646054,0.9877018797004008,1.0048252104038646,1.014899332743819,5.022527289932559,0.10032039939179686,10.033192075283818,1.0176413957138446,45.50485647238295,3.001753215802716,0.19847234566427915,5.064777340625483,12.064779123012801,298.38921734863993,0.33192075283817957,True,True,True,True,True,True,True,True
849,17,10,4,200.01472783646054,0.9877018797004008,1.0048252104038646,1.014899332743819,5.022527289932559,0.1004072693284722,10.07315629581433,1.0436988292189047,44.108048923791415,2.996196499157889,0.19812938569300362,4.93824942088971,12.064779123012801,298.38921734863993,0.7315629581433036,True,True,True,True,True,True,True,True
850,17,10,5,200.01472783646054,0.9877018797004008,1.0048252104038646,1.014899332743819,5.022527289932559,0.10002559095646525,10.029988301422469,1.047917101534968,45.74797764264983,2.9957909729509447,0.2073095448912232,4.905326450439624,12.064779123012801,298.38921734863993,0.29988301422468666,True,True,True,True,True,True,True,True
851,18,1,1,200.22406009331408,0.9860182672494386,0.9903542942580782,1.0198058465380688,5.012262056541258,0.10055611741878244,10.07855242405493,1.018167807600535,49.01341134639604,2.9955781731258098,0.21544721370917702,5.265006716128659,12.034684253878662,299.1353926746981,0.7855242405493003,True,True,True,True,True,True,True,True
852,18,1,2,200.22406009331408,0.9860182672494386,0.9903542942580782,1.0198058465380688,5.012262056541258,0.10037860063383967,10.044630662744797,1.0043300230790282,48.93534105981113,2.990961237075465,0.2158568553337657,5.104228118539556,12.034684253878662,299.1353926746981,0.44630662744797434,True,True,True,True,True,True,True,True
853,18,1,3,200.22406009331408,0.9860182672494386,0.9903542942580782,1.0198058465380688,5.012262056541258,0.10020002594628848,10.008882851070673,1.014304324855789,49.21228958879108,2.993401719651181,0.2090739969995284,5.222281067833784,12.034684253878662,299.1353926746981,0.08882851070673325,True,True,True,True,True,True,True,True
854,18,1,4,200.22406009331408,0.9860182672494386,0.9903542942580782,1.0198058465380688,5.012262056541258,0.10051086556044277,10.025044190323067,1.0374466384391332,49.49430287621282,2.9937780083894032,0.21297655714706895,5.035967938947876,12.034684253878662,299.1353926746981,0.2504419032306693,True,True,True,True,True,True,True,True
855,18,1,5,200.22406009331408,0.9860182672494386,0.9903542942580782,1.0198058465380688,5.012262056541258,0.10082957148418238,10.092189810589243,1.0025474866957416,48.35584102183524,2.994283797842167,0.2059534791844488,4.908491465202939,12.034684253878662,299.1353926746981,0.9218981058924315,True,True,True,True,True,True,True,True
856,18,2,1,200.22406009331408,0.9860182672494386,0.9903542942580782,1.0198058465380688,5.012262056541258,0.10023900177676706,9.987049016144113,1.0029609330533673,50.43794741616672,2.993838760033386,0.21082302005239623,5.189339453972541,12.034684253878662,299.1353926746981,-0.12950983855887443,True,True,True,True,True,True,True,True
857,18,2,2,200.22406009331408,0.9860182672494386,0.9903542942580782,1.0198058465380688,5.012262056541258,0.1005777153022456,10.076816604248965,1.0277571218356603,49.62525466376456,2.9932348891673097,0.21150710730349181,5.2142313955750454,12.034684253878662,299.1353926746981,0.7681660424896464,True,True,True,True,True,True,True,True
858,18,2,3,200.22406009331408,0.9860182672494386,0.9903542942580782,1.0198058465380688,5.012262056541258,0.10032432014336441,10.032616097009358,1.0404163846560495,48.86504594099812,2.9953041715791033,0.21186522455035123,5.05828065824795,12.034684253878662,299.1353926746981,0.3261609700935786,True,True,True,True,True,True,True,True
859,18,2,4,200.22406009331408,0.9860182672494386,0.9903542942580782,1.0198058465380688,5.012262056541258,0.10029546697338652,10.060284485736267,1.0061096467187858,48.45352921228018,2.9897485123935574,0.21156492836790755,5.290912294199064,12.034684253878662,299.1353926746981,0.6028448573626655,True,True,True,True,True,True,True,True
860,18,2,5,200.22406009331408,0.9860182672494386,0.9903542942580782,1.0198058465380688,5.012262056541258,0.10010978777230184,10.018979706349949,1.0197026485731138,48.5135228176044,2.9959434155984774,0.21540155858302415,5.181333349200492,12.034684253878662,299.1353926746981,0.18979706349949055,True,True,True,True,True,True,True,True
861,18,3,1,200.22406009331408,0.9860182672494386,0.9903542942580782,1.0198058465380688,5.012262056541258,0.10033519575536659,10.071565865298497,0.9914001087714535,48.57546249050612,2.993686345883064,0.21280385971726812,5.29671900330876,12.034684253878662,299.1353926746981,0.715658652984974,True,True,True,True,True,True,True,True
862,18,3,2,200.22406009331408,0.9860182672494386,0.9903542942580782,1.0198058465380688,5.012262056541258,0.10028488460980883,10.059991324614158,0.9753787698651989,49.972874221960765,2.9952173924466496,0.21440705808826216,5.150998226660626,12.034684253878662,299.1353926746981,0.599913246141579,True,True,True,True,True,True,True,True
863,18,3,3,200.22406009331408,0.9860182672494386,0.9903542942580782,1.0198058465380688,5.012262056541258,0.10033528651724566,10.034788606659562,0.9819773526529167,50.36129258147959,2.992616253371054,0.2061111985058384,5.135296212978562,12.034684253878662,299.1353926746981,0.34788606659562404,True,True,True,True,True,True,True,True
864,18,3,4,200.22406009331408,0.9860182672494386,0.9903542942580782,1.0198058465380688,5.012262056541258,0.10036704422436964,10.037579030584086,0.9911374468694021,50.04238862981986,2.9945897447866683,0.2121619287777401,5.12139006945834,12.034684253878662,299.1353926746981,0.37579030584085515,True,True,True,True,True,True,True,True
865,18,3,5,200.22406009331408,0.9860182672494386,0.9903542942580782,1.0198058465380688,5.012262056541258,0.09987431852736138,10.013463135569513,0.9675221605753818,49.02698428599723,2.994841987724663,0.21677945342623128,5.073381032846655,12.034684253878662,299.1353926746981,0.1346313556951273,True,True,True,True,True,True,True,True
866,18,4,1,200.22406009331408,0.9860182672494386,0.9903542942580782,1.0198058465380688,5.012262056541258,0.10010753606395355,9.998062063002767,1.0293111982115888,49.2313045403577,2.9949208773112597,0.21239192804209348,5.220204551130566,12.034684253878662,299.1353926746981,-0.01937936997233436,True,True,True,True,True,True,True,True
867,18,4,2,200.22406009331408,0.9860182672494386,0.9903542942580782,1.0198058465380688,5.012262056541258,0.10027496240364712,10.053398485100102,0.98397168502116,48.51100150695968,2.9960393980898066,0.21644815910955018,5.059006656451186,12.034684253878662,299.1353926746981,0.5339848510010192,True,True,True,True,True,True,True,True
868,18,4,3,200.22406009331408,0.9860182672494386,0.9903542942580782,1.0198058465380688,5.012262056541258,0.10062740026415891,10.116700487807885,0.9881346052510769,48.70563717704557,2.992866640294187,0.21458957626269903,5.170529490526847,12.034684253878662,299.1353926746981,1.1670048780788456,True,True,True,True,True,True,True,True
869,18,4,4,200.22406009331408,0.9860182672494386,0.9903542942580782,1.0198058465380688,5.012262056541258,0.10015271144237303,9.949031306199984,1.000827530306127,49.78209429086874,2.991749133634621,0.2075479827376777,5.17573508718971,12.034684253878662,299.1353926746981,-0.5096869380001579,True,True,True,True,True,True,True,True
870,18,4,5,200.22406009331408,0.9860182672494386,0.9903542942580782,1.0198058465380688,5.012262056541258,0.10064603394384561,10.082164535827209,0.9934647796726159,49.68635618203076,2.9915934026162176,0.21556081327707927,5.124711724140844,12.034684253878662,299.1353926746981,0.8216453582720894,True,True,True,True,True,True,True,True
871,18,5,1,200.22406009331408,0.9860182672494386,0.9903542942580782,1.0198058465380688,5.012262056541258,0.10013107475850826,10.02513975505314,1.029528857963117,49.75278626614057,2.992925854922035,0.21915750821148516,5.180200523818715,12.034684253878662,299.1353926746981,0.2513975505313937,True,True,True,True,True,True,True,True
872,18,5,2,200.22406009331408,0.9860182672494386,0.9903542942580782,1.0198058465380688,5.012262056541258,0.1002073197086072,10.028505001736303,0.9912077254506941,48.31620461077374,2.9918140445317327,0.2147783164333455,4.917365790444133,12.034684253878662,299.1353926746981,0.2850500173630266,True,True,True,True,True,True,True,True
873,18,5,3,200.22406009331408,0.9860182672494386,0.9903542942580782,1.0198058465380688,5.012262056541258,0.1003848747592756,10.044783734855873,1.007517069090621,51.348305464314706,2.995008728717102,0.2111043671540176,5.33026556550715,12.034684253878662,299.1353926746981,0.44783734855872837,True,True,True,True,True,True,True,True
874,18,5,4,200.22406009331408,0.9860182672494386,0.9903542942580782,1.0198058465380688,5.012262056541258,0.10031022029849045,10.030506314752227,1.011867015031357,49.3760563018675,2.9923599866742765,0.21048767299166313,5.1963963903907295,12.034684253878662,299.1353926746981,0.3050631475222687,True,True,True,True,True,True,True,True
875,18,5,5,200.22406009331408,0.9860182672494386,0.9903542942580782,1.0198058465380688,5.012262056541258,0.10014149016749427,10.007631134940212,0.9793399470411431,50.90807086787601,2.9905753133742596,0.21458398218520505,5.081577349906102,12.034684253878662,299.1353926746981,0.07631134940211837,True,True,True,True,True,True,True,True
876,18,6,1,200.22406009331408,0.9860182672494386,0.9903542942580782,1.0198058465380688,5.012262056541258,0.10014471017381975,10.017153696170046,0.9768102617719403,50.353707999911386,2.9941506752319396,0.2103591949527532,4.996477385763652,12.034684253878662,299.1353926746981,0.17153696170046473,True,True,True,True,True,True,True,True
877,18,6,2,200.22406009331408,0.9860182672494386,0.9903542942580782,1.0198058465380688,5.012262056541258,0.10014484385680095,9.9847523954655,1.0021631877124593,49.71252818656031,2.9920997284033506,0.2093352407129689,5.0981842397374795,12.034684253878662,299.1353926746981,-0.1524760453449936,True,True,True,True,True,True,True,True
878,18,6,3,200.22406009331408,0.9860182672494386,0.9903542942580782,1.0198058465380688,5.012262056541258,0.1001805127000149,9.985108370281285,1.0413126720051138,50.19057709300116,2.9908587630361794,0.21528455213663253,5.158030473828594,12.034684253878662,299.1353926746981,-0.14891629718714938,True,True,True,True,True,True,True,True
879,18,6,4,200.22406009331408,0.9860182672494386,0.9903542942580782,1.0198058465380688,5.012262056541258,0.10002111534259804,10.015855200270405,0.9589224601817143,48.28384221438975,2.9955771235018673,0.21009012345021474,5.176750097495416,12.034684253878662,299.1353926746981,0.1585520027040488,True,True,True,True,True,True,True,True
880,18,6,5,200.22406009331408,0.9860182672494386,0.9903542942580782,1.0198058465380688,5.012262056541258,0.10018867600851072,9.998020422629665,1.0136181592932207,49.49731978992705,2.993517332547595,0.21221094913374847,5.4083873114917225,12.034684253878662,299.1353926746981,-0.019795773703350505,True,True,True,True,True,True,True,True
881,18,7,1,200.22406009331408,0.9860182672494386,0.9903542942580782,1.0198058465380688,5.012262056541258,0.10050572418258981,10.081025910426124,0.9987731571391418,50.609467375354726,2.994809573910736,0.2124571929357925,5.333989218474447,12.034684253878662,299.1353926746981,0.8102591042612416,True,True,True,True,True,True,True,True
882,18,7,2,200.22406009331408,0.9860182672494386,0.9903542942580782,1.0198058465380688,5.012262056541258,0.10005961397988757,10.018382756379301,0.9963110405105844,50.194995829493486,2.9929835339085917,0.2086460150491105,4.977805707377868,12.034684253878662,299.1353926746981,0.18382756379301313,True,True,True,True,True,True,True,True
883,18,7,3,200.22406009331408,0.9860182672494386,0.9903542942580782,1.0198058465380688,5.012262056541258,0.10005608585640376,9.963771799399806,0.9768061107598746,48.74618758747705,2.993417973911254,0.21635566845769397,5.260519071300315,12.034684253878662,299.1353926746981,-0.36228200600193716,True,True,True,True,True,True,True,True
884,18,7,4,200.22406009331408,0.9860182672494386,0.9903542942580782,1.0198058465380688,5.012262056541258,0.10015851299646068,10.00698124575222,0.9762374499730165,51.266172922506186,2.9970215800247173,0.21245273811902995,4.932542224230446,12.034684253878662,299.1353926746981,0.06981245752220033,True,True,True,True,True,True,True,True
885,18,7,5,200.22406009331408,0.9860182672494386,0.9903542942580782,1.0198058465380688,5.012262056541258,0.09956698008212224,9.93215244333359,0.9921031856373781,49.20104472057964,2.9949036925285784,0.21733280935520374,5.054334717169646,12.034684253878662,299.1353926746981,-0.678475566664094,True,True,True,True,True,True,True,True
886,18,8,1,200.22406009331408,0.9860182672494386,0.9903542942580782,1.0198058465380688,5.012262056541258,0.10021073967844678,10.013783384513756,1.0009777417038135,49.95344785262359,2.9957096441784827,0.21363394918419887,5.039353324048839,12.034684253878662,299.1353926746981,0.13783384513756047,True,True,True,True,True,True,True,True
887,18,8,2,200.22406009331408,0.9860182672494386,0.9903542942580782,1.0198058465380688,5.012262056541258,0.10028318939690495,10.06118203288599,1.0464481045904566,48.34582597492101,2.993120738510097,0.21309972277922953,5.192170638374225,12.034684253878662,299.1353926746981,0.6118203288598956,True,True,True,True,True,True,True,True
888,18,8,3,200.22406009331408,0.9860182672494386,0.9903542942580782,1.0198058465380688,5.012262056541258,0.10034727686299702,10.025614250339807,0.9938724468559554,49.32042556972518,2.9927498735027975,0.21049448978707058,5.087256161087144,12.034684253878662,299.1353926746981,0.2561425033980669,True,True,True,True,True,True,True,True
889,18,8,4,200.22406009331408,0.9860182672494386,0.9903542942580782,1.0198058465380688,5.012262056541258,0.10043849647834545,10.011292269007027,0.999793793686144,49.975144924967395,2.992321689756039,0.2141037966595058,5.309151489007567,12.034684253878662,299.1353926746981,0.11292269007027399,True,True,True,True,True,True,True,True
890,18,8,5,200.22406009331408,0.9860182672494386,0.9903542942580782,1.0198058465380688,5.012262056541258,0.10058778188208319,10.023325719436828,1.0231958100326182,50.59950000615792,2.994191056663353,0.21284970363751354,5.199914565771517,12.034684253878662,299.1353926746981,0.23325719436828155,True,True,True,True,True,True,True,True
891,18,9,1,200.22406009331408,0.9860182672494386,0.9903542942580782,1.0198058465380688,5.012262056541258,0.10039900031304438,9.995826381824944,1.0241798512121745,50.03884894166947,2.9926353805168726,0.21100256435832634,5.032145070134535,12.034684253878662,299.1353926746981,-0.04173618175055793,True,True,True,True,True,True,True,True
892,18,9,2,200.22406009331408,0.9860182672494386,0.9903542942580782,1.0198058465380688,5.012262056541258,0.10022369929718075,10.067233075353965,1.0220432597283238,49.50486918565692,2.993682226206863,0.2177157434427929,5.202255613647204,12.034684253878662,299.1353926746981,0.6723307535396472,True,True,True,True,True,True,True,True
893,18,9,3,200.22406009331408,0.9860182672494386,0.9903542942580782,1.0198058465380688,5.012262056541258,0.09993877008711428,10.019383573732302,0.996325016792556,48.64270268264965,2.9943034966015327,0.21365757415404832,5.221487495657908,12.034684253878662,299.1353926746981,0.1938357373230204,True,True,True,True,True,True,True,True
894,18,9,4,200.22406009331408,0.9860182672494386,0.9903542942580782,1.0198058465380688,5.012262056541258,0.10028482132942122,9.990995487841392,0.9646798493787856,48.70944368801438,2.996307815148402,0.21230095061239843,4.913294267748613,12.034684253878662,299.1353926746981,-0.0900451215860798,True,True,True,True,True,True,True,True
895,18,9,5,200.22406009331408,0.9860182672494386,0.9903542942580782,1.0198058465380688,5.012262056541258,0.10037056583113463,10.05146370048611,1.0290121745216974,48.16450433487414,2.9919933376135317,0.21148987285568976,4.9866198445232826,12.034684253878662,299.1353926746981,0.5146370048611004,True,True,True,True,True,True,True,True
896,18,10,1,200.22406009331408,0.9860182672494386,0.9903542942580782,1.0198058465380688,5.012262056541258,0.10023856623976347,10.031916174182724,0.9941442560240092,49.781125731460385,2.9951384723568717,0.21653444988720008,4.945529108650067,12.034684253878662,299.1353926746981,0.3191617418272408,True,True,True,True,True,True,True,True
897,18,10,2,200.22406009331408,0.9860182672494386,0.9903542942580782,1.0198058465380688,5.012262056541258,0.100543466621094,10.043551237291906,1.0273158245606013,48.86740855806789,2.994066379730202,0.2155112700312621,5.0608251015581995,12.034684253878662,299.1353926746981,0.4355123729190602,True,True,True,True,True,True,True,True
898,18,10,3,200.22406009331408,0.9860182672494386,0.9903542942580782,1.0198058465380688,5.012262056541258,0.10052096866826563,10.11117620432748,0.9978431183104106,47.93673158411738,2.990042629294327,0.21190989121088863,5.073775617366943,12.034684253878662,299.1353926746981,1.1117620432747977,True,True,True,True,True,True,True,True
899,18,10,4,200.22406009331408,0.9860182672494386,0.9903542942580782,1.0198058465380688,5.012262056541258,0.10063104267588138,10.02945728429164,1.0232906549231713,49.88877738838884,2.9954320542238477,0.2142318064528659,5.219043094081979,12.034684253878662,299.1353926746981,0.2945728429163985,True,True,True,True,True,True,True,True
900,18,10,5,200.22406009331408,0.9860182672494386,0.9903542942580782,1.0198058465380688,5.012262056541258,0.1001086019873331,10.053452890989869,0.9552747749407585,49.698090648965845,2.993959692431045,0.21215498592462476,5.4292110646631855,12.034684253878662,299.1353926746981,0.5345289098986861,True,True,True,True,True,True,True,True
901,19,1,1,200.09435497349486,0.9980366943313258,0.9997817727243887,0.9927518662003757,5.000397259420092,0.10010425271978589,10.036024142693465,0.91945228639277,53.12140844292584,2.999122241555047,0.19581876514728702,4.894166415173146,11.99332815776495,300.16688884387935,0.3602414269346532,True,True,True,True,True,True,True,True
902,19,1,2,200.09435497349486,0.9980366943313258,0.9997817727243887,0.9927518662003757,5.000397259420092,0.10017376747667008,9.993020529058224,0.9500874061047881,51.67508892728829,2.9954785401901427,0.19406248414185046,4.914666534266596,11.99332815776495,300.16688884387935,-0.06979470941775645,True,True,True,True,True,True,True,True
903,19,1,3,200.09435497349486,0.9980366943313258,0.9997817727243887,0.9927518662003757,5.000397259420092,0.10053712923822251,10.103892829098026,0.9122136256385387,52.857728691962556,2.9939252351124215,0.1936422174864706,4.656949483525779,11.99332815776495,300.16688884387935,1.0389282909802589,True,True,True,True,True,True,True,True
904,19,1,4,200.09435497349486,0.9980366943313258,0.9997817727243887,0.9927518662003757,5.000397259420092,0.0999714527208874,9.995047589429713,0.936944559973117,52.106577781966095,2.9963285447868375,0.19307525759891303,4.8063746429824326,11.99332815776495,300.16688884387935,-0.04952410570286502,True,True,True,True,True,True,True,True
905,19,1,5,200.09435497349486,0.9980366943313258,0.9997817727243887,0.9927518662003757,5.000397259420092,0.10029906464105726,10.037548561430073,0.9727843637335549,52.74919537303403,2.9988059501785167,0.19812026553309514,4.569253851148479,11.99332815776495,300.16688884387935,0.37548561430073235,True,True,True,True,True,True,True,True
906,19,2,1,200.09435497349486,0.9980366943313258,0.9997817727243887,0.9927518662003757,5.000397259420092,0.09991975584514433,9.981451598778358,0.9335481279168578,51.1069634893874,2.9950534229977666,0.1986944997651195,4.6584957963792615,11.99332815776495,300.16688884387935,-0.18548401221641697,True,True,True,True,True,True,True,True
907,19,2,2,200.09435497349486,0.9980366943313258,0.9997817727243887,0.9927518662003757,5.000397259420092,0.10014355122736344,9.980690063961024,0.9498842042400871,51.91926908341431,2.9970975898385763,0.19290896302793958,4.756440753815726,11.99332815776495,300.16688884387935,-0.19309936038975906,True,True,True,True,True,True,True,True
908,19,2,3,200.09435497349486,0.9980366943313258,0.9997817727243887,0.9927518662003757,5.000397259420092,0.10008962944349843,10.014529604677254,0.9452256794643934,51.88109299843744,2.999550061341794,0.19471094804003794,4.637816987108993,11.99332815776495,300.16688884387935,0.14529604677253616,True,True,True,True,True,True,True,True
909,19,2,4,200.09435497349486,0.9980366943313258,0.9997817727243887,0.9927518662003757,5.000397259420092,0.1003102035807538,10.010654309597372,0.9594162158179405,51.91369514788263,2.9945595409101453,0.19537546872838532,4.863251870147201,11.99332815776495,300.16688884387935,0.10654309597372345,True,True,True,True,True,True,True,True
910,19,2,5,200.09435497349486,0.9980366943313258,0.9997817727243887,0.9927518662003757,5.000397259420092,0.10036933626605858,10.044482753751561,0.9792749876129426,51.96803479814737,2.995630019906545,0.199696864498387,4.656415748640287,11.99332815776495,300.16688884387935,0.4448275375156107,True,True,True,True,True,True,True,True
911,19,3,1,200.09435497349486,0.9980366943313258,0.9997817727243887,0.9927518662003757,5.000397259420092,0.10039856930172252,10.0603720938213,0.9062129251378273,52.62077623485961,2.99445942889824,0.19496437924051782,4.6733399592797005,11.99332815776495,300.16688884387935,0.6037209382130015,True,True,True,True,True,True,True,True
912,19,3,2,200.09435497349486,0.9980366943313258,0.9997817727243887,0.9927518662003757,5.000397259420092,0.10000665445225587,9.98213037032468,0.9223743161992308,52.350703301019266,2.9957643498050457,0.1944716213135556,4.949385787819321,11.99332815776495,300.16688884387935,-0.17869629675319132,True,True,True,True,True,True,True,True
913,19,3,3,200.09435497349486,0.9980366943313258,0.9997817727243887,0.9927518662003757,5.000397259420092,0.10015156721306982,9.977771452549963,0.9685026053366427,52.017352232499086,2.993957039934007,0.19273646903638317,4.636403194332337,11.99332815776495,300.16688884387935,-0.2222854745003744,True,True,True,True,True,True,True,True
914,19,3,4,200.09435497349486,0.9980366943313258,0.9997817727243887,0.9927518662003757,5.000397259420092,0.1005599785343864,10.070259922924697,0.9496926691285535,52.74968332021519,2.994809273347272,0.19457301308699812,4.446519949843463,11.99332815776495,300.16688884387935,0.7025992292469674,True,True,True,True,True,True,True,True
915,19,3,5,200.09435497349486,0.9980366943313258,0.9997817727243887,0.9927518662003757,5.000397259420092,0.10011792809291635,9.99190353808245,0.9405972598092243,51.775921503758084,2.995238125354761,0.19573614579830248,4.647067436495461,11.99332815776495,300.16688884387935,-0.08096461917549647,True,True,True,True,True,True,True,True
916,19,4,1,200.09435497349486,0.9980366943313258,0.9997817727243887,0.9927518662003757,5.000397259420092,0.09973694705159947,10.020471386857476,0.9283767701933788,51.91918045634809,2.9936161784020783,0.19347929562128782,4.797523013288376,11.99332815776495,300.16688884387935,0.20471386857476406,True,True,True,True,True,True,True,True
917,19,4,2,200.09435497349486,0.9980366943313258,0.9997817727243887,0.9927518662003757,5.000397259420092,0.10048613754364855,10.049010393069503,0.9616093692524689,52.04177406404449,2.9965861478891074,0.1929249912460404,4.480402802251754,11.99332815776495,300.16688884387935,0.4901039306950317,True,True,True,True,True,True,True,True
918,19,4,3,200.09435497349486,0.9980366943313258,0.9997817727243887,0.9927518662003757,5.000397259420092,0.10013400279356686,9.993856093641464,0.9317208450401282,50.9802082602242,2.9965153077682,0.19792717984183975,4.774840947477147,11.99332815776495,300.16688884387935,-0.06143906358536455,True,True,True,True,True,True,True,True
919,19,4,4,200.09435497349486,0.9980366943313258,0.9997817727243887,0.9927518662003757,5.000397259420092,0.10012334366132411,10.02538325106271,0.9702113399623045,52.67858107189144,2.997255028533136,0.19624286032624977,4.897070324731763,11.99332815776495,300.16688884387935,0.2538325106270989,True,True,True,True,True,True,True,True
920,19,4,5,200.09435497349486,0.9980366943313258,0.9997817727243887,0.9927518662003757,5.000397259420092,0.10024431770615323,10.031046822012803,0.8799671360995497,52.331414249090464,2.9930404745633314,0.1955234320961912,4.849710227443299,11.99332815776495,300.16688884387935,0.3104682201280262,True,True,True,True,True,True,True,True
921,19,5,1,200.09435497349486,0.9980366943313258,0.9997817727243887,0.9927518662003757,5.000397259420092,0.10025918369124492,10.026286673713166,0.9089214057457988,51.674924234349774,2.994025301257894,0.19304933912034133,4.6462056399869045,11.99332815776495,300.16688884387935,0.26286673713165953,True,True,True,True,True,True,True,True
922,19,5,2,200.09435497349486,0.9980366943313258,0.9997817727243887,0.9927518662003757,5.000397259420092,0.10029243450157103,10.046977419210291,0.931287022048843,53.39340745688769,2.99147345956922,0.19087565555690011,4.836229666897325,11.99332815776495,300.16688884387935,0.4697741921029142,True,True,True,True,True,True,True,True
923,19,5,3,200.09435497349486,0.9980366943313258,0.9997817727243887,0.9927518662003757,5.000397259420092,0.10059246601106274,10.055071742654311,0.8938474754099447,51.87207349996676,2.997006866682885,0.19470422894256464,4.56825286200053,11.99332815776495,300.16688884387935,0.5507174265431125,True,True,True,True,True,True,True,True
924,19,5,4,200.09435497349486,0.9980366943313258,0.9997817727243887,0.9927518662003757,5.000397259420092,0.09992056536305538,10.01354103242983,0.9182081981796607,52.74797873990149,2.995772506618775,0.19268764762773927,4.661256774712792,11.99332815776495,300.16688884387935,0.13541032429829514,True,True,True,True,True,True,True,True
925,19,5,5,200.09435497349486,0.9980366943313258,0.9997817727243887,0.9927518662003757,5.000397259420092,0.10031456803990103,10.033556630557142,0.9789157680260192,50.549308235040385,2.9964995492818973,0.1961446498064018,4.90170641639329,11.99332815776495,300.16688884387935,0.3355663055714153,True,True,True,True,True,True,True,True
926,19,6,1,200.09435497349486,0.9980366943313258,0.9997817727243887,0.9927518662003757,5.000397259420092,0.099982167226689,9.976833407043355,0.9660699538599031,52.717633450548185,2.9970212201723916,0.19800157673920527,4.704260304082202,11.99332815776495,300.16688884387935,-0.23166592956645357,True,True,True,True,True,True,True,True
927,19,6,2,200.09435497349486,0.9980366943313258,0.9997817727243887,0.9927518662003757,5.000397259420092,0.100218693199483,10.024723588113083,0.8992805080759625,53.08939256101656,2.9984586813301535,0.2001999234724427,4.817773952150857,11.99332815776495,300.16688884387935,0.24723588113083395,True,True,True,True,True,True,True,True
928,19,6,3,200.09435497349486,0.9980366943313258,0.9997817727243887,0.9927518662003757,5.000397259420092,0.10031585800037734,10.053002220215102,0.9409400386826846,51.0803403847066,2.993927164122741,0.19382842981200543,5.063481415351555,11.99332815776495,300.16688884387935,0.5300222021510237,True,True,True,True,True,True,True,True
929,19,6,4,200.09435497349486,0.9980366943313258,0.9997817727243887,0.9927518662003757,5.000397259420092,0.10001156301858374,10.012388728076335,0.9731257244839582,53.313412911594824,2.992438417696016,0.19403546645818126,4.550612869868171,11.99332815776495,300.16688884387935,0.12388728076334841,True,True,True,True,True,True,True,True
930,19,6,5,200.09435497349486,0.9980366943313258,0.9997817727243887,0.9927518662003757,5.000397259420092,0.09964156470815337,9.983454679955324,0.9686917392198636,50.86750472955541,2.9935087412954764,0.19684383460537375,4.657872691401461,11.99332815776495,300.16688884387935,-0.16545320044675904,True,True,True,True,True,True,True,True
931,19,7,1,200.09435497349486,0.9980366943313258,0.9997817727243887,0.9927518662003757,5.000397259420092,0.10030357980888793,10.01524136917652,0.9518713054399781,52.205852276216554,2.9965906199595724,0.19534827150246545,4.823549641812738,11.99332815776495,300.16688884387935,0.1524136917652008,True,True,True,True,True,True,True,True
932,19,7,2,200.09435497349486,0.9980366943313258,0.9997817727243887,0.9927518662003757,5.000397259420092,0.09976966068842624,9.983204119820034,0.9260275971980365,51.65875774488753,2.9971224596430406,0.20031294786331968,4.61091056723273,11.99332815776495,300.16688884387935,-0.1679588017996636,True,True,True,True,True,True,True,True
933,19,7,3,200.09435497349486,0.9980366943313258,0.9997817727243887,0.9927518662003757,5.000397259420092,0.10025393154507495,10.019596557815301,0.9002387875093512,52.59024251653843,2.9927004375627417,0.19197091130977945,4.934345444820483,11.99332815776495,300.16688884387935,0.19596557815301452,True,True,True,True,True,True,True,True
934,19,7,4,200.09435497349486,0.9980366943313258,0.9997817727243887,0.9927518662003757,5.000397259420092,0.10027051474503977,9.984231793072988,0.9371116465804568,52.85537361435861,2.999029356757719,0.19356893405442777,4.738737179459318,11.99332815776495,300.16688884387935,-0.15768206927011974,True,True,True,True,True,True,True,True
935,19,7,5,200.09435497349486,0.9980366943313258,0.9997817727243887,0.9927518662003757,5.000397259420092,0.10015973653367785,10.026344939222989,0.8937273006315761,52.00921731618585,2.994557661492761,0.19818297406893626,4.481926544164244,11.99332815776495,300.16688884387935,0.26344939222989083,True,True,True,True,True,True,True,True
936,19,8,1,200.09435497349486,0.9980366943313258,0.9997817727243887,0.9927518662003757,5.000397259420092,0.09944650969769815,9.936098161439123,0.9527707086135451,52.10931528284503,2.9988835886031677,0.1928746592085819,4.6258917531695145,11.99332815776495,300.16688884387935,-0.6390183856087717,True,True,True,True,True,True,True,True
937,19,8,2,200.09435497349486,0.9980366943313258,0.9997817727243887,0.9927518662003757,5.000397259420092,0.10058309254417547,10.033529679612323,0.9247736213575568,52.18759293968061,2.997282750517192,0.19262013774565984,4.8906718846983415,11.99332815776495,300.16688884387935,0.3352967961232345,True,True,True,True,True,True,True,True
938,19,8,3,200.09435497349486,0.9980366943313258,0.9997817727243887,0.9927518662003757,5.000397259420092,0.10048092907273964,10.050793581067822,0.9533898830994689,52.05934282247196,2.997194008690034,0.19644905323595505,4.686567492835723,11.99332815776495,300.16688884387935,0.5079358106782195,True,True,True,True,True,True,True,True
939,19,8,4,200.09435497349486,0.9980366943313258,0.9997817727243887,0.9927518662003757,5.000397259420092,0.09997126754069902,10.026811193962613,0.9622668224539966,52.18637542939146,2.9931596181552633,0.19682187082886984,5.007356501650177,11.99332815776495,300.16688884387935,0.26811193962613444,True,True,True,True,True,True,True,True
940,19,8,5,200.09435497349486,0.9980366943313258,0.9997817727243887,0.9927518662003757,5.000397259420092,0.10029466534486968,10.038809208629294,0.9580820187541093,52.57388203612828,2.993974334698864,0.1959299212735663,4.781394320435298,11.99332815776495,300.16688884387935,0.38809208629293934,True,True,True,True,True,True,True,True
941,19,9,1,200.09435497349486,0.9980366943313258,0.9997817727243887,0.9927518662003757,5.000397259420092,0.09993819576846416,10.015332413134487,0.9496593923959255,51.966072293260396,2.9971384133107137,0.20055306644426477,4.781665752753951,11.99332815776495,300.16688884387935,0.1533241313448741,True,True,True,True,True,True,True,True
942,19,9,2,200.09435497349486,0.9980366943313258,0.9997817727243887,0.9927518662003757,5.000397259420092,0.10014949318726318,9.989064068403087,0.950477313461124,52.06152391507539,2.9972810689284057,0.194506096809688,5.032138030511594,11.99332815776495,300.16688884387935,-0.10935931596913306,True,True,True,True,True,True,True,True
943,19,9,3,200.09435497349486,0.9980366943313258,0.9997817727243887,0.9927518662003757,5.000397259420092,0.10045497718635922,10.017500776985376,0.9290107005764516,52.49185862794659,2.9951522945983795,0.19529498207325735,4.675819369439369,11.99332815776495,300.16688884387935,0.17500776985375666,True,True,True,True,True,True,True,True
944,19,9,4,200.09435497349486,0.9980366943313258,0.9997817727243887,0.9927518662003757,5.000397259420092,0.1003689359237429,10.031457045847116,0.9362639126975503,51.804245699882095,2.996231582960109,0.19402112063315768,4.602030439630466,11.99332815776495,300.16688884387935,0.3145704584711595,True,True,True,True,True,True,True,True
945,19,9,5,200.09435497349486,0.9980366943313258,0.9997817727243887,0.9927518662003757,5.000397259420092,0.09984669844497068,10.024475639816975,0.9219175215402358,51.92864435688779,2.9965587584857314,0.19624916639704157,4.857036506868915,11.99332815776495,300.16688884387935,0.24475639816975203,True,True,True,True,True,True,True,True
946,19,10,1,200.09435497349486,0.9980366943313258,0.9997817727243887,0.9927518662003757,5.000397259420092,0.10041742293697113,10.060685447763182,0.9676665066507001,52.22146625109017,2.99450615102042,0.19687109651011353,4.522823281829757,11.99332815776495,300.16688884387935,0.6068544776318241,True,True,True,True,True,True,True,True
947,19,10,2,200.09435497349486,0.9980366943313258,0.9997817727243887,0.9927518662003757,5.000397259420092,0.10036092525075586,10.039501941289968,0.9367724838856675,52.406585588522475,2.995368487137507,0.18813927989126933,4.867632874657122,11.99332815776495,300.16688884387935,0.395019412899682,True,True,True,True,True,True,True,True
948,19,10,3,200.09435497349486,0.9980366943313258,0.9997817727243887,0.9927518662003757,5.000397259420092,0.10041205621225979,10.04354208761369,0.9559830627358278,53.432897109680816,2.994375625046978,0.19366340942237356,4.66526420530716,11.99332815776495,300.16688884387935,0.43542087613689157,True,True,True,True,True,True,True,True
949,19,10,4,200.09435497349486,0.9980366943313258,0.9997817727243887,0.9927518662003757,5.000397259420092,0.1004930640000611,10.039700377103426,0.9210088164065983,51.77354826239494,2.9920283031895294,0.19357604214805463,4.809092968769147,11.99332815776495,300.16688884387935,0.3970037710342567,True,True,True,True,True,True,True,True
950,19,10,5,200.09435497349486,0.9980366943313258,0.9997817727243887,0.9927518662003757,5.000397259420092,0.10006325216109013,10.022950040090844,0.9801325447829085,52.80960796683188,3.001399478312665,0.19580875222581634,4.633837567055317,11.99332815776495,300.16688884387935,0.22950040090844226,True,True,True,True,True,True,True,True
951,20,1,1,200.10705120680996,0.9959201947170545,1.003281552583068,1.0048612505562584,5.016701415229667,0.09957317409373315,9.931995139329546,1.0390592554759812,51.759580298989405,2.999848503371491,0.199507884759728,5.170839308980324,12.04154563359866,298.96494266941767,-0.6800486067045419,True,True,True,True,True,True,True,True
952,20,1,2,200.10705120680996,0.9959201947170545,1.003281552583068,1.0048612505562584,5.016701415229667,0.09953245582017094,9.926096422264276,0.9904667861409393,50.71872319665718,3.0024149717682636,0.19500307434808417,5.311231521259739,12.04154563359866,298.96494266941767,-0.7390357773572376,True,True,True,True,True,True,True,True
953,20,1,3,200.10705120680996,0.9959201947170545,1.003281552583068,1.0048612505562584,5.016701415229667,0.09883281233637096,9.903488398075234,0.9948508992553952,51.450837436987726,3.0015822385347977,0.19436949918463636,5.106309807363311,12.04154563359866,298.96494266941767,-0.965116019247656,True,True,True,True,True,True,True,True
954,20,1,4,200.10705120680996,0.9959201947170545,1.003281552583068,1.0048612505562584,5.016701415229667,0.09967782398294026,9.971592278614054,1.0079652369788081,51.7915868398275,3.00311885230045,0.19778799230569546,5.121597626949317,12.04154563359866,298.96494266941767,-0.2840772138594616,True,True,True,True,True,True,True,True
955,20,1,5,200.10705120680996,0.9959201947170545,1.003281552583068,1.0048612505562584,5.016701415229667,0.0993837377666249,9.924076465845237,1.0063875269052476,51.30364325553085,3.00212382188931,0.2029077307662925,5.228533256928689,12.04154563359866,298.96494266941767,-0.7592353415476261,True,True,True,True,True,True,True,True
956,20,2,1,200.10705120680996,0.9959201947170545,1.003281552583068,1.0048612505562584,5.016701415229667,0.0997029948461392,9.981284127223937,0.9962931662738783,50.96178301621317,3.001747589793115,0.19517190608011406,5.266427931562873,12.04154563359866,298.96494266941767,-0.18715872776063236,True,True,True,True,True,True,True,True
957,20,2,2,200.10705120680996,0.9959201947170545,1.003281552583068,1.0048612505562584,5.016701415229667,0.09920844329621177,9.991106602730563,0.9760968282040005,51.40111008749932,3.0039014807380258,0.191396744450422,5.40236013169987,12.04154563359866,298.96494266941767,-0.08893397269437386,True,True,True,True,True,True,True,True
958,20,2,3,200.10705120680996,0.9959201947170545,1.003281552583068,1.0048612505562584,5.016701415229667,0.09962953786115393,9.959705865465446,1.0510587893144192,50.999607659034375,3.0006282314225583,0.19974983991164025,5.630917945016628,12.04154563359866,298.96494266941767,-0.4029413453455355,True,True,True,True,True,True,True,True
959,20,2,4,200.10705120680996,0.9959201947170545,1.003281552583068,1.0048612505562584,5.016701415229667,0.09962777013035773,9.986157469557751,1.0051503358634948,52.764207685272545,3.0011481277128302,0.19931094711990913,5.206438389236521,12.04154563359866,298.96494266941767,-0.13842530442248702,True,True,True,True,True,True,True,True
960,20,2,5,200.10705120680996,0.9959201947170545,1.003281552583068,1.0048612505562584,5.016701415229667,0.0996183357741701,9.952550643246163,0.9857697888844542,53.39911697455639,3.000519574223774,0.2007990994433601,5.367186421242304,12.04154563359866,298.96494266941767,-0.47449356753837435,True,True,True,True,True,True,True,True
961,20,3,1,200.10705120680996,0.9959201947170545,1.003281552583068,1.0048612505562584,5.016701415229667,0.09964557246986748,9.9325663700532,0.9812235189735657,52.356862801935016,2.999639910712973,0.19359497722217833,5.482586074304692,12.04154563359866,298.96494266941767,-0.6743362994679991,True,True,True,True,True,True,True,True
962,20,3,2,200.10705120680996,0.9959201947170545,1.003281552583068,1.0048612505562584,5.016701415229667,0.09930921706351069,9.924657703158665,0.9946737302970231,50.74094639554777,3.0022763711079294,0.197270233749337,5.48478438160797,12.04154563359866,298.96494266941767,-0.7534229684133464,True,True,True,True,True,True,True,True
963,20,3,3,200.10705120680996,0.9959201947170545,1.003281552583068,1.0048612505562584,5.016701415229667,0.09941918073976608,9.93098449263368,0.9779892884816821,50.741556040261145,3.0011618768559303,0.19766016133690362,5.449758812274925,12.04154563359866,298.96494266941767,-0.690155073663199,True,True,True,True,True,True,True,True
964,20,3,4,200.10705120680996,0.9959201947170545,1.003281552583068,1.0048612505562584,5.016701415229667,0.0992247955546108,9.910749708014059,0.9841686500243628,52.13506875763795,2.9993044891797327,0.2009566226086204,5.396993716996954,12.04154563359866,298.96494266941767,-0.8925029198594104,True,True,True,True,True,True,True,True
965,20,3,5,200.10705120680996,0.9959201947170545,1.003281552583068,1.0048612505562584,5.016701415229667,0.099554168541277,9.963188601783859,1.0415869132117535,52.13361542830615,2.998846692302264,0.1986052458309518,5.383133183377987,12.04154563359866,298.96494266941767,-0.368113982161411,True,True,True,True,True,True,True,True
966,20,4,1,200.10705120680996,0.9959201947170545,1.003281552583068,1.0048612505562584,5.016701415229667,0.09952566433212062,9.9947415445002,1.0056444116264862,51.66413663102677,2.9962422198578613,0.19934613176652474,5.166123780126009,12.04154563359866,298.96494266941767,-0.05258455499799197,True,True,True,True,True,True,True,True
967,20,4,2,200.10705120680996,0.9959201947170545,1.003281552583068,1.0048612505562584,5.016701415229667,0.09949136903718647,9.957656470582089,0.9944736353089666,50.086587242641436,2.998779353964572,0.2022784361906864,5.202483557599795,12.04154563359866,298.96494266941767,-0.4234352941791109,True,True,True,True,True,True,True,True
968,20,4,3,200.10705120680996,0.9959201947170545,1.003281552583068,1.0048612505562584,5.016701415229667,0.09975966389184247,9.99741801647196,1.0268505275572288,53.28903572716635,3.000866655612834,0.1969197391122527,5.337094760319785,12.04154563359866,298.96494266941767,-0.0258198352804051,True,True,True,True,True,True,True,True
969,20,4,4,200.10705120680996,0.9959201947170545,1.003281552583068,1.0048612505562584,5.016701415229667,0.09978310880290972,10.014795533416267,1.0079605047181122,51.9998746873456,3.0018484592370758,0.1959010568841781,5.14181692281668,12.04154563359866,298.96494266941767,0.14795533416267048,True,True,True,True,True,True,True,True
970,20,4,5,200.10705120680996,0.9959201947170545,1.003281552583068,1.0048612505562584,5.016701415229667,0.0993564671256224,9.900302961152303,1.039038341835126,51.87339989002604,3.0014943396422895,0.1990371168007087,5.3142850339295835,12.04154563359866,298.96494266941767,-0.9969703884769744,True,True,True,True,True,True,True,True
971,20,5,1,200.10705120680996,0.9959201947170545,1.003281552583068,1.0048612505562584,5.016701415229667,0.09952347368857896,10.00665216648308,1.0341918769815555,51.51962510362034,3.0042324710043102,0.1951615162220272,5.164667894760604,12.04154563359866,298.96494266941767,0.06652166483080535,True,True,True,True,True,True,True,True
972,20,5,2,200.10705120680996,0.9959201947170545,1.003281552583068,1.0048612505562584,5.016701415229667,0.09952574603421518,9.951098126874596,1.004743949604111,51.24514944132042,2.9996625659891567,0.19383223268211525,5.207665285208747,12.04154563359866,298.96494266941767,-0.4890187312540384,True,True,True,True,True,True,True,True
973,20,5,3,200.10705120680996,0.9959201947170545,1.003281552583068,1.0048612505562584,5.016701415229667,0.09999989078008728,10.022360963019885,0.9531989718226117,51.32410167888407,3.0046088644809155,0.19309076951673335,5.233665481624734,12.04154563359866,298.96494266941767,0.22360963019885105,True,True,True,True,True,True,True,True
974,20,5,4,200.10705120680996,0.9959201947170545,1.003281552583068,1.0048612505562584,5.016701415229667,0.0991390835199281,9.888560770270605,0.9841411936144276,52.196237890980115,2.999946725050593,0.1992711391297626,5.416932896863186,12.04154563359866,298.96494266941767,-1.1143922972939535,True,True,True,True,True,True,True,True
975,20,5,5,200.10705120680996,0.9959201947170545,1.003281552583068,1.0048612505562584,5.016701415229667,0.0996913012703752,9.991166235041229,1.0004813649109123,52.29654773824992,3.0005114827049515,0.19994269794250377,5.094962070332347,12.04154563359866,298.96494266941767,-0.08833764958771084,True,True,True,True,True,True,True,True
976,20,6,1,200.10705120680996,0.9959201947170545,1.003281552583068,1.0048612505562584,5.016701415229667,0.09960542592148548,9.918932656438374,1.0300936921684847,49.91966135258387,3.002418874727383,0.19875092645221062,5.356502199524637,12.04154563359866,298.96494266941767,-0.8106734356162626,True,True,True,True,True,True,True,True
977,20,6,2,200.10705120680996,0.9959201947170545,1.003281552583068,1.0048612505562584,5.016701415229667,0.09921410197433446,9.929026900386601,1.0022003289107018,53.62493552460078,3.000487319163789,0.19898930066627116,5.062638967388404,12.04154563359866,298.96494266941767,-0.7097309961339882,True,True,True,True,True,True,True,True
978,20,6,3,200.10705120680996,0.9959201947170545,1.003281552583068,1.0048612505562584,5.016701415229667,0.09965161515190364,9.98235469043381,1.012975752809671,51.64482919842754,2.998288123060824,0.19978361308500397,5.009490859719991,12.04154563359866,298.96494266941767,-0.17645309566189482,True,True,True,True,True,True,True,True
979,20,6,4,200.10705120680996,0.9959201947170545,1.003281552583068,1.0048612505562584,5.016701415229667,0.09914738016689448,9.887781717018939,1.0255834135209934,51.31918030717568,3.0010303036555848,0.19425085786140295,5.336120854568681,12.04154563359866,298.96494266941767,-1.1221828298106118,True,True,True,True,True,True,True,True
980,20,6,5,200.10705120680996,0.9959201947170545,1.003281552583068,1.0048612505562584,5.016701415229667,0.09943769251663133,9.964445957300088,0.9657972559375426,51.697232077363296,2.999473878661363,0.19873382416163324,5.633772524102695,12.04154563359866,298.96494266941767,-0.3555404269991236,True,True,True,True,True,True,True,True
981,20,7,1,200.10705120680996,0.9959201947170545,1.003281552583068,1.0048612505562584,5.016701415229667,0.09928215112294496,9.925250697981353,1.0090832338576903,51.04529883682903,3.003830086518035,0.20306002220834904,5.537132011049646,12.04154563359866,298.96494266941767,-0.7474930201864716,True,True,True,True,True,True,True,True
982,20,7,2,200.10705120680996,0.9959201947170545,1.003281552583068,1.0048612505562584,5.016701415229667,0.09921694876337439,9.90387622630878,1.043311796592668,52.370600828181594,2.9988577638926297,0.2028696345868504,5.4527253937610425,12.04154563359866,298.96494266941767,-0.9612377369121994,True,True,True,True,True,True,True,True
983,20,7,3,200.10705120680996,0.9959201947170545,1.003281552583068,1.0048612505562584,5.016701415229667,0.09975259006519975,9.951373209639739,1.092963264043226,51.83213314221303,3.0033967571998597,0.1990006279671068,5.145691893292001,12.04154563359866,298.96494266941767,-0.486267903602613,True,True,True,True,True,True,True,True
984,20,7,4,200.10705120680996,0.9959201947170545,1.003281552583068,1.0048612505562584,5.016701415229667,0.0998056511433984,9.97063061403079,1.05951473315546,52.32183340648386,2.9988384552056098,0.20109322200211363,5.405959808236636,12.04154563359866,298.96494266941767,-0.2936938596920946,True,True,True,True,True,True,True,True
985,20,7,5,200.10705120680996,0.9959201947170545,1.003281552583068,1.0048612505562584,5.016701415229667,0.09981337075679941,10.009357682404184,1.0085792603151564,52.09574277159164,3.000520255051975,0.1961500729655516,5.163490487652024,12.04154563359866,298.96494266941767,0.09357682404184331,True,True,True,True,True,True,True,True
986,20,8,1,200.10705120680996,0.9959201947170545,1.003281552583068,1.0048612505562584,5.016701415229667,0.09948913144922619,9.940398908777453,1.0018376150847152,52.52538986681784,3.00089231590764,0.19846858976523904,5.250747841266108,12.04154563359866,298.96494266941767,-0.5960109122254664,True,True,True,True,True,True,True,True
987,20,8,2,200.10705120680996,0.9959201947170545,1.003281552583068,1.0048612505562584,5.016701415229667,0.09954596955357482,9.996401343101834,1.035934014304064,51.59803916804065,2.998820943688789,0.2004874914583738,5.247233381646562,12.04154563359866,298.96494266941767,-0.03598656898166297,True,True,True,True,True,True,True,True
988,20,8,3,200.10705120680996,0.9959201947170545,1.003281552583068,1.0048612505562584,5.016701415229667,0.0994922194452871,9.971839496967121,1.0335075241173843,50.38683352322494,3.003220174672253,0.1979574768781714,5.265217919645074,12.04154563359866,298.96494266941767,-0.2816050303287909,True,True,True,True,True,True,True,True
989,20,8,4,200.10705120680996,0.9959201947170545,1.003281552583068,1.0048612505562584,5.016701415229667,0.09936780824974367,9.897893908278142,1.0253177470047885,51.30837385142924,3.0018056711856365,0.1907068567112263,5.569798859331806,12.04154563359866,298.96494266941767,-1.021060917218577,True,True,True,True,True,True,True,True
990,20,8,5,200.10705120680996,0.9959201947170545,1.003281552583068,1.0048612505562584,5.016701415229667,0.09926026296237042,9.925620976531057,1.0309109965308962,51.6783316964368,2.9992075159849247,0.19895074291556483,5.264220014594218,12.04154563359866,298.96494266941767,-0.7437902346894276,True,True,True,True,True,True,True,True
991,20,9,1,200.10705120680996,0.9959201947170545,1.003281552583068,1.0048612505562584,5.016701415229667,0.10000382891719883,10.012480392035572,0.9857465591284195,52.91165713341482,2.9989388953985845,0.19410239969524484,5.166124825432477,12.04154563359866,298.96494266941767,0.12480392035572052,True,True,True,True,True,True,True,True
992,20,9,2,200.10705120680996,0.9959201947170545,1.003281552583068,1.0048612505562584,5.016701415229667,0.10003288899881417,9.98660243816458,1.0268992933996537,51.770092440926376,3.0058336858411425,0.20031673988020957,5.512664143710318,12.04154563359866,298.96494266941767,-0.1339756183542029,True,True,True,True,True,True,True,True
993,20,9,3,200.10705120680996,0.9959201947170545,1.003281552583068,1.0048612505562584,5.016701415229667,0.09936959382653013,9.91736144886548,0.9853452878244203,52.54710695880014,3.000845840718234,0.2030265023308697,5.200882913296679,12.04154563359866,298.96494266941767,-0.8263855113452045,True,True,True,True,True,True,True,True
994,20,9,4,200.10705120680996,0.9959201947170545,1.003281552583068,1.0048612505562584,5.016701415229667,0.09987800417118997,9.99585284519574,0.9931420192262005,52.48876300199517,2.9984709961077822,0.19568905680416002,5.264693072957064,12.04154563359866,298.96494266941767,-0.04147154804259756,True,True,True,True,True,True,True,True
995,20,9,5,200.10705120680996,0.9959201947170545,1.003281552583068,1.0048612505562584,5.016701415229667,0.09989827968252718,9.996145671580528,0.9824644988064914,52.18050197505064,3.0010712429683366,0.19920315228988084,5.152710319593903,12.04154563359866,298.96494266941767,-0.03854328419471642,True,True,True,True,True,True,True,True
996,20,10,1,200.10705120680996,0.9959201947170545,1.003281552583068,1.0048612505562584,5.016701415229667,0.09927443955347441,9.90604696448456,0.9784523360243051,50.60410901155697,3.0013924763948014,0.19734894505245035,5.465415943836603,12.04154563359866,298.96494266941767,-0.9395303551544032,True,True,True,True,True,True,True,True
997,20,10,2,200.10705120680996,0.9959201947170545,1.003281552583068,1.0048612505562584,5.016701415229667,0.09960951267132316,9.9879911044555,0.9984179585652386,50.72206410642797,2.9995292048487716,0.19621325836606524,4.923682119242836,12.04154563359866,298.96494266941767,-0.12008895544500577,True,True,True,True,True,True,True,True
998,20,10,3,200.10705120680996,0.9959201947170545,1.003281552583068,1.0048612505562584,5.016701415229667,0.09981082976574282,9.969700421436718,1.0390254037617082,52.43237502505365,2.996694833990144,0.1977446001110257,5.186623769733604,12.04154563359866,298.96494266941767,-0.30299578563282026,True,True,True,True,True,True,True,True
999,20,10,4,200.10705120680996,0.9959201947170545,1.003281552583068,1.0048612505562584,5.016701415229667,0.09994508339203059,9.987672581375511,1.0408062317037037,52.06086033741595,3.0006832575033515,0.19795537424981235,5.57322939454796,12.04154563359866,298.96494266941767,-0.12327418624488828,True,True,True,True,True,True,True,True
1000,20,10,5,200.10705120680996,0.9959201947170545,1.003281552583068,1.0048612505562584,5.016701415229667,0.09946018968871918,9.993296442845926,1.0556787272407857,51.59345047967047,3.003249433357941,0.1975091268123785,5.203734340065746,12.04154563359866,298.96494266941767,-0.06703557154073891,True,True,True,True,True,True,True,True
1001,21,1,1,200.1571375499189,0.9839702237329323,0.9926128168932994,1.0183764987639161,5.0503071840852085,0.09984640954291069,9.96730259467757,1.0319613009350912,48.19087319904662,2.9993620431482113,0.19690038529970882,5.268178752095029,12.111603683827632,297.23561751009106,-0.32697405322430484,True,True,True,True,True,True,True,True
1002,21,1,2,200.1571375499189,0.9839702237329323,0.9926128168932994,1.0183764987639161,5.0503071840852085,0.10004365660852009,10.022173694505621,1.0306334063404836,49.85553302284919,3.0002873763802054,0.2026262155261127,5.122810083299862,12.111603683827632,297.23561751009106,0.22173694505621455,True,True,True,True,True,True,True,True
1003,21,1,3,200.1571375499189,0.9839702237329323,0.9926128168932994,1.0183764987639161,5.0503071840852085,0.09967805186500502,9.987214416820967,1.0126791813485736,49.2882693446652,3.0010302958582646,0.1977139484507137,5.087786119473357,12.111603683827632,297.23561751009106,-0.1278558317903311,True,True,True,True,True,True,True,True
1004,21,1,4,200.1571375499189,0.9839702237329323,0.9926128168932994,1.0183764987639161,5.0503071840852085,0.09975642620688252,10.022143014703031,1.0273301426390893,48.560007039041736,3.0015856480735965,0.20363837856024639,4.792997137729298,12.111603683827632,297.23561751009106,0.2214301470303148,True,True,True,True,True,True,True,True
1005,21,1,5,200.1571375499189,0.9839702237329323,0.9926128168932994,1.0183764987639161,5.0503071840852085,0.0992496701928609,9.932719235087747,1.0351291860329292,47.7043546766194,2.9996944240718655,0.1963298881909537,5.293850406216137,12.111603683827632,297.23561751009106,-0.6728076491225288,True,True,True,True,True,True,True,True
1006,21,2,1,200.1571375499189,0.9839702237329323,0.9926128168932994,1.0183764987639161,5.0503071840852085,0.09988013330041247,9.99231953842823,1.0493237686468277,50.13786585310869,3.004285345784221,0.1996106526339692,4.872944361831768,12.111603683827632,297.23561751009106,-0.07680461571769825,True,True,True,True,True,True,True,True
1007,21,2,2,200.1571375499189,0.9839702237329323,0.9926128168932994,1.0183764987639161,5.0503071840852085,0.09977533207002612,9.975247451247666,0.9834379706317676,47.81159771227842,3.0019843974620453,0.20320709115334756,5.070831594454452,12.111603683827632,297.23561751009106,-0.2475254875233368,True,True,True,True,True,True,True,True
1008,21,2,3,200.1571375499189,0.9839702237329323,0.9926128168932994,1.0183764987639161,5.0503071840852085,0.09935406285446659,9.948585803799773,1.0380394408964495,49.1492746062889,3.003200997329614,0.20031608460721517,5.031356458864017,12.111603683827632,297.23561751009106,-0.5141419620022702,True,True,True,True,True,True,True,True
1009,21,2,4,200.1571375499189,0.9839702237329323,0.9926128168932994,1.0183764987639161,5.0503071840852085,0.0996156086815568,9.968903572170394,1.0147820463739043,47.94175079166243,3.0014628790898716,0.20340319845595536,5.3576031917146425,12.111603683827632,297.23561751009106,-0.310964278296062,True,True,True,True,True,True,True,True
1010,21,2,5,200.1571375499189,0.9839702237329323,0.9926128168932994,1.0183764987639161,5.0503071840852085,0.09973054042952881,9.981774042928441,1.03632392342484,48.899177595263,3.0025145871551504,0.1941843421766761,4.890714873258657,12.111603683827632,297.23561751009106,-0.1822595707155905,True,True,True,True,True,True,True,True
1011,21,3,1,200.1571375499189,0.9839702237329323,0.9926128168932994,1.0183764987639161,5.0503071840852085,0.09931656334270283,9.882466128693638,1.0444043198425152,48.659019385986916,2.998854730537641,0.19946425928810696,5.271586285101616,12.111603683827632,297.23561751009106,-1.1753387130636206,True,True,True,True,True,True,True,True
1012,21,3,2,200.1571375499189,0.9839702237329323,0.9926128168932994,1.0183764987639161,5.0503071840852085,0.09963817055927994,9.99864873227498,1.0586800998167634,49.00676867449208,3.0021094035429594,0.20168752523363406,5.042402863741512,12.111603683827632,297.23561751009106,-0.013512677250204774,True,True,True,True,True,True,True,True
1013,21,3,3,200.1571375499189,0.9839702237329323,0.9926128168932994,1.0183764987639161,5.0503071840852085,0.09959110428745206,9.95362158332583,1.0370622828457943,48.33328610449754,3.0002861027802927,0.19901787251603845,5.138354075260054,12.111603683827632,297.23561751009106,-0.46378416674169637,True,True,True,True,True,True,True,True
1014,21,3,4,200.1571375499189,0.9839702237329323,0.9926128168932994,1.0183764987639161,5.0503071840852085,0.09999504607173625,10.016706923919408,1.0013186725291685,48.175172330337496,2.9986340321175513,0.20455144677539863,5.0233966737039335,12.111603683827632,297.23561751009106,0.16706923919407757,True,True,True,True,True,True,True,True
1015,21,3,5,200.1571375499189,0.9839702237329323,0.9926128168932994,1.0183764987639161,5.0503071840852085,0.09943768812251969,9.937339162919766,1.0222867426599975,47.39975900592427,2.999448140102882,0.20237536012396742,4.8818619067560665,12.111603683827632,297.23561751009106,-0.6266083708023373,True,True,True,True,True,True,True,True
1016,21,4,1,200.1571375499189,0.9839702237329323,0.9926128168932994,1.0183764987639161,5.0503071840852085,0.09965388381479127,9.930709566605957,1.070848776532062,48.362038101821746,2.998586505129244,0.20163831444310096,5.2128091123840345,12.111603683827632,297.23561751009106,-0.6929043339404295,True,True,True,True,True,True,True,True
1017,21,4,2,200.1571375499189,0.9839702237329323,0.9926128168932994,1.0183764987639161,5.0503071840852085,0.09938326160465537,9.936123948386678,1.0450400707399046,48.94891710105158,3.003076376467255,0.20190887640136979,5.238348852628322,12.111603683827632,297.23561751009106,-0.638760516133221,True,True,True,True,True,True,True,True
1018,21,4,3,200.1571375499189,0.9839702237329323,0.9926128168932994,1.0183764987639161,5.0503071840852085,0.0999276734916968,10.009995448188391,1.041285299466663,49.00215980585763,3.000094505862456,0.196931085886052,5.398091519197482,12.111603683827632,297.23561751009106,0.09995448188391265,True,True,True,True,True,True,True,True
1019,21,4,4,200.1571375499189,0.9839702237329323,0.9926128168932994,1.0183764987639161,5.0503071840852085,0.09930477503953984,9.94326520376368,1.0208985275071976,48.97581483076036,3.0037269925439847,0.19610259337769023,5.075796559988414,12.111603683827632,297.23561751009106,-0.5673479623632005,True,True,True,True,True,True,True,True
1020,21,4,5,200.1571375499189,0.9839702237329323,0.9926128168932994,1.0183764987639161,5.0503071840852085,0.09954103730881733,9.955226332097277,1.0411537983529697,48.63463212760159,3.000902739890782,0.197133731812173,5.243402323924222,12.111603683827632,297.23561751009106,-0.44773667902722636,True,True,True,True,True,True,True,True
1021,21,5,1,200.1571375499189,0.9839702237329323,0.9926128168932994,1.0183764987639161,5.0503071840852085,0.0998651050137441,9.93748766012524,1.0140721416141176,47.96107539184337,3.0011890589448047,0.2032991196809803,5.264076144279624,12.111603683827632,297.23561751009106,-0.6251233987475935,True,True,True,True,True,True,True,True
1022,21,5,2,200.1571375499189,0.9839702237329323,0.9926128168932994,1.0183764987639161,5.0503071840852085,0.09942974619362863,9.922034586302463,1.0547956758099426,48.98191465697179,3.0018368230990804,0.19668261228437056,5.178230929920506,12.111603683827632,297.23561751009106,-0.779654136975374,True,True,True,True,True,True,True,True
1023,21,5,3,200.1571375499189,0.9839702237329323,0.9926128168932994,1.0183764987639161,5.0503071840852085,0.09934359846614978,9.967226534774136,1.0893832393764107,48.508380999878476,3.001522203874362,0.20163031683480712,5.060366753317796,12.111603683827632,297.23561751009106,-0.32773465225863774,True,True,True,True,True,True,True,True
1024,21,5,4,200.1571375499189,0.9839702237329323,0.9926128168932994,1.0183764987639161,5.0503071840852085,0.09961504562995588,9.957535886085326,1.037031951044165,48.25523214955256,2.9952939028897516,0.19490555234083484,5.26311639729692,12.111603683827632,297.23561751009106,-0.4246411391467397,True,True,True,True,True,True,True,True
1025,21,5,5,200.1571375499189,0.9839702237329323,0.9926128168932994,1.0183764987639161,5.0503071840852085,0.09974505595109429,9.936365377839508,1.0311667649334457,50.03109651074487,3.0031885034457724,0.1942011835501756,4.975905124350767,12.111603683827632,297.23561751009106,-0.6363462216049243,True,True,True,True,True,True,True,True
1026,21,6,1,200.1571375499189,0.9839702237329323,0.9926128168932994,1.0183764987639161,5.0503071840852085,0.0999275317453543,10.028801245659901,1.0502733580425012,48.55603010215415,3.0002795399260576,0.2000850281834354,5.286618234040338,12.111603683827632,297.23561751009106,0.2880124565990094,True,True,True,True,True,True,True,True
1027,21,6,2,200.1571375499189,0.9839702237329323,0.9926128168932994,1.0183764987639161,5.0503071840852085,0.09953755061150525,9.921113359782092,1.0388514522874004,47.08389305297197,2.999541800359348,0.20221294695937633,5.208896159240488,12.111603683827632,297.23561751009106,-0.7888664021790781,True,True,True,True,True,True,True,True
1028,21,6,3,200.1571375499189,0.9839702237329323,0.9926128168932994,1.0183764987639161,5.0503071840852085,0.09979899217282474,9.973040679398324,1.048765635342892,46.64801786682766,3.0007403794354284,0.20456985973495911,5.170613505383146,12.111603683827632,297.23561751009106,-0.26959320601676495,True,True,True,True,True,True,True,True
1029,21,6,4,200.1571375499189,0.9839702237329323,0.9926128168932994,1.0183764987639161,5.0503071840852085,0.09945781414509187,9.9362729270359,0.988554501132174,47.70380150609369,3.001206215675398,0.19463516338883305,5.024968814021507,12.111603683827632,297.23561751009106,-0.6372707296410063,True,True,True,True,True,True,True,True
1030,21,6,5,200.1571375499189,0.9839702237329323,0.9926128168932994,1.0183764987639161,5.0503071840852085,0.09964458087836486,9.941375766045036,1.0290796074931792,48.80631630515924,3.0003034222470246,0.19789376800835326,4.95435679903996,12.111603683827632,297.23561751009106,-0.5862423395496386,True,True,True,True,True,True,True,True
1031,21,7,1,200.1571375499189,0.9839702237329323,0.9926128168932994,1.0183764987639161,5.0503071840852085,0.09981458612076952,10.00086542282898,1.001599734138527,49.38879287883143,3.0032866571649484,0.20270280909028,5.482441732672519,12.111603683827632,297.23561751009106,0.008654228289799448,True,True,True,True,True,True,True,True
1032,21,7,2,200.1571375499189,0.9839702237329323,0.9926128168932994,1.0183764987639161,5.0503071840852085,0.0997894161272375,9.980484463409933,1.004913334893317,47.74715547470154,3.000927002519685,0.20451043700105043,5.181550787261239,12.111603683827632,297.23561751009106,-0.19515536590066773,True,True,True,True,True,True,True,True
1033,21,7,3,200.1571375499189,0.9839702237329323,0.9926128168932994,1.0183764987639161,5.0503071840852085,0.09918442209197081,9.944772400096321,0.9921807368550165,49.32903556808182,2.9997837741343427,0.19829658454969534,5.212123781614931,12.111603683827632,297.23561751009106,-0.5522759990367909,True,True,True,True,True,True,True,True
1034,21,7,4,200.1571375499189,0.9839702237329323,0.9926128168932994,1.0183764987639161,5.0503071840852085,0.0996508580114885,9.936764132377354,1.0542067553869963,47.621937519403104,3.0026660099176015,0.19922998659987415,5.124430524384982,12.111603683827632,297.23561751009106,-0.6323586762264632,True,True,True,True,True,True,True,True
1035,21,7,5,200.1571375499189,0.9839702237329323,0.9926128168932994,1.0183764987639161,5.0503071840852085,0.09931058598616303,10.010738791853967,1.0194103536541113,47.85630765443252,2.999897000661924,0.2001026926934521,5.157893401747455,12.111603683827632,297.23561751009106,0.10738791853967199,True,True,True,True,True,True,True,True
1036,21,8,1,200.1571375499189,0.9839702237329323,0.9926128168932994,1.0183764987639161,5.0503071840852085,0.09972211596026336,9.977392298749066,0.9990505970953749,49.94863242870993,3.0040485482138726,0.1947055352939065,5.031853740102591,12.111603683827632,297.23561751009106,-0.2260770125093359,True,True,True,True,True,True,True,True
1037,21,8,2,200.1571375499189,0.9839702237329323,0.9926128168932994,1.0183764987639161,5.0503071840852085,0.0999572027616057,9.995412175709136,1.044379030523071,49.22415034682345,3.001626546865161,0.2044376994465469,5.391902666712685,12.111603683827632,297.23561751009106,-0.045878242908639066,True,True,True,True,True,True,True,True
1038,21,8,3,200.1571375499189,0.9839702237329323,0.9926128168932994,1.0183764987639161,5.0503071840852085,0.09937647313513978,9.944668497739872,1.03957395692997,50.4026118877949,3.0002523642286567,0.20586086406526025,4.909646722759422,12.111603683827632,297.23561751009106,-0.5533150226012751,True,True,True,True,True,True,True,True
1039,21,8,4,200.1571375499189,0.9839702237329323,0.9926128168932994,1.0183764987639161,5.0503071840852085,0.09990104372270818,10.035214782825093,1.0670393947598706,48.69771304480313,3.0009297882441412,0.20939446665555547,5.065154075038075,12.111603683827632,297.23561751009106,0.35214782825093494,True,True,True,True,True,True,True,True
1040,21,8,5,200.1571375499189,0.9839702237329323,0.9926128168932994,1.0183764987639161,5.0503071840852085,0.09918083206716263,9.918090057858636,1.0365786024778234,47.556891319711674,3.002313801495613,0.19362353435145851,4.929051014098651,12.111603683827632,297.23561751009106,-0.819099421413636,True,True,True,True,True,True,True,True
1041,21,9,1,200.1571375499189,0.9839702237329323,0.9926128168932994,1.0183764987639161,5.0503071840852085,0.09922953825520647,9.937853684108907,1.0428265983951932,47.381189420590665,3.000762761821752,0.20306252289325705,5.100663116531777,12.111603683827632,297.23561751009106,-0.621463158910931,True,True,True,True,True,True,True,True
1042,21,9,2,200.1571375499189,0.9839702237329323,0.9926128168932994,1.0183764987639161,5.0503071840852085,0.10011748653380215,9.980924552729768,1.0071296509738263,49.60568832205662,3.0009486668179743,0.19634302346726815,4.979047065622106,12.111603683827632,297.23561751009106,-0.1907544727023236,True,True,True,True,True,True,True,True
1043,21,9,3,200.1571375499189,0.9839702237329323,0.9926128168932994,1.0183764987639161,5.0503071840852085,0.0997032427988526,9.995631459943032,1.0210631690417062,48.685635874829266,3.0035238194283886,0.19777451529344503,5.113549829362296,12.111603683827632,297.23561751009106,-0.04368540056967518,True,True,True,True,True,True,True,True
1044,21,9,4,200.1571375499189,0.9839702237329323,0.9926128168932994,1.0183764987639161,5.0503071840852085,0.09941912182546489,9.944280892116042,1.0479977516678896,47.605544793269324,2.999479901659669,0.20172481156303154,5.024240836004183,12.111603683827632,297.23561751009106,-0.5571910788395762,True,True,True,True,True,True,True,True
1045,21,9,5,200.1571375499189,0.9839702237329323,0.9926128168932994,1.0183764987639161,5.0503071840852085,0.09989080259216293,9.985320734697208,1.0229685511632776,47.85171128722938,3.0021631448841366,0.20299544638745268,5.1171721476210115,12.111603683827632,297.23561751009106,-0.14679265302792288,True,True,True,True,True,True,True,True
1046,21,10,1,200.1571375499189,0.9839702237329323,0.9926128168932994,1.0183764987639161,5.0503071840852085,0.10006093543724594,10.039398079166123,1.0336549787081215,47.90423569264527,3.003277151380717,0.1914039340332284,5.203268362235572,12.111603683827632,297.23561751009106,0.39398079166122807,True,True,True,True,True,True,True,True
1047,21,10,2,200.1571375499189,0.9839702237329323,0.9926128168932994,1.0183764987639161,5.0503071840852085,0.09987300752219004,9.950405854965553,1.0114837392270795,48.169343952741656,3.002871629745714,0.19933155986096557,5.333861076677531,12.111603683827632,297.23561751009106,-0.49594145034447484,True,True,True,True,True,True,True,True
1048,21,10,3,200.1571375499189,0.9839702237329323,0.9926128168932994,1.0183764987639161,5.0503071840852085,0.09949572525121175,9.948504419649248,1.0519573472155601,49.44618030026513,3.000084852849504,0.1988634791868604,4.90336518389898,12.111603683827632,297.23561751009106,-0.5149558035075152,True,True,True,True,True,True,True,True
1049,21,10,4,200.1571375499189,0.9839702237329323,0.9926128168932994,1.0183764987639161,5.0503071840852085,0.09980119982942261,10.017766309463958,1.0255727188960617,47.78234662342985,3.0023046275725136,0.20128289988567538,5.181608014066451,12.111603683827632,297.23561751009106,0.17766309463958407,True,True,True,True,True,True,True,True
1050,21,10,5,200.1571375499189,0.9839702237329323,0.9926128168932994,1.0183764987639161,5.0503071840852085,0.10006154271146982,9.982869952030113,1.0349425713094922,48.61375062919362,3.0030916887896653,0.191759605991743,5.232570117201884,12.111603683827632,297.23561751009106,-0.17130047969887485,True,True,True,True,True,True,True,True
1051,22,1,1,199.9065755550035,0.9843454839510711,1.0004072352974969,1.0020554631155316,5.002961887095399,0.10029055543656776,9.987870400690408,1.05287324449955,51.84447315202614,2.996570948122984,0.19808118607565506,5.129945687058848,12.008386472603826,299.79048460949457,-0.1212959930959201,True,True,True,True,True,True,True,True
1052,22,1,2,199.9065755550035,0.9843454839510711,1.0004072352974969,1.0020554631155316,5.002961887095399,0.09987861003302569,10.016585910176158,0.9914777829781283,50.62881901343203,2.9949392062907014,0.20055956200672176,5.291851999539049,12.008386472603826,299.79048460949457,0.16585910176157626,True,True,True,True,True,True,True,True
1053,22,1,3,199.9065755550035,0.9843454839510711,1.0004072352974969,1.0020554631155316,5.002961887095399,0.09991349827820203,10.009596300361414,0.984303189245701,50.91703924445596,2.9986243245385404,0.19664743130711082,5.209828902311801,12.008386472603826,299.79048460949457,0.09596300361414123,True,True,True,True,True,True,True,True
1054,22,1,4,199.9065755550035,0.9843454839510711,1.0004072352974969,1.0020554631155316,5.002961887095399,0.10026733514379663,10.030132531381145,1.0039618132277903,52.34608023396214,2.997277488605676,0.19879481238387423,5.1769600876448925,12.008386472603826,299.79048460949457,0.30132531381145355,True,True,True,True,True,True,True,True
1055,22,1,5,199.9065755550035,0.9843454839510711,1.0004072352974969,1.0020554631155316,5.002961887095399,0.10028031090063726,10.053197401421212,1.0149561193124939,50.26546856415146,2.995089756340712,0.20137215422178095,5.395328755182791,12.008386472603826,299.79048460949457,0.5319740142121177,True,True,True,True,True,True,True,True
1056,22,2,1,199.9065755550035,0.9843454839510711,1.0004072352974969,1.0020554631155316,5.002961887095399,0.10030900912044073,9.963087828244852,1.0057667520964828,50.488748546984716,2.9986369359217107,0.1955519584634958,5.248625990328146,12.008386472603826,299.79048460949457,-0.3691217175514794,True,True,True,True,True,True,True,True
1057,22,2,2,199.9065755550035,0.9843454839510711,1.0004072352974969,1.0020554631155316,5.002961887095399,0.10021738657561179,10.004982124336419,1.0124058107897504,50.16404267524494,2.9978573859432207,0.19561884502429663,5.242697204463836,12.008386472603826,299.79048460949457,0.04982124336418536,True,True,True,True,True,True,True,True
1058,22,2,3,199.9065755550035,0.9843454839510711,1.0004072352974969,1.0020554631155316,5.002961887095399,0.10018282168771526,9.977912316427313,0.9899862512940624,49.95520992357008,2.9956704967766723,0.19849915113658795,4.963324739083815,12.008386472603826,299.79048460949457,-0.22087683572687308,True,True,True,True,True,True,True,True
1059,22,2,4,199.9065755550035,0.9843454839510711,1.0004072352974969,1.0020554631155316,5.002961887095399,0.10024393535035366,10.017047336503538,0.9782503002587959,51.00577772790101,2.9966429799951633,0.2030477067787667,5.404739663221997,12.008386472603826,299.79048460949457,0.17047336503537736,True,True,True,True,True,True,True,True
1060,22,2,5,199.9065755550035,0.9843454839510711,1.0004072352974969,1.0020554631155316,5.002961887095399,0.09985769947936543,9.96412838693523,0.9999352658545975,50.05747948993204,2.9935801517396055,0.20069815991122428,5.2057267281778,12.008386472603826,299.79048460949457,-0.35871613064770713,True,True,True,True,True,True,True,True
1061,22,3,1,199.9065755550035,0.9843454839510711,1.0004072352974969,1.0020554631155316,5.002961887095399,0.10010446088046529,9.990727965648954,0.9609114097706962,50.68096385472823,2.9991824289352036,0.1967572517691968,5.053996846824077,12.008386472603826,299.79048460949457,-0.09272034351045733,True,True,True,True,True,True,True,True
1062,22,3,2,199.9065755550035,0.9843454839510711,1.0004072352974969,1.0020554631155316,5.002961887095399,0.10000695142803642,9.992092078112915,0.969373507874346,49.94694260285514,2.9961971554399924,0.19214973741630662,5.027335617173331,12.008386472603826,299.79048460949457,-0.07907921887085223,True,True,True,True,True,True,True,True
1063,22,3,3,199.9065755550035,0.9843454839510711,1.0004072352974969,1.0020554631155316,5.002961887095399,0.10027504906421715,9.961203869670824,0.9911843153516676,50.466266433714175,2.997799758343032,0.19756162322015058,5.06264237888867,12.008386472603826,299.79048460949457,-0.3879613032917639,True,True,True,True,True,True,True,True
1064,22,3,4,199.9065755550035,0.9843454839510711,1.0004072352974969,1.0020554631155316,5.002961887095399,0.10032268196314223,9.994825789643594,1.013287244877723,49.68767072704339,2.997524741683708,0.20069444036434783,5.44093153137516,12.008386472603826,299.79048460949457,-0.05174210356406305,True,True,True,True,True,True,True,True
1065,22,3,5,199.9065755550035,0.9843454839510711,1.0004072352974969,1.0020554631155316,5.002961887095399,0.10035370271037884,9.990821499993022,0.935307950007149,49.596396889103175,2.997954253481459,0.19273350720910193,5.108054330442844,12.008386472603826,299.79048460949457,-0.09178500006978396,True,True,True,True,True,True,True,True
1066,22,4,1,199.9065755550035,0.9843454839510711,1.0004072352974969,1.0020554631155316,5.002961887095399,0.10013746489340582,10.016049814190964,0.9871725338206614,51.37418759599791,2.9977215292826096,0.20144206276069318,5.262667397252706,12.008386472603826,299.79048460949457,0.16049814190964184,True,True,True,True,True,True,True,True
1067,22,4,2,199.9065755550035,0.9843454839510711,1.0004072352974969,1.0020554631155316,5.002961887095399,0.10021421643262367,9.99612138472601,1.005280341208363,50.59225024789594,2.9992262443361937,0.19377025698458775,5.267373334081258,12.008386472603826,299.79048460949457,-0.03878615273990249,True,True,True,True,True,True,True,True
1068,22,4,3,199.9065755550035,0.9843454839510711,1.0004072352974969,1.0020554631155316,5.002961887095399,0.10040207563198159,10.090212153400847,1.046704708796636,49.36221181766748,2.993154092051194,0.20102704540415,5.173445104655489,12.008386472603826,299.79048460949457,0.9021215340084687,True,True,True,True,True,True,True,True
1069,22,4,4,199.9065755550035,0.9843454839510711,1.0004072352974969,1.0020554631155316,5.002961887095399,0.09956874744175245,9.974223199722147,1.01125935968266,51.97701284485245,2.9978276953876795,0.19311801490526365,5.305573209065466,12.008386472603826,299.79048460949457,-0.2577680027785334,True,True,True,True,True,True,True,True
1070,22,4,5,199.9065755550035,0.9843454839510711,1.0004072352974969,1.0020554631155316,5.002961887095399,0.1005900479121979,10.072026298356283,0.9957451416896594,51.35268796129662,2.9960808428423094,0.19641723456698004,5.310170282423225,12.008386472603826,299.79048460949457,0.7202629835628294,True,True,True,True,True,True,True,True
1071,22,5,1,199.9065755550035,0.9843454839510711,1.0004072352974969,1.0020554631155316,5.002961887095399,0.09960494204111382,9.973892885647617,1.0156026784071195,50.30977424328332,3.0005000585130737,0.20201417663004048,5.282067293307198,12.008386472603826,299.79048460949457,-0.2610711435238322,True,True,True,True,True,True,True,True
1072,22,5,2,199.9065755550035,0.9843454839510711,1.0004072352974969,1.0020554631155316,5.002961887095399,0.09994427133418785,9.986693374267563,0.9831213150133942,51.18666612813233,2.998980499620107,0.19631463995622148,5.064499435187644,12.008386472603826,299.79048460949457,-0.13306625732436572,True,True,True,True,True,True,True,True
1073,22,5,3,199.9065755550035,0.9843454839510711,1.0004072352974969,1.0020554631155316,5.002961887095399,0.10002505032427107,9.991962379878732,0.9733990437001282,51.020512826497935,2.995639773328635,0.1968245328211077,5.245070942934824,12.008386472603826,299.79048460949457,-0.08037620121267963,True,True,True,True,True,True,True,True
1074,22,5,4,199.9065755550035,0.9843454839510711,1.0004072352974969,1.0020554631155316,5.002961887095399,0.10010499698979176,10.020613894706175,0.9893081193392235,50.803081784583775,2.996396896320846,0.19446808775928204,5.213018125376001,12.008386472603826,299.79048460949457,0.20613894706174918,True,True,True,True,True,True,True,True
1075,22,5,5,199.9065755550035,0.9843454839510711,1.0004072352974969,1.0020554631155316,5.002961887095399,0.09967082118485074,9.95275877931911,1.0366726677917564,50.21160460353787,2.994534721535606,0.1990110841396612,5.2517500708262075,12.008386472603826,299.79048460949457,-0.4724122068089009,True,True,True,True,True,True,True,True
1076,22,6,1,199.9065755550035,0.9843454839510711,1.0004072352974969,1.0020554631155316,5.002961887095399,0.10027694482697697,10.026937700930405,1.0044323653681408,51.48685913800104,3.0007416337597275,0.1952571953971052,5.404877261182921,12.008386472603826,299.79048460949457,0.26937700930405484,True,True,True,True,True,True,True,True
1077,22,6,2,199.9065755550035,0.9843454839510711,1.0004072352974969,1.0020554631155316,5.002961887095399,0.09928976722487491,9.942981351066415,0.9938319378488684,51.2753701397995,2.9979582314203532,0.1965010342924406,5.275840823611969,12.008386472603826,299.79048460949457,-0.5701864893358533,True,True,True,True,True,True,True,True
1078,22,6,3,199.9065755550035,0.9843454839510711,1.0004072352974969,1.0020554631155316,5.002961887095399,0.10034039045059324,10.037577752415501,1.0118475780379472,50.724033986462665,2.997616341979823,0.19872512139927526,5.035909158223025,12.008386472603826,299.79048460949457,0.3757775241550121,True,True,True,True,True,True,True,True
1079,22,6,4,199.9065755550035,0.9843454839510711,1.0004072352974969,1.0020554631155316,5.002961887095399,0.09983436793077531,9.990643779112261,0.9936002520549243,50.69380399334045,2.9971838299240092,0.19734084490753356,5.051845128259344,12.008386472603826,299.79048460949457,-0.09356220887738687,True,True,True,True,True,True,True,True
1080,22,6,5,199.9065755550035,0.9843454839510711,1.0004072352974969,1.0020554631155316,5.002961887095399,0.09990432046743197,9.971330759561951,0.9994659016796164,49.36487728023533,2.994311267151651,0.2012718378235537,5.117736939226041,12.008386472603826,299.79048460949457,-0.2866924043804886,True,True,True,True,True,True,True,True
1081,22,7,1,199.9065755550035,0.9843454839510711,1.0004072352974969,1.0020554631155316,5.002961887095399,0.10036432360629478,10.031161305254608,0.9725327562681229,50.29905498142859,2.9954917396886835,0.20005666587067322,5.23222405817173,12.008386472603826,299.79048460949457,0.3116130525460825,True,True,True,True,True,True,True,True
1082,22,7,2,199.9065755550035,0.9843454839510711,1.0004072352974969,1.0020554631155316,5.002961887095399,0.10047901502600108,10.072780064389114,1.034077783474073,51.7421166771694,2.9951852304837,0.19766885002556198,5.14208861086599,12.008386472603826,299.79048460949457,0.7278006438911433,True,True,True,True,True,True,True,True
1083,22,7,3,199.9065755550035,0.9843454839510711,1.0004072352974969,1.0020554631155316,5.002961887095399,0.10046669810947095,10.041147226608032,0.9549495199161062,51.08643347332574,2.9975932212818623,0.1979297177297013,4.928477796858044,12.008386472603826,299.79048460949457,0.4114722660803238,True,True,True,True,True,True,True,True
1084,22,7,4,199.9065755550035,0.9843454839510711,1.0004072352974969,1.0020554631155316,5.002961887095399,0.1007261772866806,10.053970181343992,0.9908250321926266,51.00509597278233,2.9990045750261314,0.19503156980741143,5.553046896061377,12.008386472603826,299.79048460949457,0.539701813439919,True,True,True,True,True,True,True,True
1085,22,7,5,199.9065755550035,0.9843454839510711,1.0004072352974969,1.0020554631155316,5.002961887095399,0.10012169684625288,9.997619110431446,0.9639395575638774,50.11074990691628,3.000040308219529,0.19963663201618254,5.151200645059589,12.008386472603826,299.79048460949457,-0.02380889568554423,True,True,True,True,True,True,True,True
1086,22,8,1,199.9065755550035,0.9843454839510711,1.0004072352974969,1.0020554631155316,5.002961887095399,0.10061374250282802,10.043715390907218,1.0137708008250386,51.53984225115962,2.9994267499345275,0.19463582021758147,5.104519456954016,12.008386472603826,299.79048460949457,0.43715390907218316,True,True,True,True,True,True,True,True
1087,22,8,2,199.9065755550035,0.9843454839510711,1.0004072352974969,1.0020554631155316,5.002961887095399,0.09989272642009411,9.975838790629616,0.9657831220282802,50.94387907846851,2.9989091050479413,0.20548756776601795,5.099826564449158,12.008386472603826,299.79048460949457,-0.24161209370383574,True,True,True,True,True,True,True,True
1088,22,8,3,199.9065755550035,0.9843454839510711,1.0004072352974969,1.0020554631155316,5.002961887095399,0.10000462846843952,9.998568986185418,1.0422716865048638,50.39730690714107,2.996556427636352,0.19506426662522647,5.159011237113147,12.008386472603826,299.79048460949457,-0.014310138145816607,True,True,True,True,True,True,True,True
1089,22,8,4,199.9065755550035,0.9843454839510711,1.0004072352974969,1.0020554631155316,5.002961887095399,0.09994601892599532,9.98189398685343,0.9671789197679947,50.35257585965411,2.9972960838587253,0.20056828659713447,5.163063257398752,12.008386472603826,299.79048460949457,-0.18106013146569566,True,True,True,True,True,True,True,True
1090,22,8,5,199.9065755550035,0.9843454839510711,1.0004072352974969,1.0020554631155316,5.002961887095399,0.10021491404562287,10.030435066289984,1.034902261205567,51.16743097694899,2.9994510109920838,0.19640328421125453,5.354501739203428,12.008386472603826,299.79048460949457,0.30435066289983936,True,True,True,True,True,True,True,True
1091,22,9,1,199.9065755550035,0.9843454839510711,1.0004072352974969,1.0020554631155316,5.002961887095399,0.09976599108017538,9.982626000582847,0.9796639875633157,49.74136072015305,2.9951600041186413,0.19960666803068589,5.140275962518227,12.008386472603826,299.79048460949457,-0.17373999417152675,True,True,True,True,True,True,True,True
1092,22,9,2,199.9065755550035,0.9843454839510711,1.0004072352974969,1.0020554631155316,5.002961887095399,0.10051708418797023,10.098925557033317,0.9842601246684383,50.613143591038494,2.9919963672108056,0.19908657210529546,5.281894199834074,12.008386472603826,299.79048460949457,0.9892555703331674,True,True,True,True,True,True,True,True
1093,22,9,3,199.9065755550035,0.9843454839510711,1.0004072352974969,1.0020554631155316,5.002961887095399,0.10005445409788814,9.993761182805933,0.9795508112027115,50.434489636942864,2.9989370156029516,0.1976848261371728,5.111608182215248,12.008386472603826,299.79048460949457,-0.062388171940668265,True,True,True,True,True,True,True,True
1094,22,9,4,199.9065755550035,0.9843454839510711,1.0004072352974969,1.0020554631155316,5.002961887095399,0.10031010759888656,10.05563296358079,0.9760582200293499,50.712007311950984,2.996921194706627,0.2011725541955717,5.369950349111685,12.008386472603826,299.79048460949457,0.5563296358078951,True,True,True,True,True,True,True,True
1095,22,9,5,199.9065755550035,0.9843454839510711,1.0004072352974969,1.0020554631155316,5.002961887095399,0.09992955416029752,9.989875181896926,0.9957982031270852,52.34000797911519,2.9971175345886274,0.20182779005674317,4.989275166682698,12.008386472603826,299.79048460949457,-0.10124818103074418,True,True,True,True,True,True,True,True
1096,22,10,1,199.9065755550035,0.9843454839510711,1.0004072352974969,1.0020554631155316,5.002961887095399,0.10033917300500299,10.077717162599503,0.9732872647054083,50.51637077675545,2.99875741417922,0.1989323099768675,5.179140792770214,12.008386472603826,299.79048460949457,0.7771716259950345,True,True,True,True,True,True,True,True
1097,22,10,2,199.9065755550035,0.9843454839510711,1.0004072352974969,1.0020554631155316,5.002961887095399,0.10073127172005528,10.087797652279242,0.9991870949193878,52.02111996188381,2.9977804114631055,0.19895765212714725,4.975952675898832,12.008386472603826,299.79048460949457,0.877976522792423,True,True,True,True,True,True,True,True
1098,22,10,3,199.9065755550035,0.9843454839510711,1.0004072352974969,1.0020554631155316,5.002961887095399,0.09992211433137337,9.988026083574791,1.0093959985994585,50.92567783627615,2.9989357171302764,0.19600303495247826,5.1528049185262965,12.008386472603826,299.79048460949457,-0.1197391642520884,True,True,True,True,True,True,True,True
1099,22,10,4,199.9065755550035,0.9843454839510711,1.0004072352974969,1.0020554631155316,5.002961887095399,0.10006781076470504,10.018421775157082,1.0011130756901991,50.35781174221332,3.000026616053417,0.1978763473549032,5.307138204174328,12.008386472603826,299.79048460949457,0.18421775157081655,True,True,True,True,True,True,True,True
1100,22,10,5,199.9065755550035,0.9843454839510711,1.0004072352974969,1.0020554631155316,5.002961887095399,0.10008770986931394,9.98379946216227,1.0061711568741856,50.958472517383306,3.0005956263953286,0.19588194128939027,5.357383106704317,12.008386472603826,299.79048460949457,-0.16200537837729456,True,True,True,True,True,True,True,True
1101,23,1,1,200.0922651531589,1.0194934448854267,1.0010753342286092,0.999414379689894,5.021308836758628,0.10037693469986586,10.018646514393671,1.021104813276678,50.838446267032595,2.998036583639586,0.18848503427715443,4.936085855067522,12.043107387435759,298.9261728045189,0.18646514393671154,True,True,True,True,True,True,True,True
1102,23,1,2,200.0922651531589,1.0194934448854267,1.0010753342286092,0.999414379689894,5.021308836758628,0.09997815421955691,9.946410038010441,1.0645218528004823,50.91054227112939,3.001218090267798,0.19177464405901887,4.87207833271646,12.043107387435759,298.9261728045189,-0.5358996198955879,True,True,True,True,True,True,True,True
1103,23,1,3,200.0922651531589,1.0194934448854267,1.0010753342286092,0.999414379689894,5.021308836758628,0.10010841929426922,10.05640977933194,1.0391562173685476,50.378512509545395,3.003082761013444,0.1886762758337787,4.774448915847649,12.043107387435759,298.9261728045189,0.564097793319398,True,True,True,True,True,True,True,True
1104,23,1,4,200.0922651531589,1.0194934448854267,1.0010753342286092,0.999414379689894,5.021308836758628,0.10018301851371655,10.000539843855046,1.0522819540191342,51.09432906944862,3.000095171651448,0.19393337796224772,4.899880951835205,12.043107387435759,298.9261728045189,0.005398438550461293,True,True,True,True,True,True,True,True
1105,23,1,5,200.0922651531589,1.0194934448854267,1.0010753342286092,0.999414379689894,5.021308836758628,0.10010089509060115,9.971248373362771,1.020896381364439,50.91660083669095,3.007154254671976,0.19723403861641461,4.89581852731222,12.043107387435759,298.9261728045189,-0.28751626637228966,True,True,True,True,True,True,True,True
1106,23,2,1,200.0922651531589,1.0194934448854267,1.0010753342286092,0.999414379689894,5.021308836758628,0.1000877341958534,9.990067403503028,1.040843539888237,50.97011638842956,3.0045455367945677,0.1955987618301541,4.963315774511047,12.043107387435759,298.9261728045189,-0.0993259649697187,True,True,True,True,True,True,True,True
1107,23,2,2,200.0922651531589,1.0194934448854267,1.0010753342286092,0.999414379689894,5.021308836758628,0.10023993196221641,10.067707927412656,0.9876699392527197,50.580920546913724,3.00084179542886,0.19366299825515482,5.004355720195196,12.043107387435759,298.9261728045189,0.6770792741265552,True,True,True,True,True,True,True,True
1108,23,2,3,200.0922651531589,1.0194934448854267,1.0010753342286092,0.999414379689894,5.021308836758628,0.09993901654149571,9.998308332711265,1.0319590073427782,49.91304995707339,2.9990278041397005,0.19303973116428197,4.927244499751912,12.043107387435759,298.9261728045189,-0.016916672887354878,True,True,True,True,True,True,True,True
1109,23,2,4,200.0922651531589,1.0194934448854267,1.0010753342286092,0.999414379689894,5.021308836758628,0.10014872258075957,9.970059407625183,1.0405003523558236,50.606890697857764,3.000082076061071,0.18973906115737937,4.681916850960308,12.043107387435759,298.9261728045189,-0.299405923748175,True,True,True,True,True,True,True,True
1110,23,2,5,200.0922651531589,1.0194934448854267,1.0010753342286092,0.999414379689894,5.021308836758628,0.1000568671483893,9.991355961301226,0.9757754226745902,51.755970411265864,2.999700564661952,0.19423238921737532,4.9319234384768995,12.043107387435759,298.9261728045189,-0.08644038698774281,True,True,True,True,True,True,True,True
1111,23,3,1,200.0922651531589,1.0194934448854267,1.0010753342286092,0.999414379689894,5.021308836758628,0.10026053667376589,10.024916312432218,0.9880005339190014,51.0663127572144,3.003434911769371,0.19121970536942096,4.7639176742565725,12.043107387435759,298.9261728045189,0.24916312432218035,True,True,True,True,True,True,True,True
1112,23,3,2,200.0922651531589,1.0194934448854267,1.0010753342286092,0.999414379689894,5.021308836758628,0.10049823211853141,10.045812814079456,1.0107750197228047,51.44378976402249,3.002851522069056,0.19644279891028435,4.997675986292223,12.043107387435759,298.9261728045189,0.4581281407945603,True,True,True,True,True,True,True,True
1113,23,3,3,200.0922651531589,1.0194934448854267,1.0010753342286092,0.999414379689894,5.021308836758628,0.10055895694203869,10.090410581142168,1.0095428940414963,51.779157072117975,3.0013424897461785,0.1944319354445468,4.780489295348419,12.043107387435759,298.9261728045189,0.904105811421676,True,True,True,True,True,True,True,True
1114,23,3,4,200.0922651531589,1.0194934448854267,1.0010753342286092,0.999414379689894,5.021308836758628,0.09936970244584833,9.914334425955072,0.977658980349918,50.59404505532123,3.0017152281216846,0.19525705021748116,4.829846060885708,12.043107387435759,298.9261728045189,-0.856655740449277,True,True,True,True,True,True,True,True
1115,23,3,5,200.0922651531589,1.0194934448854267,1.0010753342286092,0.999414379689894,5.021308836758628,0.10034376963514567,10.01298910916122,1.036128468968752,52.10196319823577,2.9973540638020437,0.1930367936644253,5.073419680291176,12.043107387435759,298.9261728045189,0.12989109161219758,True,True,True,True,True,True,True,True
1116,23,4,1,200.0922651531589,1.0194934448854267,1.0010753342286092,0.999414379689894,5.021308836758628,0.1001903641505028,10.020530555682889,0.9999704592680699,50.48100973673181,3.001829060409811,0.19202034393965542,5.085631684379968,12.043107387435759,298.9261728045189,0.20530555682888976,True,True,True,True,True,True,True,True
1117,23,4,2,200.0922651531589,1.0194934448854267,1.0010753342286092,0.999414379689894,5.021308836758628,0.1002645984480073,10.005825806537395,1.08575949810188,51.02348192158201,3.0016899028728705,0.19383003224887918,4.8521819062039935,12.043107387435759,298.9261728045189,0.0582580653739484,True,True,True,True,True,True,True,True
1118,23,4,3,200.0922651531589,1.0194934448854267,1.0010753342286092,0.999414379689894,5.021308836758628,0.10020794457345875,10.030724226079927,0.9981566710904326,50.65834990288172,3.0016035895458026,0.19708159302568626,5.313506906750677,12.043107387435759,298.9261728045189,0.3072422607992742,True,True,True,True,True,True,True,True
1119,23,4,4,200.0922651531589,1.0194934448854267,1.0010753342286092,0.999414379689894,5.021308836758628,0.09991697491864518,9.968183493637778,1.0513703341130518,50.534048411006054,2.9997550974333915,0.1925540713318618,4.8915642059134115,12.043107387435759,298.9261728045189,-0.3181650636222244,True,True,True,True,True,True,True,True
1120,23,4,5,200.0922651531589,1.0194934448854267,1.0010753342286092,0.999414379689894,5.021308836758628,0.10043747750324215,10.071898086432425,1.0311351749976003,50.91184655503276,3.0019816296847,0.19778834706678153,5.102839507731062,12.043107387435759,298.9261728045189,0.7189808643242479,True,True,True,True,True,True,True,True
1121,23,5,1,200.0922651531589,1.0194934448854267,1.0010753342286092,0.999414379689894,5.021308836758628,0.09997361395962227,10.016807494523679,1.010648946745182,51.5353534293606,3.001877178716903,0.20050215349653575,5.056503130675974,12.043107387435759,298.9261728045189,0.16807494523678912,True,True,True,True,True,True,True,True
1122,23,5,2,200.0922651531589,1.0194934448854267,1.0010753342286092,0.999414379689894,5.021308836758628,0.10045906790120472,10.039962463232113,0.9811877682584326,50.87681975677404,2.999973258700125,0.19253335384061476,5.055406727111632,12.043107387435759,298.9261728045189,0.39962463232113166,True,True,True,True,True,True,True,True
1123,23,5,3,200.0922651531589,1.0194934448854267,1.0010753342286092,0.999414379689894,5.021308836758628,0.1002374738370483,9.97779799980266,1.0599028692513595,50.666540045893974,2.998982876867109,0.19854356965063172,4.843116797322531,12.043107387435759,298.9261728045189,-0.22202000197340865,True,True,True,True,True,True,True,True
1124,23,5,4,200.0922651531589,1.0194934448854267,1.0010753342286092,0.999414379689894,5.021308836758628,0.10007661869412925,10.003574191712348,0.9943047133134705,52.79055120217026,3.0004488104308313,0.19220371740438136,4.857590102084326,12.043107387435759,298.9261728045189,0.03574191712347741,True,True,True,True,True,True,True,True
1125,23,5,5,200.0922651531589,1.0194934448854267,1.0010753342286092,0.999414379689894,5.021308836758628,0.10017161820849867,10.070950357324453,1.002902099745454,50.23018641581329,3.0024698536978494,0.1908748508680018,5.163660895310782,12.043107387435759,298.9261728045189,0.7095035732445254,True,True,True,True,True,True,True,True
1126,23,6,1,200.0922651531589,1.0194934448854267,1.0010753342286092,0.999414379689894,5.021308836758628,0.09975668878659887,9.971474963157666,0.9961609043190351,52.61791607314836,3.0009359039531676,0.19272300427888034,4.884866601575909,12.043107387435759,298.9261728045189,-0.2852503684233376,True,True,True,True,True,True,True,True
1127,23,6,2,200.0922651531589,1.0194934448854267,1.0010753342286092,0.999414379689894,5.021308836758628,0.10051173441201375,10.045963611860552,1.0103711014565748,49.52870133434412,3.0041849689401605,0.19329393499908676,5.144773930016701,12.043107387435759,298.9261728045189,0.45963611860551973,True,True,True,True,True,True,True,True
1128,23,6,3,200.0922651531589,1.0194934448854267,1.0010753342286092,0.999414379689894,5.021308836758628,0.10020407100318206,10.050577450041649,1.039066088105886,50.09357559912764,3.00038715181891,0.1966729852940049,5.063864376559133,12.043107387435759,298.9261728045189,0.5057745004164893,True,True,True,True,True,True,True,True
1129,23,6,4,200.0922651531589,1.0194934448854267,1.0010753342286092,0.999414379689894,5.021308836758628,0.09999152878768115,10.039803801975461,1.0270495429328228,50.348548835515125,3.0017594328179715,0.18756697519848714,5.068471786187578,12.043107387435759,298.9261728045189,0.3980380197546119,True,True,True,True,True,True,True,True
1130,23,6,5,200.0922651531589,1.0194934448854267,1.0010753342286092,0.999414379689894,5.021308836758628,0.10000214562895128,10.038279818175397,1.0343190862196425,51.360936891581964,3.001244655945025,0.19223919056086944,5.062252136268348,12.043107387435759,298.9261728045189,0.3827981817539694,True,True,True,True,True,True,True,True
1131,23,7,1,200.0922651531589,1.0194934448854267,1.0010753342286092,0.999414379689894,5.021308836758628,0.10024516807840686,9.98629230903571,1.0466069307837529,51.26309815887573,3.0031174429009635,0.19238714800235596,5.117630145378575,12.043107387435759,298.9261728045189,-0.13707690964290364,True,True,True,True,True,True,True,True
1132,23,7,2,200.0922651531589,1.0194934448854267,1.0010753342286092,0.999414379689894,5.021308836758628,0.10023441100080716,10.036497208005295,1.0410060842788227,51.525861451967195,3.004400628212583,0.19007981026978063,4.9617276550704075,12.043107387435759,298.9261728045189,0.36497208005295434,True,True,True,True,True,True,True,True
1133,23,7,3,200.0922651531589,1.0194934448854267,1.0010753342286092,0.999414379689894,5.021308836758628,0.10013278371020912,10.038352696824235,1.0543567285166775,51.635251504907416,2.998992549753732,0.19297721773801615,5.01502478555702,12.043107387435759,298.9261728045189,0.38352696824235366,True,True,True,True,True,True,True,True
1134,23,7,4,200.0922651531589,1.0194934448854267,1.0010753342286092,0.999414379689894,5.021308836758628,0.10046416848624941,9.983778157571503,1.0216466797501125,50.46820137595624,3.001180393988289,0.1920898166734866,4.874934887168744,12.043107387435759,298.9261728045189,-0.16221842428496558,True,True,True,True,True,True,True,True
1135,23,7,5,200.0922651531589,1.0194934448854267,1.0010753342286092,0.999414379689894,5.021308836758628,0.10030079468086528,9.995154856755363,1.001482648730887,50.62501341956093,3.0022312168490406,0.19521332137830733,5.161345547723543,12.043107387435759,298.9261728045189,-0.04845143244637029,True,True,True,True,True,True,True,True
1136,23,8,1,200.0922651531589,1.0194934448854267,1.0010753342286092,0.999414379689894,5.021308836758628,0.10002822018472858,9.946133136484082,0.9603808784510219,50.702820754754,3.000996244715512,0.19411556300598007,5.223906076498895,12.043107387435759,298.9261728045189,-0.5386686351591763,True,True,True,True,True,True,True,True
1137,23,8,2,200.0922651531589,1.0194934448854267,1.0010753342286092,0.999414379689894,5.021308836758628,0.09979556028326181,9.914678220045554,1.0218767960436226,50.66245234912805,2.9985883033868745,0.195933925647877,5.040427781469129,12.043107387435759,298.9261728045189,-0.8532177995444635,True,True,True,True,True,True,True,True
1138,23,8,3,200.0922651531589,1.0194934448854267,1.0010753342286092,0.999414379689894,5.021308836758628,0.10007905601631323,10.012982107292496,1.0572862340343845,50.42613066555846,2.999470090755351,0.19188555863140092,4.792395248103479,12.043107387435759,298.9261728045189,0.12982107292495826,True,True,True,True,True,True,True,True
1139,23,8,4,200.0922651531589,1.0194934448854267,1.0010753342286092,0.999414379689894,5.021308836758628,0.10019568400987498,10.072740520817636,0.9976230899010889,51.79565408444714,2.9985486362943696,0.19551828734836546,5.0005258193450866,12.043107387435759,298.9261728045189,0.7274052081763571,True,True,True,True,True,True,True,True
1140,23,8,5,200.0922651531589,1.0194934448854267,1.0010753342286092,0.999414379689894,5.021308836758628,0.10005494733840238,9.993096655951552,0.9740196400644187,48.987513360039465,3.0000665629888736,0.19658386773402714,4.853669165216285,12.043107387435759,298.9261728045189,-0.06903344048447835,True,True,True,True,True,True,True,True
1141,23,9,1,200.0922651531589,1.0194934448854267,1.0010753342286092,0.999414379689894,5.021308836758628,0.09984164546489266,10.02199223629149,1.027754446501576,51.873628540435796,3.0024204003139126,0.19587599984228185,4.736173540011242,12.043107387435759,298.9261728045189,0.21992236291490386,True,True,True,True,True,True,True,True
1142,23,9,2,200.0922651531589,1.0194934448854267,1.0010753342286092,0.999414379689894,5.021308836758628,0.10002023591636833,9.970417225929626,1.0126383048191687,50.27366740135972,3.003546285904037,0.19168962806476328,5.018513980841627,12.043107387435759,298.9261728045189,-0.29582774070373574,True,True,True,True,True,True,True,True
1143,23,9,3,200.0922651531589,1.0194934448854267,1.0010753342286092,0.999414379689894,5.021308836758628,0.10025007406256754,10.045205964435821,1.0214269345597535,50.27725361821034,3.0001738913985196,0.19605145862013393,5.003916139273438,12.043107387435759,298.9261728045189,0.45205964435821144,True,True,True,True,True,True,True,True
1144,23,9,4,200.0922651531589,1.0194934448854267,1.0010753342286092,0.999414379689894,5.021308836758628,0.09974316007665969,9.974939537445326,1.0162226385181308,49.67369963909928,3.0025369324684568,0.1948626386776335,5.0216682895805835,12.043107387435759,298.9261728045189,-0.25060462554673535,True,True,True,True,True,True,True,True
1145,23,9,5,200.0922651531589,1.0194934448854267,1.0010753342286092,0.999414379689894,5.021308836758628,0.09947492425533158,9.997889442287061,1.0249092440496232,51.1502962783306,3.0032507323441875,0.19840965732798127,5.056202206795998,12.043107387435759,298.9261728045189,-0.021105577129389985,True,True,True,True,True,True,True,True
1146,23,10,1,200.0922651531589,1.0194934448854267,1.0010753342286092,0.999414379689894,5.021308836758628,0.10014237733011688,10.034978877843596,0.9877181307296824,52.38587590771945,3.0004919037583377,0.191112977374651,4.9856898545372115,12.043107387435759,298.9261728045189,0.3497887784359577,True,True,True,True,True,True,True,True
1147,23,10,2,200.0922651531589,1.0194934448854267,1.0010753342286092,0.999414379689894,5.021308836758628,0.10009571357295967,10.000852677814596,0.9927027637542261,51.77065162070297,3.003581761638612,0.19004151360799007,4.7622007451648205,12.043107387435759,298.9261728045189,0.00852677814595637,True,True,True,True,True,True,True,True
1148,23,10,3,200.0922651531589,1.0194934448854267,1.0010753342286092,0.999414379689894,5.021308836758628,0.09993028041846094,9.998486978781113,0.9797454365130497,50.82905740627455,3.00147176280372,0.197346806475358,4.896651842142598,12.043107387435759,298.9261728045189,-0.015130212188871894,True,True,True,True,True,True,True,True
1149,23,10,4,200.0922651531589,1.0194934448854267,1.0010753342286092,0.999414379689894,5.021308836758628,0.10029275157054963,10.042850327972886,0.9920053438528776,52.20760393500425,2.9993303938402045,0.19589689556351828,4.825244578051093,12.043107387435759,298.9261728045189,0.42850327972885793,True,True,True,True,True,True,True,True
1150,23,10,5,200.0922651531589,1.0194934448854267,1.0010753342286092,0.999414379689894,5.021308836758628,0.1003224543663901,10.013482697972313,1.0855947774305277,50.918979672195505,3.0042303891767417,0.1965331715770313,4.86565190264122,12.043107387435759,298.9261728045189,0.13482697972312607,True,True,True,True,True,True,True,True
1151,24,1,1,200.19885833210728,1.0110105332813373,1.0074166678660286,0.9880195498911658,5.002756899139429,0.10009233830905566,10.012051310790334,0.9820392401667202,49.80047426875614,3.000643319292367,0.21718400577976554,4.827469071193883,12.000950016036054,299.9762514792216,0.12051310790333503,True,True,True,True,True,True,True,True
1152,24,1,2,200.19885833210728,1.0110105332813373,1.0074166678660286,0.9880195498911658,5.002756899139429,0.10086555096640641,10.074875110749737,1.0354052653022934,50.14427404979342,2.9985773903368154,0.20981767490573844,4.662688335447409,12.000950016036054,299.9762514792216,0.7487511074973696,True,True,True,True,True,True,True,True
1153,24,1,3,200.19885833210728,1.0110105332813373,1.0074166678660286,0.9880195498911658,5.002756899139429,0.1002222942995617,9.952093559821844,0.9771885612654798,49.67056592953357,3.0005171827212025,0.20761890269106753,4.77015317506632,12.000950016036054,299.9762514792216,-0.47906440178156373,True,True,True,True,True,True,True,True
1154,24,1,4,200.19885833210728,1.0110105332813373,1.0074166678660286,0.9880195498911658,5.002756899139429,0.1004427804161552,10.010542152290986,1.0524315826297344,49.36463382284978,2.9978813662508563,0.20961957742289006,4.759421189658367,12.000950016036054,299.9762514792216,0.10542152290986095,True,True,True,True,True,True,True,True
1155,24,1,5,200.19885833210728,1.0110105332813373,1.0074166678660286,0.9880195498911658,5.002756899139429,0.10071461320110682,10.111703159251482,1.0423743693192455,49.71270684522378,2.9999150728047783,0.21437097684883216,4.575332804305717,12.000950016036054,299.9762514792216,1.1170315925148167,True,True,True,True,True,True,True,True
1156,24,2,1,200.19885833210728,1.0110105332813373,1.0074166678660286,0.9880195498911658,5.002756899139429,0.10071593467650856,10.08276683626873,1.0014032542574882,49.065735655855384,3.000712064045291,0.21574012991725533,4.906209816794877,12.000950016036054,299.9762514792216,0.8276683626873015,True,True,True,True,True,True,True,True
1157,24,2,2,200.19885833210728,1.0110105332813373,1.0074166678660286,0.9880195498911658,5.002756899139429,0.10086112059400201,10.118661914365825,0.9731091221472733,50.27124623762616,2.9966742820180086,0.2131970520816373,4.632532182684564,12.000950016036054,299.9762514792216,1.1866191436582518,True,True,True,True,True,True,True,True
1158,24,2,3,200.19885833210728,1.0110105332813373,1.0074166678660286,0.9880195498911658,5.002756899139429,0.10024658694282204,9.997061345363724,1.0379802370027478,49.14443717381031,2.998989769660097,0.21986392815434172,4.646712388151231,12.000950016036054,299.9762514792216,-0.02938654636276183,True,True,True,True,True,True,True,True
1159,24,2,4,200.19885833210728,1.0110105332813373,1.0074166678660286,0.9880195498911658,5.002756899139429,0.10044710740341031,10.031771493346808,0.9980892242923676,49.331507276818144,3.0013512558368802,0.21385539795824954,4.823697979857791,12.000950016036054,299.9762514792216,0.31771493346807844,True,True,True,True,True,True,True,True
1160,24,2,5,200.19885833210728,1.0110105332813373,1.0074166678660286,0.9880195498911658,5.002756899139429,0.1007161159846769,10.074694361013563,1.0307879258279788,50.38992985463426,2.999769863204247,0.20822386415320168,5.103766368270871,12.000950016036054,299.9762514792216,0.7469436101356308,True,True,True,True,True,True,True,True
1161,24,3,1,200.19885833210728,1.0110105332813373,1.0074166678660286,0.9880195498911658,5.002756899139429,0.10065323090733276,10.057154742042037,1.0033886104828822,48.68567754249853,3.0019829867652064,0.2145460126817651,4.62530761077204,12.000950016036054,299.9762514792216,0.571547420420373,True,True,True,True,True,True,True,True
1162,24,3,2,200.19885833210728,1.0110105332813373,1.0074166678660286,0.9880195498911658,5.002756899139429,0.10051301416658665,10.043193064918126,1.0160011841306713,48.789286186609125,2.9999159103088338,0.21512514976554037,4.779154870424326,12.000950016036054,299.9762514792216,0.4319306491812646,True,True,True,True,True,True,True,True
1163,24,3,3,200.19885833210728,1.0110105332813373,1.0074166678660286,0.9880195498911658,5.002756899139429,0.10042442621815643,10.06882050463062,1.0257133399117504,49.060465070558216,2.999353781201004,0.20972348591029522,4.642580077510646,12.000950016036054,299.9762514792216,0.688205046306205,True,True,True,True,True,True,True,True
1164,24,3,4,200.19885833210728,1.0110105332813373,1.0074166678660286,0.9880195498911658,5.002756899139429,0.10070897968167437,10.047772138535917,0.9989388285669267,50.620243936376035,2.997551560916921,0.20798617127163163,4.6738509298464725,12.000950016036054,299.9762514792216,0.4777213853591711,True,True,True,True,True,True,True,True
1165,24,3,5,200.19885833210728,1.0110105332813373,1.0074166678660286,0.9880195498911658,5.002756899139429,0.10030391734906323,10.029696088066649,1.0742920971521748,49.328685088718096,2.999594783990821,0.20634346318767113,4.822517138644974,12.000950016036054,299.9762514792216,0.29696088066648585,True,True,True,True,True,True,True,True
1166,24,4,1,200.19885833210728,1.0110105332813373,1.0074166678660286,0.9880195498911658,5.002756899139429,0.10072151719838565,10.094019800802826,1.0171048972002443,48.65755531288613,3.0034279828476445,0.20861359157208992,4.527324855121945,12.000950016036054,299.9762514792216,0.9401980080282613,True,True,True,True,True,True,True,True
1167,24,4,2,200.19885833210728,1.0110105332813373,1.0074166678660286,0.9880195498911658,5.002756899139429,0.10057240317234946,10.096349518453632,0.9548766826480104,49.942685823314456,3.0002661226166674,0.21201703639008643,4.730557629438896,12.000950016036054,299.9762514792216,0.9634951845363204,True,True,True,True,True,True,True,True
1168,24,4,3,200.19885833210728,1.0110105332813373,1.0074166678660286,0.9880195498911658,5.002756899139429,0.10069282981119719,10.130264434756462,1.0190976581296223,50.084205515792846,3.0000988921706386,0.21147328394059298,4.6861616299845865,12.000950016036054,299.9762514792216,1.3026443475646232,True,True,True,True,True,True,True,True
1169,24,4,4,200.19885833210728,1.0110105332813373,1.0074166678660286,0.9880195498911658,5.002756899139429,0.10037588549066971,10.080014298809647,1.0175339733940387,50.262568603215094,2.997463909071737,0.21104454166020695,4.670624251750377,12.000950016036054,299.9762514792216,0.800142988096475,True,True,True,True,True,True,True,True
1170,24,4,5,200.19885833210728,1.0110105332813373,1.0074166678660286,0.9880195498911658,5.002756899139429,0.10063413923445592,10.084316579452434,0.9999117887212163,49.966056318890814,2.999196927488286,0.21075506263240695,4.926004983364724,12.000950016036054,299.9762514792216,0.8431657945243387,True,True,True,True,True,True,True,True
1171,24,5,1,200.19885833210728,1.0110105332813373,1.0074166678660286,0.9880195498911658,5.002756899139429,0.10020638637141872,10.003499094056577,0.9912157296380381,47.63227126463916,2.9995438503752743,0.2076011858884664,4.809200288103556,12.000950016036054,299.9762514792216,0.03499094056577334,True,True,True,True,True,True,True,True
1172,24,5,2,200.19885833210728,1.0110105332813373,1.0074166678660286,0.9880195498911658,5.002756899139429,0.10032299787126615,10.026516918087307,1.0089941849545625,49.49987797447419,2.9999730211954154,0.2090051979829565,4.850775610891952,12.000950016036054,299.9762514792216,0.26516918087306607,True,True,True,True,True,True,True,True
1173,24,5,3,200.19885833210728,1.0110105332813373,1.0074166678660286,0.9880195498911658,5.002756899139429,0.10100990343011054,10.106398457370677,0.9999819587708781,50.63887643630219,3.000574109615808,0.21418384036618401,4.610405455266806,12.000950016036054,299.9762514792216,1.0639845737067688,True,True,True,True,True,True,True,True
1174,24,5,4,200.19885833210728,1.0110105332813373,1.0074166678660286,0.9880195498911658,5.002756899139429,0.10094221062236534,10.128501645406963,1.010948591726023,50.821819162518175,2.9989317189842652,0.21256875511788031,4.918215723822706,12.000950016036054,299.9762514792216,1.285016454069634,True,True,True,True,True,True,True,True
1175,24,5,5,200.19885833210728,1.0110105332813373,1.0074166678660286,0.9880195498911658,5.002756899139429,0.10072756933713574,10.093796129261866,1.0156599348161635,50.52679836221791,2.9986721364452307,0.2115794363478131,4.540835059947549,12.000950016036054,299.9762514792216,0.9379612926186631,True,True,True,True,True,True,True,True
1176,24,6,1,200.19885833210728,1.0110105332813373,1.0074166678660286,0.9880195498911658,5.002756899139429,0.10086329474893913,10.054712133151002,1.0562897510457079,48.70245366891347,2.9991730857205754,0.21278012695565426,4.869197471715676,12.000950016036054,299.9762514792216,0.5471213315100165,True,True,True,True,True,True,True,True
1177,24,6,2,200.19885833210728,1.0110105332813373,1.0074166678660286,0.9880195498911658,5.002756899139429,0.10080554347070655,10.035044753489707,1.0406884923430832,49.521309637988395,3.002253243681116,0.20804956844456732,4.851536981417398,12.000950016036054,299.9762514792216,0.3504475348970715,True,True,True,True,True,True,True,True
1178,24,6,3,200.19885833210728,1.0110105332813373,1.0074166678660286,0.9880195498911658,5.002756899139429,0.10078589895680642,10.082818560090718,1.0820404323599273,48.47374378593152,2.999623824967647,0.21215289643818308,4.641062598376976,12.000950016036054,299.9762514792216,0.8281856009071831,True,True,True,True,True,True,True,True
1179,24,6,4,200.19885833210728,1.0110105332813373,1.0074166678660286,0.9880195498911658,5.002756899139429,0.10077784530207042,10.098770560151902,1.0615962746709078,48.75888125555062,3.001929401784616,0.20515093289220124,4.788527882017322,12.000950016036054,299.9762514792216,0.9877056015190178,True,True,True,True,True,True,True,True
1180,24,6,5,200.19885833210728,1.0110105332813373,1.0074166678660286,0.9880195498911658,5.002756899139429,0.10068839589483893,10.03532086077602,1.0379214608142524,48.712379850529906,2.997120423769559,0.21048137880336446,4.809053402989839,12.000950016036054,299.9762514792216,0.35320860776019813,True,True,True,True,True,True,True,True
1181,24,7,1,200.19885833210728,1.0110105332813373,1.0074166678660286,0.9880195498911658,5.002756899139429,0.10080548332949951,10.09281028663492,1.0204632337806894,49.686576478595654,3.0043110902617385,0.21457086557097502,4.648064559051005,12.000950016036054,299.9762514792216,0.928102866349203,True,True,True,True,True,True,True,True
1182,24,7,2,200.19885833210728,1.0110105332813373,1.0074166678660286,0.9880195498911658,5.002756899139429,0.10094060756799143,10.102713876821857,1.012981960291169,50.399768933187744,2.9997173885070723,0.20773543712641138,4.8687020915381325,12.000950016036054,299.9762514792216,1.027138768218574,True,True,True,True,True,True,True,True
1183,24,7,3,200.19885833210728,1.0110105332813373,1.0074166678660286,0.9880195498911658,5.002756899139429,0.10100511382442623,10.116440970104094,0.9933623808431725,49.927399664085684,2.9988290362640466,0.21130231196978683,4.721325613505278,12.000950016036054,299.9762514792216,1.1644097010409382,True,True,True,True,True,True,True,True
1184,24,7,4,200.19885833210728,1.0110105332813373,1.0074166678660286,0.9880195498911658,5.002756899139429,0.1007912350560468,10.100443334174983,1.0169804609830453,49.09929116217478,3.00147047008927,0.21548952368941485,4.730613649908182,12.000950016036054,299.9762514792216,1.0044333417498308,True,True,True,True,True,True,True,True
1185,24,7,5,200.19885833210728,1.0110105332813373,1.0074166678660286,0.9880195498911658,5.002756899139429,0.10054265587247123,10.03527576772956,1.0510606986624265,47.946486850813464,3.000622712326603,0.21016838887279016,4.729477633761645,12.000950016036054,299.9762514792216,0.35275767729560314,True,True,True,True,True,True,True,True
1186,24,8,1,200.19885833210728,1.0110105332813373,1.0074166678660286,0.9880195498911658,5.002756899139429,0.10060391060415559,10.026622417709383,1.0068339312066386,50.37454278432313,3.0001334675767626,0.209152342318078,4.493346752269946,12.000950016036054,299.9762514792216,0.2662241770938323,True,True,True,True,True,True,True,True
1187,24,8,2,200.19885833210728,1.0110105332813373,1.0074166678660286,0.9880195498911658,5.002756899139429,0.10120430752831792,10.135953227188907,1.010043046298714,49.58045049467645,3.002765974507704,0.20789810623343483,4.675157035911857,12.000950016036054,299.9762514792216,1.3595322718890657,True,True,True,True,True,True,True,True
1188,24,8,3,200.19885833210728,1.0110105332813373,1.0074166678660286,0.9880195498911658,5.002756899139429,0.10079661054198712,10.074969864508336,1.0070147699928191,49.40265038502054,3.00104395999077,0.20841992605349682,4.70462770873308,12.000950016036054,299.9762514792216,0.7496986450833631,True,True,True,True,True,True,True,True
1189,24,8,4,200.19885833210728,1.0110105332813373,1.0074166678660286,0.9880195498911658,5.002756899139429,0.10077346045233641,10.092418513237464,0.9885505711079886,50.40092285459718,3.002065850849973,0.2115523826588019,4.711549569462947,12.000950016036054,299.9762514792216,0.9241851323746353,True,True,True,True,True,True,True,True
1190,24,8,5,200.19885833210728,1.0110105332813373,1.0074166678660286,0.9880195498911658,5.002756899139429,0.10033014132332313,9.98955939145657,1.055240629731028,48.84095787439258,2.998703729417009,0.2089054125547194,4.388821852543203,12.000950016036054,299.9762514792216,-0.10440608543429875,True,True,True,True,True,True,True,True
1191,24,9,1,200.19885833210728,1.0110105332813373,1.0074166678660286,0.9880195498911658,5.002756899139429,0.10045969333624769,10.047911755122218,1.0151330729032864,48.46960824234545,3.0005110484676147,0.20952522290506223,4.709211511911523,12.000950016036054,299.9762514792216,0.47911755122218125,True,True,True,True,True,True,True,True
1192,24,9,2,200.19885833210728,1.0110105332813373,1.0074166678660286,0.9880195498911658,5.002756899139429,0.10043283774884512,10.048835658152612,1.0575186324634738,49.37039414336391,2.9994293662115163,0.21233283112048415,4.8190180988033005,12.000950016036054,299.9762514792216,0.4883565815261193,True,True,True,True,True,True,True,True
1193,24,9,3,200.19885833210728,1.0110105332813373,1.0074166678660286,0.9880195498911658,5.002756899139429,0.10050436472125478,10.028359061201439,1.030630419315873,49.678390337828134,2.9965871915643016,0.21380516034469668,4.778714404882608,12.000950016036054,299.9762514792216,0.28359061201438607,True,True,True,True,True,True,True,True
1194,24,9,4,200.19885833210728,1.0110105332813373,1.0074166678660286,0.9880195498911658,5.002756899139429,0.10045673580846011,10.06029471340232,1.0603643258989184,49.62296358849034,3.000240546956903,0.2168853959909224,4.777212364276335,12.000950016036054,299.9762514792216,0.6029471340231929,True,True,True,True,True,True,True,True
1195,24,9,5,200.19885833210728,1.0110105332813373,1.0074166678660286,0.9880195498911658,5.002756899139429,0.1000729346484708,9.982927521011696,1.0289364643343437,49.42398828803317,2.9996396642133614,0.20800201233821855,4.704145634996106,12.000950016036054,299.9762514792216,-0.17072478988303885,True,True,True,True,True,True,True,True
1196,24,10,1,200.19885833210728,1.0110105332813373,1.0074166678660286,0.9880195498911658,5.002756899139429,0.1006173380328023,10.062451425278612,1.0231227290030014,49.38007922706013,3.000069570356489,0.21459956868224972,4.704990037427784,12.000950016036054,299.9762514792216,0.6245142527861169,True,True,True,True,True,True,True,True
1197,24,10,2,200.19885833210728,1.0110105332813373,1.0074166678660286,0.9880195498911658,5.002756899139429,0.10033978523089782,10.023160544869262,0.9749705322960882,49.20689295273818,3.0028091590781423,0.21441620327811148,4.906277645637087,12.000950016036054,299.9762514792216,0.23160544869261557,True,True,True,True,True,True,True,True
1198,24,10,3,200.19885833210728,1.0110105332813373,1.0074166678660286,0.9880195498911658,5.002756899139429,0.10090010803649963,10.084153658909102,1.0168698288531597,50.62728353475844,2.9995499233315406,0.2110708796372555,4.786190886972494,12.000950016036054,299.9762514792216,0.8415365890910209,True,True,True,True,True,True,True,True
1199,24,10,4,200.19885833210728,1.0110105332813373,1.0074166678660286,0.9880195498911658,5.002756899139429,0.1003810528158941,10.01454009027915,1.0116744450230715,48.86246098473046,2.997720471839101,0.21557939607163612,4.670256941658124,12.000950016036054,299.9762514792216,0.1454009027914971,True,True,True,True,True,True,True,True
1200,24,10,5,200.19885833210728,1.0110105332813373,1.0074166678660286,0.9880195498911658,5.002756899139429,0.10086738170289687,10.068765727518807,1.054581232455025,49.65216356985154,3.0001235819681344,0.21186829148613756,4.654878269676378,12.000950016036054,299.9762514792216,0.6876572751880694,True,True,True,True,True,True,True,True
1201,25,1,1,200.31411550782525,1.0096860836589066,1.0022607567782083,1.0042631957592918,5.030586750577244,0.10014983828305474,10.02235648842579,1.0085507591923664,49.76391257855504,2.9972418835778676,0.20649410995760445,4.972917456763736,12.067697453691988,298.31705789894636,0.22356488425790744,True,True,True,True,True,True,True,True
1202,25,1,2,200.31411550782525,1.0096860836589066,1.0022607567782083,1.0042631957592918,5.030586750577244,0.09980750618928581,9.996876485960358,0.9955370411479251,49.708364988435086,2.9969247749287717,0.19739759046986965,5.069261547928592,12.067697453691988,298.31705789894636,-0.031235140396415065,True,True,True,True,True,True,True,True
1203,25,1,3,200.31411550782525,1.0096860836589066,1.0022607567782083,1.0042631957592918,5.030586750577244,0.10012504074743553,10.002351586275626,1.0298281889732088,49.46297753653229,2.9958138463143347,0.20184606951985193,4.822891538464527,12.067697453691988,298.31705789894636,0.023515862756262607,True,True,True,True,True,True,True,True
1204,25,1,4,200.31411550782525,1.0096860836589066,1.0022607567782083,1.0042631957592918,5.030586750577244,0.09969644081920269,9.96777510259979,1.0003815202485498,50.0452834364019,2.995910102042557,0.20362582027453632,5.143368472123396,12.067697453691988,298.31705789894636,-0.32224897400210395,True,True,True,True,True,True,True,True
1205,25,1,5,200.31411550782525,1.0096860836589066,1.0022607567782083,1.0042631957592918,5.030586750577244,0.1001491292281393,10.017542642840247,1.0305330910751245,50.035178095291734,2.9936938459793208,0.19968377085714195,5.12076086662586,12.067697453691988,298.31705789894636,0.17542642840247424,True,True,True,True,True,True,True,True
1206,25,2,1,200.31411550782525,1.0096860836589066,1.0022607567782083,1.0042631957592918,5.030586750577244,0.10025673258299034,10.00812164519891,1.0211755671531462,51.56523976702905,2.9955989169706863,0.20124718204502226,5.231380112809891,12.067697453691988,298.31705789894636,0.08121645198910343,True,True,True,True,True,True,True,True
1207,25,2,2,200.31411550782525,1.0096860836589066,1.0022607567782083,1.0042631957592918,5.030586750577244,0.10030184212625974,10.044986491373352,0.9909665841617057,52.1082358149855,2.9947201681466415,0.2023243947824587,5.050792659020644,12.067697453691988,298.31705789894636,0.4498649137335243,True,True,True,True,True,True,True,True
1208,25,2,3,200.31411550782525,1.0096860836589066,1.0022607567782083,1.0042631957592918,5.030586750577244,0.10029397119412173,10.012400095054023,1.0615346130820733,52.8134610589307,2.9965137937273583,0.2028929781278565,5.392651271140289,12.067697453691988,298.31705789894636,0.1240009505402284,True,True,True,True,True,True,True,True
1209,25,2,4,200.31411550782525,1.0096860836589066,1.0022607567782083,1.0042631957592918,5.030586750577244,0.09997895671267353,9.98859001019789,0.9912071367175485,51.61593948358783,2.9954073319002,0.2045438506108402,4.98830880600257,12.067697453691988,298.31705789894636,-0.11409989802109166,True,True,True,True,True,True,True,True
1210,25,2,5,200.31411550782525,1.0096860836589066,1.0022607567782083,1.0042631957592918,5.030586750577244,0.09986364564508268,9.938835398714817,0.9937349486806315,51.55244377389761,2.9940584925129143,0.20486910907044115,5.163465676506663,12.067697453691988,298.31705789894636,-0.611646012851832,True,True,True,True,True,True,True,True
1211,25,3,1,200.31411550782525,1.0096860836589066,1.0022607567782083,1.0042631957592918,5.030586750577244,0.09976951191268615,9.970948305465964,1.024641330040995,50.63926145098023,2.996089503508116,0.20318922866126443,5.1572458743026335,12.067697453691988,298.31705789894636,-0.29051694534036443,True,True,True,True,True,True,True,True
1212,25,3,2,200.31411550782525,1.0096860836589066,1.0022607567782083,1.0042631957592918,5.030586750577244,0.1002457531520491,10.030593485256519,0.9665060619864408,51.581224369428185,2.9947661677618655,0.20055222517055254,5.281565564965612,12.067697453691988,298.31705789894636,0.3059348525651906,True,True,True,True,True,True,True,True
1213,25,3,3,200.31411550782525,1.0096860836589066,1.0022607567782083,1.0042631957592918,5.030586750577244,0.09998447009205948,9.98855897492338,1.0117459277142204,50.434003558695004,2.996918943044959,0.2005743297381881,5.061012703315427,12.067697453691988,298.31705789894636,-0.11441025076619482,True,True,True,True,True,True,True,True
1214,25,3,4,200.31411550782525,1.0096860836589066,1.0022607567782083,1.0042631957592918,5.030586750577244,0.10027102814327586,10.04337304878405,0.9969820357675871,51.39519863339096,2.994585469320656,0.2032090900243385,5.2490569591447835,12.067697453691988,298.31705789894636,0.4337304878404957,True,True,True,True,True,True,True,True
1215,25,3,5,200.31411550782525,1.0096860836589066,1.0022607567782083,1.0042631957592918,5.030586750577244,0.10035723203251877,10.049512483752629,1.0260481060695674,51.401507871657586,2.996538314010207,0.20153539908422627,5.128502470301393,12.067697453691988,298.31705789894636,0.49512483752629066,True,True,True,True,True,True,True,True
1216,25,4,1,200.31411550782525,1.0096860836589066,1.0022607567782083,1.0042631957592918,5.030586750577244,0.09979297675819446,10.014186370740283,1.0225640186322855,51.971453056386636,2.9967776716005914,0.19778987573665013,5.145292182448396,12.067697453691988,298.31705789894636,0.14186370740283394,True,True,True,True,True,True,True,True
1217,25,4,2,200.31411550782525,1.0096860836589066,1.0022607567782083,1.0042631957592918,5.030586750577244,0.10021179360370207,10.016783319806631,1.0135076567794916,50.38642562630055,2.995990671986379,0.19615869444140074,5.302708813674035,12.067697453691988,298.31705789894636,0.1678331980663117,True,True,True,True,True,True,True,True
1218,25,4,3,200.31411550782525,1.0096860836589066,1.0022607567782083,1.0042631957592918,5.030586750577244,0.1002122735235742,10.031507216307814,1.0135888455870463,51.48685373470701,2.9980518136429626,0.20188504409334868,5.031188897241463,12.067697453691988,298.31705789894636,0.31507216307813835,True,True,True,True,True,True,True,True
1219,25,4,4,200.31411550782525,1.0096860836589066,1.0022607567782083,1.0042631957592918,5.030586750577244,0.10050527182891165,10.079037335787627,1.0106781263388118,51.2900810582562,2.993934645709649,0.20885816425270923,5.074189956857713,12.067697453691988,298.31705789894636,0.7903733578762663,True,True,True,True,True,True,True,True
1220,25,4,5,200.31411550782525,1.0096860836589066,1.0022607567782083,1.0042631957592918,5.030586750577244,0.10003817925098606,10.000181972224178,0.9963636516012492,50.73930126253163,2.9956131160040047,0.1986235061456145,5.273180364306144,12.067697453691988,298.31705789894636,0.001819722241780397,True,True,True,True,True,True,True,True
1221,25,5,1,200.31411550782525,1.0096860836589066,1.0022607567782083,1.0042631957592918,5.030586750577244,0.10031909659392393,10.038756914362336,1.0129529060696942,51.02125593126415,2.9972585947985753,0.20185984418096892,5.296819142021208,12.067697453691988,298.31705789894636,0.38756914362336303,True,True,True,True,True,True,True,True
1222,25,5,2,200.31411550782525,1.0096860836589066,1.0022607567782083,1.0042631957592918,5.030586750577244,0.09985605759314854,10.016154682665933,0.9668259746826896,53.225903388701084,2.9962361179395898,0.20227061313288963,4.9679494451599,12.067697453691988,298.31705789894636,0.16154682665932896,True,True,True,True,True,True,True,True
1223,25,5,3,200.31411550782525,1.0096860836589066,1.0022607567782083,1.0042631957592918,5.030586750577244,0.10031919391408044,10.026017448064028,0.9724074384267756,51.29318176062893,2.993368819403068,0.19979173093180794,5.15790067094107,12.067697453691988,298.31705789894636,0.2601744806402806,True,True,True,True,True,True,True,True
1224,25,5,4,200.31411550782525,1.0096860836589066,1.0022607567782083,1.0042631957592918,5.030586750577244,0.10002624995206937,10.000253746919231,0.9834219089515219,51.17121446114894,2.9957557535478325,0.20259819792775047,4.933224998320181,12.067697453691988,298.31705789894636,0.002537469192311903,True,True,True,True,True,True,True,True
1225,25,5,5,200.31411550782525,1.0096860836589066,1.0022607567782083,1.0042631957592918,5.030586750577244,0.10012031497838823,10.004721670431408,0.9577709985467763,51.42033302160553,2.995812957897788,0.2015740020006389,5.174014936736222,12.067697453691988,298.31705789894636,0.047216704314081426,True,True,True,True,True,True,True,True
1226,25,6,1,200.31411550782525,1.0096860836589066,1.0022607567782083,1.0042631957592918,5.030586750577244,0.09998695418727188,9.991949316500744,1.0250634375645102,51.05802280055512,2.9972802849799716,0.20309408900179557,5.286510148021595,12.067697453691988,298.31705789894636,-0.08050683499256195,True,True,True,True,True,True,True,True
1227,25,6,2,200.31411550782525,1.0096860836589066,1.0022607567782083,1.0042631957592918,5.030586750577244,0.10047331456312626,10.023062908080378,1.0295387184244824,50.95789114459532,2.994381724940981,0.20470006459398996,5.264729712071859,12.067697453691988,298.31705789894636,0.2306290808037836,True,True,True,True,True,True,True,True
1228,25,6,3,200.31411550782525,1.0096860836589066,1.0022607567782083,1.0042631957592918,5.030586750577244,0.0996942666630441,9.945027364432361,0.9809901003296944,50.93675938421409,2.9961522191784917,0.20195489270057784,5.264432207985837,12.067697453691988,298.31705789894636,-0.5497263556763876,True,True,True,True,True,True,True,True
1229,25,6,4,200.31411550782525,1.0096860836589066,1.0022607567782083,1.0042631957592918,5.030586750577244,0.10002168708091053,9.987848993140236,0.9887118058231984,51.81287312401679,2.9939719031674557,0.2030881527761184,5.178572709647601,12.067697453691988,298.31705789894636,-0.12151006859763669,True,True,True,True,True,True,True,True
1230,25,6,5,200.31411550782525,1.0096860836589066,1.0022607567782083,1.0042631957592918,5.030586750577244,0.09994047906825719,9.966450176423708,0.9873336255438139,50.517772541851016,2.9970693476852244,0.20372047687511718,5.281926361195023,12.067697453691988,298.31705789894636,-0.33549823576292326,True,True,True,True,True,True,True,True
1231,25,7,1,200.31411550782525,1.0096860836589066,1.0022607567782083,1.0042631957592918,5.030586750577244,0.10015584953276988,9.99005775802983,1.0136724107719983,51.602711390701046,2.994774481506476,0.19924046721000147,5.190613309273778,12.067697453691988,298.31705789894636,-0.09942241970170684,True,True,True,True,True,True,True,True
1232,25,7,2,200.31411550782525,1.0096860836589066,1.0022607567782083,1.0042631957592918,5.030586750577244,0.10022402415848032,10.006822643009325,0.9864403818795583,50.090525913808754,2.998812550951337,0.1994331798508946,4.8920666171333185,12.067697453691988,298.31705789894636,0.06822643009325446,True,True,True,True,True,True,True,True
1233,25,7,3,200.31411550782525,1.0096860836589066,1.0022607567782083,1.0042631957592918,5.030586750577244,0.10015649293247202,9.96329547065717,0.9754953442957293,49.517969352620796,2.9998409024549946,0.19904853582358908,5.010470672110893,12.067697453691988,298.31705789894636,-0.3670452934282942,True,True,True,True,True,True,True,True
1234,25,7,4,200.31411550782525,1.0096860836589066,1.0022607567782083,1.0042631957592918,5.030586750577244,0.10008396067056648,10.016293803403197,0.9846500601223275,50.4071661425139,2.9942178181426606,0.203758176314435,5.128597647959256,12.067697453691988,298.31705789894636,0.16293803403197415,True,True,True,True,True,True,True,True
1235,25,7,5,200.31411550782525,1.0096860836589066,1.0022607567782083,1.0042631957592918,5.030586750577244,0.09977818918773643,9.988123614182982,1.040631373737853,50.452887508307676,2.9970377350341577,0.20663993562142075,5.276003175377164,12.067697453691988,298.31705789894636,-0.11876385817018331,True,True,True,True,True,True,True,True
1236,25,8,1,200.31411550782525,1.0096860836589066,1.0022607567782083,1.0042631957592918,5.030586750577244,0.10054280364393688,10.07152897596355,1.0179880846643774,51.8360195605633,2.9958555747359275,0.20454819724565299,5.205106067348748,12.067697453691988,298.31705789894636,0.7152897596355068,True,True,True,True,True,True,True,True
1237,25,8,2,200.31411550782525,1.0096860836589066,1.0022607567782083,1.0042631957592918,5.030586750577244,0.10011849784724867,9.993219385299648,0.965448619318667,50.7691900110863,2.9960170458397095,0.20025932711459735,5.108915773352979,12.067697453691988,298.31705789894636,-0.06780614700351961,True,True,True,True,True,True,True,True
1238,25,8,3,200.31411550782525,1.0096860836589066,1.0022607567782083,1.0042631957592918,5.030586750577244,0.1003190490005047,10.023574341065437,1.0085351276914196,49.926585848993085,2.9984636308554586,0.20026438744554992,5.000764247438385,12.067697453691988,298.31705789894636,0.23574341065437213,True,True,True,True,True,True,True,True
1239,25,8,4,200.31411550782525,1.0096860836589066,1.0022607567782083,1.0042631957592918,5.030586750577244,0.10005197851490469,10.016820060833938,1.0219368989907618,52.990555334720376,2.996639436328569,0.20400788071157913,5.036427949071253,12.067697453691988,298.31705789894636,0.16820060833937944,True,True,True,True,True,True,True,True
1240,25,8,5,200.31411550782525,1.0096860836589066,1.0022607567782083,1.0042631957592918,5.030586750577244,0.1008015058019224,10.085761953096359,1.0303071870099498,51.03668749699697,2.993289132752063,0.19942798243951054,5.131762292086469,12.067697453691988,298.31705789894636,0.8576195309635891,True,True,True,True,True,True,True,True
1241,25,9,1,200.31411550782525,1.0096860836589066,1.0022607567782083,1.0042631957592918,5.030586750577244,0.09985071155933563,10.018119548577111,1.015897758303522,52.1821983022927,2.9971527149830433,0.2088901024121164,5.185303601892766,12.067697453691988,298.31705789894636,0.18119548577111289,True,True,True,True,True,True,True,True
1242,25,9,2,200.31411550782525,1.0096860836589066,1.0022607567782083,1.0042631957592918,5.030586750577244,0.09975624888217945,9.955913080292339,1.0225440028680828,49.860558200412555,2.9960724407040655,0.2038521827281868,5.008266230292826,12.067697453691988,298.31705789894636,-0.44086919707661215,True,True,True,True,True,True,True,True
1243,25,9,3,200.31411550782525,1.0096860836589066,1.0022607567782083,1.0042631957592918,5.030586750577244,0.10057387651025193,10.03631413840873,1.0461494731214995,50.530732223873116,2.9989100362803147,0.2012274321007761,5.375127067384358,12.067697453691988,298.31705789894636,0.36314138408730656,True,True,True,True,True,True,True,True
1244,25,9,4,200.31411550782525,1.0096860836589066,1.0022607567782083,1.0042631957592918,5.030586750577244,0.09959197873958163,9.964352403435061,0.9898944427529385,49.78257986519593,2.999053808121464,0.19974340802296942,4.965659478479484,12.067697453691988,298.31705789894636,-0.35647596564938766,True,True,True,True,True,True,True,True
1245,25,9,5,200.31411550782525,1.0096860836589066,1.0022607567782083,1.0042631957592918,5.030586750577244,0.09991144273187712,9.97710602858793,1.0199393178429688,50.79677085663288,2.9926329859943306,0.20182262669966117,5.211851499490365,12.067697453691988,298.31705789894636,-0.2289397141207061,True,True,True,True,True,True,True,True
1246,25,10,1,200.31411550782525,1.0096860836589066,1.0022607567782083,1.0042631957592918,5.030586750577244,0.10022954314514726,9.976248244924435,1.0125370323768303,50.07624853884871,2.9950755419322053,0.19887764538877514,5.238724070500114,12.067697453691988,298.31705789894636,-0.2375175507556548,True,True,True,True,True,True,True,True
1247,25,10,2,200.31411550782525,1.0096860836589066,1.0022607567782083,1.0042631957592918,5.030586750577244,0.10014040555383698,10.048453787298051,1.0174606635789958,50.00292377628103,2.9952579930214953,0.1961282285134782,4.985794014549638,12.067697453691988,298.31705789894636,0.48453787298051054,True,True,True,True,True,True,True,True
1248,25,10,3,200.31411550782525,1.0096860836589066,1.0022607567782083,1.0042631957592918,5.030586750577244,0.10009880951759953,9.988409246826981,0.9861621298907548,50.08121964175512,2.9953426034491,0.2029545587012415,5.027150092433731,12.067697453691988,298.31705789894636,-0.11590753173019053,True,True,True,True,True,True,True,True
1249,25,10,4,200.31411550782525,1.0096860836589066,1.0022607567782083,1.0042631957592918,5.030586750577244,0.10009714034665419,9.947890310250006,0.9825491778668527,51.702622791359296,2.998925914164391,0.2048782836409171,4.880090089898346,12.067697453691988,298.31705789894636,-0.5210968974999375,True,True,True,True,True,True,True,True
1250,25,10,5,200.31411550782525,1.0096860836589066,1.0022607567782083,1.0042631957592918,5.030586750577244,0.10005235777432295,10.021064068677257,1.0093533635520782,50.144198136407624,2.9953948885906243,0.20501907247870496,4.9360332333166355,12.067697453691988,298.31705789894636,0.21064068677256742,True,True,True,True,True,True,True,True
1251,26,1,1,199.98152136438634,1.0015410411035195,1.0082219268919548,1.0019266907135966,5.033866868355896,0.09975704337202423,9.97984182124721,0.9854026893975064,48.12200829806052,2.994034111837605,0.20228461911109186,5.379202506720938,12.077882354317344,298.06549644964446,-0.2015817875279069,True,True,True,True,True,True,True,True
1252,26,1,2,199.98152136438634,1.0015410411035195,1.0082219268919548,1.0019266907135966,5.033866868355896,0.10045645855548122,10.11004019074234,0.9627456991677087,49.07152019929503,2.9947464789799048,0.20653563552048532,5.304504089785631,12.077882354317344,298.06549644964446,1.1004019074234073,True,True,True,True,True,True,True,True
1253,26,1,3,199.98152136438634,1.0015410411035195,1.0082219268919548,1.0019266907135966,5.033866868355896,0.1003207297374611,10.050632305406586,0.9833348749522213,49.086259387088575,2.991469587890049,0.20316712752897112,5.233797818720889,12.077882354317344,298.06549644964446,0.5063230540658559,True,True,True,True,True,True,True,True
1254,26,1,4,199.98152136438634,1.0015410411035195,1.0082219268919548,1.0019266907135966,5.033866868355896,0.10008788351635199,10.017825359760607,0.9504743262591948,48.431990066220536,2.9949772920186906,0.204754437401245,5.1920465496932655,12.077882354317344,298.06549644964446,0.17825359760607284,True,True,True,True,True,True,True,True
1255,26,1,5,199.98152136438634,1.0015410411035195,1.0082219268919548,1.0019266907135966,5.033866868355896,0.10030195091410532,10.066588760715945,0.9442856698723985,47.821010793213034,2.997640052414064,0.2016307379180357,5.033790768073159,12.077882354317344,298.06549644964446,0.6658876071594477,True,True,True,True,True,True,True,True
1256,26,2,1,199.98152136438634,1.0015410411035195,1.0082219268919548,1.0019266907135966,5.033866868355896,0.1003622187098237,10.07584318396918,0.9648925450061672,47.91511727408,2.9920157660157987,0.20407297270019684,5.091909210000118,12.077882354317344,298.06549644964446,0.7584318396918022,True,True,True,True,True,True,True,True
1257,26,2,2,199.98152136438634,1.0015410411035195,1.0082219268919548,1.0019266907135966,5.033866868355896,0.10044669258802023,10.083167362993642,0.9762452717696701,47.15692586470756,2.996375544288006,0.20394155087363564,4.857217159896193,12.077882354317344,298.06549644964446,0.8316736299364181,True,True,True,True,True,True,True,True
1258,26,2,3,199.98152136438634,1.0015410411035195,1.0082219268919548,1.0019266907135966,5.033866868355896,0.09972059351191796,9.968877702210738,0.9894481470612524,49.402897354126026,2.9909796384447906,0.2014054474835204,5.292020860253694,12.077882354317344,298.06549644964446,-0.31122297789261566,True,True,True,True,True,True,True,True
1259,26,2,4,199.98152136438634,1.0015410411035195,1.0082219268919548,1.0019266907135966,5.033866868355896,0.10015614803249577,9.985778370351044,0.972229462672115,46.76979612336053,2.9885587697853118,0.20251177903082135,4.9956394254742404,12.077882354317344,298.06549644964446,-0.14221629648956124,True,True,True,True,True,True,True,True
1260,26,2,5,199.98152136438634,1.0015410411035195,1.0082219268919548,1.0019266907135966,5.033866868355896,0.1007030526567793,10.080221772499579,0.9978682041545355,49.18924930328172,2.994618241521875,0.2045321645883062,5.190345464608063,12.077882354317344,298.06549644964446,0.8022177249957885,True,True,True,True,True,True,True,True
1261,26,3,1,199.98152136438634,1.0015410411035195,1.0082219268919548,1.0019266907135966,5.033866868355896,0.09995226244377624,10.032784587562013,0.9532627639498623,49.23283642229011,2.99226020581334,0.20310090258897687,5.134568904613653,12.077882354317344,298.06549644964446,0.32784587562012746,True,True,True,True,True,True,True,True
1262,26,3,2,199.98152136438634,1.0015410411035195,1.0082219268919548,1.0019266907135966,5.033866868355896,0.09998456238864876,9.994292359199378,0.9625643205499946,48.265802065094036,2.996776756344393,0.2009054070826293,5.047637173044009,12.077882354317344,298.06549644964446,-0.0570764080062247,True,True,True,True,True,True,True,True
1263,26,3,3,199.98152136438634,1.0015410411035195,1.0082219268919548,1.0019266907135966,5.033866868355896,0.10027600432547022,10.021292699641638,0.9563663759951929,47.86335021068296,2.9970134248397966,0.20084969656099358,5.19300919592485,12.077882354317344,298.06549644964446,0.21292699641637822,True,True,True,True,True,True,True,True
1264,26,3,4,199.98152136438634,1.0015410411035195,1.0082219268919548,1.0019266907135966,5.033866868355896,0.10051237348672179,10.061245967994699,0.9685057993384218,48.74174002926621,2.9907163957991076,0.19743488011938198,4.884002939089512,12.077882354317344,298.06549644964446,0.6124596799469906,True,True,True,True,True,True,True,True
1265,26,3,5,199.98152136438634,1.0015410411035195,1.0082219268919548,1.0019266907135966,5.033866868355896,0.10034493630420173,10.088606690276285,0.9656179787628969,48.408902916212156,2.99317590884911,0.20224541556719752,5.070682427190413,12.077882354317344,298.06549644964446,0.8860669027628453,True,True,True,True,True,True,True,True
1266,26,4,1,199.98152136438634,1.0015410411035195,1.0082219268919548,1.0019266907135966,5.033866868355896,0.1004081933744101,10.016815482772637,0.9308942704817149,48.97665478963259,2.998172401812042,0.20113326142712148,4.968641673362209,12.077882354317344,298.06549644964446,0.16815482772637225,True,True,True,True,True,True,True,True
1267,26,4,2,199.98152136438634,1.0015410411035195,1.0082219268919548,1.0019266907135966,5.033866868355896,0.10032349154908633,10.031457122792501,0.9371808101656404,48.461656488215944,2.9974560883426573,0.20147799908347597,5.106590175767977,12.077882354317344,298.06549644964446,0.31457122792501124,True,True,True,True,True,True,True,True
1268,26,4,3,199.98152136438634,1.0015410411035195,1.0082219268919548,1.0019266907135966,5.033866868355896,0.10015272926820458,10.014481219542551,0.9780104544223321,50.790877635830185,2.9968970914439663,0.2061357434952038,5.160888332987953,12.077882354317344,298.06549644964446,0.14481219542551216,True,True,True,True,True,True,True,True
1269,26,4,4,199.98152136438634,1.0015410411035195,1.0082219268919548,1.0019266907135966,5.033866868355896,0.10008420072663535,9.99562990424693,0.9995152130847925,48.12392896668641,2.9918094717100647,0.20559325046416482,5.228414760464918,12.077882354317344,298.06549644964446,-0.043700957530692364,True,True,True,True,True,True,True,True
1270,26,4,5,199.98152136438634,1.0015410411035195,1.0082219268919548,1.0019266907135966,5.033866868355896,0.10008674438370621,10.030743621938678,0.9576451235186165,48.37725975923926,2.9941156164071057,0.20185560744860434,5.07527061700529,12.077882354317344,298.06549644964446,0.30743621938677634,True,True,True,True,True,True,True,True
1271,26,5,1,199.98152136438634,1.0015410411035195,1.0082219268919548,1.0019266907135966,5.033866868355896,0.10045484981333352,10.046869939189365,0.9366526455315451,49.2009280764847,2.9933582605952984,0.1972679310338226,4.955151429126431,12.077882354317344,298.06549644964446,0.46869939189365434,True,True,True,True,True,True,True,True
1272,26,5,2,199.98152136438634,1.0015410411035195,1.0082219268919548,1.0019266907135966,5.033866868355896,0.10029294466968591,10.052797682086462,0.9248564379093722,50.1307056915639,2.99278953548988,0.2014045197322794,5.500438117429916,12.077882354317344,298.06549644964446,0.5279768208646196,True,True,True,True,True,True,True,True
1273,26,5,3,199.98152136438634,1.0015410411035195,1.0082219268919548,1.0019266907135966,5.033866868355896,0.10034879849484168,10.05627508273622,1.0176883724424468,48.660346136592274,2.9945011047822634,0.19739828463740117,4.904904684702172,12.077882354317344,298.06549644964446,0.5627508273622084,True,True,True,True,True,True,True,True
1274,26,5,4,199.98152136438634,1.0015410411035195,1.0082219268919548,1.0019266907135966,5.033866868355896,0.10037578784885497,10.01224432770291,0.9768708704740439,48.193284210670974,2.9935490822026796,0.19922663923310735,5.2717261707262635,12.077882354317344,298.06549644964446,0.12244327702909176,True,True,True,True,True,True,True,True
1275,26,5,5,199.98152136438634,1.0015410411035195,1.0082219268919548,1.0019266907135966,5.033866868355896,0.10055685870981951,10.07854785493469,1.0209641664604177,47.686970340464015,2.9967950455201633,0.20310449082340265,5.025742398949656,12.077882354317344,298.06549644964446,0.7854785493469052,True,True,True,True,True,True,True,True
1276,26,6,1,199.98152136438634,1.0015410411035195,1.0082219268919548,1.0019266907135966,5.033866868355896,0.10018061197955111,10.010283235413942,0.9544845380728227,49.12278352454188,2.996617080420605,0.19977962554301515,5.091325976665183,12.077882354317344,298.06549644964446,0.10283235413941938,True,True,True,True,True,True,True,True
1277,26,6,2,199.98152136438634,1.0015410411035195,1.0082219268919548,1.0019266907135966,5.033866868355896,0.10056691633196584,10.062017474218797,0.9280081547370322,49.3013025918382,2.9940823507488448,0.2032595633087667,5.1249630374839645,12.077882354317344,298.06549644964446,0.6201747421879666,True,True,True,True,True,True,True,True
1278,26,6,3,199.98152136438634,1.0015410411035195,1.0082219268919548,1.0019266907135966,5.033866868355896,0.10003386148261754,10.007551355319263,0.9565419293631141,49.07558783708008,2.997425740841161,0.1969730764456769,4.9632683611674,12.077882354317344,298.06549644964446,0.07551355319263209,True,True,True,True,True,True,True,True
1279,26,6,4,199.98152136438634,1.0015410411035195,1.0082219268919548,1.0019266907135966,5.033866868355896,0.10027996004930442,10.071908637575058,0.9797520659394469,48.65021240217709,2.9973159135248078,0.19814313432398797,5.028878741745954,12.077882354317344,298.06549644964446,0.7190863757505817,True,True,True,True,True,True,True,True
1280,26,6,5,199.98152136438634,1.0015410411035195,1.0082219268919548,1.0019266907135966,5.033866868355896,0.1002259618899756,10.054018093900146,0.9543513179756374,48.75177983416286,2.99508438305504,0.2011059248612579,5.030785764236047,12.077882354317344,298.06549644964446,0.5401809390014556,True,True,True,True,True,True,True,True
1281,26,7,1,199.98152136438634,1.0015410411035195,1.0082219268919548,1.0019266907135966,5.033866868355896,0.10010726774282831,10.002931060927711,0.9572182254167576,48.413543311573925,2.9902698494579667,0.19826500022455154,5.033632678675536,12.077882354317344,298.06549644964446,0.029310609277111155,True,True,True,True,True,True,True,True
1282,26,7,2,199.98152136438634,1.0015410411035195,1.0082219268919548,1.0019266907135966,5.033866868355896,0.10025145591731986,10.024232201055554,0.9729545945601036,49.583486957508015,2.9951895018700947,0.20281922115285522,5.273043624571499,12.077882354317344,298.06549644964446,0.24232201055554015,True,True,True,True,True,True,True,True
1283,26,7,3,199.98152136438634,1.0015410411035195,1.0082219268919548,1.0019266907135966,5.033866868355896,0.0998626415888995,9.967941634186648,0.9498297400282893,49.30611903379063,2.9954141353478665,0.2006190107706754,5.296258792499856,12.077882354317344,298.06549644964446,-0.32058365813352196,True,True,True,True,True,True,True,True
1284,26,7,4,199.98152136438634,1.0015410411035195,1.0082219268919548,1.0019266907135966,5.033866868355896,0.10040677190994672,10.00123117042766,0.9774863466380197,48.550280790064605,2.992841865861133,0.20835057248236336,5.0607310857178875,12.077882354317344,298.06549644964446,0.012311704276601887,True,True,True,True,True,True,True,True
1285,26,7,5,199.98152136438634,1.0015410411035195,1.0082219268919548,1.0019266907135966,5.033866868355896,0.10017790552898767,10.002399861494716,0.9604402705525763,48.96654559344748,2.994588046863376,0.20470650263101525,4.9976496850226635,12.077882354317344,298.06549644964446,0.02399861494716049,True,True,True,True,True,True,True,True
1286,26,8,1,199.98152136438634,1.0015410411035195,1.0082219268919548,1.0019266907135966,5.033866868355896,0.09987139575668276,10.028179858579394,0.9367867670473862,47.34867330688172,2.9936502444615964,0.2011655577894719,5.337521274700536,12.077882354317344,298.06549644964446,0.2817985857939398,True,True,True,True,True,True,True,True
1287,26,8,2,199.98152136438634,1.0015410411035195,1.0082219268919548,1.0019266907135966,5.033866868355896,0.10009959544782727,10.023892389781683,0.9573646674997567,47.97521199344144,2.9890151766518764,0.20185031710818915,5.028291007001455,12.077882354317344,298.06549644964446,0.2389238978168251,True,True,True,True,True,True,True,True
1288,26,8,3,199.98152136438634,1.0015410411035195,1.0082219268919548,1.0019266907135966,5.033866868355896,0.10023474144094331,9.995498780745438,0.9755882498991179,49.39469531235514,2.994282541008739,0.20261356424440247,4.999085004704786,12.077882354317344,298.06549644964446,-0.04501219254562372,True,True,True,True,True,True,True,True
1289,26,8,4,199.98152136438634,1.0015410411035195,1.0082219268919548,1.0019266907135966,5.033866868355896,0.10019739950635015,10.018188593249322,0.9793187514483164,48.270910261126204,2.992950010427476,0.20603534972424348,4.998984701625179,12.077882354317344,298.06549644964446,0.18188593249321983,True,True,True,True,True,True,True,True
1290,26,8,5,199.98152136438634,1.0015410411035195,1.0082219268919548,1.0019266907135966,5.033866868355896,0.09989159110701362,10.000959231945377,0.9353366210356714,48.69712632323896,2.9922076918072746,0.2030062325214026,5.066888190223982,12.077882354317344,298.06549644964446,0.009592319453766152,True,True,True,True,True,True,True,True
1291,26,9,1,199.98152136438634,1.0015410411035195,1.0082219268919548,1.0019266907135966,5.033866868355896,0.100011372735026,9.958486095872441,0.9244131403962208,49.22897220634262,2.9930101552801793,0.20400260019632419,5.246995413016142,12.077882354317344,298.06549644964446,-0.4151390412755873,True,True,True,True,True,True,True,True
1292,26,9,2,199.98152136438634,1.0015410411035195,1.0082219268919548,1.0019266907135966,5.033866868355896,0.10000437389413033,10.053138577497508,1.0016685362819704,48.42265707946172,2.9911915448012074,0.19946113979702085,5.075300980946542,12.077882354317344,298.06549644964446,0.5313857749750817,True,True,True,True,True,True,True,True
1293,26,9,3,199.98152136438634,1.0015410411035195,1.0082219268919548,1.0019266907135966,5.033866868355896,0.10000355417464733,9.997505907534729,0.9684347740418254,48.44986830751462,2.995155169340511,0.2016613225045284,4.877925848532667,12.077882354317344,298.06549644964446,-0.024940924652714355,True,True,True,True,True,True,True,True
1294,26,9,4,199.98152136438634,1.0015410411035195,1.0082219268919548,1.0019266907135966,5.033866868355896,0.10047210205470038,10.045333302983117,0.9356425060184748,48.99114661450165,2.9942895171868797,0.20481423992764797,5.048818388688928,12.077882354317344,298.06549644964446,0.4533330298311711,True,True,True,True,True,True,True,True
1295,26,9,5,199.98152136438634,1.0015410411035195,1.0082219268919548,1.0019266907135966,5.033866868355896,0.10012742990149043,9.982481352098846,1.0092026327501225,48.954073647680026,2.9932117855768023,0.20187745413713998,5.078667622769957,12.077882354317344,298.06549644964446,-0.17518647901153983,True,True,True,True,True,True,True,True
1296,26,10,1,199.98152136438634,1.0015410411035195,1.0082219268919548,1.0019266907135966,5.033866868355896,0.10000746859767615,9.965677696816673,0.941432227502065,50.052508989723364,2.9917372555545456,0.20697994570714406,5.432924973869965,12.077882354317344,298.06549644964446,-0.3432230318332685,True,True,True,True,True,True,True,True
1297,26,10,2,199.98152136438634,1.0015410411035195,1.0082219268919548,1.0019266907135966,5.033866868355896,0.10013873786983793,9.97615425274408,0.9769496184436903,47.45938469854677,2.9943926753175143,0.19945327831201365,4.835814648999035,12.077882354317344,298.06549644964446,-0.23845747255920813,True,True,True,True,True,True,True,True
1298,26,10,3,199.98152136438634,1.0015410411035195,1.0082219268919548,1.0019266907135966,5.033866868355896,0.10036334143400315,10.052136110780406,0.9667034403638578,48.96152293478671,2.994921804966859,0.20070330797773447,5.078850000984537,12.077882354317344,298.06549644964446,0.5213611078040614,True,True,True,True,True,True,True,True
1299,26,10,4,199.98152136438634,1.0015410411035195,1.0082219268919548,1.0019266907135966,5.033866868355896,0.10016935952891975,10.037285849765654,0.9874132376857162,48.96610750655095,2.9980535986288133,0.2079979258831398,5.036115961636342,12.077882354317344,298.06549644964446,0.3728584976565408,True,True,True,True,True,True,True,True
1300,26,10,5,199.98152136438634,1.0015410411035195,1.0082219268919548,1.0019266907135966,5.033866868355896,0.10034460879407353,10.023358966858174,0.9674204911233377,47.43254732042391,2.9981738633569512,0.19645104761660456,5.641791604313172,12.077882354317344,298.06549644964446,0.23358966858173955,True,True,True,True,True,True,True,True
1301,27,1,1,199.88361062667494,0.9897226109100938,0.9943535161302373,1.0104681539166054,5.020368466816739,0.10116432875085236,10.142415869856254,0.976166121478991,53.467921355363764,2.994853824458436,0.2030000277672961,4.889770443063652,12.045558603680321,298.86534269154436,1.4241586985625432,True,True,True,True,True,True,True,True
1302,27,1,2,199.88361062667494,0.9897226109100938,0.9943535161302373,1.0104681539166054,5.020368466816739,0.10050675343399028,10.075747144849633,1.0159604956358945,52.007172116456196,2.991497760039752,0.21140831189262135,5.021394579781944,12.045558603680321,298.86534269154436,0.7574714484963252,True,True,True,True,True,True,True,True
1303,27,1,3,199.88361062667494,0.9897226109100938,0.9943535161302373,1.0104681539166054,5.020368466816739,0.1006299451313384,10.054475448662608,1.020518249578574,53.35567037776046,2.9934652260087007,0.20166932573383634,4.914931424669051,12.045558603680321,298.86534269154436,0.5447544866260756,True,True,True,True,True,True,True,True
1304,27,1,4,199.88361062667494,0.9897226109100938,0.9943535161302373,1.0104681539166054,5.020368466816739,0.10036865439310369,10.029166262617178,0.992936250534288,53.806880927520616,2.9944993582595605,0.20312326772403072,5.003416682555146,12.045558603680321,298.86534269154436,0.29166262617177807,True,True,True,True,True,True,True,True
1305,27,1,5,199.88361062667494,0.9897226109100938,0.9943535161302373,1.0104681539166054,5.020368466816739,0.10078111476528771,10.085761826849483,1.0574204977020878,52.077696242683,2.9919946379465316,0.20305716913311733,4.851849646185777,12.045558603680321,298.86534269154436,0.8576182684948286,True,True,True,True,True,True,True,True
1306,27,2,1,199.88361062667494,0.9897226109100938,0.9943535161302373,1.0104681539166054,5.020368466816739,0.10113054227343812,10.132509914505567,1.032183694389002,52.72131961490689,2.989546944774053,0.2069685868482645,4.9593085496374,12.045558603680321,298.86534269154436,1.3250991450556704,True,True,True,True,True,True,True,True
1307,27,2,2,199.88361062667494,0.9897226109100938,0.9943535161302373,1.0104681539166054,5.020368466816739,0.10047155439047135,10.06567973736415,0.9942270547707466,51.98021596399308,2.9932825433722963,0.20448486036947763,4.9529316728598225,12.045558603680321,298.86534269154436,0.6567973736414956,True,True,True,True,True,True,True,True
1308,27,2,3,199.88361062667494,0.9897226109100938,0.9943535161302373,1.0104681539166054,5.020368466816739,0.10037615032590204,10.046220505259898,1.0895145568824045,52.06423002358238,2.9916813666129625,0.2080708668756481,4.664562589152652,12.045558603680321,298.86534269154436,0.4622050525989785,True,True,True,True,True,True,True,True
1309,27,2,4,199.88361062667494,0.9897226109100938,0.9943535161302373,1.0104681539166054,5.020368466816739,0.10062513393692063,10.075153475950655,1.007914008897535,53.36743028207907,2.9947459415716415,0.203215164000912,4.806672372962923,12.045558603680321,298.86534269154436,0.7515347595065514,True,True,True,True,True,True,True,True
1310,27,2,5,199.88361062667494,0.9897226109100938,0.9943535161302373,1.0104681539166054,5.020368466816739,0.10013484841609224,10.037083790219793,0.9874712341074608,54.12175317238712,2.99608602984501,0.20971080169949713,4.846094654989916,12.045558603680321,298.86534269154436,0.3708379021979269,True,True,True,True,True,True,True,True
1311,27,3,1,199.88361062667494,0.9897226109100938,0.9943535161302373,1.0104681539166054,5.020368466816739,0.10056482692110616,10.027241712577084,1.0083278481462439,51.12193487621053,2.9929805968907246,0.20933351566213074,4.843828754235322,12.045558603680321,298.86534269154436,0.2724171257708363,True,True,True,True,True,True,True,True
1312,27,3,2,199.88361062667494,0.9897226109100938,0.9943535161302373,1.0104681539166054,5.020368466816739,0.10021255209856564,10.03562376563998,1.0492201348249506,52.420647640957114,2.9929630649763803,0.20422565530915554,5.17281963847723,12.045558603680321,298.86534269154436,0.35623765639979155,True,True,True,True,True,True,True,True
1313,27,3,3,199.88361062667494,0.9897226109100938,0.9943535161302373,1.0104681539166054,5.020368466816739,0.10066303062617635,10.093680682962257,1.0561269499622055,52.07994079578889,2.9967215274010313,0.19915833579172754,4.9174670057450545,12.045558603680321,298.86534269154436,0.9368068296225652,True,True,True,True,True,True,True,True
1314,27,3,4,199.88361062667494,0.9897226109100938,0.9943535161302373,1.0104681539166054,5.020368466816739,0.10083392296135192,10.130262397049103,1.0075949177283765,51.923154184188036,2.9954003681316914,0.2084042447307937,4.814732378581293,12.045558603680321,298.86534269154436,1.3026239704910303,True,True,True,True,True,True,True,True
1315,27,3,5,199.88361062667494,0.9897226109100938,0.9943535161302373,1.0104681539166054,5.020368466816739,0.1006307147851067,10.068117954049185,1.0087572300297414,52.48185183360088,2.9932250844680763,0.207624014020387,4.853462990838396,12.045558603680321,298.86534269154436,0.6811795404918541,True,True,True,True,True,True,True,True
1316,27,4,1,199.88361062667494,0.9897226109100938,0.9943535161302373,1.0104681539166054,5.020368466816739,0.1006741147622245,10.055611102290035,1.0197945379316617,53.6670082204517,2.9918960417180287,0.20108541131920615,5.056869059374017,12.045558603680321,298.86534269154436,0.5561110229003496,True,True,True,True,True,True,True,True
1317,27,4,2,199.88361062667494,0.9897226109100938,0.9943535161302373,1.0104681539166054,5.020368466816739,0.10036969780091244,10.003209904060522,1.006131359914408,53.26614260958629,2.993346087327718,0.206792944956298,5.181999461991173,12.045558603680321,298.86534269154436,0.032099040605224616,True,True,True,True,True,True,True,True
1318,27,4,3,199.88361062667494,0.9897226109100938,0.9943535161302373,1.0104681539166054,5.020368466816739,0.10042087307510499,9.981855558632336,1.0320096842356188,51.60029190418901,2.990902451894451,0.203507433221025,5.073441346776215,12.045558603680321,298.86534269154436,-0.18144441367663688,True,True,True,True,True,True,True,True
1319,27,4,4,199.88361062667494,0.9897226109100938,0.9943535161302373,1.0104681539166054,5.020368466816739,0.10051122814809468,10.068501631029953,1.0180914137736297,50.42416060576178,2.9939324352429617,0.2091756298944199,5.027002491782644,12.045558603680321,298.86534269154436,0.685016310299531,True,True,True,True,True,True,True,True
1320,27,4,5,199.88361062667494,0.9897226109100938,0.9943535161302373,1.0104681539166054,5.020368466816739,0.10111019285980308,10.051672743525703,0.9720425151619339,51.84587866551725,2.9890472958997263,0.20922756076487475,4.756559663085682,12.045558603680321,298.86534269154436,0.5167274352570317,True,True,True,True,True,True,True,True
1321,27,5,1,199.88361062667494,0.9897226109100938,0.9943535161302373,1.0104681539166054,5.020368466816739,0.10034848590569534,10.071121194502545,1.0505950560446105,52.21261447742632,2.9966839341626503,0.2042179264611706,4.8752492281822715,12.045558603680321,298.86534269154436,0.7112119450254539,True,True,True,True,True,True,True,True
1322,27,5,2,199.88361062667494,0.9897226109100938,0.9943535161302373,1.0104681539166054,5.020368466816739,0.10076030860493503,10.08001667928265,1.028223958623633,53.70456883236628,2.9980683932330225,0.19965431898065591,5.187105134675698,12.045558603680321,298.86534269154436,0.800166792826502,True,True,True,True,True,True,True,True
1323,27,5,3,199.88361062667494,0.9897226109100938,0.9943535161302373,1.0104681539166054,5.020368466816739,0.10045065144186674,10.014104038932151,1.0030213626956077,52.57431661891853,2.9928122911103223,0.20335266051295678,4.810545431507886,12.045558603680321,298.86534269154436,0.14104038932151397,True,True,True,True,True,True,True,True
1324,27,5,4,199.88361062667494,0.9897226109100938,0.9943535161302373,1.0104681539166054,5.020368466816739,0.1007553877547726,10.071222438495955,1.0281980248291338,51.074412295721196,2.996890046973096,0.20167005837488788,5.239470973435861,12.045558603680321,298.86534269154436,0.7122243849595478,True,True,True,True,True,True,True,True
1325,27,5,5,199.88361062667494,0.9897226109100938,0.9943535161302373,1.0104681539166054,5.020368466816739,0.10034796087301794,10.031115139851291,1.0111292452498595,51.59392199870183,2.9952313675983615,0.2055587023683649,4.926318731278804,12.045558603680321,298.86534269154436,0.3111513985129122,True,True,True,True,True,True,True,True
1326,27,6,1,199.88361062667494,0.9897226109100938,0.9943535161302373,1.0104681539166054,5.020368466816739,0.10036731703904904,10.07985771253706,1.0188424793775264,53.92157002110392,2.993206306280674,0.2070563977637223,5.009379068310698,12.045558603680321,298.86534269154436,0.798577125370592,True,True,True,True,True,True,True,True
1327,27,6,2,199.88361062667494,0.9897226109100938,0.9943535161302373,1.0104681539166054,5.020368466816739,0.10083633641772399,10.078651274743791,1.0210148322842674,52.74786715215571,2.994361467103961,0.20526180143069384,5.0743563047819,12.045558603680321,298.86534269154436,0.7865127474379109,True,True,True,True,True,True,True,True
1328,27,6,3,199.88361062667494,0.9897226109100938,0.9943535161302373,1.0104681539166054,5.020368466816739,0.10077305553705374,10.065827204741197,1.0488472999801208,53.38160220057891,2.9936388146322614,0.20708616498268373,4.709749162895557,12.045558603680321,298.86534269154436,0.6582720474119697,True,True,True,True,True,True,True,True
1329,27,6,4,199.88361062667494,0.9897226109100938,0.9943535161302373,1.0104681539166054,5.020368466816739,0.10055415243265771,10.051395350697899,1.062409941658046,53.93699212582798,2.9957300265909037,0.20405044334074054,4.85024993409212,12.045558603680321,298.86534269154436,0.5139535069789858,True,True,True,True,True,True,True,True
1330,27,6,5,199.88361062667494,0.9897226109100938,0.9943535161302373,1.0104681539166054,5.020368466816739,0.1005342463483002,10.084411432654425,1.0152616509232275,51.884072079153256,2.994710854971784,0.20693538314014334,4.63886315618389,12.045558603680321,298.86534269154436,0.8441143265442541,True,True,True,True,True,True,True,True
1331,27,7,1,199.88361062667494,0.9897226109100938,0.9943535161302373,1.0104681539166054,5.020368466816739,0.10082282920345395,10.046259514104344,1.0274875740670049,52.741611362209674,2.991162387267478,0.20994901487556955,4.923267991354065,12.045558603680321,298.86534269154436,0.4625951410434403,True,True,True,True,True,True,True,True
1332,27,7,2,199.88361062667494,0.9897226109100938,0.9943535161302373,1.0104681539166054,5.020368466816739,0.1007022854247124,10.076511254400545,1.0204670983448112,52.11397875148162,2.9938034859246585,0.19875594652090847,5.0813108229173025,12.045558603680321,298.86534269154436,0.7651125440054507,True,True,True,True,True,True,True,True
1333,27,7,3,199.88361062667494,0.9897226109100938,0.9943535161302373,1.0104681539166054,5.020368466816739,0.10051599929250538,10.082075304288942,1.0560091015239088,53.58373331659857,2.993042407078442,0.19836504417995693,5.027239029821433,12.045558603680321,298.86534269154436,0.8207530428894216,True,True,True,True,True,True,True,True
1334,27,7,4,199.88361062667494,0.9897226109100938,0.9943535161302373,1.0104681539166054,5.020368466816739,0.10039210977730234,10.064924683441397,1.0430625432341412,51.75438011566548,2.9912951036887185,0.20373738898757118,4.940943761486411,12.045558603680321,298.86534269154436,0.6492468344139724,True,True,True,True,True,True,True,True
1335,27,7,5,199.88361062667494,0.9897226109100938,0.9943535161302373,1.0104681539166054,5.020368466816739,0.10018436579605391,10.037702372308273,1.0174470966767373,52.954512777628175,2.9948517608597895,0.20472834061043096,4.886979694622178,12.045558603680321,298.86534269154436,0.3770237230827256,True,True,True,True,True,True,True,True
1336,27,8,1,199.88361062667494,0.9897226109100938,0.9943535161302373,1.0104681539166054,5.020368466816739,0.1004109945565967,10.022578362745584,0.9892100179050137,52.202510914383744,2.995734500645647,0.20968857321563852,4.886370297346683,12.045558603680321,298.86534269154436,0.22578362745584005,True,True,True,True,True,True,True,True
1337,27,8,2,199.88361062667494,0.9897226109100938,0.9943535161302373,1.0104681539166054,5.020368466816739,0.10040486914356528,10.007154650044923,0.957977170171077,52.198999331878376,2.99151742299085,0.2075722946779151,4.994070843294152,12.045558603680321,298.86534269154436,0.07154650044922661,True,True,True,True,True,True,True,True
1338,27,8,3,199.88361062667494,0.9897226109100938,0.9943535161302373,1.0104681539166054,5.020368466816739,0.09997862959159212,10.001157300713054,0.976848226946132,52.6199339722846,2.9917494864588514,0.20474990516933458,4.931515646914843,12.045558603680321,298.86534269154436,0.011573007130536439,True,True,True,True,True,True,True,True
1339,27,8,4,199.88361062667494,0.9897226109100938,0.9943535161302373,1.0104681539166054,5.020368466816739,0.1004252901387723,10.077718386821145,1.019423784016074,54.12035642126798,2.991583383986925,0.20554019800972212,4.957041792119867,12.045558603680321,298.86534269154436,0.7771838682114485,True,True,True,True,True,True,True,True
1340,27,8,5,199.88361062667494,0.9897226109100938,0.9943535161302373,1.0104681539166054,5.020368466816739,0.10049807917101089,10.067205705124369,1.0302787708903602,53.237402577144394,2.993361805958242,0.20266944479078486,5.10918966039451,12.045558603680321,298.86534269154436,0.6720570512436908,True,True,True,True,True,True,True,True
1341,27,9,1,199.88361062667494,0.9897226109100938,0.9943535161302373,1.0104681539166054,5.020368466816739,0.10064509737366711,10.059010610839676,0.9862312498068609,53.77526414568205,2.9927187218152334,0.20282860145470488,4.751294345889333,12.045558603680321,298.86534269154436,0.590106108396764,True,True,True,True,True,True,True,True
1342,27,9,2,199.88361062667494,0.9897226109100938,0.9943535161302373,1.0104681539166054,5.020368466816739,0.10072201997531752,10.066202236424093,1.0283364752881994,53.0833638246603,2.993217479857173,0.2061546935538527,4.938549327627881,12.045558603680321,298.86534269154436,0.6620223642409329,True,True,True,True,True,True,True,True
1343,27,9,3,199.88361062667494,0.9897226109100938,0.9943535161302373,1.0104681539166054,5.020368466816739,0.10070239743366619,10.04972036112718,1.0140433612567417,53.270756785924426,2.995752942880108,0.20613314104730385,4.950274623947975,12.045558603680321,298.86534269154436,0.49720361127180374,True,True,True,True,True,True,True,True
1344,27,9,4,199.88361062667494,0.9897226109100938,0.9943535161302373,1.0104681539166054,5.020368466816739,0.10086217261689157,10.069258700347234,1.0303493863941657,51.81291980035658,2.990861881812166,0.20392289112276174,4.645650350632205,12.045558603680321,298.86534269154436,0.6925870034723403,True,True,True,True,True,True,True,True
1345,27,9,5,199.88361062667494,0.9897226109100938,0.9943535161302373,1.0104681539166054,5.020368466816739,0.10063215020330055,9.985912702356066,1.0404831277425965,52.617090049936145,2.994003043764639,0.2063070882093406,4.7523302533291565,12.045558603680321,298.86534269154436,-0.1408729764393435,True,True,True,True,True,True,True,True
1346,27,10,1,199.88361062667494,0.9897226109100938,0.9943535161302373,1.0104681539166054,5.020368466816739,0.10085137298244466,10.11590556447802,1.0056319186141214,51.949129045477456,2.9926575615239583,0.2051723552252539,4.824675875076431,12.045558603680321,298.86534269154436,1.1590556447801958,True,True,True,True,True,True,True,True
1347,27,10,2,199.88361062667494,0.9897226109100938,0.9943535161302373,1.0104681539166054,5.020368466816739,0.10014690358220878,9.985629014910687,1.0448897491255116,53.1028158586066,2.9938315855187017,0.20495106374883776,5.011310938083907,12.045558603680321,298.86534269154436,-0.14370985089312782,True,True,True,True,True,True,True,True
1348,27,10,3,199.88361062667494,0.9897226109100938,0.9943535161302373,1.0104681539166054,5.020368466816739,0.10048991122193994,10.081619923771095,1.0029775090961939,52.832047170032155,2.989592976838422,0.202064953066053,5.003203872681725,12.045558603680321,298.86534269154436,0.8161992377109507,True,True,True,True,True,True,True,True
1349,27,10,4,199.88361062667494,0.9897226109100938,0.9943535161302373,1.0104681539166054,5.020368466816739,0.10039202495867225,10.0435219139179,1.0650057980399028,53.36927209246049,2.9939570665805006,0.2050978490205672,4.9336063251569735,12.045558603680321,298.86534269154436,0.4352191391789972,True,True,True,True,True,True,True,True
1350,27,10,5,199.88361062667494,0.9897226109100938,0.9943535161302373,1.0104681539166054,5.020368466816739,0.10009998099198787,10.012874976330165,1.0402104441028581,52.48359906059696,2.991776992807211,0.20769522229325785,4.939430679416669,12.045558603680321,298.86534269154436,0.1287497633016521,True,True,True,True,True,True,True,True
1351,28,1,1,200.4175614610024,0.9879973118593528,1.0046296206358667,1.0022823442006827,5.026872407353852,0.09994689292493038,10.046943947994981,0.9628649957160988,47.678491640806875,3.0021226121049907,0.2017066155532112,4.841982976456398,12.060656779544253,298.4912070548148,0.4694394799498092,True,True,True,True,True,True,True,True
1352,28,1,2,200.4175614610024,0.9879973118593528,1.0046296206358667,1.0022823442006827,5.026872407353852,0.10011624058217493,9.996731354293933,0.9543782135531098,48.08517806578687,3.002751186479098,0.20264128277843074,4.680679465543951,12.060656779544253,298.4912070548148,-0.03268645706066664,True,True,True,True,True,True,True,True
1353,28,1,3,200.4175614610024,0.9879973118593528,1.0046296206358667,1.0022823442006827,5.026872407353852,0.10044453753172458,10.09121679649293,0.9923105714541735,47.23220971447597,2.999174050180304,0.1971847272550269,4.91113437521924,12.060656779544253,298.4912070548148,0.9121679649292956,True,True,True,True,True,True,True,True
1354,28,1,4,200.4175614610024,0.9879973118593528,1.0046296206358667,1.0022823442006827,5.026872407353852,0.10033371741770852,9.973683876676112,1.0454308557017302,48.79793163957923,2.9986018698326538,0.1991097064039636,5.017466896228423,12.060656779544253,298.4912070548148,-0.2631612332388755,True,True,True,True,True,True,True,True
1355,28,1,5,200.4175614610024,0.9879973118593528,1.0046296206358667,1.0022823442006827,5.026872407353852,0.10014618325400179,10.03236004765571,0.9474124996759418,48.677592279232755,2.9978734008698136,0.20775699633034203,4.819102018640091,12.060656779544253,298.4912070548148,0.32360047655709323,True,True,True,True,True,True,True,True
1356,28,2,1,200.4175614610024,0.9879973118593528,1.0046296206358667,1.0022823442006827,5.026872407353852,0.1001278153100773,10.00875007506132,0.9894646709359943,47.575066712350214,2.995626665426343,0.1983066849715628,4.974465125543682,12.060656779544253,298.4912070548148,0.08750075061319862,True,True,True,True,True,True,True,True
1357,28,2,2,200.4175614610024,0.9879973118593528,1.0046296206358667,1.0022823442006827,5.026872407353852,0.10041278292104969,10.047882336735942,0.9831999061655379,47.73828631484065,2.9983744201591316,0.20039441133419325,4.863954724326823,12.060656779544253,298.4912070548148,0.47882336735941783,True,True,True,True,True,True,True,True
1358,28,2,3,200.4175614610024,0.9879973118593528,1.0046296206358667,1.0022823442006827,5.026872407353852,0.10006830511414393,10.039178616176793,0.9471773350605249,47.14186466942108,3.0015418670635565,0.1978368411054677,4.945781645991923,12.060656779544253,298.4912070548148,0.39178616176792863,True,True,True,True,True,True,True,True
1359,28,2,4,200.4175614610024,0.9879973118593528,1.0046296206358667,1.0022823442006827,5.026872407353852,0.10055126670815598,10.05143137185207,1.003286158554517,47.35689023829571,2.998145005640237,0.2008651095527115,4.535932131427425,12.060656779544253,298.4912070548148,0.5143137185207003,True,True,True,True,True,True,True,True
1360,28,2,5,200.4175614610024,0.9879973118593528,1.0046296206358667,1.0022823442006827,5.026872407353852,0.10049491995181084,10.017250072103554,0.9924504879053143,47.68733945193361,3.0031595558178794,0.1960194551133406,4.801790469382462,12.060656779544253,298.4912070548148,0.17250072103554004,True,True,True,True,True,True,True,True
1361,28,3,1,200.4175614610024,0.9879973118593528,1.0046296206358667,1.0022823442006827,5.026872407353852,0.1003671792142327,10.02201207804195,0.9854481659440245,49.75368826614931,3.000654144242248,0.20316276526180613,4.956615338837604,12.060656779544253,298.4912070548148,0.22012078041949934,True,True,True,True,True,True,True,True
1362,28,3,2,200.4175614610024,0.9879973118593528,1.0046296206358667,1.0022823442006827,5.026872407353852,0.10050693688202376,10.090257141087164,0.9350611182233947,47.30226376956641,2.9950991629590034,0.19471417077355302,4.794473262176117,12.060656779544253,298.4912070548148,0.9025714108716443,True,True,True,True,True,True,True,True
1363,28,3,3,200.4175614610024,0.9879973118593528,1.0046296206358667,1.0022823442006827,5.026872407353852,0.10026838044587179,10.034690235235333,0.967655964543821,49.046074039103395,3.0015681699521384,0.20041085171680045,4.760534443167555,12.060656779544253,298.4912070548148,0.3469023523533288,True,True,True,True,True,True,True,True
1364,28,3,4,200.4175614610024,0.9879973118593528,1.0046296206358667,1.0022823442006827,5.026872407353852,0.10056700236678907,10.054587935091666,0.9170833152684319,48.328646511267756,2.997738418141573,0.20350952233291994,4.691487106476656,12.060656779544253,298.4912070548148,0.5458793509166604,True,True,True,True,True,True,True,True
1365,28,3,5,200.4175614610024,0.9879973118593528,1.0046296206358667,1.0022823442006827,5.026872407353852,0.10030011473566311,10.018135281902953,0.9452348476985473,49.3982746530614,2.997470661400354,0.1940360038254251,4.9054869362817115,12.060656779544253,298.4912070548148,0.18135281902953437,True,True,True,True,True,True,True,True
1366,28,4,1,200.4175614610024,0.9879973118593528,1.0046296206358667,1.0022823442006827,5.026872407353852,0.10046430723898717,10.055962217962609,1.0084934685575069,48.192828359027075,2.9988565850745927,0.1992049690318608,4.951180412972777,12.060656779544253,298.4912070548148,0.5596221796260892,True,True,True,True,True,True,True,True
1367,28,4,2,200.4175614610024,0.9879973118593528,1.0046296206358667,1.0022823442006827,5.026872407353852,0.10013988074058365,10.025775180895009,0.9919689225399122,49.63577760230511,3.0008516845356663,0.20350822406466115,4.729192505436827,12.060656779544253,298.4912070548148,0.2577518089500863,True,True,True,True,True,True,True,True
1368,28,4,3,200.4175614610024,0.9879973118593528,1.0046296206358667,1.0022823442006827,5.026872407353852,0.10046120653011263,10.050992431448675,0.9657927392931489,45.93033528286337,2.9989201156746135,0.19971390415862775,4.803287083729744,12.060656779544253,298.4912070548148,0.5099243144867494,True,True,True,True,True,True,True,True
1369,28,4,4,200.4175614610024,0.9879973118593528,1.0046296206358667,1.0022823442006827,5.026872407353852,0.10004366258496668,10.010628072986853,1.0117075939667293,47.28609026544155,2.9947446195606173,0.20020503107863585,4.760627538256094,12.060656779544253,298.4912070548148,0.10628072986852642,True,True,True,True,True,True,True,True
1370,28,4,5,200.4175614610024,0.9879973118593528,1.0046296206358667,1.0022823442006827,5.026872407353852,0.10054577789525464,10.064557649697075,0.9562560707054679,48.08494297834179,2.9967201042876006,0.20269083814657493,4.9316613307112815,12.060656779544253,298.4912070548148,0.6455764969707545,True,True,True,True,True,True,True,True
1371,28,5,1,200.4175614610024,0.9879973118593528,1.0046296206358667,1.0022823442006827,5.026872407353852,0.10042049781833301,10.07313228308378,1.0148971147179333,48.39990144784809,2.9975970747342706,0.19950348388001626,4.8352632983149055,12.060656779544253,298.4912070548148,0.7313228308377973,True,True,True,True,True,True,True,True
1372,28,5,2,200.4175614610024,0.9879973118593528,1.0046296206358667,1.0022823442006827,5.026872407353852,0.10004538255720682,10.030188237184044,0.9654818598926238,49.78677015173142,2.9981901667108883,0.20356484859795065,4.839260286214629,12.060656779544253,298.4912070548148,0.3018823718404384,True,True,True,True,True,True,True,True
1373,28,5,3,200.4175614610024,0.9879973118593528,1.0046296206358667,1.0022823442006827,5.026872407353852,0.10042445064693564,10.008799319138268,1.0163879766414543,49.39958299948478,2.9999141987349676,0.20106894988941493,4.891483804876722,12.060656779544253,298.4912070548148,0.08799319138267592,True,True,True,True,True,True,True,True
1374,28,5,4,200.4175614610024,0.9879973118593528,1.0046296206358667,1.0022823442006827,5.026872407353852,0.1003144831915492,9.97761350066813,0.9448932500261977,48.612617279062164,2.999368481289508,0.20180437407478288,4.808439224483547,12.060656779544253,298.4912070548148,-0.22386499331869203,True,True,True,True,True,True,True,True
1375,28,5,5,200.4175614610024,0.9879973118593528,1.0046296206358667,1.0022823442006827,5.026872407353852,0.10009085445285727,10.01877845391697,0.9937724412677275,48.37850140566716,3.0007997807408566,0.20450159276350383,4.863472116312213,12.060656779544253,298.4912070548148,0.1877845391697086,True,True,True,True,True,True,True,True
1376,28,6,1,200.4175614610024,0.9879973118593528,1.0046296206358667,1.0022823442006827,5.026872407353852,0.10043671181639686,10.039770691152135,0.9587868436387327,47.2047806682022,3.0007201388683256,0.1954766272110349,4.849639908537106,12.060656779544253,298.4912070548148,0.3977069115213538,True,True,True,True,True,True,True,True
1377,28,6,2,200.4175614610024,0.9879973118593528,1.0046296206358667,1.0022823442006827,5.026872407353852,0.1001636744006393,10.001826430475193,0.965196983314057,48.24343156387758,2.9990328761430387,0.20247418868902453,4.8762580060946785,12.060656779544253,298.4912070548148,0.018264304751927085,True,True,True,True,True,True,True,True
1378,28,6,3,200.4175614610024,0.9879973118593528,1.0046296206358667,1.0022823442006827,5.026872407353852,0.10000180932893041,9.991443844900116,0.9819063201992481,46.50680359203989,2.9984402618264814,0.20315286640657304,4.916115153422292,12.060656779544253,298.4912070548148,-0.08556155099883611,True,True,True,True,True,True,True,True
1379,28,6,4,200.4175614610024,0.9879973118593528,1.0046296206358667,1.0022823442006827,5.026872407353852,0.10002075317968857,9.995289622077264,0.952380878457369,48.06929794386845,3.001913047911527,0.19750569148965294,4.771319166138737,12.060656779544253,298.4912070548148,-0.047103779227359865,True,True,True,True,True,True,True,True
1380,28,6,5,200.4175614610024,0.9879973118593528,1.0046296206358667,1.0022823442006827,5.026872407353852,0.10011402130779032,10.028538602709526,0.9759318314072059,50.07830770213554,3.000088639883028,0.19782633497633176,4.839608126179794,12.060656779544253,298.4912070548148,0.2853860270952602,True,True,True,True,True,True,True,True
1381,28,7,1,200.4175614610024,0.9879973118593528,1.0046296206358667,1.0022823442006827,5.026872407353852,0.10017587360703184,9.979433509905746,0.9593130966834554,48.34389427842152,3.0021836688687267,0.19590465427280096,4.850201026412027,12.060656779544253,298.4912070548148,-0.2056649009425371,True,True,True,True,True,True,True,True
1382,28,7,2,200.4175614610024,0.9879973118593528,1.0046296206358667,1.0022823442006827,5.026872407353852,0.10018107208564393,10.001535953562334,0.9781669940953248,49.97847078959203,3.001010672507502,0.20194562639752914,4.803919369119375,12.060656779544253,298.4912070548148,0.01535953562333603,True,True,True,True,True,True,True,True
1383,28,7,3,200.4175614610024,0.9879973118593528,1.0046296206358667,1.0022823442006827,5.026872407353852,0.10001003055684453,9.990623268445379,0.954997688619164,48.67501280160879,2.9993612332397164,0.19901211371266203,4.821022679089601,12.060656779544253,298.4912070548148,-0.09376731554620932,True,True,True,True,True,True,True,True
1384,28,7,4,200.4175614610024,0.9879973118593528,1.0046296206358667,1.0022823442006827,5.026872407353852,0.10028149261258382,10.039101953519072,0.9864398301819944,46.84667377361131,2.9946354343817583,0.20253936879714318,4.932332600437553,12.060656779544253,298.4912070548148,0.39101953519072197,True,True,True,True,True,True,True,True
1385,28,7,5,200.4175614610024,0.9879973118593528,1.0046296206358667,1.0022823442006827,5.026872407353852,0.10053700491672378,10.053249952397506,0.941780921492037,49.20950351988418,2.997905949261227,0.2016328394512248,4.818907400505317,12.060656779544253,298.4912070548148,0.5324995239750585,True,True,True,True,True,True,True,True
1386,28,8,1,200.4175614610024,0.9879973118593528,1.0046296206358667,1.0022823442006827,5.026872407353852,0.10002024677842485,10.021990506567597,0.985301066362663,48.10702352939606,2.99805143121292,0.19775344167168435,4.709025020752581,12.060656779544253,298.4912070548148,0.2199050656759738,True,True,True,True,True,True,True,True
1387,28,8,2,200.4175614610024,0.9879973118593528,1.0046296206358667,1.0022823442006827,5.026872407353852,0.10033645679410028,10.014923734303334,0.9665661519966205,48.25877939780138,2.998245591323606,0.2008706250256401,4.842316715631171,12.060656779544253,298.4912070548148,0.14923734303334157,True,True,True,True,True,True,True,True
1388,28,8,3,200.4175614610024,0.9879973118593528,1.0046296206358667,1.0022823442006827,5.026872407353852,0.10010926642833877,10.03422564462939,0.9673134359120723,47.712175761211206,2.998523243223564,0.19900411335135165,4.910659735029862,12.060656779544253,298.4912070548148,0.3422564462938915,True,True,True,True,True,True,True,True
1389,28,8,4,200.4175614610024,0.9879973118593528,1.0046296206358667,1.0022823442006827,5.026872407353852,0.10036384050498649,10.046184046578299,0.9870821207687288,46.97831287132602,3.000230533193201,0.20315581004520578,4.659106109457258,12.060656779544253,298.4912070548148,0.46184046578298776,True,True,True,True,True,True,True,True
1390,28,8,5,200.4175614610024,0.9879973118593528,1.0046296206358667,1.0022823442006827,5.026872407353852,0.10034220399432865,10.028800899482107,0.994544009319111,48.3064471433317,2.999543072112536,0.19973403738507914,4.8776227267299825,12.060656779544253,298.4912070548148,0.28800899482106956,True,True,True,True,True,True,True,True
1391,28,9,1,200.4175614610024,0.9879973118593528,1.0046296206358667,1.0022823442006827,5.026872407353852,0.10047278872900788,10.030489494466119,0.9646491724012058,47.15124981315346,2.9973942208466133,0.19831002593100183,4.8313488073153605,12.060656779544253,298.4912070548148,0.30489494466118927,True,True,True,True,True,True,True,True
1392,28,9,2,200.4175614610024,0.9879973118593528,1.0046296206358667,1.0022823442006827,5.026872407353852,0.1005378253299255,10.02651942442767,0.937472693444299,47.790519310905424,2.997224469371774,0.19948230498465752,4.650843061253237,12.060656779544253,298.4912070548148,0.265194244276703,True,True,True,True,True,True,True,True
1393,28,9,3,200.4175614610024,0.9879973118593528,1.0046296206358667,1.0022823442006827,5.026872407353852,0.09996992398475761,10.010252353073724,0.9663903724980084,48.21698249896998,2.999816790216935,0.19772216520913366,5.034159894012752,12.060656779544253,298.4912070548148,0.10252353073724406,True,True,True,True,True,True,True,True
1394,28,9,4,200.4175614610024,0.9879973118593528,1.0046296206358667,1.0022823442006827,5.026872407353852,0.10070631640431771,10.100199946544214,0.9489269767368956,47.42665071522276,3.00388365551198,0.19564336108409985,4.9138506637251815,12.060656779544253,298.4912070548148,1.001999465442136,True,True,True,True,True,True,True,True
1395,28,9,5,200.4175614610024,0.9879973118593528,1.0046296206358667,1.0022823442006827,5.026872407353852,0.10035004671006312,9.986557722844566,0.9603269553463583,49.00666823601854,3.0011068276225035,0.19203704812209477,5.007414766988923,12.060656779544253,298.4912070548148,-0.13442277155434113,True,True,True,True,True,True,True,True
1396,28,10,1,200.4175614610024,0.9879973118593528,1.0046296206358667,1.0022823442006827,5.026872407353852,0.10014140761945599,10.029234823353491,0.984857289321922,48.37128058137858,2.9978214547018975,0.20073832966313393,4.535186391589542,12.060656779544253,298.4912070548148,0.29234823353490924,True,True,True,True,True,True,True,True
1397,28,10,2,200.4175614610024,0.9879973118593528,1.0046296206358667,1.0022823442006827,5.026872407353852,0.10032083176776059,10.074793289804814,0.9487179356816441,48.69903053821103,2.9997436569644247,0.1939499539912296,4.969510069554169,12.060656779544253,298.4912070548148,0.7479328980481448,True,True,True,True,True,True,True,True
1398,28,10,3,200.4175614610024,0.9879973118593528,1.0046296206358667,1.0022823442006827,5.026872407353852,0.10050753552505332,10.064632260821245,0.9610996450613837,47.97937774987012,2.9990684788216955,0.2019880894588309,4.833292723201886,12.060656779544253,298.4912070548148,0.6463226082124507,True,True,True,True,True,True,True,True
1399,28,10,4,200.4175614610024,0.9879973118593528,1.0046296206358667,1.0022823442006827,5.026872407353852,0.10010499626936233,9.995679219993646,0.9594314764548969,47.705871431258664,3.0010160881392456,0.19945296551103364,4.743636931012786,12.060656779544253,298.4912070548148,-0.043207800063544965,True,True,True,True,True,True,True,True
1400,28,10,5,200.4175614610024,0.9879973118593528,1.0046296206358667,1.0022823442006827,5.026872407353852,0.10064932693290866,10.064747358241968,0.9965691761976143,47.32323532185275,2.998706830594199,0.2039772761453137,4.669412472480257,12.060656779544253,298.4912070548148,0.647473582419682,True,True,True,True,True,True,True,True
1401,29,1,1,200.1568556096747,1.0133396612498526,0.979491591128802,1.0097982369447207,4.9923923339130996,0.0997561140349406,9.948551029946936,1.1213569101565741,50.509552311023015,2.994757438564441,0.2133925517367003,5.0300131931258525,11.974074495899721,300.64954090879814,-0.5144897005306426,True,True,True,True,True,True,True,True
1402,29,1,2,200.1568556096747,1.0133396612498526,0.979491591128802,1.0097982369447207,4.9923923339130996,0.09964053779753752,9.944398297284115,1.094060914190921,50.03379853935893,3.0000879892811656,0.21368682064804193,4.815933347995106,11.974074495899721,300.64954090879814,-0.5560170271588483,True,True,True,True,True,True,True,True
1403,29,1,3,200.1568556096747,1.0133396612498526,0.979491591128802,1.0097982369447207,4.9923923339130996,0.09982753276063791,9.984697474199395,1.095464485617653,50.20258308247144,2.99805815348272,0.2177308634769066,4.7863878526009005,11.974074495899721,300.64954090879814,-0.15302525800604982,True,True,True,True,True,True,True,True
1404,29,1,4,200.1568556096747,1.0133396612498526,0.979491591128802,1.0097982369447207,4.9923923339130996,0.10002239910190067,9.971528954645771,1.1661558234253575,50.46126014818191,2.9967412385542147,0.21448453164733633,5.065669444868767,11.974074495899721,300.64954090879814,-0.2847104535422851,True,True,True,True,True,True,True,True
1405,29,1,5,200.1568556096747,1.0133396612498526,0.979491591128802,1.0097982369447207,4.9923923339130996,0.10004609248751181,10.040306625195857,1.0930297068891388,48.50043338899048,2.9988913665889907,0.21428641836711437,4.880883216599999,11.974074495899721,300.64954090879814,0.4030662519585703,True,True,True,True,True,True,True,True
1406,29,2,1,200.1568556096747,1.0133396612498526,0.979491591128802,1.0097982369447207,4.9923923339130996,0.09976561237787553,10.001138834927326,1.0548489492356123,50.38351191930386,3.000461179024222,0.21440395513095437,4.95386106875206,11.974074495899721,300.64954090879814,0.011388349273264708,True,True,True,True,True,True,True,True
1407,29,2,2,200.1568556096747,1.0133396612498526,0.979491591128802,1.0097982369447207,4.9923923339130996,0.10013679069435082,10.026008955385192,1.0909970009244783,49.33606927551709,2.998115934247939,0.20954075895736224,4.946998235384484,11.974074495899721,300.64954090879814,0.2600895538519232,True,True,True,True,True,True,True,True
1408,29,2,3,200.1568556096747,1.0133396612498526,0.979491591128802,1.0097982369447207,4.9923923339130996,0.09998164086845789,9.94822448857253,1.0970029287355314,49.40822487788449,2.999686472957313,0.21127934355663078,4.985851496843835,11.974074495899721,300.64954090879814,-0.5177551142747028,True,True,True,True,True,True,True,True
1409,29,2,4,200.1568556096747,1.0133396612498526,0.979491591128802,1.0097982369447207,4.9923923339130996,0.09997636045937897,9.96640990461268,1.14382189724373,50.89774004125958,2.9967043870087804,0.2184334023880793,4.794215436719514,11.974074495899721,300.64954090879814,-0.3359009538731961,True,True,True,True,True,True,True,True
1410,29,2,5,200.1568556096747,1.0133396612498526,0.979491591128802,1.0097982369447207,4.9923923339130996,0.10032236794541227,10.036344499350498,1.1176924331417326,50.31882270577589,2.997111484090906,0.21466727550398257,4.956031405613291,11.974074495899721,300.64954090879814,0.3634449935049844,True,True,True,True,True,True,True,True
1411,29,3,1,200.1568556096747,1.0133396612498526,0.979491591128802,1.0097982369447207,4.9923923339130996,0.09928696454150641,9.957210511312647,1.0761457996663115,49.04738585138666,2.9991898481402224,0.2148305665046473,4.476501149283741,11.974074495899721,300.64954090879814,-0.4278948868735278,True,True,True,True,True,True,True,True
1412,29,3,2,200.1568556096747,1.0133396612498526,0.979491591128802,1.0097982369447207,4.9923923339130996,0.0998078514702833,10.010699245534278,1.1059543159898737,48.37510599075477,2.9994663953995153,0.21415668154294737,5.095475351338609,11.974074495899721,300.64954090879814,0.10699245534278035,True,True,True,True,True,True,True,True
1413,29,3,3,200.1568556096747,1.0133396612498526,0.979491591128802,1.0097982369447207,4.9923923339130996,0.10028676515548225,10.023995546684594,1.1249656747708976,50.78533516612171,2.9956220223014203,0.21052106455810468,5.14784235043162,11.974074495899721,300.64954090879814,0.23995546684593808,True,True,True,True,True,True,True,True
1414,29,3,4,200.1568556096747,1.0133396612498526,0.979491591128802,1.0097982369447207,4.9923923339130996,0.10009037698098079,10.036321097519128,1.0787489011597524,50.14287823066968,2.9983386312590383,0.21204363092293693,4.796868041144401,11.974074495899721,300.64954090879814,0.3632109751912793,True,True,True,True,True,True,True,True
1415,29,3,5,200.1568556096747,1.0133396612498526,0.979491591128802,1.0097982369447207,4.9923923339130996,0.09995394185258444,9.955566224054866,1.1183902225108442,49.98602701661411,2.996077139009194,0.21402077945357664,4.884471926401196,11.974074495899721,300.64954090879814,-0.44433775945133647,True,True,True,True,True,True,True,True
1416,29,4,1,200.1568556096747,1.0133396612498526,0.979491591128802,1.0097982369447207,4.9923923339130996,0.1002440474509329,10.045058102302393,1.109144563622425,50.12094884292524,3.001324805417439,0.21286943496200042,4.745180656126048,11.974074495899721,300.64954090879814,0.45058102302393266,True,True,True,True,True,True,True,True
1417,29,4,2,200.1568556096747,1.0133396612498526,0.979491591128802,1.0097982369447207,4.9923923339130996,0.10078541290036262,10.090287084379046,1.0852658850559538,50.20353036678061,2.9950777679247826,0.21001389533242285,4.724690316498229,11.974074495899721,300.64954090879814,0.9028708437904598,True,True,True,True,True,True,True,True
1418,29,4,3,200.1568556096747,1.0133396612498526,0.979491591128802,1.0097982369447207,4.9923923339130996,0.09982518024301532,10.007831739088974,1.1053706525527318,48.62334188791245,2.9960486243640627,0.2150094166160239,5.0677615456202245,11.974074495899721,300.64954090879814,0.07831739088974388,True,True,True,True,True,True,True,True
1419,29,4,4,200.1568556096747,1.0133396612498526,0.979491591128802,1.0097982369447207,4.9923923339130996,0.1001977364557621,10.048053591569932,1.1027461408754968,50.007773708868804,2.9975057189562615,0.2167835693296854,4.848260340774987,11.974074495899721,300.64954090879814,0.4805359156993205,True,True,True,True,True,True,True,True
1420,29,4,5,200.1568556096747,1.0133396612498526,0.979491591128802,1.0097982369447207,4.9923923339130996,0.09986123061509665,9.98319011597563,1.121071774785699,49.69202658182314,2.9962023344131654,0.2114289313992856,5.126935767995754,11.974074495899721,300.64954090879814,-0.16809884024370447,True,True,True,True,True,True,True,True
1421,29,5,1,200.1568556096747,1.0133396612498526,0.979491591128802,1.0097982369447207,4.9923923339130996,0.09974180817051917,9.991005302490793,1.1047467267968216,51.44752846794271,2.9960881750185786,0.21367089846801052,4.93968256481552,11.974074495899721,300.64954090879814,-0.08994697509207228,True,True,True,True,True,True,True,True
1422,29,5,2,200.1568556096747,1.0133396612498526,0.979491591128802,1.0097982369447207,4.9923923339130996,0.1006162925154097,10.085654455620931,1.1148327140666145,49.68817831104498,2.99515827400899,0.21451913346966456,5.113327888729481,11.974074495899721,300.64954090879814,0.8565445562093109,True,True,True,True,True,True,True,True
1423,29,5,3,200.1568556096747,1.0133396612498526,0.979491591128802,1.0097982369447207,4.9923923339130996,0.10068378133492725,10.08650234144707,1.1199077504816217,49.62763106915974,2.9954614611038686,0.21234876782723378,5.181155855894833,11.974074495899721,300.64954090879814,0.8650234144706914,True,True,True,True,True,True,True,True
1424,29,5,4,200.1568556096747,1.0133396612498526,0.979491591128802,1.0097982369447207,4.9923923339130996,0.10009698103857174,10.00551204628611,1.1143400150963227,49.67115207323152,2.9984422421307273,0.21540240560388907,4.925929775775497,11.974074495899721,300.64954090879814,0.05512046286110461,True,True,True,True,True,True,True,True
1425,29,5,5,200.1568556096747,1.0133396612498526,0.979491591128802,1.0097982369447207,4.9923923339130996,0.09987826688170387,10.002277842557753,1.1060184739154393,50.98732667089531,2.9937682732248865,0.21451342078575084,4.8473789915744785,11.974074495899721,300.64954090879814,0.022778425577527628,True,True,True,True,True,True,True,True
1426,29,6,1,200.1568556096747,1.0133396612498526,0.979491591128802,1.0097982369447207,4.9923923339130996,0.1000547535050492,10.007984345793004,1.1204184519827236,51.13169078835196,2.9993658252345594,0.20697504230390013,5.130874832659836,11.974074495899721,300.64954090879814,0.07984345793003556,True,True,True,True,True,True,True,True
1427,29,6,2,200.1568556096747,1.0133396612498526,0.979491591128802,1.0097982369447207,4.9923923339130996,0.09962397005241562,10.007236275696346,1.0999209930331482,49.20567454660309,2.994978265902111,0.21177886691810757,4.876504841458362,11.974074495899721,300.64954090879814,0.07236275696346439,True,True,True,True,True,True,True,True
1428,29,6,3,200.1568556096747,1.0133396612498526,0.979491591128802,1.0097982369447207,4.9923923339130996,0.10003516046881948,9.942509825443874,1.0859960576080745,51.13607853436919,2.9992330937270757,0.2159786227120514,4.8625158036312275,11.974074495899721,300.64954090879814,-0.574901745561256,True,True,True,True,True,True,True,True
1429,29,6,4,200.1568556096747,1.0133396612498526,0.979491591128802,1.0097982369447207,4.9923923339130996,0.10010736743845569,10.009703667257186,1.098024016168457,49.22768163829606,2.997446015153359,0.2146152767957912,4.688076714958575,11.974074495899721,300.64954090879814,0.0970366725718641,True,True,True,True,True,True,True,True
1430,29,6,5,200.1568556096747,1.0133396612498526,0.979491591128802,1.0097982369447207,4.9923923339130996,0.10007504989946378,9.984592400976993,1.1325728560399904,49.313130353440265,2.996230357681952,0.21192623024270138,4.866615890495721,11.974074495899721,300.64954090879814,-0.15407599023006924,True,True,True,True,True,True,True,True
1431,29,7,1,200.1568556096747,1.0133396612498526,0.979491591128802,1.0097982369447207,4.9923923339130996,0.10004463347873316,10.014968674968227,1.111130527830535,50.087296702360916,2.995411869929814,0.21288665994478914,5.20146476633686,11.974074495899721,300.64954090879814,0.14968674968226736,True,True,True,True,True,True,True,True
1432,29,7,2,200.1568556096747,1.0133396612498526,0.979491591128802,1.0097982369447207,4.9923923339130996,0.10010962355712831,10.005500546073717,1.1188486554548704,50.35325474889204,2.99597046808619,0.2105027923636843,5.110977596069253,11.974074495899721,300.64954090879814,0.055005460737174154,True,True,True,True,True,True,True,True
1433,29,7,3,200.1568556096747,1.0133396612498526,0.979491591128802,1.0097982369447207,4.9923923339130996,0.10055717236892113,10.042334185855688,1.0996682129252042,51.06703843203274,2.9968080670668353,0.21489109100038245,5.176260170587625,11.974074495899721,300.64954090879814,0.4233418585568849,True,True,True,True,True,True,True,True
1434,29,7,4,200.1568556096747,1.0133396612498526,0.979491591128802,1.0097982369447207,4.9923923339130996,0.10011217735400037,10.045152828988124,1.106526174157082,49.937500644698176,2.996700136028461,0.20689630458788233,4.492532827704555,11.974074495899721,300.64954090879814,0.4515282898812423,True,True,True,True,True,True,True,True
1435,29,7,5,200.1568556096747,1.0133396612498526,0.979491591128802,1.0097982369447207,4.9923923339130996,0.10000217164935311,9.977744181510761,1.1274459895941165,50.72887600209083,2.998682498521314,0.21386907663477006,4.770204706089312,11.974074495899721,300.64954090879814,-0.2225581848923852,True,True,True,True,True,True,True,True
1436,29,8,1,200.1568556096747,1.0133396612498526,0.979491591128802,1.0097982369447207,4.9923923339130996,0.09994095833164013,10.020630859292297,1.1200490500344973,50.907197895080955,2.994856912809513,0.21044763507349978,4.903535923300732,11.974074495899721,300.64954090879814,0.20630859292296577,True,True,True,True,True,True,True,True
1437,29,8,2,200.1568556096747,1.0133396612498526,0.979491591128802,1.0097982369447207,4.9923923339130996,0.1001970862633399,9.969345565981202,1.0798863973617714,50.40651896226622,2.99442211743862,0.21634073105042756,4.916501589733274,11.974074495899721,300.64954090879814,-0.3065443401879797,True,True,True,True,True,True,True,True
1438,29,8,3,200.1568556096747,1.0133396612498526,0.979491591128802,1.0097982369447207,4.9923923339130996,0.10008676472075098,9.995856708070802,1.136922276731823,50.478578237209675,2.9980837822112427,0.21158171764117686,4.92987501562191,11.974074495899721,300.64954090879814,-0.04143291929198156,True,True,True,True,True,True,True,True
1439,29,8,4,200.1568556096747,1.0133396612498526,0.979491591128802,1.0097982369447207,4.9923923339130996,0.09997361685643844,9.977301019305619,1.08977029145641,50.537482047980525,2.9969378412472323,0.21617619728825999,4.891482570671201,11.974074495899721,300.64954090879814,-0.2269898069438092,True,True,True,True,True,True,True,True
1440,29,8,5,200.1568556096747,1.0133396612498526,0.979491591128802,1.0097982369447207,4.9923923339130996,0.0999291879646125,10.005694430954124,1.0762264594378634,48.39737032328639,2.996000708428328,0.2119409817488378,5.013459882123137,11.974074495899721,300.64954090879814,0.0569443095412403,True,True,True,True,True,True,True,True
1441,29,9,1,200.1568556096747,1.0133396612498526,0.979491591128802,1.0097982369447207,4.9923923339130996,0.09999464103209657,9.992835684194032,1.115388006996119,48.43952006325676,2.996176521156085,0.21357622941203663,5.027890246122229,11.974074495899721,300.64954090879814,-0.07164315805967547,True,True,True,True,True,True,True,True
1442,29,9,2,200.1568556096747,1.0133396612498526,0.979491591128802,1.0097982369447207,4.9923923339130996,0.10007568438699684,9.987066992880845,1.1231505678648384,48.94446806546705,2.994537881318295,0.2138740545445806,5.087454514468881,11.974074495899721,300.64954090879814,-0.1293300711915535,True,True,True,True,True,True,True,True
1443,29,9,3,200.1568556096747,1.0133396612498526,0.979491591128802,1.0097982369447207,4.9923923339130996,0.09970059842554566,9.983362834668599,1.1229160747421907,50.71999137857102,2.9988389865698064,0.20736614760464867,4.887511642960022,11.974074495899721,300.64954090879814,-0.1663716533140125,True,True,True,True,True,True,True,True
1444,29,9,4,200.1568556096747,1.0133396612498526,0.979491591128802,1.0097982369447207,4.9923923339130996,0.09988712641231856,9.980052349590494,1.0944124755399685,51.18253817065997,2.996059893872012,0.21948085373812384,5.006051263781453,11.974074495899721,300.64954090879814,-0.1994765040950597,True,True,True,True,True,True,True,True
1445,29,9,5,200.1568556096747,1.0133396612498526,0.979491591128802,1.0097982369447207,4.9923923339130996,0.09998213349113153,10.003055683928181,1.1084455635519008,49.920175457031384,2.997010340326539,0.2158606504718819,5.263691181969561,11.974074495899721,300.64954090879814,0.03055683928181452,True,True,True,True,True,True,True,True
1446,29,10,1,200.1568556096747,1.0133396612498526,0.979491591128802,1.0097982369447207,4.9923923339130996,0.1003584558605192,10.047551434128048,1.0967560709209803,50.354064063504836,2.9980399318885524,0.2113019849596653,4.732158715355405,11.974074495899721,300.64954090879814,0.4755143412804763,True,True,True,True,True,True,True,True
1447,29,10,2,200.1568556096747,1.0133396612498526,0.979491591128802,1.0097982369447207,4.9923923339130996,0.0998492970081013,9.99915867908438,1.0513297250738984,49.705776277327914,2.9976010036249168,0.20932571235694583,5.005017649362037,11.974074495899721,300.64954090879814,-0.008413209156206136,True,True,True,True,True,True,True,True
1448,29,10,3,200.1568556096747,1.0133396612498526,0.979491591128802,1.0097982369447207,4.9923923339130996,0.1003484533741899,10.056462953466697,1.1265549283703695,49.94214718745294,2.997659542100124,0.20784020104920012,5.179644161848271,11.974074495899721,300.64954090879814,0.5646295346669739,True,True,True,True,True,True,True,True
1449,29,10,4,200.1568556096747,1.0133396612498526,0.979491591128802,1.0097982369447207,4.9923923339130996,0.09967618995991522,9.980332541160868,1.137630068642123,50.8207084440491,2.99705866079032,0.21193408841219702,4.778872741272337,11.974074495899721,300.64954090879814,-0.19667458839132124,True,True,True,True,True,True,True,True
1450,29,10,5,200.1568556096747,1.0133396612498526,0.979491591128802,1.0097982369447207,4.9923923339130996,0.10032520794159949,10.041599007655886,1.1302079455826473,50.233272139960164,2.998060673663185,0.21328815830280481,4.932354850504263,11.974074495899721,300.64954090879814,0.4159900765588631,True,True,True,True,True,True,True,True
1451,30,1,1,200.05983306485604,0.98987926572639,0.9992791331738504,1.0067215882783724,5.005521226208178,0.10001234982754971,9.998024944382296,0.9969576736560428,51.64547564164741,3.000797616491039,0.19769077375217042,4.811886747519713,12.01704317386858,299.57452494040365,-0.01975055617704058,True,True,True,True,True,True,True,True
1452,30,1,2,200.05983306485604,0.98987926572639,0.9992791331738504,1.0067215882783724,5.005521226208178,0.09984483295615525,9.995047703439273,0.9965451699749803,50.65061022873048,3.0002917134784326,0.1894637454362835,4.854133306025641,12.01704317386858,299.57452494040365,-0.04952296560727376,True,True,True,True,True,True,True,True
1453,30,1,3,200.05983306485604,0.98987926572639,0.9992791331738504,1.0067215882783724,5.005521226208178,0.10050448715679172,10.051779596339557,1.03982679016366,51.29938378890335,3.000738071837845,0.19026108846205617,4.612619308018788,12.01704317386858,299.57452494040365,0.5177959633955709,True,True,True,True,True,True,True,True
1454,30,1,4,200.05983306485604,0.98987926572639,0.9992791331738504,1.0067215882783724,5.005521226208178,0.10021436676744222,10.002472312811207,1.0312736897777555,52.101006673021914,3.004182334953465,0.19542528745249174,4.793595154642066,12.01704317386858,299.57452494040365,0.024723128112071894,True,True,True,True,True,True,True,True
1455,30,1,5,200.05983306485604,0.98987926572639,0.9992791331738504,1.0067215882783724,5.005521226208178,0.09989491911203743,10.027801364588045,1.0297631982143993,52.897249246169736,3.0027085339153023,0.19239099818029776,4.7147800133901665,12.01704317386858,299.57452494040365,0.27801364588045274,True,True,True,True,True,True,True,True
1456,30,2,1,200.05983306485604,0.98987926572639,0.9992791331738504,1.0067215882783724,5.005521226208178,0.10031764570305927,9.964900192796541,1.0410884626201429,50.532893138064146,3.00212442032939,0.1933440616011369,4.612294962485237,12.01704317386858,299.57452494040365,-0.3509980720345851,True,True,True,True,True,True,True,True
1457,30,2,2,200.05983306485604,0.98987926572639,0.9992791331738504,1.0067215882783724,5.005521226208178,0.1001422776376703,10.012191003384316,1.0430445781349464,52.144335372976116,3.000756817128417,0.19432872593056438,4.90132469276786,12.01704317386858,299.57452494040365,0.12191003384316446,True,True,True,True,True,True,True,True
1458,30,2,3,200.05983306485604,0.98987926572639,0.9992791331738504,1.0067215882783724,5.005521226208178,0.10032329599907959,10.01294472463524,1.0111038710084252,50.8306590104055,2.9995971861767097,0.1973234009313919,5.021959363907337,12.01704317386858,299.57452494040365,0.1294472463523988,True,True,True,True,True,True,True,True
1459,30,2,4,200.05983306485604,0.98987926572639,0.9992791331738504,1.0067215882783724,5.005521226208178,0.10017302793039176,10.034722012002192,1.0540124118159002,52.47023970215675,2.999913962448372,0.19831211629772114,4.575591616394685,12.01704317386858,299.57452494040365,0.34722012002191605,True,True,True,True,True,True,True,True
1460,30,2,5,200.05983306485604,0.98987926572639,0.9992791331738504,1.0067215882783724,5.005521226208178,0.10033533633069612,10.04808112215311,1.009273301996099,52.391846652140615,3.000996125753772,0.19718307526568124,4.588720146856373,12.01704317386858,299.57452494040365,0.4808112215311055,True,True,True,True,True,True,True,True
1461,30,3,1,200.05983306485604,0.98987926572639,0.9992791331738504,1.0067215882783724,5.005521226208178,0.10028347929518387,10.004135568055428,1.0468208819412208,52.890464024143455,2.9982600660558885,0.19699427797366767,4.645932900318163,12.01704317386858,299.57452494040365,0.041355680554282515,True,True,True,True,True,True,True,True
1462,30,3,2,200.05983306485604,0.98987926572639,0.9992791331738504,1.0067215882783724,5.005521226208178,0.10049128265489715,9.974535515762533,1.0155033874180277,50.9847839836329,3.0007672116673314,0.19765860779358996,4.642464410401703,12.01704317386858,299.57452494040365,-0.2546448423746739,True,True,True,True,True,True,True,True
1463,30,3,3,200.05983306485604,0.98987926572639,0.9992791331738504,1.0067215882783724,5.005521226208178,0.1001733782815688,9.990026977804561,0.9880297402606318,51.0796605511621,3.000098212926116,0.1986436432106139,4.729027623267973,12.01704317386858,299.57452494040365,-0.09973022195438828,True,True,True,True,True,True,True,True
1464,30,3,4,200.05983306485604,0.98987926572639,0.9992791331738504,1.0067215882783724,5.005521226208178,0.09995150710641515,10.00870878524913,1.0016941245734172,51.32445807767983,3.0058022455133884,0.19554747690698412,4.618696219796197,12.01704317386858,299.57452494040365,0.08708785249130102,True,True,True,True,True,True,True,True
1465,30,3,5,200.05983306485604,0.98987926572639,0.9992791331738504,1.0067215882783724,5.005521226208178,0.10020278733473896,9.948867960113787,1.030404635463506,52.9154983449113,2.9987246097366556,0.19562955472757626,4.906981302098666,12.01704317386858,299.57452494040365,-0.5113203988621251,True,True,True,True,True,True,True,True
1466,30,4,1,200.05983306485604,0.98987926572639,0.9992791331738504,1.0067215882783724,5.005521226208178,0.10015335081257928,10.021600412757442,1.0385452298819382,54.39385646661582,2.99982300213139,0.20038556898827903,4.918508886165037,12.01704317386858,299.57452494040365,0.21600412757441845,True,True,True,True,True,True,True,True
1467,30,4,2,200.05983306485604,0.98987926572639,0.9992791331738504,1.0067215882783724,5.005521226208178,0.10065382568888674,10.120945004716516,1.020799907573388,51.19138655099342,2.9988907013700397,0.19276715585171236,4.572219937465598,12.01704317386858,299.57452494040365,1.2094500471651592,True,True,True,True,True,True,True,True
1468,30,4,3,200.05983306485604,0.98987926572639,0.9992791331738504,1.0067215882783724,5.005521226208178,0.10005799737369651,10.008356345909917,1.0445208193650148,52.02107341643124,3.003300109795183,0.19576302263819667,4.819167210907921,12.01704317386858,299.57452494040365,0.0835634590991674,True,True,True,True,True,True,True,True
1469,30,4,4,200.05983306485604,0.98987926572639,0.9992791331738504,1.0067215882783724,5.005521226208178,0.10018491630588573,10.016126711574454,1.0139756644479296,50.46379065426275,3.002020453380474,0.19775676800102387,4.6152470290978655,12.01704317386858,299.57452494040365,0.16126711574454333,True,True,True,True,True,True,True,True
1470,30,4,5,200.05983306485604,0.98987926572639,0.9992791331738504,1.0067215882783724,5.005521226208178,0.1000333898718107,10.012173182499742,1.0467631774035602,52.42449326220611,3.0028287436277328,0.1922478503770985,4.506626443497371,12.01704317386858,299.57452494040365,0.12173182499742197,True,True,True,True,True,True,True,True
1471,30,5,1,200.05983306485604,0.98987926572639,0.9992791331738504,1.0067215882783724,5.005521226208178,0.10007484985774306,9.976274402988523,0.9851108136410353,52.508089190170885,3.006884167338254,0.19396555316409628,4.726463191710621,12.01704317386858,299.57452494040365,-0.2372559701147736,True,True,True,True,True,True,True,True
1472,30,5,2,200.05983306485604,0.98987926572639,0.9992791331738504,1.0067215882783724,5.005521226208178,0.0997802648972908,9.983822465715471,1.0472149990315387,52.68828325981235,3.000696684135533,0.1961328799182047,4.83306665033446,12.01704317386858,299.57452494040365,-0.16177534284528505,True,True,True,True,True,True,True,True
1473,30,5,3,200.05983306485604,0.98987926572639,0.9992791331738504,1.0067215882783724,5.005521226208178,0.1002372872645072,10.04011710383177,0.9922639524875005,53.31388911226011,2.9982565469740607,0.1966795406909873,4.835871180587393,12.01704317386858,299.57452494040365,0.40117103831770246,True,True,True,True,True,True,True,True
1474,30,5,4,200.05983306485604,0.98987926572639,0.9992791331738504,1.0067215882783724,5.005521226208178,0.10040569611958947,10.012764974112104,1.0211611342598432,51.56620313679583,3.0036541604521183,0.19845504889150328,4.600416484267322,12.01704317386858,299.57452494040365,0.12764974112103644,True,True,True,True,True,True,True,True
1475,30,5,5,200.05983306485604,0.98987926572639,0.9992791331738504,1.0067215882783724,5.005521226208178,0.10000606096418417,9.965028143907855,0.9869151140383494,51.21405900528936,3.000415193552799,0.19283081161476173,4.721875589045647,12.01704317386858,299.57452494040365,-0.3497185609214526,True,True,True,True,True,True,True,True
1476,30,6,1,200.05983306485604,0.98987926572639,0.9992791331738504,1.0067215882783724,5.005521226208178,0.09998845044465539,10.015189890423505,1.0405252969661336,52.65816768563019,3.0013517397192104,0.1936441184043454,5.0823932793310655,12.01704317386858,299.57452494040365,0.15189890423505048,True,True,True,True,True,True,True,True
1477,30,6,2,200.05983306485604,0.98987926572639,0.9992791331738504,1.0067215882783724,5.005521226208178,0.10046650835739251,10.019498346705278,1.0196606263846595,51.91761406518213,3.001234760800849,0.1920667340307721,4.493518905536406,12.01704317386858,299.57452494040365,0.1949834670527828,True,True,True,True,True,True,True,True
1478,30,6,3,200.05983306485604,0.98987926572639,0.9992791331738504,1.0067215882783724,5.005521226208178,0.10005285904361719,10.000716697635545,1.0196976277094554,52.72113444296124,3.0045831995728522,0.19699816872727022,4.616236310130135,12.01704317386858,299.57452494040365,0.007166976355446052,True,True,True,True,True,True,True,True
1479,30,6,4,200.05983306485604,0.98987926572639,0.9992791331738504,1.0067215882783724,5.005521226208178,0.10047686946080668,10.056949669500579,1.0215293048722898,52.64341843188669,3.004328781177307,0.19803145553043805,4.808604589131387,12.01704317386858,299.57452494040365,0.5694966950057889,True,True,True,True,True,True,True,True
1480,30,6,5,200.05983306485604,0.98987926572639,0.9992791331738504,1.0067215882783724,5.005521226208178,0.10015335144036656,9.979441410344426,1.0213308347141603,53.72720263051057,3.0031751490994827,0.19620787842500886,4.651328561933757,12.01704317386858,299.57452494040365,-0.20558589655573556,True,True,True,True,True,True,True,True
1481,30,7,1,200.05983306485604,0.98987926572639,0.9992791331738504,1.0067215882783724,5.005521226208178,0.10047743858090935,10.037887530430636,1.0250134403149131,52.40681247924548,3.000531626354449,0.19360503504393006,4.674314793212798,12.01704317386858,299.57452494040365,0.37887530430635863,True,True,True,True,True,True,True,True
1482,30,7,2,200.05983306485604,0.98987926572639,0.9992791331738504,1.0067215882783724,5.005521226208178,0.1001358433830925,10.041719634603034,1.0747310099240734,51.2263537510614,3.000318252561139,0.2003416086245551,4.5982773095478455,12.01704317386858,299.57452494040365,0.41719634603033745,True,True,True,True,True,True,True,True
1483,30,7,3,200.05983306485604,0.98987926572639,0.9992791331738504,1.0067215882783724,5.005521226208178,0.09997556838662615,9.980100167019438,1.0147409506054677,52.60495847542472,3.0013735988961168,0.19729268219155216,4.732770829343451,12.01704317386858,299.57452494040365,-0.19899832980561524,True,True,True,True,True,True,True,True
1484,30,7,4,200.05983306485604,0.98987926572639,0.9992791331738504,1.0067215882783724,5.005521226208178,0.10002086694309983,9.984941014796112,1.0264651517250047,51.862707699468665,3.0058060147702,0.19943070233217924,4.679096441239713,12.01704317386858,299.57452494040365,-0.15058985203888042,True,True,True,True,True,True,True,True
1485,30,7,5,200.05983306485604,0.98987926572639,0.9992791331738504,1.0067215882783724,5.005521226208178,0.10005565474515761,10.02846844827333,1.0136046538668624,51.08657858016706,3.003188085493117,0.19673790490301482,4.911665297159976,12.01704317386858,299.57452494040365,0.2846844827332973,True,True,True,True,True,True,True,True
1486,30,8,1,200.05983306485604,0.98987926572639,0.9992791331738504,1.0067215882783724,5.005521226208178,0.10003195191049181,10.00691864310825,1.040135433836941,52.683129232841324,2.9978780285821243,0.19683315245569813,4.914757287953923,12.01704317386858,299.57452494040365,0.06918643108249967,True,True,True,True,True,True,True,True
1487,30,8,2,200.05983306485604,0.98987926572639,0.9992791331738504,1.0067215882783724,5.005521226208178,0.10053072431665587,10.039461944546135,1.0485127468743056,51.7322353672718,3.001754515215491,0.1968521606530988,4.959782181955758,12.01704317386858,299.57452494040365,0.3946194454613483,True,True,True,True,True,True,True,True
1488,30,8,3,200.05983306485604,0.98987926572639,0.9992791331738504,1.0067215882783724,5.005521226208178,0.10013261334148128,9.963888145453826,1.0033779322248917,50.95681174272865,3.0009018519276736,0.20054311328202853,5.100217647031302,12.01704317386858,299.57452494040365,-0.3611185454617427,True,True,True,True,True,True,True,True
1489,30,8,4,200.05983306485604,0.98987926572639,0.9992791331738504,1.0067215882783724,5.005521226208178,0.10055322069720853,10.019115401796595,1.0419089095941192,53.23834727817785,3.000577360279087,0.1956447012977508,4.744499785851711,12.01704317386858,299.57452494040365,0.19115401796595322,True,True,True,True,True,True,True,True
1490,30,8,5,200.05983306485604,0.98987926572639,0.9992791331738504,1.0067215882783724,5.005521226208178,0.10014450772640061,10.03385475822023,1.0395882483184822,51.73454523354576,3.003135423037548,0.19632979948757975,4.860841005193891,12.01704317386858,299.57452494040365,0.3385475822022954,True,True,True,True,True,True,True,True
1491,30,9,1,200.05983306485604,0.98987926572639,0.9992791331738504,1.0067215882783724,5.005521226208178,0.10004514020255942,9.974625810602316,1.0115258810732537,50.93902092235103,2.9994697123769276,0.1988548691616053,4.87660171776859,12.01704317386858,299.57452494040365,-0.2537418939768443,True,True,True,True,True,True,True,True
1492,30,9,2,200.05983306485604,0.98987926572639,0.9992791331738504,1.0067215882783724,5.005521226208178,0.10055340701971498,10.001157369875715,1.0028701197387622,51.18264977101046,3.0012868916462234,0.19503522460137743,4.835876065579272,12.01704317386858,299.57452494040365,0.011573698757150197,True,True,True,True,True,True,True,True
1493,30,9,3,200.05983306485604,0.98987926572639,0.9992791331738504,1.0067215882783724,5.005521226208178,0.10009307580393707,10.004678344921523,1.0480504053624748,52.43363711819198,3.0013430594889665,0.19548064591797168,4.6010839019955565,12.01704317386858,299.57452494040365,0.04678344921522637,True,True,True,True,True,True,True,True
1494,30,9,4,200.05983306485604,0.98987926572639,0.9992791331738504,1.0067215882783724,5.005521226208178,0.1001253901817021,9.996020637272844,0.9990424821168535,52.429028870942815,3.0032183004235065,0.19340811162777372,4.760156479148703,12.01704317386858,299.57452494040365,-0.03979362727156044,True,True,True,True,True,True,True,True
1495,30,9,5,200.05983306485604,0.98987926572639,0.9992791331738504,1.0067215882783724,5.005521226208178,0.10024382749388128,10.039799124129061,1.0412430480922406,51.89428167646352,3.001538499397299,0.19843008495857825,4.989180819450481,12.01704317386858,299.57452494040365,0.3979912412906117,True,True,True,True,True,True,True,True
1496,30,10,1,200.05983306485604,0.98987926572639,0.9992791331738504,1.0067215882783724,5.005521226208178,0.10040918709431415,10.026836460707056,1.006764145711375,51.54961805639077,3.002038898682189,0.19779914146998306,4.555516076550203,12.01704317386858,299.57452494040365,0.2683646070705592,True,True,True,True,True,True,True,True
1497,30,10,2,200.05983306485604,0.98987926572639,0.9992791331738504,1.0067215882783724,5.005521226208178,0.10023571019504042,10.031336436772403,1.0506023053697373,50.60206195047193,3.0037320459544183,0.19978130915566622,4.849523070719314,12.01704317386858,299.57452494040365,0.3133643677240272,True,True,True,True,True,True,True,True
1498,30,10,3,200.05983306485604,0.98987926572639,0.9992791331738504,1.0067215882783724,5.005521226208178,0.10023857922541836,9.999874949252455,1.0607985780676035,52.35558633168575,3.002475878186431,0.197053646054668,4.915827800689917,12.01704317386858,299.57452494040365,-0.0012505074754542989,True,True,True,True,True,True,True,True
1499,30,10,4,200.05983306485604,0.98987926572639,0.9992791331738504,1.0067215882783724,5.005521226208178,0.10055344937372485,10.045622690151063,1.0178783226190613,52.80248490079127,3.0008566832161088,0.19419635885925196,4.748323064629987,12.01704317386858,299.57452494040365,0.4562269015106324,True,True,True,True,True,True,True,True
1500,30,10,5,200.05983306485604,0.98987926572639,0.9992791331738504,1.0067215882783724,5.005521226208178,0.10033471750327176,10.027063221713213,1.0211209713319893,52.4624157500312,3.0014761735951674,0.2047287510038662,4.685164305480343,12.01704317386858,299.57452494040365,0.2706322171321318,True,True,True,True,True,True,True,True
