Theta_deg,2Theta_deg,Measured_Reflectivity,Fitted_Reflectivity
0.05,0.1,0.8184722892723126,0.8298843476174969
0.052476238119059535,0.10495247623811907,0.8022795575844635,0.8230322935607836
0.054952476238119066,0.10990495247623813,0.8028711797257997,0.8159006387159798
0.05742871435717859,0.11485742871435718,0.8039847819195762,0.8084964336721623
0.05990495247623812,0.11980990495247625,0.7738752707289198,0.8008269981564456
0.062381190595297654,0.12476238119059531,0.764190390003366,0.792899913757679
0.06485742871435718,0.12971485742871436,0.7748112825079424,0.7847230163900761
0.06733366683341671,0.13466733366683342,0.755205170045841,0.7763043885043054
0.06980990495247624,0.13961980990495249,0.730898245087714,0.7676523510538096
0.07228614307153577,0.14457228614307155,0.7312118930216144,0.7587754552243733
0.0747623811905953,0.1495247623811906,0.7093402890508496,0.7496824739351886
0.07723861930965484,0.15447723861930968,0.6981735402741498,0.7403823931199027
0.07971485742871437,0.15942971485742874,0.694172264613781,0.7308844027963427
0.0821910955477739,0.1643821910955478,0.6605329495751144,0.7211978879338303
0.08466733366683342,0.16933466733366684,0.6509729621439407,0.7113324191271976
0.08714357178589295,0.1742871435717859,0.650781857320644,0.7012977430868054
0.08961980990495248,0.17923961980990497,0.6344392791278671,0.6911037729540545
0.09209604802401201,0.18419209604802403,0.6349852776032711,0.6807605784520466
0.09457228614307155,0.1891445722861431,0.6112310417081761,0.6702783758812242
0.09704852426213106,0.19409704852426213,0.5943729820639829,0.6596675179699604
0.0995247623811906,0.1990495247623812,0.6077939189300806,0.6489384835902307
0.10200100050025013,0.20400200100050025,0.5801617270463977,0.6381018673486141
0.10447723861930966,0.20895447723861932,0.5700716210606065,0.627168369063012
0.10695347673836919,0.21390695347673838,0.5449196645753216,0.6161487831355712
0.10942971485742872,0.21885942971485745,0.5396802361648022,0.6050539878324115
0.11190595297648825,0.2238119059529765,0.5323062345924398,0.5938949344808465
0.11438219109554779,0.22876438219109557,0.5097754066006888,0.5826826365948642
0.11685842921460732,0.23371685842921464,0.5089187599926089,0.5714281589397137
0.11933466733366684,0.23866933466733367,0.4889987972742882,0.5601426065464916
0.12181090545272637,0.24362181090545273,0.4787759619019825,0.5488371136876832
0.1242871435717859,0.2485742871435718,0.46416140209491014,0.5375228328246437
0.12676338169084544,0.2535267633816909,0.468655911816048,0.5262109235380342
0.12923961980990495,0.2584792396198099,0.4435990015247924,0.5149125414522414
0.1317158579289645,0.263431715857929,0.42466435737154407,0.5036388271648199
0.134192096048024,0.268384192096048,0.4246424625004858,0.49240089519198277
0.13666833416708357,0.27333666833416714,0.40010937501152555,0.4812098229411555
0.13914457228614308,0.27828914457228615,0.3970838255160068,0.4700766397215742
0.1416208104052026,0.2832416208104052,0.3729968753103641,0.4590123158038758
0.14409704852426214,0.2881940970485243,0.3655061069400899,0.44802775153957386
0.14657328664332167,0.29314657328664334,0.36285459523563135,0.4371337665512539
0.1490495247623812,0.2980990495247624,0.3547441771265863,0.42634108900425144
0.15152576288144073,0.30305152576288147,0.34103834876902017,0.4156603449704887
0.15400200100050027,0.30800400200100053,0.3291462177490451,0.40510204789506143
0.1564782391195598,0.3129564782391196,0.31809019134055905,0.394676588176055
0.15895447723861933,0.31790895447723866,0.3027553938813789,0.3843942228679587
0.16143071535767883,0.32286143071535767,0.2967574699783409,0.3742650655189231
0.1639069534767384,0.3278139069534768,0.28866066627975395,0.3642990761519654
0.1663831915957979,0.3327663831915958,0.2861167666203034,0.354506051400094
0.16885942971485746,0.3377188594297149,0.2743595861551125,0.344895614805152
0.17133566783391696,0.3426713356678339,0.25758878177463523,0.3354772072900329
0.17381190595297652,0.34762381190595304,0.25780782430212595,0.32626007781372973
0.17628814407203602,0.35257628814407205,0.2474490892812381,0.317253274218513
0.17876438219109558,0.35752876438219117,0.2391207809166332,0.3084656342783212
0.1812406203101551,0.3624812406203102,0.23678327961145493,0.29990577695726284
0.18371685842921465,0.3674337168584293,0.23159279371828215,0.29158209388690554
0.18619309654827415,0.3723861930965483,0.22498708462027606,0.28350274107081347
0.18866933466733365,0.3773386693346673,0.213382938482197,0.2756756308245675
0.19114557278639321,0.38229114557278643,0.2097429235715015,0.2681084239592611
0.19362181090545272,0.38724362181090544,0.2067673616803978,0.26080852221622786
0.19609804902451228,0.39219609804902456,0.2041275645979685,0.2537830609604955
0.19857428714357178,0.39714857428714356,0.19562534221244343,0.247038902140213
0.20105052526263134,0.4021010505252627,0.1927856541692726,0.24058262751901996
0.20352676338169085,0.4070535267633817,0.18688178943573971,0.23442053218806252
0.2060030015007504,0.4120060030015008,0.18382116628428166,0.22855861836407185
0.2084792396198099,0.4169584792396198,0.18701226604775267,0.2230025894796445
0.21095547773886947,0.42191095547773894,0.18649875400264262,0.2177578445715604
0.21343171585792897,0.42686343171585794,0.1810460689382737,0.21282947297268529
0.21590795397698853,0.43181590795397706,0.18285843925801407,0.20822224931269268
0.21838419209604804,0.43676838419209607,0.18046982137701334,0.20394062883253938
0.2208604302151076,0.4417208604302152,0.17755588601719988,0.1999887430173045
0.2233366683341671,0.4466733366683342,0.18050416472744726,0.19637039555169536
0.22581290645322666,0.4516258129064533,0.1843736573932958,0.1930890586021877
0.22828914457228616,0.4565782891445723,0.18124750994346558,0.19014786942945436
0.23076538269134567,0.46153076538269133,0.18720933589527658,0.1875496273343932
0.23324162081040523,0.46648324162081045,0.17766107814834603,0.18529679094074256
0.23571785892946473,0.47143571785892946,0.1896874749863673,0.18339147581692924
0.2381940970485243,0.4763881940970486,0.19050960929573946,0.18183545243945598
0.2406703351675838,0.4813406703351676,0.19270749153153163,0.18063014449979695
0.24314657328664335,0.4862931465732867,0.19758824672952316,0.17977662755642296
0.24562281140570286,0.4912456228114057,0.19547244221402046,0.17927562803323555
0.24809904952476242,0.49619809904952483,0.20537916790684024,0.17912752256534228
0.2505752876438219,0.5011505752876438,0.21217800666741185,0.17933233769275822
0.2530515257628815,0.506103051525763,0.2212390747057973,0.1798897499022723
0.255527763881941,0.511055527763882,0.22050393614068317,0.18079908601736883
0.25800400200100054,0.5160080040020011,0.22564204229432985,0.18205932393574714
0.26048024012006005,0.5209604802401201,0.23320610913946935,0.18366909371363546
0.2629564782391196,0.5259129564782392,0.2452325099440476,0.18562667899574964
0.2654327163581791,0.5308654327163582,0.2504408701843328,0.18793001878940147
0.2679089544772386,0.5358179089544772,0.2548275325258749,0.19057670958091952
0.2703851925962982,0.5407703851925963,0.26691071490058316,0.19356400779220218
0.2728614307153577,0.5457228614307154,0.2736079187765711,0.19688883257488582
0.27533766883441724,0.5506753376688345,0.2859695629141494,0.2005477689392732
0.27781390695347674,0.5556278139069535,0.28778945778293497,0.20453707121483225
0.2802901450725363,0.5605802901450726,0.2986586366078242,0.20885266683875023
0.2827663831915958,0.5655327663831916,0.30788497259044734,0.21349016046869207
0.28524262131065536,0.5704852426213107,0.31254344600338574,0.21844483841560278
0.28771885942971487,0.5754377188594297,0.331141963781842,0.22371167339205866
0.2901950975487744,0.5803901950975489,0.3413823052852033,0.2292853295713751
0.29267133566783393,0.5853426713356679,0.35069184255445895,0.2351601679523525
0.2951475737868935,0.590295147573787,0.36023483695259934,0.24133025202425631
0.297623811905953,0.595247623811906,0.3646532604371982,0.24778935372630972
0.3001000500250125,0.600200100050025,0.3813974840863318,0.2545309596957002
0.30257628814407206,0.6051525762881441,0.39322967209690546,0.2615482777978084
0.30505252626313156,0.6101050525262631,0.4019792183267158,0.26883424393208166
0.3075287643821911,0.6150575287643822,0.41763391864393734,0.27638152910671643
0.3100050025012506,0.6200100050025013,0.43316970413920614,0.28418254677502824
0.3124812406203102,0.6249624812406204,0.45512339377663324,0.29222946042614584
0.3149574787393697,0.6299149574787394,0.4559448739331065,0.3005141914223979
0.31743371685842925,0.6348674337168585,0.468808229079459,0.30902842707553196
0.31990995497748875,0.6398199099549775,0.47880048852867135,0.31776362895365634
0.3223861930965483,0.6447723861930966,0.4775807492618576,0.32671104141057383
0.3248624312156078,0.6497248624312156,0.5039815814677884,0.3358617003289545
0.3273386693346673,0.6546773386693346,0.5171323922648331,0.3452064420685831
0.3298149074537269,0.6596298149074538,0.5487205533431805,0.35473591261071563
0.3322911455727864,0.6645822911455728,0.5401121540208262,0.3644405768893842
0.33476738369184594,0.6695347673836919,0.5566763999655084,0.37431072830030737
0.33724362181090545,0.6744872436218109,0.5663418071542281,0.3843364983778833
0.339719859929965,0.67943971985993,0.5689096735484688,0.39450786663058796
0.3421960980490245,0.684392196098049,0.601564240515001,0.4048146705249301
0.34467233616808407,0.6893446723361681,0.6105260159178154,0.41524661560798687
0.3471485742871436,0.6942971485742871,0.6232261338397476,0.4257932857583893
0.34962481240620313,0.6992496248124063,0.6194477498264039,0.43644415355551747
0.35210105052526264,0.7042021010505253,0.6534574123600974,0.44718859075654094
0.3545772886443222,0.7091545772886444,0.6381256372602929,0.45801587887083806
0.3570535267633817,0.7141070535267634,0.6693647723856664,0.46891521982123313
0.35952976488244126,0.7190595297648825,0.6972311752548583,0.47987574668140665
0.36200600300150076,0.7240120060030015,0.6762010470335007,0.49088653447875785
0.3644822411205603,0.7289644822411206,0.6916297447853462,0.5019366110519442
0.36695847923961983,0.7339169584792397,0.7095627481322285,0.513014967952265
0.36943471735867933,0.7388694347173587,0.7137999809921804,0.5241105713780109
0.3719109554777389,0.7438219109554778,0.71275237809414,0.5352123731308841
0.3743871935967984,0.7487743871935968,0.740733764774148,0.5463093215835639
0.37686343171585795,0.7537268634317159,0.7380095913791758,0.5573903726474905
0.37933966983491746,0.7586793396698349,0.7650713219522476,0.5684445007299412
0.381815907953977,0.763631815907954,0.75849805159046,0.5794607096694823
0.3842921460730365,0.768584292146073,0.7963325460638006,0.5904280436389145
0.3867683841920961,0.7735367683841922,0.777818784697455,0.6013355980048579
0.3892446223111556,0.7784892446223112,0.7917305463948868,0.6121725301331719
0.39172086043021515,0.7834417208604303,0.813560766840602,0.6229280701294598
0.39419709854927465,0.7883941970985493,0.7966078689311709,0.6335915315039805
0.3966733366683342,0.7933466733366684,0.8218772760209585,0.644152321750366
0.3991495747873937,0.7982991495747874,0.8424142908519733,0.6545999528276335
0.4016258129064533,0.8032516258129065,0.8128942017501728,0.6649240515350753
0.4041020510255128,0.8082041020510256,0.8416927283406609,0.6751143697697314
0.40657828914457234,0.8131565782891447,0.8486687779305487,0.6851607946562585
0.40905452726363184,0.8181090545272637,0.8609672123998832,0.6950533585391457
0.41153076538269134,0.8230615307653827,0.8403171486946835,0.704782248827369
0.4140070035017509,0.8280140070035018,0.8439607787279549,0.7143378176817158
0.4164832416208104,0.8329664832416208,0.8721910673656319,0.7237105915351968
0.41895947973986997,0.8379189594797399,0.8732734541061389,0.7328912804370958
0.42143571785892947,0.8428714357178589,0.8762444644653751,0.7418707872114174
0.42391195597798903,0.8478239119559781,0.8806558369514671,0.7506402164206707
0.42638819409704853,0.8527763881940971,0.8698481207859258,0.7591908831261195
0.4288644322161081,0.8577288644322162,0.884158677513551,0.7675143214358394
0.4313406703351676,0.8626813406703352,0.8868120175852466,0.7756022928321396
0.43381690845422716,0.8676338169084543,0.8748585229715761,0.7834467942701284
0.43629314657328666,0.8725862931465733,0.910075430037917,0.7910400660394291
0.4387693846923462,0.8775387693846924,0.8921189017031126,0.7983745993812978
0.4412456228114057,0.8824912456228114,0.8700750899509593,0.8054431438536352
0.4437218609304653,0.8874437218609306,0.8942687155118667,0.8122387144366477
0.4461980990495248,0.8923961980990496,0.8718134113615598,0.8187545983721607
0.4486743371685843,0.8973486743371686,0.8939410081229215,0.8249843617298745
0.45115057528764385,0.9023011505752877,0.897158725475852,0.8309218556941059
0.45362681340670336,0.9072536268134067,0.8688912444625843,0.8365612225648551
0.4561030515257629,0.9122061030515258,0.8898507003112289,0.8418969014673283
0.4585792896448224,0.9171585792896448,0.8796118344383035,0.8469236337643151
0.461055527763882,0.922111055527764,0.8815345226080155,0.8516364681661537
0.4635317658829415,0.927063531765883,0.8916395471392538,0.8560307655332893
0.46600800400200104,0.9320160080040021,0.8595554529083744,0.8601022033667559
0.46848424212106055,0.9369684842421211,0.8483760941425426,0.8638467799822244
0.4709604802401201,0.9419209604802402,0.8416364149631638,0.8672608183635712
0.4734367183591796,0.9468734367183592,0.8371869458923475,0.8703409696922464
0.47591295647823917,0.9518259129564783,0.8407329049000318,0.8730842165490467
0.4783891945972987,0.9567783891945973,0.8397437539707219,0.8754878757852244
0.48086543271635823,0.9617308654327165,0.8322926857304268,0.8775496010601939
0.48334167083541774,0.9666833416708355,0.8320647963529461,0.8792673850434357
0.48581790895447724,0.9716358179089545,0.8146798772726774,0.880639561278527
0.4882941470735368,0.9765882941470736,0.8244142264546755,0.8816648057075764
0.4907703851925963,0.9815407703851926,0.7956119138681427,0.8823421378546624
0.49324662331165586,0.9864932466233117,0.822661535191232,0.8826709216672404
0.49572286143071537,0.9914457228614307,0.7890533196787165,0.8826508660148001
0.4981990995497749,0.9963981990995499,0.7627771323072761,0.8822820248444163
0.5006753376688344,1.0013506753376689,0.7511448858093602,0.8815647969931665
0.503151575787894,1.006303151575788,0.7592707832116418,0.8804999256577407
0.5056278139069535,1.011255627813907,0.741453102295571,0.8790884975219005
0.508104052026013,1.016208104052026,0.74167346194503,0.8773319415427971
0.5105802901450726,1.0211605802901451,0.7285658765548705,0.875232027397488
0.5130565282641322,1.0261130565282643,0.712029730335185,0.8727908635913375
0.5155327663831917,1.0310655327663834,0.6930448563569092,0.8700108952303202
0.5180090045022512,1.0360180090045024,0.6752028792860688,0.8668949014595776
0.5204852426213107,1.0409704852426214,0.6750929093143803,0.8634459925709245
0.5229614807403703,1.0459229614807406,0.6767876160428341,0.8596676067823057
0.5254377188594298,1.0508754377188596,0.6587015095165568,0.855563506692559
0.5279139569784893,1.0558279139569786,0.632777221116451,0.851137775415141
0.5303901950975488,1.0607803901950976,0.6345633398838885,0.8463948123947992
0.5328664332166083,1.0657328664332166,0.6244743275408617,0.8413393289114927
0.5353426713356679,1.0706853426713359,0.6006704741162009,0.8359763432761671
0.5378189094547274,1.0756378189094549,0.5978756508838399,0.8303111757232986
0.5402951475737869,1.0805902951475739,0.5846883116466881,0.8243494430054223
0.5427713856928464,1.0855427713856929,0.5619873810505018,0.8180970526951528
0.5452476238119061,1.0904952476238121,0.5623541231846666,0.8115601972004981
0.5477238619309656,1.0954477238619311,0.551478968681582,0.8047453474995564
0.5502001000500251,1.1004002001000501,0.2713360038956581,0.396164813209226
0.5526763381690847,1.1053526763381694,0.2624955190480295,0.3889658785709192
0.5551525762881442,1.1103051525762884,0.24478625531218456,0.381724316410363
0.5576288144072037,1.1152576288144074,0.23822826887037113,0.3744471153675581
0.5601050525262632,1.1202101050525264,0.23524823966101738,0.36714118463976547
0.5625812906453228,1.1251625812906456,0.2271471346837783,0.3598133460914338
0.5650575287643823,1.1301150575287646,0.21920930340970637,0.35247032669124173
0.5675337668834418,1.1350675337668836,0.22193155210647328,0.3451187512806587
0.5700100050025013,1.1400200100050026,0.20398069173653863,0.33776513567760097
0.5724862431215608,1.1449724862431216,0.19817912622504752,0.33041588011793027
0.5749624812406204,1.1499249624812409,0.19032996689821566,0.32307726303675416
0.5774387193596799,1.1548774387193599,0.18237195353300584,0.3157554351907086
0.5799149574787394,1.159829914957479,0.1729296134781519,0.3084564141216657
0.582391195597799,1.164782391195598,0.1689824553359464,0.3011860789616006
0.5848674337168586,1.1697348674337171,0.15873580097154658,0.29395016557765896
0.5873436718359181,1.1746873436718361,0.15375752330494968,0.28675426205581594
0.5898199099549776,1.1796398199099551,0.14712825039332691,0.279603804520891
0.5922961480740371,1.1845922961480742,0.14247925614893794,0.27250407329009463
0.5947723861930967,1.1895447723861934,0.14134188104908735,0.26546018935670856
0.5972486243121562,1.1944972486243124,0.12742106874205414,0.25847711119998856
0.5997248624312157,1.1994497248624314,0.12708155524285322,0.25155963191685055
0.6022011005502752,1.2044022011005504,0.11776232524910375,0.24471237667046278
0.6046773386693347,1.2093546773386694,0.1149588189622308,0.2379398004504022
0.6071535767883943,1.2143071535767886,0.11289151764904438,0.23124618613863854
0.6096298149074538,1.2192596298149077,0.1066807221219357,0.22463564287523066
0.6121060530265133,1.2242121060530267,0.10062708611483866,0.21811210471725945
0.6145822911455728,1.2291645822911457,0.09713098421516499,0.21167932958422447
0.6170585292646324,1.234117058529265,0.0952500044076253,0.2053408984828184
0.619534767383692,1.239069534767384,0.08960012854230849,0.19910021500374683
0.6220110055027515,1.244022011005503,0.08737730071428837,0.19296050508301382
0.624487243621811,1.248974487243622,0.0838502498310774,0.186924817019899
0.6269634817408706,1.2539269634817412,0.07989756364635962,0.18099602174365215
0.6294397198599301,1.2588794397198602,0.08027324326950448,0.17517681332079144
0.6319159579789896,1.2638319159579792,0.07576224787889833,0.16946970969473804
0.6343921960980491,1.2687843921960982,0.07031041005811572,0.16387705364942973
0.6368684342171087,1.2737368684342174,0.07035931247917482,0.1584010139884499
0.6393446723361682,1.2786893446723364,0.06732058301163882,0.15304358692115372
0.6418209104552277,1.2836418209104554,0.06685157126518648,0.1478065976472183
0.6442971485742872,1.2885942971485744,0.06343273591849583,0.14269170213102345
0.6467733866933467,1.2935467733866934,0.062449479096829984,0.1377003890572588
0.6492496248124063,1.2984992496248127,0.06155053602106581,0.1328339819591541
0.6517258629314658,1.3034517258629317,0.060560573457841,0.12809364151077604
0.6542021010505253,1.3084042021010507,0.057586661330011044,0.12348036797484976
0.6566783391695848,1.3133566783391697,0.05736942211285088,0.11899500379764447
0.6591545772886445,1.318309154577289,0.05642397905504335,0.11463823634251351
0.661630815407704,1.323261630815408,0.05559838126474329,0.11041060075377972
0.6641070535267635,1.328214107053527,0.05708657736278445,0.10631248294273755
0.666583291645823,1.333166583291646,0.055555460041829624,0.10234412268766038
0.6690595297648826,1.3381190595297652,0.05392320809808847,0.09850561683981744
0.6715357678839421,1.3430715357678842,0.05559242345910936,0.09479692262762765
0.6740120060030016,1.3480240120060032,0.05658513862465013,0.09121786105121718
0.6764882441220611,1.3529764882441222,0.05581540945663808,0.08776812035979584
0.6789644822411207,1.3579289644822414,0.053948625836303075,0.08444725960440709
0.6814407203601802,1.3628814407203604,0.05515902525354388,0.08125471225877977
0.6839169584792397,1.3678339169584794,0.05709142953957131,0.07818978990116011
0.6863931965982992,1.3727863931965985,0.055993554648295835,0.07525168595018328
0.6888694347173587,1.3777388694347175,0.05764170166673718,0.07243947944801078
0.6913456728364183,1.3826913456728367,0.05869458968402465,0.06975213888414031
0.6938219109554778,1.3876438219109557,0.05805065689525636,0.06718852605347878
0.6962981490745374,1.3925962981490747,0.05974846683971779,0.06474739994244787
0.6987743871935969,1.3975487743871937,0.057856914080346836,0.06242742063708892
0.7012506253126565,1.402501250625313,0.06094841188246071,0.06022715324730899
0.703726863431716,1.407453726863432,0.06281594113074952,0.05814507184161415
0.7062031015507755,1.412406203101551,0.06307160884727372,0.05617956338685641
0.708679339669835,1.41735867933967,0.06715931528308144,0.05432893168771978
0.7111555777888946,1.4223111555777892,0.06545374700300413,0.05259140132085971
0.7136318159079541,1.4272636318159082,0.06782278114041959,0.05096512155880187
0.7161080540270136,1.4322161080540272,0.06984053085211545,0.04944817027889741
0.7185842921460731,1.4371685842921462,0.07271400506538109,0.04803855785282507
0.7210605302651327,1.4421210605302655,0.0711177263111457,0.04673423101231427
0.7235367683841922,1.4470735367683845,0.0755181005585527,0.04553307668695581
0.7260130065032517,1.4520260130065035,0.07580226600699187,0.044432925810148814
0.7284892446223112,1.4569784892446225,0.07624219409993109,0.04343155708941877
0.7309654827413707,1.4619309654827415,0.07953884057583085,0.042526700737522544
0.7334417208604304,1.4668834417208607,0.08085674471997317,0.04171604216093385
0.7359179589794899,1.4718359179589797,0.08151101836237715,0.04099722560248113
0.7383941970985494,1.4767883941970987,0.08398170739030254,0.04036785773508223
0.7408704352176089,1.4817408704352177,0.08504470151872752,0.039825511203691266
0.7433466733366685,1.486693346673337,0.08733187616601387,0.0393677281127416
0.745822911455728,1.491645822911456,0.08970535114564304,0.038992023456531195
0.7482991495747875,1.496598299149575,0.0926066531692051,0.03869588849016079
0.750775387693847,1.501550775387694,0.09036500987794704,0.0384767940387899
0.7532516258129066,1.5065032516258132,0.09667669753003397,0.03833219374313293
0.7557278639319661,1.5114557278639322,0.09247632333934466,0.03825952723926608
0.7582041020510256,1.5164082041020512,0.09661031212152543,0.03825622327096423
0.7606803401700851,1.5213606803401702,0.09923925195349581,0.03831970273293001
0.7631565782891447,1.5263131565782895,0.10030501995350626,0.03844738164341728
0.7656328164082042,1.5312656328164085,0.1004197475751477,0.03863667404488667
0.7681090545272637,1.5362181090545275,0.10249508770549878,0.03888499483146459
0.7705852926463232,1.5411705852926465,0.10345915106982387,0.039189762502103646
0.7730615307653828,1.5461230615307655,0.1046720948796077,0.03954840183846968
0.7755377688844424,1.5510755377688847,0.10830386493645398,0.03995834650669931
0.7780140070035019,1.5560280140070037,0.10881323139781553,0.04041704158229104
0.7804902451225614,1.5609804902451228,0.10834349992487322,0.04092194599750631
0.7829664832416209,1.5659329664832418,0.11217594087977394,0.041470534910765154
0.7854427213606805,1.570885442721361,0.11235018266294487,0.04206030199763012
0.78791895947974,1.57583791895948,0.11431354208053232,0.04268876166307278
0.7903951975987995,1.580790395197599,0.1150627846702796,0.043353451174816274
0.792871435717859,1.585742871435718,0.1135525612515112,0.044051932717643794
0.7953476738369186,1.5906953476738372,0.11494936075591446,0.044781795368654176
0.7978239119559781,1.5956478239119563,0.1181175278184952,0.04554065699353365
0.8003001500750376,1.6006003001500753,0.11871243274424571,0.046326166063999495
0.8027763881940971,1.6055527763881943,0.11836695731490635,0.04713600339665133
0.8052526263131566,1.6105052526263133,0.11932284687953441,0.047967883813543936
0.8077288644322163,1.6154577288644325,0.12205722404618803,0.048819557724873446
0.8102051025512758,1.6204102051025515,0.11928172765422025,0.04968881263423542
0.8126813406703353,1.6253626813406705,0.12186756523742298,0.05057347456698865
0.8151575787893948,1.6303151575787895,0.12097129821087786,0.05147140942231673
0.8176338169084544,1.6352676338169088,0.12134284424243424,0.052380524249648855
0.8201100550275139,1.6402201100550278,0.12409048578987497,0.053298768450155555
0.8225862931465734,1.6451725862931468,0.12386821831353471,0.05422413490409633
0.8250625312656329,1.6501250625312658,0.1240605581549409,0.055154661024844884
0.8275387693846925,1.655077538769385,0.1251162390499865,0.056088429740474434
0.830015007503752,1.660030015007504,0.122837011330936,0.057023570403828286
0.8324912456228115,1.664982491245623,0.12407670818715733,0.05795825963205269
0.834967483741871,1.669934967483742,0.12220814939838757,0.058890722076604174
0.8374437218609306,1.6748874437218613,0.12327285175840426,0.05981923112479313
0.8399199599799901,1.6798399199599803,0.12227193381765478,0.06074210953395661
0.8423961980990496,1.6847923961980993,0.1224622598782358,0.06165772999939244
0.8448724362181091,1.6897448724362183,0.12308579042487561,0.06256451565721789
0.8473486743371687,1.6946973486743373,0.12015574780356891,0.06346094052335159
0.8498249124562283,1.6996498249124565,0.1250466421671396,0.06434552986983892
0.8523011505752878,1.7046023011505755,0.11895277476059751,0.06521686053977652
0.8547773886943473,1.7095547773886945,0.11806131449166478,0.06607356120210955
0.8572536268134068,1.7145072536268136,0.12174959712142952,0.06691431254759997
0.8597298649324664,1.7194597298649328,0.12044769742921736,0.06773784742728645
0.8622061030515259,1.7244122061030518,0.11945077876109383,0.06854295093477385
0.8646823411705854,1.7293646823411708,0.11870634245906125,0.06932846043370494
0.8671585792896449,1.7343171585792898,0.11677915610909628,0.0700932655317877
0.8696348174087045,1.739269634817409,0.11439149699442615,0.07083630800275736
0.872111055527764,1.744222111055528,0.11518446033888698,0.07155658165767158
0.8745872936468235,1.749174587293647,0.11294760554493548,0.07225313216694089
0.877063531765883,1.754127063531766,0.11476692431785179,0.07292505683450873
0.8795397698849426,1.7590795397698853,0.11182529111591837,0.07357150432560021
0.8820160080040021,1.7640320160080043,0.10961395562795724,0.07419167434946498
0.8844922461230617,1.7689844922461233,0.10933159678892793,0.07478481729854344
0.8869684842421212,1.7739369684842423,0.10936613049029713,0.07535023384548747
0.8894447223611807,1.7788894447223613,0.10657597037854616,0.07588727449946811
0.8919209604802403,1.7838419209604806,0.10492840128325095,0.0763953391232028
0.8943971985992998,1.7887943971985996,0.10533962886948492,0.07687387641213303
0.8968734367183593,1.7937468734367186,0.10401922124769715,0.0773223833371808
0.8993496748374188,1.7986993496748376,0.10150977681358606,0.07774040455250805
0.9018259129564784,1.8036518259129568,0.10019225225144951,0.07812753176969804
0.9043021510755379,1.8086043021510758,0.09983925191527183,0.078483403099774
0.9067783891945974,1.8135567783891948,0.09592266722632171,0.07880770236445857
0.9092546273136569,1.8185092546273138,0.09454644837818196,0.0791001583780742
0.9117308654327165,1.823461730865433,0.09406906043592964,0.07936054420147313
0.914207103551776,1.828414207103552,0.09327948385396971,0.07958867636937551
0.9166833416708355,1.833366683341671,0.0924722553618044,0.07978441409248423
0.919159579789895,1.83831915957979,0.09248980492307338,0.07994765843573284
0.9216358179089545,1.843271635817909,0.09005754104411223,0.08007835147401077
0.9241120560280142,1.8482241120560283,0.08711437469850045,0.08017647542669458
0.9265882941470737,1.8531765882941473,0.08569513052807858,0.0802420517723043
0.9290645322661332,1.8581290645322663,0.0828377736939382,0.08027514034458393
0.9315407703851927,1.8630815407703853,0.08245141606791152,0.08027583841129246
0.9340170085042523,1.8680340170085046,0.08048669152782434,0.08024427973697669
0.9364932466233118,1.8729864932466236,0.0795746652884565,0.08018063363097676
0.9389694847423713,1.8779389694847426,0.07657764971710933,0.08008510398190062
0.9414457228614308,1.8828914457228616,0.07647492349033437,0.07995792827978551
0.9439219609804904,1.8878439219609808,0.07593135391759376,0.07979937662714494
0.9463981990995499,1.8927963981990998,0.07244621074670879,0.07960975074008045
0.9488744372186094,1.8977488744372188,0.0713318260772565,0.07938938294062055
0.9513506753376689,1.9027013506753379,0.06996318330096328,0.07913863514142497
0.9538269134567285,1.907653826913457,0.06718458324257635,0.07885789782397651
0.956303151575788,1.912606303151576,0.06616281599189208,0.07854758901135857
0.9587793896948476,1.917558779389695,0.06430931017751097,0.07820815323669682
0.961255627813907,1.922511255627814,0.06275260598828439,0.07784006050832237
0.9637318659329666,1.9274637318659331,0.06032576078768401,0.07744380527269074
0.9662081040520262,1.9324162081040523,0.05943832730332921,0.07701990537606926
0.9686843421710857,1.9373686843421714,0.05824306031231647,0.07656890102598457
0.9711605802901452,1.9423211605802904,0.05744265483457475,0.07609135375339607
0.9736368184092047,1.9472736368184094,0.055427116170781394,0.07558784537654202
0.9761130565282643,1.9522261130565286,0.05479260544163035,0.07505897696737883
0.9785892946473238,1.9571785892946476,0.05093919313372333,0.07450536782151305
0.9810655327663833,1.9621310655327666,0.050658454144556185,0.0739276544325
0.9835417708854428,1.9670835417708856,0.04862821810235455,0.07332648947136146
0.9860180090045024,1.9720360180090049,0.04854946863011254,0.07270254077214998
0.9884942471235619,1.9769884942471239,0.04498494726265557,0.07205649032436351
0.9909704852426214,1.9819409704852429,0.04353522134894001,0.07138903327299018
0.9934467233616809,1.9868934467233619,0.0422833579636326,0.0707008769269402
0.9959229614807406,1.991845922961481,0.03995243090987212,0.06999273977659547
0.9983991995998001,1.9967983991996001,0.03957732921903597,0.06926535052118656
1.0008754377188596,2.001750875437719,0.038103283491572125,0.06851944710667869
1.003351675837919,2.006703351675838,0.03730256771260394,0.06775577577482916
1.0058279139569786,2.011655827913957,0.036106135836375716,0.06697509012404912
1.008304152076038,2.016608304152076,0.03562821612976412,0.06617815018268414
1.0107803901950976,2.021560780390195,0.03388859892421004,0.06536572149529796
1.013256628314157,2.026513256628314,0.03192174762141487,0.06453857422252718
1.0157328664332166,2.031465732866433,0.030599944808045693,0.06369748225504296
1.0182091045522763,2.0364182091045526,0.030085807928852834,0.06284322234213859
1.0206853426713358,2.0413706853426716,0.02817411087333826,0.061976573235434235
1.0231615807903953,2.0463231615807906,0.028411708178022334,0.061098314848167856
1.0256378189094548,2.0512756378189096,0.02706245298787397,0.06020922743051887
1.0281140570285143,2.0562281140570287,0.025383598079645447,0.05931009076138596
1.0305902951475738,2.0611805902951477,0.02393558152857787,0.058401683357019236
1.0330665332666333,2.0661330665332667,0.0240816953166465,0.05748478169688226
1.0355427713856928,2.0710855427713857,0.022631273249461153,0.05656015946709924
1.0380190095047526,2.076038019009505,0.02217481718131059,0.05562858682181646
1.040495247623812,2.080990495247624,0.02040369924535443,0.05469082966279016
1.0429714857428716,2.085942971485743,0.01988901352208983,0.05374764893748397
1.045447723861931,2.090895447723862,0.01926960817834809,0.05279979995594429
1.0479239619809906,2.095847923961981,0.01851262689277299,0.05184803172669538
1.05040020010005,2.1008004002001,0.017644005350847737,0.05089308631187706
1.0528764382191096,2.105752876438219,0.017220457374033507,0.0499356982018257
1.0553526763381693,2.1107053526763386,0.016128407453198608,0.04897659370927843
1.0578289144572288,2.1156578289144576,0.015719671729814113,0.04801649038336278
1.0603051525762883,2.1206103051525766,0.015175496752882066,0.04705609644350726
1.0627813906953478,2.1255627813906957,0.014687718021736408,0.04609611023339648
1.0652576288144073,2.1305152576288147,0.014184150702333862,0.045137219695067836
1.0677338669334668,2.1354677338669337,0.01329703659434818,0.04418010186323306
1.0702101050525263,2.1404202101050527,0.012747284731578469,0.043225422379884526
1.0726863431715858,2.1453726863431717,0.012842515408295714,0.04227383502922894
1.0751625812906456,2.150325162581291,0.012246048417065078,0.04132598129297618
1.077638819409705,2.15527763881941,0.011667552745897751,0.04038248992598647
1.0801150575287646,2.160230115057529,0.011711082904789106,0.039443976552266995
1.082591295647824,2.165182591295648,0.01113844733763885,0.038511043281289965
1.0850675337668836,2.170135067533767,0.01101410917048243,0.03758427834458605
1.087543771885943,2.175087543771886,0.010565527445377072,0.03666425575255234
1.0900200100050026,2.180040020010005,0.010634032565946003,0.035751534971396874
1.092496248124062,2.184992496248124,0.010369173793126293,0.034846660620126355
1.0949724862431216,2.189944972486243,0.00988118704545588,0.03395016218746702
1.0974487243621813,2.1948974487243627,0.009902054248651692,0.03306255376859704
1.0999249624812408,2.1998499249624817,0.009720545487246567,0.032184333821548776
1.1024012006003003,2.2048024012006007,0.009715647873577574,0.03131598494312993
1.1048774387193598,2.2097548774387197,0.009301163758903988,0.030457973664195795
1.1073536768384193,2.2147073536768387,0.009475911829312839,0.029610750264094113
1.1098299149574788,2.2196598299149577,0.009492781204624844,0.028774748604085507
1.1123061530765384,2.2246123061530767,0.00908600587261254,0.027950385979537886
1.1147823911955979,2.2295647823911957,0.00917621814132337,0.027138062990672913
1.1172586293146576,2.234517258629315,0.009086504953906761,0.026338163431636225
1.119734867433717,2.239469734867434,0.009386971213593047,0.02555105419764984
1.1222111055527766,2.244422211105553,0.009599051303617058,0.024777085209991966
1.124687343671836,2.249374687343672,0.009803886214178725,0.024016589358544334
1.1271635817908956,2.254327163581791,0.00970805895514657,0.023269882461629997
1.129639819909955,2.25927963981991,0.010064477938206412,0.022537263242860695
1.1321160580290146,2.264232116058029,0.009762284210934613,0.02181901332469911
1.134592296148074,2.269184592296148,0.009870253690638164,0.0211153972384358
1.1370685342671336,2.2741370685342672,0.010296354416309744,0.020426662450269036
1.1395447723861933,2.2790895447723867,0.010556000569778979,0.019753039403169616
1.1420210105052528,2.2840420210105057,0.010694834115723742,0.019094741574204075
1.1444972486243123,2.2889944972486247,0.010579234236394477,0.018451965546981898
1.1469734867433719,2.2939469734867437,0.011133064031136241,0.017824891098886984
1.1494497248624314,2.2988994497248627,0.011166912806146827,0.017213681302745067
1.1519259629814909,2.3038519259629817,0.011759431647548576,0.016618482642573727
1.1544022011005504,2.3088044022011007,0.011970787629790283,0.01603942514305591
1.1568784392196099,2.3137568784392197,0.01200585441805942,0.01547662251237162
1.1593546773386694,2.3187093546773387,0.01236234460908794,0.01493017229801875
1.161830915457729,2.323661830915458,0.012544557867070939,0.014400156055247986
1.1643071535767886,2.328614307153577,0.013030666885112513,0.013886639527733528
1.166783391695848,2.333566783391696,0.01353636560897241,0.013389672840097112
1.1692596298149076,2.338519259629815,0.013451197495644197,0.012909290701899452
1.1717358679339671,2.3434717358679342,0.014071508097919579,0.012445512622710042
1.1742121060530266,2.3484242121060532,0.014169386614865612,0.011998343137863708
1.1766883441720861,2.3533766883441722,0.014429911195443958,0.011567772044509554
1.1791645822911456,2.3583291645822912,0.014903061847465005,0.01115377464755683
1.1816408204102054,2.3632816408204107,0.015015756362619228,0.010756312015119148
1.1841170585292649,2.3682341170585297,0.015450281931857952,0.010375331243059255
1.1865932966483244,2.3731865932966487,0.015621712177051501,0.010010765728233133
1.1890695347673839,2.3781390695347677,0.01671406118125361,0.009662535450034121
1.1915457728864434,2.3830915457728867,0.016571921295017167,0.009330547259835821
1.1940220110055029,2.3880440220110057,0.016712375942717548,0.009014695177933048
1.1964982491245624,2.3929964982491247,0.01726969254606882,0.008714860697581052
1.1989744872436219,2.3979489744872438,0.017507393773905925,0.008430913095732908
1.2014507253626814,2.4029014507253628,0.017797391381387632,0.008162709750077489
1.203926963481741,2.407853926963482,0.018340200335841363,0.00791009646198022
1.2064032016008006,2.4128064032016012,0.01869505044659099,0.007672907784931635
1.2088794397198601,2.4177588794397202,0.018643189742578777,0.00745096735811021
1.2113556778389196,2.4227113556778392,0.018930499272269953,0.007244088244668434
1.2138319159579791,2.4276638319159582,0.019312600629787416,0.0070520732743532336
1.2163081540770386,2.4326163081540773,0.019004130081296172,0.006874715390075261
1.2187843921960981,2.4375687843921963,0.019514660573471686,0.006711797998044328
1.2212606303151576,2.4425212606303153,0.020661418976280058,0.0065630953210913485
1.2237368684342174,2.4474737368684347,0.02102301566815462,0.006428372754801405
1.2262131065532769,2.4524262131065537,0.020701872393668632,0.006307387226086063
1.2286893446723364,2.4573786893446727,0.021215987914583376,0.0061998875538268805
1.2311655827913959,2.4623311655827917,0.021379501068970914,0.006105614811227321
1.2336418209104554,2.4672836418209108,0.02251109582214721,0.006024302689513524
1.2361180590295149,2.4722361180590298,0.02211054301258853,0.005955677862630731
1.2385942971485744,2.4771885942971488,0.02192170186558043,0.005899460352585721
1.241070535267634,2.482141070535268,0.021854712829576815,0.005855363895091991
1.2435467733866934,2.487093546773387,0.02183201638184899,0.005823096305179092
1.2460230115057531,2.4920460230115062,0.022628149740676916,0.005802359842433606
1.2484992496248126,2.4969984992496252,0.022478958109158623,0.005792851575544754
1.2509754877438721,2.5019509754877443,0.022415082793751113,0.0057942637458338764
1.2534517258629316,2.5069034517258633,0.02283582579354299,0.005806284129452989
1.2559279639819911,2.5118559279639823,0.022827577098144414,0.005828596397944011
1.2584042021010506,2.5168084042021013,0.023927788273348734,0.005860880476856842
1.2608804402201101,2.5217608804402203,0.02376906491704512,0.005902812902130896
1.2633566783391696,2.5267133566783393,0.02356599256041855,0.0059540671739515905
1.2658329164582294,2.5316658329164587,0.024192405878607916,0.006014314107800315
1.2683091545772889,2.5366183091545778,0.02378092337455424,0.006083222182423061
1.2707853926963484,2.5415707853926968,0.02351991461313925,0.006160457884450646
1.2732616308154079,2.5465232616308158,0.02443595711352564,0.006245686049409858
1.2757378689344674,2.551475737868935,0.024134013792068653,0.006338570198873321
1.278214107053527,2.556428214107054,0.023605683234336424,0.006438772873502176
1.2806903451725864,2.561380690345173,0.02393642060794558,0.006545955961744282
1.283166583291646,2.566333166583292,0.023703608325596832,0.006659781023957345
1.2856428214107054,2.571285642821411,0.023522913764727867,0.0067799096117347754
1.2881190595297651,2.5762381190595303,0.02434481447208182,0.006906003582219781
1.2905952976488246,2.5811905952976493,0.02467644466987586,0.007037725407200135
1.2930715357678841,2.5861430715357683,0.023453053945369683,0.007174738476785665
1.2955477738869436,2.5910955477738873,0.02411197298255449,0.007316707397476476
1.2980240120060031,2.5960480240120063,0.023620035138763904,0.007463298284439554
1.3005002501250627,2.6010005002501253,0.023610235027581472,0.00761417904781819
1.3029764882441222,2.6059529764882443,0.02349313877776459,0.007769019672907617
1.3054527263631817,2.6109054527263633,0.023306200441304863,0.007927492494037264
1.3079289644822414,2.6158579289644828,0.023526617767317765,0.008089272462009472
1.310405202601301,2.620810405202602,0.023104211671799185,0.008254037404951021
1.3128814407203604,2.625762881440721,0.02336574858683615,0.008421468282443119
1.31535767883942,2.63071535767884,0.023118815600661896,0.008591249432802846
1.3178339169584794,2.635667833916959,0.02290835335405265,0.008763068813397269
1.320310155077539,2.640620310155078,0.022524210994071724,0.008936618233879546
1.3227863931965984,2.645572786393197,0.022473303043579713,0.009111593582244318
1.325262631315658,2.650525262631316,0.022748931179645018,0.009287695043607247
1.3277388694347174,2.655477738869435,0.022476820066119882,0.009464627311622157
1.3302151075537771,2.6604302151075543,0.02179082224543189,0.009642099792456347
1.3326913456728366,2.6653826913456733,0.021944692092628875,0.009819826801253088
1.3351675837918962,2.6703351675837923,0.02194486491728877,0.009997527751017534
1.3376438219109557,2.6752876438219113,0.02094222142567078,0.010174927333870617
1.3401200600300152,2.6802401200600303,0.0214250033004359,0.010351755694622176
1.3425962981490747,2.6851925962981493,0.020806753830663372,0.01052774859662297
1.3450725362681342,2.6901450725362683,0.02094972068013668,0.010702647579862584
1.3475487743871937,2.6950975487743873,0.02028604943126737,0.010876200111286828
1.3500250125062534,2.700050025012507,0.019714530664488552,0.011048159727316924
1.352501250625313,2.705002501250626,0.01951039967467732,0.011218286168558248
1.3549774887443724,2.709954977488745,0.01974207041691539,0.011386345506695152
1.357453726863432,2.714907453726864,0.01952685663328657,0.01155211026357431
1.3599299649824914,2.719859929964983,0.01890864844430533,0.011715359522486628
1.362406203101551,2.724812406203102,0.01906179341164121,0.011875879031663447
1.3648824412206104,2.729764882441221,0.018124945157378117,0.012033461300011258
1.36735867933967,2.73471735867934,0.018272712081683466,0.012187905685113683
1.3698349174587294,2.739669834917459,0.017662372370436087,0.012339018473537373
1.3723111555777892,2.7446223111555783,0.017510574558405802,0.01248661295348437
1.3747873936968487,2.7495747873936973,0.01738650956243026,0.012630509479838958
1.3772636318159082,2.7545272636318163,0.016841332135625654,0.012770535531664363
1.3797398699349677,2.7594797398699353,0.01664934145666281,0.012906525762209393
1.3822161080540272,2.7644322161080543,0.016675678181811097,0.013038322041491784
1.3846923461730867,2.7693846923461733,0.015967809123528808,0.013165773491529552
1.3871685842921462,2.7743371685842924,0.01598257655105477,0.013288736514298715
1.3896448224112057,2.7792896448224114,0.015198611284323553,0.013407074812499543
1.3921210605302654,2.784242121060531,0.015255476051010927,0.01352065940321924
1.394597298649325,2.78919459729865,0.015129042517157604,0.013629368624584831
1.3970735367683844,2.794147073536769,0.013944901317523751,0.013733088135503169
1.399549774887444,2.799099549774888,0.013985282012365855,0.013831710908591548
1.4020260130065034,2.804052026013007,0.013946832155204019,0.013925137216405637
1.404502251125563,2.809004502251126,0.01345900772497366,0.014013274611076543
1.4069784892446224,2.813956978489245,0.013247072510038368,0.01409603789747278
1.409454727363682,2.818909454727364,0.01273186817201154,0.01417334910000728
1.4119309654827414,2.823861930965483,0.012540309223231653,0.014245137423213114
1.4144072036018012,2.8288144072036023,0.012172851147345261,0.014311339206215832
1.4168834417208607,2.8337668834417213,0.012088570530995138,0.014371897871233443
1.4193596798399202,2.8387193596798403,0.011605811514540798,0.014426763866238927
1.4218359179589797,2.8436718359179594,0.01130224315951256,0.01447589460192319
1.4243121560780392,2.8486243121560784,0.010864023334413915,0.014519254383099407
1.4267883941970987,2.8535767883941974,0.010543064304709235,0.014556814334692986
1.4292646323161582,2.8585292646323164,0.010246196025691675,0.014588552322463765
1.4317408704352177,2.8634817408704354,0.010068130592191317,0.01461445286860983
1.4342171085542774,2.868434217108555,0.00964708027952166,0.014634507062404833
1.436693346673337,2.873386693346674,0.009452687560836006,0.014648712466022932
1.4391695847923964,2.878339169584793,0.009403208328404676,0.014657073015707324
1.441645822911456,2.883291645822912,0.008946615130603384,0.01465959891844078
1.4441220610305154,2.888244122061031,0.008505902708225514,0.014656306544277903
1.446598299149575,2.89319659829915,0.008417968818242543,0.014647218314500566
1.4490745372686344,2.898149074537269,0.007946294704623123,0.01463236258575966
1.451550775387694,2.903101550775388,0.007490448539068963,0.014611773530367196
1.4540270135067535,2.908054027013507,0.007350598368068602,0.014585491012904225
1.4565032516258132,2.9130065032516264,0.007003564346361837,0.014553560463310822
1.4589794897448727,2.9179589794897454,0.006917114791898082,0.014516032746625315
1.4614557278639322,2.9229114557278644,0.00670948807948667,0.01447296402954032
1.4639319659829917,2.9278639319659834,0.006630117679597634,0.014424415643944075
1.4664082041020512,2.9328164082041024,0.00626402904041974,0.014370453947615517
1.4688844422211107,2.9377688844422214,0.005985959381820542,0.014311150182241758
1.4713606803401702,2.9427213606803404,0.005856274548610614,0.014246580328926978
1.4738369184592297,2.9476738369184594,0.005384693048192063,0.014176824961361143
1.4763131565782894,2.952626313156579,0.005380053421640245,0.014101969096817192
1.478789394697349,2.957578789394698,0.005219139200179155,0.01402210204514445
1.4812656328164084,2.962531265632817,0.004854510520588713,0.013937317255925985
1.483741870935468,2.967483741870936,0.004858548028305011,0.013847712163966307
1.4862181090545274,2.972436218109055,0.004618817305305729,0.013753388033275747
1.488694347173587,2.977388694347174,0.004393788864346526,0.013654449799716098
1.4911705852926465,2.982341170585293,0.0042945668580565725,0.01355100591247177
1.493646823411706,2.987293646823412,0.004233538972183204,0.013443168174508618
1.4961230615307655,2.992246123061531,0.0039518281826863575,0.013331051582182434
1.4985992996498252,2.9971985992996504,0.0038092926458220553,0.013214774164156146
1.5010755377688847,3.0021510755377694,0.0036311672890714927,0.013094456819784574
1.5035517758879442,3.0071035517758884,0.0034797473711366904,0.012970223157123133
1.5060280140070037,3.0120560280140074,0.003442460000140758,0.012842199330714782
1.5085042521260632,3.0170085042521264,0.0032404940590983426,0.012710513879308693
1.5109804902451227,3.0219609804902454,0.0031756719943198865,0.012575297563660652
1.5134567283641822,3.0269134567283644,0.0030469527270033793,0.01243668320456432
1.5159329664832417,3.0318659329664834,0.0029939932604496366,0.012294805521259227
1.5184092046023012,3.0368184092046024,0.002897737549838475,0.01214980097035989
1.520885442721361,3.041770885442722,0.002844494271855333,0.012001807585447045
1.5233616808404205,3.046723361680841,0.002704518097152538,0.011850964817460561
1.52583791895948,3.05167583791896,0.0026458799895036147,0.01169741337603002
1.5283141570785395,3.056628314157079,0.0025565378910466846,0.011541295071876343
1.530790395197599,3.061580790395198,0.002522355363677689,0.011382752660416188
1.5332666333166585,3.066533266633317,0.0025045854011099037,0.011221929686696002
1.535742871435718,3.071485742871436,0.0024759742553689492,0.011058970331781586
1.5382191095547775,3.076438219109555,0.0023788680675600445,0.010894019260724629
1.5406953476738372,3.0813906953476744,0.002413643255077147,0.010727221472225441
1.5431715857928967,3.0863431715857934,0.0024070245146859586,0.010558722150107464
1.5456478239119562,3.0912956478239124,0.0023561086735281386,0.01038866651671614
1.5481240620310157,3.0962481240620314,0.0023956380808508194,0.010217199688351556
1.5506003001500752,3.1012006003001504,0.0022973167648248334,0.010044466532840406
1.5530765382691347,3.1061530765382694,0.0022808180702056998,0.009870611529350398
1.5555527763881942,3.1111055527763884,0.002267498187908304,0.009695778630545701
1.5580290145072537,3.1160580290145075,0.0023930096798492843,0.009520111127179707
1.5605052526263132,3.1210105052526265,0.002379693473980096,0.009343751515216594
1.562981490745373,3.125962981490746,0.0023757490366499634,0.009166841365570926
1.5654577288644325,3.130915457728865,0.00241393631872061,0.008989521196550283
1.567933966983492,3.135867933966984,0.002393631649017745,0.008811930349081875
1.5704102051025515,3.140820410205103,0.0025608793214559958,0.008634206864801689
1.572886443221611,3.145772886443222,0.002515101678691891,0.008456487367079973
1.5753626813406705,3.150725362681341,0.0025587052820334765,0.008278906945053725
1.57783891945973,3.15567783891946,0.002631255654522561,0.008101599040732894
1.5803151575787895,3.160630315157579,0.002674439915663577,0.007924695339243648
1.5827913956978492,3.1655827913956984,0.00272053447731709,0.007748325662268165
1.5852676338169087,3.1705352676338174,0.002738327235219109,0.007572617864736566
1.5877438719359682,3.1754877438719364,0.002854420140298284,0.007397697734823048
1.5902201100550277,3.1804402201100554,0.002982711697226079,0.0072236888972949925
1.5926963481740872,3.1853926963481745,0.00303028705994477,0.007050712720258954
1.5951725862931467,3.1903451725862935,0.003115474209358842,0.006878888225345215
1.5976488244122062,3.1952976488244125,0.0030939826970712214,0.006708332001367828
1.6001250625312657,3.2002501250625315,0.0031481226144048267,0.006539158121493798
1.6026013006503252,3.2052026013006505,0.003269395783928546,0.006371478063951426
1.605077538769385,3.21015507753877,0.0033605717049587413,0.006205400636304114
1.6075537768884445,3.215107553776889,0.003498434939454984,0.006041031903312709
1.610030015007504,3.220060030015008,0.003438364727351378,0.005878475118404748
1.6125062531265635,3.225012506253127,0.003698492740240203,0.005717830658767214
1.614982491245623,3.229964982491246,0.0036958196009991813,0.005559195964074178
1.6174587293646825,3.234917458729365,0.003770627928409264,0.005402665478858253
1.619934967483742,3.239869934967484,0.003827345173564229,0.005248330598531015
1.6224112056028015,3.244822411205603,0.0038799164838398915,0.005096279619054018
1.6248874437218612,3.2497748874437224,0.004122027075832874,0.004946597690259069
1.6273636818409207,3.2547273636818415,0.004169970844937846,0.004799366772812458
1.6298399199599802,3.2596798399199605,0.004177007260678114,0.0046546655988153685
1.6323161580790397,3.2646323161580795,0.004269110842372795,0.00451256963602878
1.6347923961980992,3.2695847923961985,0.00442560493164384,0.004373151055708382
1.6372686343171587,3.2745372686343175,0.004655943306841188,0.00423647870403171
1.6397448724362182,3.2794897448724365,0.004618128262858881,0.0041026180770969015
1.6422211105552778,3.2844422211105555,0.0046230698066019515,0.003971631299469151
1.6446973486743373,3.2893946973486745,0.0048048855853069835,0.0038435771062481122
1.647173586793397,3.294347173586794,0.004894776423226634,0.003718510828626945
1.6496498249124565,3.299299649824913,0.004803703486892608,0.003596484382910031
1.652126063031516,3.304252126063032,0.005092383625636755,0.0034775462629549
1.6546023011505755,3.309204602301151,0.00516771497567646,0.003361741535999707
1.657078539269635,3.31415707853927,0.005328586537837147,0.003249111841836575
1.6595547773886945,3.319109554777389,0.005508562410124825,0.0031396953952869478
1.662031015507754,3.324062031015508,0.005536737333352532,0.0030335269919342205
1.6645072536268135,3.329014507253627,0.005505554566227031,0.0029306380170650943
1.6669834917458732,3.3339669834917465,0.005516047468581979,0.0028310564577695998
1.6694597298649327,3.3389194597298655,0.005908081208167088,0.0027348069181475586
1.6719359679839922,3.3438719359679845,0.005770923175434999,0.0026419106375661487
1.6744122061030517,3.3488244122061035,0.005842154170444856,0.0025523855119123843
1.6768884442221113,3.3537768884442225,0.005911653647408568,0.0024662461177812015
1.6793646823411708,3.3587293646823415,0.0060020610911720555,0.002383503739538684
1.6818409204602303,3.3636818409204605,0.006039190833729828,0.0023041663991974345
1.6843171585792898,3.3686343171585795,0.006065107898234039,0.002228238889039937
1.6867933966983493,3.3735867933966985,0.0061298570370642525,0.0021557228069235095
1.689269634817409,3.378539269634818,0.0062375619550356035,0.00208661659419909
1.6917458729364685,3.383491745872937,0.006246554027145938,0.0020209155761746725
1.694222111055528,3.388444222111056,0.0062843469720300135,0.001958612005052254
1.6966983491745875,3.393396698349175,0.006413920848503579,0.0018996951052663521
1.699174587293647,3.398349174587294,0.006427433381352021,0.0018441511211505176
1.7016508254127065,3.403301650825413,0.0066440314938944625,0.001791963366857051
1.704127063531766,3.408254127063532,0.006279614790658193,0.0017431122784540792
1.7066033016508255,3.413206603301651,0.006686407185766961,0.0016975754681231778
1.7090795397698852,3.4181590795397705,0.006738145243760477,0.0016553277803795302
1.7115557778889448,3.4231115557778895,0.006440337047954366,0.0016163413502359072
1.7140320160080043,3.4280640320160085,0.006642008651119131,0.0015805856632308767
1.7165082541270638,3.4330165082541275,0.006664921194818022,0.001548027617240953
1.7189844922461233,3.4379689844922465,0.0065828715972241015,0.0015186315859957538
1.7214607303651828,3.4429214607303655,0.006665384875147258,0.0014923594842146135
1.7239369684842423,3.4478739369684845,0.006647292607606736,0.0014691708342827378
1.7264132066033018,3.4528264132066036,0.006950346254154195,0.001449022834384468
1.7288894447223613,3.4577788894447226,0.006876555971816021,0.0014318704280109765
1.731365682841421,3.462731365682842,0.006916462052270061,0.001417666374759474
1.7338419209604805,3.467683841920961,0.006862737654755662,0.0014063613223407826
1.73631815907954,3.47263631815908,0.006673121024264656,0.0013979038797121493
1.7387943971985995,3.477588794397199,0.006730167983452108,0.0013922406912520574
1.741270635317659,3.482541270635318,0.006825367949314832,0.0013893165118939524
1.7437468734367185,3.487493746873437,0.006640371846467049,0.001389074283135886
1.746223111555778,3.492446223111556,0.006821988291155696,0.0013914552098433198
1.7486993496748375,3.497398699349675,0.00670766166739927,0.0013963988377626386
1.7511755877938973,3.5023511755877945,0.006673068233826103,0.001403843131663228
1.7536518259129568,3.5073036518259135,0.006757749241902934,0.001413724554026472
1.7561280640320163,3.5122561280640325,0.00670327567317258,0.0014259781442005008
1.7586043021510758,3.5172086043021515,0.006592329786377596,0.0014405375979400486
1.7610805402701353,3.5221610805402706,0.006709117861706716,0.0014573353472515029
1.7635567783891948,3.5271135567783896,0.006451281645952419,0.0014763026404638053
1.7660330165082543,3.5320660330165086,0.006578026833860648,0.001497369622446832
1.7685092546273138,3.5370185092546276,0.006532670344198822,0.001520465414899403
1.7709854927463733,3.5419709854927466,0.00639959553797105,0.0015455181966303124
1.773461730865433,3.546923461730866,0.00641223967968449,0.0015724552837564016
1.7759379689844925,3.551875937968985,0.006211065598122616,0.0016012032097429264
1.778414207103552,3.556828414207104,0.006363003102419601,0.0016316878052124852
1.7808904452226115,3.561780890445223,0.0062023218877752815,0.0016638342774496653
1.783366683341671,3.566733366683342,0.006112297341467246,0.0016975672895302313
1.7858429214607305,3.571685842921461,0.006195151943297693,0.0017328110390042977
1.78831915957979,3.57663831915958,0.0059716227555644845,0.0017694893360646747
1.7907953976988495,3.581590795397699,0.005843191040641801,0.0018075256811326901
1.793271635817909,3.586543271635818,0.005763227818261785,0.0018468433417951206
1.7957478739369688,3.5914957478739375,0.0058836010387742456,0.0018873654290274507
1.7982241120560283,3.5964482241120566,0.0056475579246755715,0.0019290149726398534
1.8007003501750878,3.6014007003501756,0.00583336354997151,0.001971714995884104
1.8031765882941473,3.6063531765882946,0.005432387752182051,0.002015388589160996
1.8056528264132068,3.6113056528264136,0.00567019483076095,0.0020599589827691783
1.8081290645322663,3.6162581290645326,0.005467046947799176,0.0021053496186385955
1.8106053026513258,3.6212106053026516,0.005360740132200345,0.00215148422099248
1.8130815407703853,3.6261630815407706,0.005242570834556509,0.0021982868658842877
1.815557778889445,3.63111555777889,0.005232777195695608,0.0022456820495571506
1.8180340170085045,3.636068034017009,0.0051133139276920495,0.0022935947555754745
1.820510255127564,3.641020510255128,0.005112811762896223,0.002341950520679755
1.8229864932466235,3.645972986493247,0.004950317371061791,0.002390675499317826
1.825462731365683,3.650925462731366,0.004864067255368571,0.002439696526807248
1.8279389694847425,3.655877938969485,0.004737519216078386,0.0024889411810854398
1.830415207603802,3.660830415207604,0.004669079834439475,0.0025383378430061474
1.8328914457228616,3.665782891445723,0.004603092674319647,0.0025878157551425043
1.835367683841921,3.670735367683842,0.0043750120707450905,0.0026373050790589165
1.8378439219609808,3.6756878439219616,0.004309008173902934,0.0026867369510157847
1.8403201600800403,3.6806403201600806,0.004353284336995695,0.0027360435360731378
1.8427963981990998,3.6855927963981996,0.004223103853108195,0.002785158080561022
1.8452726363181593,3.6905452726363186,0.004107744121222648,0.00283401496288639
1.8477488744372188,3.6954977488744376,0.004026905721850969,0.0028825497426482652
1.8502251125562783,3.7004502251125566,0.003952947284962988,0.0029306992080346595
1.8527013506753378,3.7054027013506756,0.003808078327652238,0.0029784014214770003
1.8551775887943973,3.7103551775887946,0.003702303160523831,0.0030255957635393588
1.857653826913457,3.715307653826914,0.0036638924274584148,0.0030722229750218947
1.8601300650325165,3.720260130065033,0.0035083699564363276,0.003118225197259773
1.862606303151576,3.725212606303152,0.0034897567450902518,0.003163546010600966
1.8650825412706356,3.730165082541271,0.0032906818067978644,0.003208130471047709
1.867558779389695,3.73511755877939,0.0033366601345067434,0.0032519251450488598
1.8700350175087546,3.740070035017509,0.0032182837698296026,0.003294878142432033
1.872511255627814,3.745022511255628,0.003118023633206256,0.0033369391474660994
1.8749874937468736,3.749974987493747,0.0030618869201998844,0.003378059448046863
1.877463731865933,3.754927463731866,0.0030028410138302976,0.003418191963000274
1.8799399699849928,3.7598799399699856,0.0028861568220274235,0.0034572912674995493
1.8824162081040523,3.7648324162081046,0.00268109375604575,0.0034953136165941376
1.8848924462231118,3.7697848924462236,0.002621412647215674,0.0035322169668506554
1.8873686843421713,3.7747373686843426,0.002565149429125285,0.0035679609961073587
1.8898449224612308,3.7796898449224616,0.0025083985504144534,0.00360250712134544
1.8923211605802903,3.7846423211605806,0.0024456187870587087,0.0036358185146825673
1.8947973986993498,3.7895947973986996,0.0023219999904998947,0.003667860117495274
1.8972736368184093,3.7945472736368187,0.002276179749712931,0.0036985986526788203
1.899749874937469,3.799499749874938,0.002168773766513371,0.0037280026350547486
1.9022261130565286,3.804452226113057,0.002099600148962203,0.0037560423799377616
1.904702351175588,3.809404702351176,0.0020029275049101,0.003782690009875502
1.9071785892946476,3.814357178589295,0.0019475191688477227,0.0038079194595760477
1.909654827413707,3.819309654827414,0.0018667584699926657,0.0038317064790395843
1.9121310655327666,3.824262131065533,0.0018108136852274257,0.0038540286349123356
1.914607303651826,3.829214607303652,0.0017998863896681735,0.0038748653100820415
1.9170835417708856,3.834167083541771,0.001683613452947111,0.0038941977015359373
1.919559779889945,3.83911955977989,0.0017109038312569968,0.003912008816503429
1.9220360180090048,3.8440720360180096,0.001597585725811812,0.003928283466907106
1.9245122561280643,3.8490245122561286,0.0015320160768292174,0.003943008262146936
1.9269884942471238,3.8539769884942476,0.0014527831195378675,0.0039561716002439575
1.9294647323661833,3.8589294647323666,0.0014326269174232955,0.003967763657370769
1.9319409704852428,3.8638819409704857,0.001354017456495302,0.0039777763757975915
1.9344172086043023,3.8688344172086047,0.0013183921552666047,0.0039862034502836
1.9368934467233618,3.8737868934467237,0.001316975806795152,0.003993040312944509
1.9393696848424213,3.8787393696848427,0.0012209318032474121,0.003998284116628364
1.941845922961481,3.883691845922962,0.0011995900025760556,0.004001933716832617
1.9443221610805406,3.888644322161081,0.0011259816198698157,0.00400398965219653
1.9467983991996,3.8935967983992,0.0010982974370081593,0.004004454123603793
1.9492746373186596,3.898549274637319,0.0010901418647814812,0.004003330971931365
1.951750875437719,3.903501750875438,0.0010175094827835224,0.004000625654481234
1.9542271135567786,3.908454227113557,0.0010216182283035126,0.003996345220132649
1.956703351675838,3.913406703351676,0.0009743965347483708,0.003990498283253258
1.9591795897948976,3.918359179589795,0.0009280140878550184,0.003983094996408132
1.961655827913957,3.923311655827914,0.0009184512159108068,0.003974147021906543
1.9641320660330168,3.9282641320660336,0.0008988051158105052,0.003963667502226839
1.9666083041520763,3.9332166083041527,0.0008721407599415982,0.003951671029360463
1.9690845422711358,3.9381690845422717,0.0008245166628385887,0.003938173613116699
1.9715607803901953,3.9431215607803907,0.0008178180630879285,0.003923192648430165
1.9740370185092548,3.9480740370185097,0.0008083432328868655,0.003906746881713634
1.9765132566283143,3.9530265132566287,0.0007970504811228593,0.003888856376299131
1.9789894947473738,3.9579789894947477,0.0007938930628008097,0.003869542477010631
1.9814657328664333,3.9629314657328667,0.0007792874037748108,0.0038488277739119983
1.983941970985493,3.967883941970986,0.0007544302898868499,0.0038267360652741553
1.9864182091045526,3.972836418209105,0.0007688040553860666,0.0038032923198056314
1.988894447223612,3.977788894447224,0.0007679350762270846,0.0037785226381908538
1.9913706853426716,3.982741370685343,0.0007657563555433933,0.0037524542139807937
1.993846923461731,3.987693846923462,0.0007719671611459363,0.0037251152938805204
1.9963231615807906,3.992646323161581,0.0007712724133845858,0.003696535137478434
1.99879939969985,3.9975987993997,0.0007708899830276421,0.003666743976461903
2.0012756378189094,4.002551275637819,0.0007704175549979023,0.003635772973364003
2.003751875937969,4.007503751875938,0.0007591423886302852,0.003603654179886049
2.006228114057029,4.012456228114058,0.0007925774249718339,0.0035704204948404793
2.008704352176088,4.017408704352176,0.000800559956334199,0.003536105621758484
2.011180590295148,4.022361180590296,0.0008135063909165919,0.0035007440262066485
2.013656828414207,4.027313656828414,0.0008080731210020837,0.0034643708928566207
2.016133066533267,4.032266133066534,0.0008253549016029463,0.003427022082351552
2.018609304652326,4.037218609304652,0.0008689949839945188,0.0033887340880128583
2.021085542771386,4.042171085542772,0.0008728451537251024,0.0033495439924302608
2.023561780890445,4.04712356178089,0.000901678766079123,0.0033094894239781227
2.026038019009505,4.05207603801901,0.0009133887731775234,0.003268608513300132
2.0285142571285646,4.057028514257129,0.0009350650951710141,0.0032269398498045864
2.030990495247624,4.061980990495248,0.0009709155797329236,0.003184522438211406
2.0334667333666836,4.066933466733367,0.0009737261361586489,0.003141395655192036
2.035942971485743,4.071885942971486,0.0010076879168947682,0.0030975992061424867
2.0384192096048026,4.076838419209605,0.0010249709701298834,0.003053173082129392
2.040895447723862,4.081790895447724,0.0010520353966058723,0.003008157517048332
2.0433716858429216,4.086743371685843,0.0010815671584469442,0.002962592945032854
2.045847923961981,4.091695847923962,0.0011187933108216897,0.002916519958152358
2.0483241620810406,4.096648324162081,0.001136075424698604,0.002869979264435674
2.0508004002001,4.1016008004002,0.0011963101300237907,0.0028230116462573626
2.0532766383191596,4.106553276638319,0.001188552141473977,0.0027756579191219126
2.055752876438219,4.111505752876438,0.0012323471935886733,0.0027279588908813777
2.0582291145572786,4.116458229114557,0.0012590526465900943,0.0026799553214201474
2.0607053526763384,4.121410705352677,0.0013276676903999488,0.0026316878828406224
2.0631815907953976,4.126363181590795,0.0013358320892270415,0.0025831971201820325
2.0656578289144574,4.131315657828915,0.0013858020675434758,0.002534523412704257
2.0681340670335167,4.136268134067033,0.0013665835609560657,0.0024857069357673567
2.0706103051525764,4.141220610305153,0.0014367290957683714,0.002436787623336664
2.0730865432716357,4.146173086543271,0.001483966279492785,0.002387805131142447
2.0755627813906954,4.151125562781391,0.001499804395764748,0.002338798800522177
2.0780390195097547,4.156078039019509,0.0015560118099761013,0.0022898076229724614
2.0805152576288144,4.161030515257629,0.00155296176829945,0.002240870205436673
2.082991495747874,4.165982991495748,0.0016324102462543823,0.0021920247363535245
2.0854677338669334,4.170935467733867,0.001688285705583012,0.0021433089524906163
2.087943971985993,4.175887943971986,0.0016561693631174626,0.002094760106586066
2.0904202101050524,4.180840420210105,0.0016868868970877616,0.0020464149358204718
2.092896448224112,4.185792896448224,0.0017687022418972054,0.0019983096311399864
2.0953726863431714,4.190745372686343,0.0018051542346475822,0.001950479807450896
2.097848924462231,4.195697848924462,0.0017813282143160005,0.0019029604747042921
2.100325162581291,4.200650325162582,0.0018155098611308824,0.0018557860098892883
2.10280140070035,4.2056028014007,0.0018503199591827315,0.0018089901299510173
2.10527763881941,4.21055527763882,0.0018507188193743617,0.0017626058656498268
2.107753876938469,4.215507753876938,0.0018924466667762652,0.0017166655363760833
2.110230115057529,4.220460230115058,0.0019190197880018757,0.0016712007259343225
2.112706353176588,4.225412706353176,0.0019544299151419914,0.0016262422593095324
2.115182591295648,4.230365182591296,0.002004309408714926,0.0015818201804268324
2.117658829414707,4.235317658829414,0.0020399229889798177,0.001537963730915309
2.120135067533767,4.240270135067534,0.0021073469152751447,0.001494701329885234
2.1226113056528266,4.245222611305653,0.002054091575507836,0.001452060554727173
2.125087543771886,4.250175087543772,0.0021415173322932093,0.0014100681229400871
2.1275637818909456,4.255127563781891,0.0021276792851089373,0.0013687498749947638
2.130040020010005,4.26008004002001,0.0021562044665372074,0.0013281307582378844
2.1325162581290646,4.265032516258129,0.0022022199585266197,0.0012882348118405556
2.134992496248124,4.269984992496248,0.0021644651502654893,0.0012490851527947782
2.1374687343671837,4.274937468734367,0.0022346908214114563,0.0012107039629594973
2.139944972486243,4.279889944972486,0.002246935670854722,0.001173112477157783
2.1424212106053027,4.284842421210605,0.002276390988871195,0.0011363309723247045
2.1448974487243624,4.289794897448725,0.0022868781840830934,0.0011003787577052774
2.1473736868434217,4.294747373686843,0.0023776845214108096,0.0010652741661003602
2.1498499249624814,4.299699849924963,0.00228627146307855,0.0010310345461575958
2.1523261630815407,4.304652326163081,0.0023038682195374066,0.0009976762557036584
2.1548024012006004,4.309604802401201,0.0023134194059309574,0.0009652146561126935
2.1572786393196597,4.314557278639319,0.002327427988961606,0.0009336641077054948
2.1597548774387194,4.319509754877439,0.0023350214868835296,0.0009030379661724311
2.1622311155577787,4.324462231115557,0.0024091864312599668,0.0008733485800127931
2.1647073536768384,4.329414707353677,0.0024258114754572273,0.0008446072889818782
2.167183591795898,4.334367183591796,0.002361851396155157,0.0008168244235366123
2.1696598299149574,4.339319659829915,0.002358282206703617,0.0007900093052693904
2.172136068034017,4.344272136068034,0.0024096732975964355,0.0007641702483191652
2.1746123061530764,4.349224612306153,0.0023763601810003056,0.0007393145617479929
2.177088544272136,4.354177088544272,0.002421233669624968,0.0007154485528702316
2.1795647823911954,4.359129564782391,0.0024068192617699665,0.0006925775315212217
2.182041020510255,4.36408204102051,0.0023448164772373187,0.0006707058152509746
2.184517258629315,4.36903451725863,0.002453690594472363,0.0006498367354283212
2.186993496748374,4.373986993496748,0.0024600223811652544,0.0006299726442395978
2.189469734867434,4.378939469734868,0.0023697883994054708,0.0006111149225658214
2.191945972986493,4.383891945972986,0.0023729958969963727,0.0005932639887211998
2.194422211105553,4.388844422211106,0.0023910212632128696,0.0005764193080355384
2.196898449224612,4.393796898449224,0.002385498368318012,0.0005605794032622334
2.199374687343672,4.398749374687344,0.0023885869667052916,0.0005457418657930277
2.201850925462731,4.403701850925462,0.0024267554666885247,0.0005319033676602401
2.204327163581791,4.408654327163582,0.0023388815042870545,0.0005190596743064049
2.2068034017008507,4.413606803401701,0.0023054459588387746,0.0005072056581009839
2.20927963981991,4.41855927963982,0.002272571299348451,0.0004963353125831409
2.2117558779389697,4.423511755877939,0.0022814236580098314,0.00048644176740916356
2.214232116058029,4.428464232116058,0.0022906598275409164,0.0004775173039826731
2.2167083541770887,4.433416708354177,0.002337119613298122,0.0004695533717453174
2.219184592296148,4.438369184592296,0.0022413734937434216,0.00046254060510528695
2.2216608304152077,4.443321660830415,0.002248508602526397,0.00045646884098055003
2.224137068534267,4.448274137068534,0.0022215556481635567,0.0004513271369334515
2.2266133066533267,4.453226613306653,0.002241545873119316,0.0004471037898729091
2.2290895447723864,4.458179089544773,0.002264257173816045,0.00044378635530022446
2.2315657828914457,4.463131565782891,0.0021427668916606155,0.00044136166707420277
2.2340420210105054,4.468084042021011,0.0021218220745455323,0.0004398158576710632
2.2365182591295647,4.473036518259129,0.0021473538356144048,0.00043913437891439334
2.2389944972486244,4.477988994497249,0.002111549778170084,0.00043930202315021767
2.2414707353676837,4.482941470735367,0.0021225489109253587,0.00044030294484207204
2.2439469734867434,4.487893946973487,0.002057637782681315,0.00044212068256086406
2.2464232116058027,4.492846423211605,0.002002651852948679,0.0004447381813441334
2.2488994497248624,4.497798899449725,0.0020041657273401894,0.00044813781539931484
2.251375687843922,4.502751375687844,0.0019915682593531583,0.00045230141112545427
2.2538519259629815,4.507703851925963,0.0019545714508180816,0.00045721027042785106
2.256328164082041,4.512656328164082,0.0019165295303220746,0.000462845194300085
2.2588044022011005,4.517608804402201,0.0019027315732100419,0.00046918650664783124
2.26128064032016,4.52256128064032,0.0018752989318106678,0.00047621407832900016
2.2637568784392195,4.527513756878439,0.0018502942954420141,0.00048390735138468735
2.266233116558279,4.532466233116558,0.0017993566993345924,0.0004922453634356198
2.2687093546773385,4.537418709354677,0.0017465322512019716,0.0005012067722187497
2.271185592796398,4.542371185592796,0.0017232462749000325,0.0005107698802389376
2.273661830915458,4.547323661830916,0.0017182172104729856,0.0005209126595106319
2.276138069034517,4.552276138069034,0.0016353052309400228,0.0005316127763647983
2.278614307153577,4.557228614307154,0.0016322302761387327,0.0005428476162964524
2.281090545272636,4.562181090545272,0.0015813062734611014,0.0005545943088283244
2.283566783391696,4.567133566783392,0.0015586138957413543,0.0005668297523665722
2.2860430215107552,4.5720860430215104,0.0015542861551094548,0.0005795306390245262
2.288519259629815,4.57703851925963,0.0014962993619957125,0.0005926734793909187
2.2909954977488747,4.581990995497749,0.0014599384475903424,0.0006062346272191107
2.293471735867934,4.586943471735868,0.0013966919956359014,0.0006201903040144599
2.2959479739869937,4.591895947973987,0.001408203073648655,0.0006345166234969787
2.298424212106053,4.596848424212106,0.0013726382965724598,0.0006491896159170392
2.3009004502251127,4.601800900450225,0.001369431627435637,0.0006641852522020326
2.303376688344172,4.606753376688344,0.001287425521819838,0.0006794794679125656
2.3058529264632317,4.611705852926463,0.0012646669946358839,0.0006950481869868313
2.308329164582291,4.616658329164582,0.001232397137789422,0.0007108673452525119
2.3108054027013507,4.621610805402701,0.0012235537482418052,0.000726912913685822
2.3132816408204104,4.626563281640821,0.0011612942911987595,0.0007431609213978148
2.3157578789394697,4.631515757878939,0.0011356239355393592,0.000759587478328596
2.3182341170585294,4.636468234117059,0.0011091264220570453,0.0007761687976304218
2.3207103551775887,4.6414207103551774,0.0010706154109810673,0.0007928812177212923
2.3231865932966485,4.646373186593297,0.0010295471371466456,0.000809701223991069
2.3256628314157077,4.6513256628314155,0.0010086437761191028,0.0008266054701427392
2.3281390695347675,4.656278139069535,0.0009910454532049905,0.0008435707991518551
2.3306153076538267,4.6612306153076535,0.0009308253409105036,0.0008605742638278317
2.3330915457728865,4.666183091545773,0.0009177006015172085,0.0008775931469613495
2.335567783891946,4.671135567783892,0.0008775255119432781,0.0008946049810424132
2.3380440220110055,4.676088044022011,0.0008736876341905542,0.000911587567534653
2.340520260130065,4.68104052026013,0.0008113165738290465,0.0009285189956915353
2.3429964982491245,4.685992996498249,0.0007960857200739734,0.0009453776609010275
2.345472736368184,4.690945472736368,0.0007803030899144945,0.0009621422825458096
2.3479489744872435,4.695897948974487,0.000767200020150188,0.0009787919213666513
2.350425212606303,4.700850425212606,0.0007231762246863287,0.0009953059963172149
2.3529014507253625,4.705802901450725,0.0006929910082822333,0.0010116643008991203
2.3553776888444222,4.7107553776888444,0.0006934064999053818,0.0010278470189668634
2.357853926963482,4.715707853926964,0.0006364762614114525,0.0010438347399924861
2.3603301650825412,4.7206603301650825,0.0006068210638866333,0.0010596084737808957
2.362806403201601,4.725612806403202,0.0006091177870441103,0.0010751496646270867
2.3652826413206602,4.7305652826413205,0.0005790461167157712,0.0010904402049071323
2.36775887943972,4.73551775887944,0.000553863277574609,0.001105462448095738
2.3702351175587792,4.7404702351175585,0.0005480171960922228,0.0011201992212032904
2.372711355677839,4.745422711355678,0.0005246910057365826,0.0011346338366265266
2.3751875937968987,4.750375187593797,0.0004997961406760341,0.0011487501034069863
2.377663831915958,4.755327663831916,0.0004767751824572542,0.0011625323378925633
2.3801400700350177,4.760280140070035,0.0004750734941683448,0.0011759653737977358
2.382616308154077,4.765232616308154,0.0004569598239327305,0.0011890345716587963
2.3850925462731367,4.770185092546273,0.0004362958002610131,0.0012017258276811266
2.387568784392196,4.775137568784392,0.00043383419370253586,0.0012140255819759328
2.3900450225112557,4.7800900450225114,0.00040158522035269273,0.0012259208261847015
2.392521260630315,4.78504252126063,0.0003858977475015959,0.0012373991104901569
2.3949974987493747,4.7899949974987495,0.0003785692677687139,0.0012484485500130391
2.3974737368684345,4.794947473736869,0.0003706976104834192,0.0012590578305947118
2.3999499749874937,4.7998999499749875,0.000361485382049165,0.0012692162139661591
2.4024262131065535,4.804852426213107,0.00034893014845002593,0.0012789135423045418
2.4049024512256127,4.8098049024512255,0.0003428305597086546,0.0012881402421789656
2.4073786893446725,4.814757378689345,0.0003264199809997526,0.0012968873278878775
2.4098549274637318,4.8197098549274635,0.0003321409643195731,0.0013051464041908146
2.4123311655827915,4.824662331165583,0.00031793895334669546,0.001312909668438019
2.4148074037018508,4.8296148074037015,0.0003175871002349846,0.0013201699121018512
2.4172836418209105,4.834567283641821,0.00030873644734561687,0.0013269205217144415
2.41975987993997,4.83951975987994,0.0003048137702873265,0.0013331554792166789
2.4222361180590295,4.844472236118059,0.00030164722170620455,0.0013388693617240241
2.4247123561780892,4.8494247123561784,0.0002981921268244343,0.0013440573407152
2.4271885942971485,4.854377188594297,0.00029690079745870113,0.0013487151806503075
2.4296648324162082,4.8593296648324165,0.000298504157230766,0.0013528392370253783
2.4321410705352675,4.864282141070535,0.000292862673880168,0.0013564264538708504
2.4346173086543272,4.8692346173086545,0.0002951581641496542,0.0013594743607019543
2.4370935467733865,4.874187093546773,0.0002924131446850803,0.001361981068929373
2.4395697848924462,4.8791395697848925,0.0003006102318217296,0.0013639452677390652
2.442046023011506,4.884092046023012,0.0002933707600600217,0.0013653662194504478
2.4445222611305653,4.8890445222611305,0.0003072460166904413,0.0013662437543626917
2.446998499249625,4.89399699849925,0.0003024159172692445,0.0013665782650991458
2.4494747373686843,4.8989494747373685,0.00030008177265087536,0.001366370700460364
2.451950975487744,4.903901950975488,0.00031194123279772374,0.001365622558796571
2.4544272136068033,4.9088544272136065,0.0003133856003597708,0.0013643358809107312
2.456903451725863,4.913806903451726,0.0003265433288550543,0.0013625132425037596
2.4593796898449227,4.9187593796898454,0.000325675712093407,0.0013601577461737125
2.461855927963982,4.923711855927964,0.00033360873751608954,0.001357273012981145
2.4643321660830417,4.9286643321660835,0.0003336099256790221,0.0013538631735930617
2.466808404202101,4.933616808404202,0.0003489463721994748,0.0013499328590182566
2.4692846423211607,4.9385692846423215,0.00034672090332446917,0.0013454871909469967
2.47176088044022,4.94352176088044,0.00035997821371354865,0.0013405317717083854
2.4742371185592797,4.9484742371185595,0.00038243086731355665,0.0013350726738588432
2.476713356678339,4.953426713356678,0.00039249119410687903,0.0013291164294154999
2.4791895947973988,4.9583791895947975,0.0004006607872387765,0.0013226700187483785
2.4816658329164585,4.963331665832917,0.0004027720540253088,0.0013157408591455437
2.4841420710355178,4.9682841420710355,0.00041933682916982647,0.0013083367930654976
2.4866183091545775,4.973236618309155,0.00043088586522852966,0.001300466076091289
2.4890945472736368,4.9781890945472735,0.0004348053572404672,0.0012921373646009842
2.4915707853926965,4.983141570785393,0.00046461550651807416,0.0012833597031691778
2.494047023511756,4.988094047023512,0.000472651627013919,0.0012741425117144887
2.4965232616308155,4.993046523261631,0.00047731330198658845,0.001264495572407916
2.498999499749875,4.99799899949975,0.0004917100865839773,0.0012544290163571615
2.5014757378689345,5.002951475737869,0.0005058996773585242,0.0012439533100820131
2.5039519759879942,5.0079039519759885,0.0005014690346333844,0.0012330792417959383
2.5064282141070535,5.012856428214107,0.0005284893899885702,0.001221817907509125
2.5089044522261132,5.0178089044522265,0.0005381701631393934,0.001210180696968172
2.5113806903451725,5.022761380690345,0.000548748299958153,0.0011981792794477182
2.5138569284642323,5.0277138569284645,0.0005681864839539836,0.0011858255894091649
2.5163331665832915,5.032666333166583,0.0005998827978839106,0.0011731318120418001
2.5188094047023513,5.0376188094047025,0.0006034595593199696,0.0011601103687014294
2.5212856428214105,5.042571285642821,0.0006060802385733606,0.001146773902261703
2.5237618809404703,5.0475237618809405,0.0006302887593235085,0.0011331352623931668
2.52623811905953,5.05247623811906,0.0006519058934099088,0.0011192074907850592
2.5287143571785893,5.057428714357179,0.0006610862432682254,0.0011050038063247464
2.531190595297649,5.062381190595298,0.0006661135978761973,0.0010905375902495794
2.5336668334167083,5.067333666833417,0.0006723215228646584,0.0010758223712859297
2.536143071535768,5.072286143071536,0.0006994462496111507,0.0010608718107898334
2.5386193096548273,5.077238619309655,0.0007095224754127171,0.00104569968790378
2.541095547773887,5.082191095547774,0.0007280243445267278,0.0010303198847438106
2.5435717858929467,5.0871435717858935,0.0007382007785082574,0.0010147463716310987
2.546048024012006,5.092096048024012,0.0007556196721679961,0.0009989931923818508
2.5485242621310658,5.0970485242621315,0.0007503097908284853,0.0009830744496692495
2.551000500250125,5.10200100050025,0.0007838280363773072,0.0009670042904710719
2.5534767383691848,5.1069534767383695,0.0007829744368473835,0.0009507968916160989
2.555952976488244,5.111905952976488,0.000817097658387154,0.0009344664454426058
2.5584292146073038,5.1168584292146075,0.0007956205839752205,0.0009180271455815637
2.560905452726363,5.121810905452726,0.0008363746811687277,0.0009014931728773999
2.5633816908454228,5.1267633816908456,0.0008285186795905085,0.0008848786814584143
2.5658579289644825,5.131715857928965,0.0008284945261043976,0.0008681977849691478
2.568334167083542,5.136668334167084,0.000840797522962457,0.0008514645429764161
2.5708104052026015,5.141620810405203,0.0008527603611862829,0.0008346929475604925
2.573286643321661,5.146573286643322,0.0008719684398294575,0.0008178969101028622
2.5757628814407205,5.151525762881441,0.0008825332127152962,0.000801090248281265
2.57823911955978,5.15647823911956,0.0008768848796679625,0.0007842866732828603
2.5807153576788395,5.161430715357679,0.0008926100657562387,0.00076749977724572
2.583191595797899,5.166383191595798,0.0009299266721128382,0.0007507430209387217
2.5856678339169585,5.171335667833917,0.0009321464033001699,0.0007340297216894758
2.5881440720360183,5.1762881440720365,0.0009218016239995642,0.0007173730415697067
2.5906203101550775,5.181240620310155,0.0009231102238307578,0.0007007859758470219
2.5930965482741373,5.1861930965482745,0.0009305955754337616,0.0006842813417117566
2.5955727863931966,5.191145572786393,0.0009434195446605409,0.0006678717672872705
2.5980490245122563,5.1960980490245126,0.0009258328323050184,0.0006515696809315736
2.6005252626313156,5.201050525262631,0.000941592229273508,0.0006353873008379781
2.6030015007503753,5.206003001500751,0.0009259896869977515,0.0006193366249419139
2.6054777388694346,5.210955477738869,0.0009595237099436051,0.0006034294211409206
2.6079539769884943,5.215907953976989,0.0009666843009120132,0.0005876772178342112
2.610430215107554,5.220860430215108,0.0009535301912549119,0.0005720912947880121
2.6129064532266133,5.225812906453227,0.000985852815355593,0.0005566826743324445
2.615382691345673,5.230765382691346,0.0009475068352906264,0.0005414621128952973
2.6178589294647323,5.235717858929465,0.0009456729256890427,0.0005264400928777705
2.620335167583792,5.240670335167584,0.0009713440197221375,0.0005116268148767536
2.6228114057028513,5.245622811405703,0.0009839889481855122,0.0004970321902579887
2.625287643821911,5.250575287643822,0.0009934520316913192,0.00048266583408386655
2.6277638819409703,5.255527763881941,0.0009620291327114114,0.0004685370583995005
2.63024012006003,5.26048024012006,0.000983596409769791,0.0004546548658800722
2.6327163581790898,5.2654327163581796,0.000966134683665232,0.00044102794384226295
2.635192596298149,5.270385192596298,0.0009624750644861482,0.00042766465862210034
2.637668834417209,5.275337668834418,0.0009755419533004988,0.00041457305032119307
2.640145072536268,5.280290145072536,0.0009695113653633441,0.0004017608279230072
2.642621310655328,5.285242621310656,0.0009343585077280229,0.0003892353647803661
2.645097548774387,5.290195097548774,0.0009745129303764692,0.00037700369447505493
2.647573786893447,5.295147573786894,0.0009690041842897165,0.00036507250705005513
2.6500500250125065,5.300100050025013,0.000935990309059695,0.0003534481456144851
2.652526263131566,5.305052526263132,0.0009454989028617832,0.0003421366033210596
2.6550025012506255,5.310005002501251,0.0009414705139497959,0.000331143520715435
2.657478739369685,5.31495747873937,0.0009323750221554143,0.0003204741834565592
2.6599549774887445,5.319909954977489,0.0009149068393789837,0.00031013352040663937
2.662431215607804,5.324862431215608,0.0009066616238269077,0.00030012610208917577
2.6649074537268636,5.329814907453727,0.0009085043298432756,0.00029045613951300865
2.667383691845923,5.334767383691846,0.0009172804223881466,0.0002811274833601226
2.6698599299649826,5.339719859929965,0.0009008974200481884,0.0002721436235344739
2.6723361680840423,5.344672336168085,0.0008805027615851946,0.00026350768906898173
2.6748124062031016,5.349624812406203,0.0008870267360340258,0.0002552224483872749
2.6772886443221613,5.354577288644323,0.000830889178791052,0.00024729030991665576
2.6797648824412206,5.359529764882441,0.0008735327706926569,0.00023971332304837244
2.6822411205602803,5.364482241120561,0.0008270064076877817,0.0002324931794409313
2.6847173586793396,5.369434717358679,0.0008347168323914561,0.0002256312146620117
2.6871935967983993,5.374387193596799,0.0008151641778431644,0.00021912841016413914
2.6896698349174586,5.379339669834917,0.0008027082901327262,0.00021298539558909727
2.6921460730365183,5.384292146073037,0.0008219100550739762,0.0002072024513956597
2.694622311155578,5.389244622311156,0.0007912250093673552,0.0002017795118051503
2.6970985492746373,5.394197098549275,0.0007896164720705276,0.00019671616805885556
2.699574787393697,5.399149574787394,0.0007734678675860291,0.0001920116719812645
2.7020510255127563,5.404102051025513,0.0007677202314109061,0.0001876649398427551
2.704527263631816,5.409054527263632,0.0007511714152743742,0.0001836745565151466
2.7070035017508753,5.414007003501751,0.0007239441678349527,0.00018003877991333372
2.709479739869935,5.41895947973987,0.0007366552093256486,0.00017675554571597814
2.7119559779889943,5.423911955977989,0.0007080149308547675,0.00017382247235804077
2.714432216108054,5.428864432216108,0.0006842726407865961,0.00017123686628773332
2.716908454227114,5.433816908454228,0.0006834069698146428,0.00016899572748029998
2.719384692346173,5.438769384692346,0.000690082478778387,0.00016709575520083443
2.721860930465233,5.443721860930466,0.000670283999607823,0.00016553335400818563
2.724337168584292,5.448674337168584,0.000645306500768341,0.00016430463999185
2.726813406703352,5.453626813406704,0.0006321423763072873,0.00016340544723357557
2.729289644822411,5.458579289644822,0.0006191734716617726,0.00016283133448528954
2.731765882941471,5.463531765882942,0.0006277900430485886,0.00016257759205480653
2.7342421210605306,5.468484242121061,0.0005988449024353198,0.0001626392488906664
2.73671835917959,5.47343671835918,0.00058577152253692,0.00016301107985733045
2.7391945972986496,5.478389194597299,0.000577376267497074,0.0001636876131918672
2.741670835417709,5.483341670835418,0.0005571522588167545,0.0001646631381331555
2.7441470735367686,5.488294147073537,0.0005396498915925632,0.0001659317127145635
2.746623311655828,5.493246623311656,0.0005268203975525085,0.00016748717171097036
2.7490995497748876,5.498199099549775,0.0005144892212119544,0.0001693231347309462
2.751575787893947,5.503151575787894,0.0005014856943726155,0.00017143301444484291
2.7540520260130066,5.508104052026013,0.0004938926868160489,0.00017381002493950182
2.7565282641320663,5.513056528264133,0.00047580941457031004,0.00017644719019024768
2.7590045022511256,5.518009004502251,0.00046749643547932217,0.00017933735264081922
2.7614807403701853,5.522961480740371,0.00044895596632730237,0.0001824731818818593
2.7639569784892446,5.527913956978489,0.0004372230739551439,0.00018584718341856335
2.7664332166083043,5.532866433216609,0.00041134012666808634,0.00018945170751813516
2.7689094547273636,5.537818909454727,0.00041719536848815647,0.00019327895812764267
2.7713856928464233,5.542771385692847,0.0004012601645804992,0.0001973210018529372
2.7738619309654826,5.547723861930965,0.0003927950169488812,0.00020156977698929766
2.7763381690845423,5.552676338169085,0.0003587067432784496,0.00020601710259450935
2.778814407203602,5.557628814407204,0.00037456289160440245,0.00021065468759511922
2.7812906453226613,5.562581290645323,0.0003508391371465224,0.00021547413991668737
2.783766883441721,5.567533766883442,0.00034583108420321477,0.0002204669756288934
2.7862431215607804,5.572486243121561,0.00032386710381355056,0.0002256246280964028
2.78871935967984,5.57743871935968,0.0003209758976495401,0.00023093845712656485
2.7911955977988994,5.582391195597799,0.0003024893796865403,0.0002363997581049821
2.793671835917959,5.587343671835918,0.0002941098571332172,0.00024199977111017423
2.7961480740370184,5.592296148074037,0.0002949172858577133,0.0002477296899986288
2.798624312156078,5.597248624312156,0.0002759582107805975,0.0002535806714516181
2.801100550275138,5.602201100550276,0.0002679564847118084,0.00025954384397532267
2.803576788394197,5.607153576788394,0.00026106356478865813,0.00026561031684589376
2.806053026513257,5.612106053026514,0.0002504496729136638,0.0002717711889912268
2.808529264632316,5.617058529264632,0.00024033558795156276,0.0002780175578013418
2.811005502751376,5.622011005502752,0.000232552192963706,0.0002843405278594421
2.813481740870435,5.62696348174087,0.00023112357675863,0.0002907312195858372
2.815957978989495,5.63191595797899,0.00021499918116640691,0.00029718077778709257
2.8184342171085546,5.636868434217109,0.00020822872281805844,0.000303680380102922
2.820910455227614,5.641820910455228,0.00020349471697276921,0.00031022124534352583
2.8233866933466736,5.646773386693347,0.0001966008152094923,0.0003167946417101912
2.825862931465733,5.651725862931466,0.000190100533418972,0.00032339189489225483
2.8283391695847926,5.656678339169585,0.00018221299268739768,0.0003300043960336102
2.830815407703852,5.661630815407704,0.00017153069997652328,0.00033662360956216553
2.8332916458229116,5.666583291645823,0.00017303255177935546,0.0003432410808758952
2.835767883941971,5.671535767883942,0.00016078678416404224,0.0003498484438792374
2.8382441220610306,5.676488244122061,0.00015936089575621786,0.0003564374283639047
2.8407203601800903,5.681440720360181,0.0001522751367796357,0.0003629998672282445
2.8431965982991496,5.686393196598299,0.00014958721046473886,0.00036952770352962754
2.8456728364182093,5.691345672836419,0.00014650031615315702,0.00037601299736448826
2.8481490745372686,5.696298149074537,0.0001428530467604829,0.0003824479325708291
2.8506253126563283,5.701250625312657,0.00013976850235362687,0.0003888248232483075
2.8531015507753876,5.706203101550775,0.00013923611027892842,0.0003951361200911733
2.8555777888944474,5.711155577788895,0.00013424112038053663,0.00040137441652956786
2.8580540270135066,5.716108054027013,0.00013057331977944442,0.00040753245467493133
2.8605302651325664,5.721060530265133,0.00013096777417160232,0.00041360313106553453
2.863006503251626,5.726013006503252,0.0001297482829117555,0.00041957950220823534
2.8654827413706854,5.730965482741371,0.00012384611604382558,0.0004254547899130289
2.867958979489745,5.73591795897949,0.00012630569770613232,0.0004312223864169492
2.8704352176088044,5.740870435217609,0.0001258231779301177,0.00043687585929429846
2.872911455727864,5.745822911455728,0.00012360010066994403,0.0004424089561503169
2.8753876938469234,5.750775387693847,0.00012666231220676992,0.00044781560909566616
2.877863931965983,5.755727863931966,0.00012407030962113683,0.00045308993899937353
2.8803401700850424,5.760680340170085,0.00012513074767965033,0.000458226259518038
2.882816408204102,5.765632816408204,0.00012540538881505883,0.00046321908089945647
2.885292646323162,5.770585292646324,0.00012688300291431102,0.00046806311355892426
2.887768884442221,5.775537768884442,0.0001261450813038846,0.00047275327142682434
2.890245122561281,5.780490245122562,0.00012712116266867522,0.0004772846750662885
2.89272136068034,5.78544272136068,0.00013502147023130502,0.0004816526545599592
2.8951975987994,5.7903951975988,0.0001323634470711265,0.0004858527521651205
2.897673836918459,5.795347673836918,0.00013448793125656207,0.0004898807247367003
2.900150075037519,5.800300150075038,0.00013471757909891302,0.0004937325459178827
2.9026263131565786,5.805252626313157,0.00014078541995955952,0.0004974044080982586
2.905102551275638,5.810205102551276,0.0001424268925129491,0.0005008927241397432
2.9075787893946976,5.815157578789395,0.00015235756706189372,0.0005041941288706278
2.910055027513757,5.820110055027514,0.00015459960670472823,0.0005073054803484296
2.9125312656328166,5.825062531265633,0.00015448398954085243,0.0005102238608923654
2.915007503751876,5.830015007503752,0.00016550300145072607,0.0005129465778865463
2.9174837418709356,5.834967483741871,0.00016669955185759404,0.0005154711643551389
2.919959979989995,5.83991995997999,0.00016782356854788878,0.0005177953793110173
2.9224362181090546,5.844872436218109,0.00016668730147215724,0.000519917207879589
2.9249124562281144,5.849824912456229,0.00018398786225185597,0.0005218348611997014
2.9273886943471736,5.854777388694347,0.0001789134506558842,0.000523546776103731
2.9298649324662334,5.859729864932467,0.0001830779164287189,0.0005250516145791574
2.9323411705852926,5.864682341170585,0.00019579000972674428,0.0005263482630141114
2.9348174087043524,5.869634817408705,0.00020532575734246374,0.0005274358312295768
2.9372936468234117,5.874587293646823,0.00020765933626117503,0.0005283136513011169
2.9397698849424714,5.879539769884943,0.00021066458736555282,0.0005289812761731516
2.9422461230615307,5.884492246123061,0.00021636771625117686,0.0005294384780690279
2.9447223611805904,5.889444722361181,0.0002229137693952076,0.0005296852467002488
2.94719859929965,5.8943971985993,0.00022838389967369259,0.0005297217872784263
2.9496748374187094,5.899349674837419,0.00023257268195691488,0.0005295485183336735
2.952151075537769,5.904302151075538,0.00023780550747129627,0.0005291660693432978
2.9546273136568284,5.909254627313657,0.00024309087055652252,0.0005285752781748226
2.957103551775888,5.914207103551776,0.00024642228587557483,0.000527777188347498
2.9595797898949474,5.919159579789895,0.0002541157465655903,0.0005267730461166047
2.962056028014007,5.924112056028014,0.0002545251390139676,0.0005255642973849952
2.9645322661330664,5.929064532266133,0.0002667384214076625,0.0005241525844464336
2.967008504252126,5.934017008504252,0.00026905720992421355,0.0005225397425654283
2.969484742371186,5.938969484742372,0.0002744519804190904,0.0005207277963983676
2.971960980490245,5.94392196098049,0.00028578629632890857,0.0005187189562608741
2.974437218609305,5.94887443721861,0.00029700936505011014,0.0005165156142464063
2.976913456728364,5.953826913456728,0.00030090369857326,0.0005141203402012393
2.979389694847424,5.958779389694848,0.0002955203144160281,0.0005115358775610371
2.981865932966483,5.963731865932966,0.00030385213737515494,0.0005087651390543313
2.984342171085543,5.968684342171086,0.00031858169968038467,0.0005058112022782952
2.986818409204602,5.973636818409204,0.00031508268197654246,0.0005026773051522907
2.989294647323662,5.978589294647324,0.0003242673230789748,0.000499366841254712
2.9917708854427216,5.983541770885443,0.0003335744627304171,0.0004958833550487475
2.994247123561781,5.988494247123562,0.0003313473705948752,0.0004922305370027059
2.9967233616808406,5.993446723361681,0.00034205526424013776,0.0004884122186106353
2.9991995997999,5.9983991995998,0.00033975281192839975,0.00048443236731898645
3.0016758379189596,6.003351675837919,0.00034857540266164,0.0004802950813651335
3.004152076038019,6.008304152076038,0.0003583938801262991,0.00047600458453357425
3.0066283141570787,6.013256628314157,0.00035284967699331093,0.0004715652208356877
3.0091045522761384,6.018209104552277,0.0003685743857149317,0.0004669814491189318
3.0115807903951977,6.023161580790395,0.0003705708789633665,0.0004622578376113899
3.0140570285142574,6.028114057028515,0.00037816438102310094,0.000457399058407563
3.0165332666333167,6.033066533266633,0.00038055158823358025,0.00045240988190136294
3.0190095047523764,6.038019009504753,0.00039118315850471274,0.00044729517117219155
3.0214857428714357,6.042971485742871,0.0003879628954924262,0.0004420598763300343
3.0239619809904954,6.047923961980991,0.00038844341591677664,0.0004367090288254752
3.0264382191095547,6.052876438219109,0.0003952365807679474,0.00043124773573049655
3.0289144572286144,6.057828914457229,0.0004011273397372664,0.0004256811739959354
3.031390695347674,6.062781390695348,0.0004013672090961114,0.0004200145846914352
3.0338669334667334,6.067733866933467,0.00040432043037246375,0.00041425326723367275
3.036343171585793,6.072686343171586,0.00040260015247732723,0.00040840257360860374
3.0388194097048524,6.077638819409705,0.00040542865180773744,0.0004024679025934959
3.041295647823912,6.082591295647824,0.0004032527396716977,0.00039645469398432684
3.0437718859429714,6.087543771885943,0.00042500615198559925,0.0003903684228342321
3.046248124062031,6.092496248124062,0.00040838905137124883,0.00038421459370849276
3.0487243621810904,6.097448724362181,0.00041362065405194576,0.0003779987349615681
3.05120060030015,6.1024012006003,0.00041504795826801896,0.0003717263930415842
3.05367683841921,6.10735367683842,0.0004266164018894971,0.0003654031268276062
3.056153076538269,6.112306153076538,0.00042028414811167813,0.0003590345020049662
3.058629314657329,6.117258629314658,0.0004310468102546892,0.000352626085483786
3.061105552776388,6.122211105552776,0.0004196092598524307,0.0003461834398658412
3.063581790895448,6.127163581790896,0.00042621977971137894,0.00033971211796469106
3.066058029014507,6.132116058029014,0.00041946050075878494,0.0003332176573840322
3.068534267133567,6.137068534267134,0.00043858283275731777,0.0003267055751590387
3.071010505252626,6.142021010505252,0.00041725779339663255,0.0003201813624653978
3.073486743371686,6.146973486743372,0.00042650231568544284,0.00031365047940061665
3.0759629814907457,6.151925962981491,0.00042805356197811987,0.0003071183498421076
3.078439219609805,6.15687843921961,0.00042593356799563265,0.00030059035638637814
3.0809154577288647,6.161830915457729,0.0004212075721726526,0.00029407183537357194
3.083391695847924,6.166783391695848,0.000420429998002751,0.0002875680720015416
3.0858679339669837,6.171735867933967,0.00042019032195044544,0.0002810842955333629
3.088344172086043,6.176688344172086,0.00041745325978705214,0.0002746256746022554
3.0908204102051027,6.181640820410205,0.00042266073207680743,0.0002681973126175863
3.0932966483241624,6.186593296648325,0.00042845088999926106,0.0002618042432756143
3.0957728864432217,6.191545772886443,0.0004091187499223745,0.00025545142617843517
3.0982491245622814,6.196498249124563,0.0004018160704700577,0.0002491437425644681
3.1007253626813407,6.201450725362681,0.00040719342190825923,0.0002428859911537228
3.1032016008004004,6.206403201600801,0.00042070926013889487,0.00023668288411084386
3.1056778389194597,6.211355677838919,0.00039730933200184056,0.0002305390431289513
3.1081540770385194,6.216308154077039,0.00040891359639715573,0.0002244589956369686
3.1106303151575787,6.221260630315157,0.0004058333217689805,0.0002184471711331191
3.1131065532766384,6.226213106553277,0.00038921269489359926,0.00021250789764708648
3.115582791395698,6.231165582791396,0.00039222671072712567,0.00020664539833315204
3.1180590295147574,6.236118059029515,0.0003945914028956693,0.0002008637881965159
3.120535267633817,6.241070535267634,0.00037913441721997845,0.0001951670709548526
3.1230115057528764,6.246023011505753,0.00037612006073358675,0.00018955913603699277
3.125487743871936,6.250975487743872,0.00036984052775673065,0.0001840437557204558
3.1279639819909955,6.255927963981991,0.0003631659421483394,0.00017862458240945332
3.130440220110055,6.26088044022011,0.0003607794176911296,0.0001733051460547892
3.1329164582291145,6.265832916458229,0.00035314193250407885,0.00016808885171694602
3.135392696348174,6.270785392696348,0.00035522305089449863,0.00016297897727350538
3.137868934467234,6.275737868934468,0.0003461734255980574,0.00015797867127188305
3.140345172586293,6.280690345172586,0.0003464935144101872,0.00015309095092821265
3.142821410705353,6.285642821410706,0.00033229988198874434,0.00014831870027308118
3.145297648824412,6.290595297648824,0.000336761106964243,0.00014366466844463867
3.147773886943472,6.295547773886944,0.0003339851308133671,0.0001391314681294723
3.150250125062531,6.300500250125062,0.0003148299942810758,0.00013472157415149553
3.152726363181591,6.305452726363182,0.0003209187230762865,0.0001304373222089405
3.1552026013006502,6.3104052026013004,0.00031942067040700877,0.00012628090775939718
3.15767883941971,6.31535767883942,0.00030250189060994186,0.00012225438505271942
3.1601550775387697,6.320310155077539,0.0003100648227896391,0.00011835966631144028
3.162631315657829,6.325262631315658,0.000298668812786833,0.00011459852105822775
3.1651075537768887,6.330215107553777,0.00028800185104154683,0.00011097257558976459
3.167583791895948,6.335167583791896,0.00028507411562616415,0.0001074833125962911
3.1700600300150077,6.340120060030015,0.00028184872123118693,0.00010413207092590211
3.172536268134067,6.345072536268134,0.00027398372170096743,0.00010092004549261143
3.1750125062531267,6.350025012506253,0.0002699749803383499,9.784828732697607e-05
3.1774887443721864,6.354977488744373,0.00025831393281781976,9.491770376803194e-05
3.1799649824912457,6.359929964982491,0.00025669005999402105,9.212905879510619e-05
3.1824412206103054,6.364882441220611,0.00024483772417932146,8.948297349796344e-05
3.1849174587293647,6.369834917458729,0.0002438376619607025,8.69799266836452e-05
3.1873936968484244,6.374787393696849,0.00023512303757997432,8.462025561819718e-05
3.1898699349674837,6.3797398699349674,0.00022991233617216417,8.240415690140243e-05
3.1923461730865434,6.384692346173087,0.00023082041874871448,8.033168747250434e-05
3.1948224112056027,6.3896448224112055,0.00022439903362686908,7.840276574479632e-05
3.1972986493246625,6.394597298649325,0.00021694630177527613,7.66171728668528e-05
3.199774887443722,6.399549774887444,0.00020578791466345614,7.497455410806137e-05
3.2022511255627815,6.404502251125563,0.00020252639686710463,7.347442036602764e-05
3.204727363681841,6.409454727363682,0.00020141626316483267,7.211614979330763e-05
3.2072036018009005,6.414407203601801,0.00019260348036205548,7.08989895408535e-05
3.20967983991996,6.41935967983992,0.00019312524668748825,6.982205761543844e-05
3.2121560780390195,6.424312156078039,0.0001822028787978695,6.888434484826306e-05
3.214632316158079,6.429264632316158,0.0001762120295121842,6.808471697184018e-05
3.2171085542771385,6.434217108554277,0.00016956244158540615,6.742191680219273e-05
3.219584792396198,6.439169584792396,0.0001654092212762823,6.689456652330781e-05
3.222061030515258,6.444122061030516,0.00015952369520612293,6.650117007072361e-05
3.224537268634317,6.449074537268634,0.00015643357371916195,6.624011561105316e-05
3.227013506753377,6.454027013506754,0.00015193281334461477,6.610967811418205e-05
3.2294897448724362,6.4589794897448725,0.00014316734464531918,6.610802201481785e-05
3.231965982991496,6.463931965982992,0.00013727287718768,6.623320396000518e-05
3.2344422211105552,6.4688844422211105,0.0001316422533122639,6.648317563917027e-05
3.236918459229615,6.47383691845923,0.00013177860607877756,6.685578669320351e-05
3.2393946973486742,6.4787893946973485,0.00012421699032473852,6.734878769904298e-05
3.241870935467734,6.483741870935468,0.00011801228840203467,6.795983322618062e-05
3.2443471735867937,6.488694347173587,0.00011840068796042157,6.86864849614668e-05
3.246823411705853,6.493646823411706,0.00011785110353173864,6.952621489856009e-05
3.2492996498249127,6.498599299649825,0.00010960860125204751,7.047640858833467e-05
3.251775887943972,6.503551775887944,0.00010709464391200049,7.153436844652544e-05
3.2542521260630317,6.508504252126063,0.00010216831998344671,7.26973171148755e-05
3.256728364182091,6.513456728364182,9.831101376489618e-05,7.396240087202055e-05
3.2592046023011507,6.518409204602301,9.63184905240554e-05,7.532669309033831e-05
3.26168084042021,6.52336168084042,9.130079627664885e-05,7.678719773496831e-05
3.2641570785392697,6.5283141570785395,8.888823448899598e-05,7.834085290120775e-05
3.2666333166583295,6.533266633316659,8.592226072402456e-05,7.998453438647386e-05
3.2691095547773887,6.5382191095547775,8.180304244306042e-05,8.17150592930347e-05
3.2715857928964485,6.543171585792897,8.10878942259606e-05,8.35291896577051e-05
3.2740620310155077,6.5481240620310155,7.711139429159609e-05,8.542363610470363e-05
3.2765382691345675,6.553076538269135,7.402932298036978e-05,8.73950615178942e-05
3.2790145072536268,6.5580290145072535,7.317550468227768e-05,8.944008472862854e-05
3.2814907453726865,6.562981490745373,6.950487114866231e-05,9.155528421544843e-05
3.283966983491746,6.567933966983492,6.849673051268809e-05,9.373720181189102e-05
3.2864432216108055,6.572886443221611,6.662263982316072e-05,9.598234641870936e-05
3.288919459729865,6.57783891945973,6.60042069301013e-05,9.828719771680007e-05
3.2913956978489245,6.582791395697849,6.386290846295123e-05,0.00010064820987719921
3.293871935967984,6.587743871935968,6.200332113361251e-05,0.0001030618152645305
3.2963481740870435,6.592696348174087,6.1537184712508e-05,0.00010552442813030432
3.2988244122061032,6.5976488244122065,6.095039711361089e-05,0.00010803244829254718
3.3013006503251625,6.602601300650325,5.9259076208811264e-05,0.00011058226479824455
3.3037768884442222,6.6075537768884445,5.79854840178894e-05,0.00011317025956516393
3.306253126563282,6.612506253126564,5.6203378232895874e-05,0.00011579281099963985
3.3087293646823412,6.6174587293646825,5.592314816125507e-05,0.0001184462975869813
3.311205602801401,6.622411205602802,5.621519945274845e-05,0.00012112710145120437
3.3136818409204603,6.6273636818409205,5.574339408425075e-05,0.00012383161188084954
3.31615807903952,6.63231615807904,5.6023665264769084e-05,0.00012655622881772123
3.3186343171585793,6.6372686343171585,5.629001776651658e-05,0.00012929736630542103
3.321110555277639,6.642221110555278,5.6887009900877284e-05,0.0001320514558946395
3.3235867933966983,6.6471735867933965,5.670797684251958e-05,0.00013481495000222673
3.326063031515758,6.652126063031516,5.7645688048367794e-05,0.0001375843252211359
3.3285392696348177,6.657078539269635,5.7872095813432774e-05,0.00014035608557839591
3.331015507753877,6.662031015507754,5.679529911229348e-05,0.00014312676573836785
3.3334917458729367,6.6669834917458735,5.8529172143802185e-05,0.00014589293414859664
3.335967983991996,6.671935967983992,6.0190806833862984e-05,0.00014865119612564548
3.3384442221110557,6.6768884442221115,6.0279196975547686e-05,0.00015139819687841184
3.340920460230115,6.68184092046023,6.314164964227636e-05,0.00015413062446646152
3.3433966983491747,6.6867933966983495,6.534042155894496e-05,0.00015684521269105042
3.345872936468234,6.691745872936468,6.646899195891906e-05,0.00015953874391653162
3.3483491745872938,6.6966983491745875,6.656677784274235e-05,0.0001622080518200064
3.3508254127063535,6.701650825412707,6.991412218228485e-05,0.0001648500240670922
3.3533016508254128,6.7066033016508255,7.024142185917531e-05,0.0001674616049118258
3.3557778889444725,6.711555777888945,7.151385152376811e-05,0.00017003979771877242
3.3582541270635318,6.7165082541270635,7.307893083034083e-05,0.00017258166740554375
3.3607303651825915,6.721460730365183,7.537852970340466e-05,0.00017508434280397812
3.3632066033016508,6.7264132066033016,7.731400118200596e-05,0.00017754501893836347
3.3656828414207105,6.731365682841421,8.009191123077873e-05,0.0001799609592191679
3.3681590795397702,6.7363181590795405,8.227833712262115e-05,0.00018232949755082276
3.3706353176588295,6.741270635317659,8.434531421778719e-05,0.00018464804035224158
3.3731115557778892,6.7462231115557785,8.723397588700605e-05,0.00018691406848879736
3.3755877938969485,6.751175587793897,9.06402926726581e-05,0.0001891251391146297
3.3780640320160082,6.7561280640320165,9.279206761734685e-05,0.00019127888742422343
3.3805402701350675,6.761080540270135,9.188563279021859e-05,0.00019337302831229803
3.3830165082541273,6.7660330165082545,9.28178881055396e-05,0.00019540535794117155
3.3854927463731865,6.770985492746373,0.00010048260781667872,0.00019737375521480918
3.3879689844922463,6.7759379689844925,9.96247841457862e-05,0.0001992761831589324
3.390445222611306,6.780890445222612,0.00010400807183768785,0.00020111069020659194
3.3929214607303653,6.7858429214607305,0.0001051600063325527,0.0002028754113887694
3.395397698849425,6.79079539769885,0.00010677589491250794,0.00020456856942962
3.3978739369684843,6.7957478739369686,0.00011337943654580142,0.00020618847574608635
3.400350175087544,6.800700350175088,0.00011651766327993808,0.00020773353135172183
3.4028264132066033,6.805652826413207,0.00011693716984979723,0.00020920222766462507
3.405302651325663,6.810605302651326,0.00011602433277002776,0.00021059314721951825
3.4077788894447223,6.815557778889445,0.00012246622136152598,0.00021190496428406287
3.410255127563782,6.820510255127564,0.00012698066998032245,0.00021313644537962294
3.4127313656828417,6.8254627313656835,0.00012613268114474338,0.00021428644970676995
3.415207603801901,6.830415207603802,0.0001321026265532585,0.00021535392947590694
3.4176838419209608,6.8353676838419215,0.00013444190767772908,0.0002163379301434983
3.42016008004002,6.84032016008004,0.0001383797894824242,0.00021723759055445474
3.4226363181590798,6.8452726363181595,0.00014013199353960857,0.00021805214299133488
3.425112556278139,6.850225112556278,0.0001404683481617383,0.00021878091313109351
3.4275887943971988,6.8551775887943975,0.0001477935111981449,0.00021942331991020212
3.430065032516258,6.860130065032516,0.00014744168148648367,0.00021997887529903975
3.4325412706353178,6.8650825412706356,0.00015030029258338406,0.00022044718398654768
3.4350175087543775,6.870035017508755,0.00015074992570137546,0.00022082794297620417
3.437493746873437,6.874987493746874,0.00015434156187281735,0.00022112094109446876
3.4399699849924965,6.879939969984993,0.0001557172856561862,0.00022132605841291417
3.442446223111556,6.884892446223112,0.00015978256006760825,0.00022144326558533778
3.4449224612306155,6.889844922461231,0.0001667036266420941,0.0002214726231012224
3.447398699349675,6.89479739869935,0.00016141437661108408,0.00022141428045697987
3.4498749374687345,6.899749874937469,0.00016297846046897546,0.0002212684752464877
3.4523511755877943,6.9047023511755885,0.00017290613902832158,0.00022103553217248602
3.4548274137068535,6.909654827413707,0.00017072116643692686,0.00022071586198047497
3.4573036518259133,6.9146073036518265,0.00017153715043545173,0.00022030996031681277
3.4597798899449725,6.919559779889945,0.00017795530990660565,0.00021981840651276962
3.4622561280640323,6.9245122561280645,0.00017548540905111174,0.00021924186229635754
3.4647323661830915,6.929464732366183,0.00018378982922807278,0.0002185810704338101
3.4672086043021513,6.9344172086043026,0.00018244389174483885,0.00021783685330263467
3.4696848424212106,6.939369684842421,0.000180910165327704,0.00021701011139821933
3.4721610805402703,6.944322161080541,0.0001897454998254782,0.0002161018217760139
3.47463731865933,6.94927463731866,0.00018358388257210524,0.0002151130364313652
3.4771135567783893,6.954227113556779,0.00018872774158135397,0.00021404488061911592
3.479589794897449,6.959179589794898,0.0001887886386957146,0.00021289855111512908
3.4820660330165083,6.964132066033017,0.00019284346762041109,0.00021167531442193286
3.484542271135568,6.969084542271136,0.0001947208083512265,0.000210376504920717
3.4870185092546273,6.974037018509255,0.0001913780635417847,0.00020900352297195264
3.489494747373687,6.978989494747374,0.00019004245176588308,0.00020755783296692946
3.4919709854927463,6.983941970985493,0.0001943807088537659,0.00020604096133254208
3.494447223611806,6.988894447223612,0.00019181744602689632,0.0002044544944916707
3.4969234617308658,6.9938469234617315,0.00020030195478771903,0.00020280007678154921
3.499399699849925,6.99879939969985,0.00019537515950517385,0.00020107940833250431
3.5018759379689848,7.0037518759379696,0.00019435353710090455,0.00019929424290949596
3.504352176088044,7.008704352176088,0.00019631772897960202,0.00019744638571888196
3.506828414207104,7.013656828414208,0.00019206735588130604,0.00019553769118286907
3.509304652326163,7.018609304652326,0.00019332436090166766,0.00019357006068409995
3.511780890445223,7.023561780890446,0.00019977424329560814,0.00019154544028284292
3.514257128564282,7.028514257128564,0.0001942667046753427,0.0001894658184092757
3.516733366683342,7.033466733366684,0.00019298270359622486,0.00018733322353331724
3.5192096048024015,7.038419209604803,0.0001974023610420517,0.00018514972181450878
3.521685842921461,7.043371685842922,0.00019897064525229802,0.0001829174147344129
3.5241620810405205,7.048324162081041,0.00019716887860075073,0.00018063843671400876
3.52663831915958,7.05327663831916,0.00019744799154266423,0.00017831495271855317
3.5291145572786395,7.058229114557279,0.00019172162916971977,0.0001759491558523648
3.531590795397699,7.063181590795398,0.00018909042972201716,0.00017354326494599506
3.5340670335167585,7.068134067033517,0.000196739605651351,0.00017109952213820376
3.536543271635818,7.073086543271636,0.00019058386385458243,0.00016862019045518596
3.5390195097548776,7.078039019509755,0.0001898081294396487,0.0001661075513894281
3.5414957478739373,7.082991495747875,0.0001932248988718573,0.0001635639024806075
3.5439719859929966,7.087943971985993,0.00018985982897799447,0.0001609915549008787
3.5464482241120563,7.092896448224113,0.00018832069096414344,0.00015839283104689171
3.5489244622311156,7.097848924462231,0.0001917415091208571,0.00015577006214086616
3.5514007003501753,7.102801400700351,0.0001825183837786765,0.00015312558584298637
3.5538769384692346,7.107753876938469,0.00018534813971217204,0.0001504617438773967
3.5563531765882943,7.112706353176589,0.00018138724632581842,0.000147780879674002
3.558829414707354,7.117658829414708,0.00018030785905646742,0.0001450853360282759
3.5613056528264133,7.122611305652827,0.00018194015402723613,0.00014237745278122078
3.563781890945473,7.127563781890946,0.00017740955931038897,0.00013965956452159861
3.5662581290645323,7.132516258129065,0.00017561136771249836,0.00013693399831251626
3.568734367183592,7.137468734367184,0.00017504534498953247,0.00013420307144438852
3.5712106053026513,7.142421210605303,0.0001693459344059039,0.00013146908921628515
3.573686843421711,7.147373686843422,0.0001661023049846894,0.000128734342747593
3.5761630815407703,7.152326163081541,0.00016349861620731557,0.0001260011068219169
3.57863931965983,7.15727863931966,0.00015909132225368515,0.00012327163776505438
3.58111555777889,7.16223111555778,0.00016668354320777354,0.00012054817135886667
3.583591795897949,7.167183591795898,0.00015677627974931203,0.00011783292079278464
3.586068034017009,7.172136068034018,0.00015656167640207538,0.00011512807465467182
3.588544272136068,7.177088544272136,0.00015406288243554765,0.00011243579496268894
3.591020510255128,7.182041020510256,0.0001529860295577609,0.00010975821523974443
3.593496748374187,7.186993496748374,0.00015165482537807525,0.00010709743863209955
3.595972986493247,7.191945972986494,0.00014922291317222343,0.00010445553607359895
3.598449224612306,7.196898449224612,0.00014351987135517578,0.00010183454449694405
3.600925462731366,7.201850925462732,0.00014186232480155632,9.923646509340886e-05
3.6034017008504255,7.206803401700851,0.0001402141191820742,9.666326162229553e-05
3.605877938969485,7.21175587793897,0.00013648846737900584,9.411685877136822e-05
3.6083541770885446,7.216708354177089,0.00013759276322305013,9.159914056948893e-05
3.610830415207604,7.221660830415208,0.00013265694872224924,8.911194885255483e-05
3.6133066533266636,7.226613306653327,0.00013042546320619357,8.665708178382877e-05
3.615782891445723,7.231565782891446,0.0001275612722692748,8.423629242966474e-05
3.6182591295647826,7.236518259129565,0.00012577149813477217,8.185128739155345e-05
3.620735367683842,7.241470735367684,0.00012120629441833512,7.950372549540312e-05
3.6232116058029016,7.246423211605803,0.00011585630179973472,7.719521653884664e-05
3.6256878439219613,7.251375687843923,0.00011612080909610277,7.492732009733011e-05
3.6281640820410206,7.256328164082041,0.00011160205201011162,7.270154438969865e-05
3.6306403201600803,7.261280640320161,0.00010910880333053614,7.051934520386038e-05
3.6331165582791396,7.266233116558279,0.00010820808306794942,6.838212488314064e-05
3.6355927963981993,7.271185592796399,0.00010649942623359995,6.62912313737782e-05
3.6380690345172586,7.276138069034517,0.00010189430530264502,6.42479573340251e-05
3.6405452726363183,7.281090545272637,9.964021624164208e-05,6.225353930521442e-05
3.643021510755378,7.286043021510756,9.89813419127747e-05,6.030915694508402e-05
3.6454977488744373,7.290995497748875,9.421206549170825e-05,5.8415932323622346e-05
3.647973986993497,7.295947973986994,9.481284985995089e-05,5.6574929281591345e-05
3.6504502251125563,7.300900450225113,8.940757841918473e-05,5.478715285185826e-05
3.652926463231616,7.305852926463232,8.381336878008251e-05,5.305354874357532e-05
3.6554027013506754,7.310805402701351,8.44928482621988e-05,5.137500288920545e-05
3.657878939469735,7.31575787893947,8.15063855393263e-05,4.975234105431866e-05
3.6603551775887944,7.320710355177589,8.009239214803035e-05,4.818632851002438e-05
3.662831415707854,7.325662831415708,7.690770960628363e-05,4.6677669767849235e-05
3.665307653826914,7.330615307653828,7.359183680376881e-05,4.5227008376806036e-05
3.667783891945973,7.335567783891946,7.008173819260474e-05,4.383492678233571e-05
3.670260130065033,7.340520260130066,6.886790022294766e-05,4.250194624676367e-05
3.672736368184092,7.345472736368184,6.596955721844149e-05,4.122852683082956e-05
3.675212606303152,7.350425212606304,6.404487717372206e-05,4.001506743581218e-05
3.677688844422211,7.355377688844422,6.299391569642003e-05,3.886190590570815e-05
3.680165082541271,7.360330165082542,6.184052794916009e-05,3.776931918886952e-05
3.68264132066033,7.36528264132066,5.8614374998849035e-05,3.6737523558449095e-05
3.68511755877939,7.37023511755878,5.525516627896679e-05,3.57666748909586e-05
3.6875937968984496,7.375187593796899,5.467829349270635e-05,3.485686900217613e-05
3.690070035017509,7.380140070035018,5.336675110831434e-05,3.400814203961492e-05
3.6925462731365686,7.385092546273137,5.013213210582281e-05,3.3220470930686656e-05
3.695022511255628,7.390045022511256,4.872676602926916e-05,3.2493773885672236e-05
3.6974987493746876,7.394997498749375,4.7127387773687324e-05,3.1827910954544205e-05
3.699974987493747,7.399949974987494,4.493698019113258e-05,3.1222684636656334e-05
3.7024512256128066,7.404902451225613,4.431883451132283e-05,3.0677840542261185e-05
3.704927463731866,7.409854927463732,4.230013355884572e-05,3.0193068104781343e-05
3.7074037018509256,7.414807403701851,4.118580010982372e-05,2.976800134270974e-05
3.7098799399699853,7.419759879939971,3.902005142658358e-05,2.940221966998956e-05
3.7123561780890446,7.424712356178089,3.798167778577588e-05,2.9095248753667382e-05
3.7148324162081043,7.429664832416209,3.738779638058375e-05,2.8846561417593863e-05
3.7173086543271636,7.434617308654327,3.5610172727070365e-05,2.8655578590900064e-05
3.7197848924462233,7.439569784892447,3.560226949689569e-05,2.8521670299946692e-05
3.7222611305652826,7.444522261130565,3.346414840604443e-05,2.844415670241431e-05
3.7247373686843424,7.449474737368685,3.2808915749231235e-05,2.8422309162167628e-05
3.727213606803402,7.454427213606804,3.2246623634329564e-05,2.8455351363501646e-05
3.7296898449224614,7.459379689844923,3.031618250877037e-05,2.8542460463347565e-05
3.732166083041521,7.464332166083042,2.942091151153901e-05,2.868276827999213e-05
3.7346423211605804,7.469284642321161,2.8857426441689434e-05,2.8875362516839617e-05
3.73711855927964,7.47423711855928,2.946540365064422e-05,2.9119288019723045e-05
3.7395947973986994,7.479189594797399,2.8137307676283297e-05,2.9413548066249794e-05
3.742071035517759,7.484142071035518,2.8966733746595933e-05,2.97571056856503e-05
3.7445472736368184,7.489094547273637,2.725698061664633e-05,3.0148885007576663e-05
3.747023511755878,7.494047023511756,2.7226977954983975e-05,3.058777263828651e-05
3.749499749874938,7.498999499749876,2.750405009835894e-05,3.1072619062630466e-05
3.751975987993997,7.503951975987994,2.7483070085238473e-05,3.160224007024977e-05
3.754452226113057,7.508904452226114,2.7365957809421216e-05,3.217541820438213e-05
3.756928464232116,7.513856928464232,2.6955992973180177e-05,3.2790904231659787e-05
3.759404702351176,7.518809404702352,2.6878957280404992e-05,3.344741863128149e-05
3.761880940470235,7.52376188094047,2.676865129168166e-05,3.4143653101928944e-05
3.764357178589295,7.52871435717859,2.6967858147496664e-05,3.4878272084804476e-05
3.766833416708354,7.533666833416708,2.6620715317498555e-05,3.5649914301144184e-05
3.769309654827414,7.538619309654828,2.6757256692833444e-05,3.6457194302585496e-05
3.7717858929464736,7.543571785892947,2.7395288447214445e-05,3.729870403274853e-05
3.774262131065533,7.548524262131066,2.769134374745268e-05,3.81730143983993e-05
3.7767383691845926,7.553476738369185,2.799340097737918e-05,3.9078676848574164e-05
3.779214607303652,7.558429214607304,2.896310165241922e-05,4.0014224960034155e-05
3.7816908454227116,7.563381690845423,2.9615160394044008e-05,4.097817602744531e-05
3.784167083541771,7.568334167083542,2.982229901014075e-05,4.196903265666745e-05
3.7866433216608306,7.573286643321661,3.1094398481266224e-05,4.298528435956397e-05
3.78911955977989,7.57823911955978,3.057463643605051e-05,4.4025409148745143e-05
3.7915957978989496,7.583191595797899,3.1750145354744916e-05,4.5087875130668775e-05
3.7940720360180094,7.588144072036019,3.227356832251986e-05,4.617114209554804e-05
3.7965482741370686,7.593096548274137,3.251420297662413e-05,4.727366310251991e-05
3.7990245122561284,7.598049024512257,3.42775128104763e-05,4.839388605855286e-05
3.8015007503751876,7.603001500750375,3.516615875283882e-05,4.9530255289584775e-05
3.8039769884942474,7.607953976988495,3.7001524973099436e-05,5.068121310240787e-05
3.8064532266133067,7.612906453226613,3.751890418452593e-05,5.1845201335836135e-05
3.8089294647323664,7.617858929464733,3.76030350515819e-05,5.302066289970965e-05
3.811405702851426,7.622811405702852,4.033726039350367e-05,5.420604330032222e-05
3.8138819409704854,7.627763881940971,4.107212043299605e-05,5.539979215087697e-05
3.816358179089545,7.63271635817909,4.181251840038487e-05,5.660036466559913e-05
3.8188344172086044,7.637668834417209,4.2450672140606046e-05,5.7806223136168385e-05
3.821310655327664,7.642621310655328,4.313587555415039e-05,5.901583838916257e-05
3.8237868934467234,7.647573786893447,4.470861131648659e-05,6.0227691223221216e-05
3.826263131565783,7.652526263131566,4.692910675359943e-05,6.144027382468697e-05
3.8287393696848424,7.657478739369685,4.875006215999289e-05,6.265209116049267e-05
3.831215607803902,7.662431215607804,4.9788523167155185e-05,6.386166234711852e-05
3.833691845922962,7.667383691845924,4.9563488211516556e-05,6.506752199445357e-05
3.836168084042021,7.672336168084042,5.0350382799617306e-05,6.626822152343989e-05
3.838644322161081,7.677288644322162,5.26134013754904e-05,6.746233045642696e-05
3.84112056028014,7.68224112056028,5.237640094719313e-05,6.864843767916754e-05
3.8435967983992,7.6871935967984,5.5379071213168066e-05,6.982515267345139e-05
3.846073036518259,7.692146073036518,5.6300345634912767e-05,7.099110671939951e-05
3.848549274637319,7.697098549274638,5.733803015152286e-05,7.214495406647528e-05
3.851025512756378,7.702051025512756,5.764638575570848e-05,7.328537307231343e-05
3.853501750875438,7.707003501750876,6.0840719819691395e-05,7.441106730851106e-05
3.8559779889944976,7.711955977988995,6.119619531999252e-05,7.552076663254454e-05
3.858454227113557,7.716908454227114,6.189223573039634e-05,7.661322822504835e-05
3.8609304652326166,7.721860930465233,6.152931086364376e-05,7.768723759169453e-05
3.863406703351676,7.726813406703352,6.556561266156662e-05,7.874160952898819e-05
3.8658829414707356,7.731765882941471,6.865296784394532e-05,7.977518905331314e-05
3.868359179589795,7.73671835917959,6.984331291425876e-05,8.07868522926024e-05
3.8708354177088546,7.741670835417709,6.892513533040817e-05,8.177550734007313e-05
3.873311655827914,7.746623311655828,7.000258967159942e-05,8.274009506947257e-05
3.8757878939469737,7.751575787893947,7.236793713240932e-05,8.367958991136219e-05
3.8782641320660334,7.756528264132067,7.197084673331822e-05,8.459300058997549e-05
3.8807403701850927,7.761480740370185,7.458241470893832e-05,8.547937082024849e-05
3.8832166083041524,7.766433216608305,7.627126540163113e-05,8.633777996465823e-05
3.8856928464232117,7.771385692846423,7.794748018245875e-05,8.716734364954468e-05
3.8881690845422714,7.776338169084543,7.753037849230538e-05,8.796721434064126e-05
3.8906453226613307,7.781290645322661,7.848726788638992e-05,8.873658187757019e-05
3.8931215607803904,7.786243121560781,7.872902041421812e-05,8.947467396711223e-05
3.8955977988994497,7.791195597798899,7.979916299159715e-05,9.018075663509648e-05
3.8980740370185094,7.796148074037019,8.151356620293053e-05,9.085413463680121e-05
3.900550275137569,7.801100550275138,8.32045933237805e-05,9.14941518257939e-05
3.9030265132566284,7.806053026513257,8.48182813580281e-05,9.210019148118734e-05
3.905502751375688,7.811005502751376,8.354066215325205e-05,9.267167659331911e-05
3.9079789894947474,7.815957978989495,8.732308009381594e-05,9.320807010791553e-05
3.910455227613807,7.820910455227614,8.587382379897596e-05,9.37088751288335e-05
3.9129314657328664,7.825862931465733,8.697184407921942e-05,9.417363507950988e-05
3.915407703851926,7.830815407703852,8.675211724193315e-05,9.460193382330271e-05
3.917883941970986,7.835767883941972,8.52151509757792e-05,9.499339574292793e-05
3.920360180090045,7.84072036018009,9.026623823816766e-05,9.534768577925435e-05
3.922836418209105,7.84567283641821,9.068837061335584e-05,9.566450942973525e-05
3.925312656328164,7.850625312656328,8.988538079811869e-05,9.594361270681652e-05
3.927788894447224,7.855577788894448,9.088343033642884e-05,9.618478205667613e-05
3.930265132566283,7.860530265132566,9.198045614482899e-05,9.638784423870222e-05
3.932741370685343,7.865482741370686,8.95618495746299e-05,9.655266616614265e-05
3.935217608804402,7.870435217608804,9.137276251532992e-05,9.66791547083966e-05
3.937693846923462,7.875387693846924,9.355194945234168e-05,9.676725645545544e-05
3.9401700850425216,7.880340170085043,9.100643929637823e-05,9.681695744502939e-05
3.942646323161581,7.885292646323162,9.341592461554872e-05,9.682828285292972e-05
3.9451225612806406,7.890245122561281,9.131811311441395e-05,9.680129664731198e-05
3.9475987993997,7.8951975987994,9.403023442076187e-05,9.673610120740761e-05
3.9500750375187597,7.900150075037519,9.344231420351934e-05,9.663283690741257e-05
3.952551275637819,7.905102551275638,9.129427404650521e-05,9.649168166622087e-05
3.9550275137568787,7.910055027513757,9.521795884465657e-05,9.631285046372418e-05
3.957503751875938,7.915007503751876,9.252742159864937e-05,9.609659482442463e-05
3.9599799899949977,7.919959979989995,9.235097382792849e-05,9.584320226913307e-05
3.9624562281140574,7.924912456228115,9.365065578662729e-05,9.555299573555272e-05
3.9649324662331167,7.929864932466233,9.481212702274616e-05,9.52263329685694e-05
3.9674087043521764,7.934817408704353,9.157989512690338e-05,9.486360588109455e-05
3.9698849424712357,7.939769884942471,9.282799075557202e-05,9.446523988633024e-05
3.9723611805902954,7.944722361180591,9.303704298300628e-05,9.403169320234274e-05
3.9748374187093547,7.949674837418709,9.305561967894471e-05,9.356345612985834e-05
3.9773136568284144,7.954627313656829,9.19524712569106e-05,9.306105030420417e-05
3.9797898949474737,7.959579789894947,9.077538155705903e-05,9.252502792234579e-05
3.9822661330665334,7.964532266133067,8.967597596285542e-05,9.195597094598199e-05
3.984742371185593,7.969484742371186,9.040294689566388e-05,9.13544902816772e-05
3.9872186093046524,7.974437218609305,8.828487484512169e-05,9.07212249390233e-05
3.989694847423712,7.979389694847424,8.522312002702389e-05,9.00568411678424e-05
3.9921710855427714,7.984342171085543,8.906919267054134e-05,8.936203157544682e-05
3.994647323661831,7.989294647323662,8.900226121555368e-05,8.863751422499032e-05
3.9971235617808905,7.994247123561781,8.400833716397491e-05,8.788403171595273e-05
3.99959979989995,7.9991995997999,8.503409787547288e-05,8.710235024780525e-05
4.00207603801901,8.00415207603802,8.634659879263438e-05,8.6293258667924e-05
4.004552276138069,8.009104552276138,8.734190569469746e-05,8.54575675048053e-05
4.007028514257129,8.014057028514259,8.389395790160698e-05,8.459610798767216e-05
4.009504752376189,8.019009504752377,8.206936601277654e-05,8.370973105353166e-05
4.011980990495248,8.023961980990496,8.182602779171286e-05,8.279930634277377e-05
4.014457228614307,8.028914457228614,8.27684106709485e-05,8.186572118439689e-05
4.016933466733367,8.033866933466735,7.933488765821447e-05,8.090987957193506e-05
4.019409704852427,8.038819409704853,7.814961831794817e-05,7.993270113118412e-05
4.021885942971486,8.043771885942972,7.749210488718673e-05,7.893512008080179e-05
4.024362181090546,8.048724362181092,7.588990735218306e-05,7.791808418686997e-05
4.026838419209605,8.05367683841921,7.603940188363413e-05,7.688255371249861e-05
4.029314657328665,8.05862931465733,7.660777788255306e-05,7.582950036354864e-05
4.031790895447724,8.063581790895448,7.400563005406916e-05,7.475990623153969e-05
4.034267133566784,8.068534267133568,7.221708189936682e-05,7.367476273481856e-05
4.036743371685843,8.073486743371687,7.100275856683953e-05,7.257506955904074e-05
4.039219609804903,8.078439219609805,6.847621015221559e-05,7.146183359801359e-05
4.041695847923962,8.083391695847924,6.982208785153918e-05,7.033606789595386e-05
4.044172086043022,8.088344172086044,6.760395155554415e-05,6.919879059218057e-05
4.046648324162081,8.093296648324163,6.626302629938994e-05,6.80510238692749e-05
4.049124562281141,8.098249124562281,6.831285969157481e-05,6.689379290570798e-05
4.0516008004002,8.1032016008004,6.421353881755002e-05,6.572812483394775e-05
4.05407703851926,8.10815407703852,6.194759354854847e-05,6.455504770501039e-05
4.056553276638319,8.113106553276639,6.098059386606056e-05,6.33755894604478e-05
4.059029514757379,8.118059029514757,6.112043897918343e-05,6.219077691270931e-05
4.061505752876438,8.123011505752876,5.8892255824974395e-05,6.1001634734827145e-05
4.063981990995498,8.127963981990996,5.625508486966006e-05,5.98091844603393e-05
4.0664582291145575,8.132916458229115,5.697104825921716e-05,5.861444349436896e-05
4.068934467233617,8.137868934467233,5.434565528591512e-05,5.7418424136725495e-05
4.071410705352677,8.142821410705354,5.510182665837689e-05,5.6222132617919885e-05
4.073886943471736,8.147773886943472,5.3144778097715076e-05,5.502656814892371e-05
4.0763631815907955,8.152726363181591,5.0660105450786686e-05,5.383272198550371e-05
4.078839419709855,8.15767883941971,5.066679335795756e-05,5.264157650794855e-05
4.081315657828915,8.16263131565783,4.8475903395263726e-05,5.14541043169577e-05
4.083791895947974,8.167583791895948,4.7751873036949324e-05,5.0271267346469514e-05
4.0862681340670335,8.172536268134067,4.621291988389423e-05,4.909401599415595e-05
4.088744372186094,8.177488744372187,4.40531366063003e-05,4.7923288270309995e-05
4.091220610305153,8.182441220610306,4.295215692854437e-05,4.67600089658172e-05
4.093696848424212,8.187393696848424,4.2785205315111034e-05,4.560508883987297e-05
4.0961730865432715,8.192346173086543,4.0705661559482994e-05,4.4459423828098996e-05
4.098649324662332,8.197298649324663,3.946216620645303e-05,4.332389427166867e-05
4.101125562781391,8.202251125562782,3.7958052318316297e-05,4.219936416804306e-05
4.10360180090045,8.2072036018009,3.7571119711019245e-05,4.108668044387344e-05
4.1060780390195095,8.212156078039019,3.729524419891325e-05,3.99866722506208e-05
4.10855427713857,8.21710855427714,3.4476201223851e-05,3.8900150283399634e-05
4.111030515257629,8.222061030515258,3.3930920153154106e-05,3.782790612353483e-05
4.113506753376688,8.227013506753377,3.351634034290998e-05,3.677071160528955e-05
4.115982991495748,8.231965982991497,3.170775609618803e-05,3.572931820719899e-05
4.118459229614808,8.236918459229615,3.09016091995136e-05,3.470445646841068e-05
4.120935467733867,8.241870935467734,2.919222179507735e-05,3.3696835430408484e-05
4.123411705852926,8.246823411705853,2.8845557063095308e-05,3.2707142104468015e-05
4.125887943971986,8.251775887943973,2.7605835950455618e-05,3.173604096516611e-05
4.128364182091046,8.256728364182091,2.7127404470706422e-05,3.0784173470233256e-05
4.130840420210105,8.26168084042021,2.626762499384709e-05,2.9852157607011546e-05
4.133316658329165,8.26663331665833,2.5879385551167592e-05,2.8940587465755543e-05
4.1357928964482245,8.271585792896449,2.4253164351295407e-05,2.8050032839985184e-05
4.138269134567284,8.276538269134567,2.331916325114754e-05,2.7181038854057795e-05
4.140745372686343,8.281490745372686,2.246256635147995e-05,2.6334125618127143e-05
4.143221610805403,8.286443221610806,2.150465177113756e-05,2.5509787910593326e-05
4.1456978489244625,8.291395697848925,2.097800000493107e-05,2.4708494888150297e-05
4.148174087043522,8.296348174087044,2.0066966011827148e-05,2.3930689823489583e-05
4.150650325162582,8.301300650325164,1.9521570310681054e-05,2.3176789870700638e-05
4.153126563281641,8.306253126563282,1.9192646759896543e-05,2.2447185858380956e-05
4.1556028014007005,8.311205602801401,1.7926746918990353e-05,2.1742242110429913e-05
4.15807903951976,8.31615807903952,1.7916501983855832e-05,2.1062296294495313e-05
4.16055527763882,8.32111055527764,1.7399297625235686e-05,2.040765929798761e-05
4.163031515757879,8.326063031515758,1.6513154785780123e-05,1.9778615131577354e-05
4.1655077538769385,8.331015507753877,1.5545196762500035e-05,1.9175420860038224e-05
4.167983991995998,8.335967983991996,1.5461413963734256e-05,1.859830656029664e-05
4.170460230115058,8.340920460230116,1.5480303207735315e-05,1.8047475306507428e-05
4.172936468234117,8.345872936468234,1.4794819317723578e-05,1.752310318195446e-05
4.1754127063531765,8.350825412706353,1.4232146951412881e-05,1.7025339317548476e-05
4.177888944472237,8.355777888944473,1.4024344378064153e-05,1.655430595667887e-05
4.180365182591296,8.360730365182592,1.4022276398442381e-05,1.611009854613694e-05
4.182841420710355,8.36568284142071,1.3709102340553736e-05,1.569278585281609e-05
4.1853176588294145,8.370635317658829,1.3332994360797077e-05,1.5302410105870047e-05
4.187793896948475,8.37558779389695,1.3124943987243007e-05,1.49389871639811e-05
4.190270135067534,8.380540270135068,1.2970516277167855e-05,1.4602506707378084e-05
4.192746373186593,8.385492746373187,1.2750658365629375e-05,1.4292932454211193e-05
4.195222611305653,8.390445222611307,1.3155581024298098e-05,1.4010202400881328e-05
4.197698849424713,8.395397698849425,1.2729398292032737e-05,1.3754229085891688e-05
4.200175087543772,8.400350175087544,1.3002976395605962e-05,1.3524899876774258e-05
4.202651325662831,8.405302651325663,1.3071339133353745e-05,1.3322077279625025e-05
4.2051275637818915,8.410255127563783,1.3012399884137944e-05,1.3145599270760803e-05
4.207603801900951,8.415207603801901,1.280800905303638e-05,1.299527964999417e-05
4.21008004002001,8.42016008004002,1.307103202340391e-05,1.2870908415004458e-05
4.212556278139069,8.425112556278139,1.3117739146503023e-05,1.2772252156268273e-05
4.2150325162581295,8.430065032516259,1.310130536944255e-05,1.2699054471994474e-05
4.217508754377189,8.435017508754378,1.3533782910726576e-05,1.2651036402494722e-05
4.219984992496248,8.439969984992496,1.3440614522319045e-05,1.2627896883405545e-05
4.222461230615308,8.444922461230616,1.4171757484641198e-05,1.2629313217164269e-05
4.2249374687343675,8.449874937468735,1.409196986337534e-05,1.2654941562127525e-05
4.227413706853427,8.454827413706854,1.4527073829349764e-05,1.2704417438708597e-05
4.229889944972486,8.459779889944972,1.4863352408580856e-05,1.2777356251898009e-05
4.232366183091546,8.464732366183092,1.5082559882709998e-05,1.2873353829521162e-05
4.2348424212106055,8.469684842421211,1.5641734204858695e-05,1.2991986975575286e-05
4.237318659329665,8.47463731865933,1.5778196331500235e-05,1.3132814037979715e-05
4.239794897448725,8.47958979489745,1.6511896485188207e-05,1.3295375490063275e-05
4.242271135567784,8.484542271135568,1.638915205817124e-05,1.3479194525105694e-05
4.2447473736868435,8.489494747373687,1.7207032122642836e-05,1.3683777663240938e-05
4.247223611805903,8.494447223611806,1.8153888557877024e-05,1.390861537002477e-05
4.249699849924963,8.499399699849926,1.7853038167912095e-05,1.4153182685964263e-05
4.252176088044022,8.504352176088045,1.8436735029022352e-05,1.4416939866295562e-05
4.2546523261630815,8.509304652326163,1.929072037234614e-05,1.469933303030354e-05
4.257128564282142,8.514257128564283,1.9728243019032637e-05,1.4999794819458344e-05
4.259604802401201,8.519209604802402,2.032775872019765e-05,1.5317745063652863e-05
4.26208104052026,8.52416208104052,2.093315794715506e-05,1.5652591454819385e-05
4.2645572786393195,8.529114557278639,2.1555363668803225e-05,1.6003730227196215e-05
4.26703351675838,8.53406703351676,2.2299741016759656e-05,1.637054684352512e-05
4.269509754877439,8.539019509754878,2.266583154198651e-05,1.675241668645041e-05
4.271985992996498,8.543971985992997,2.304554760950021e-05,1.7148705754397353e-05
4.274462231115558,8.548924462231115,2.397883171195914e-05,1.7558771361205063e-05
4.276938469234618,8.553876938469235,2.5050733354546356e-05,1.7981962838795106e-05
4.279414707353677,8.558829414707354,2.493039150518513e-05,1.841762224215473e-05
4.281890945472736,8.563781890945473,2.5234424024036483e-05,1.8865085055922127e-05
4.2843671835917965,8.568734367183593,2.6677442674255022e-05,1.9323680901861303e-05
4.286843421710856,8.573686843421712,2.6829257964015627e-05,1.9792734246520453e-05
4.289319659829915,8.57863931965983,2.6619406707336114e-05,2.02715651083755e-05
4.291795897948974,8.583591795897949,2.851369199060327e-05,2.0759489763760708e-05
4.2942721360680345,8.588544272136069,2.856449901149963e-05,2.12558214509001e-05
4.296748374187094,8.593496748374188,2.9395020561575587e-05,2.1759871071360227e-05
4.299224612306153,8.598449224612306,3.0222394895479858e-05,2.227094788825073e-05
4.301700850425213,8.603401700850426,3.07954773523341e-05,2.2788360220507648e-05
4.3041770885442725,8.608354177088545,3.167283268652902e-05,2.3311416132604745e-05
4.306653326663332,8.613306653326664,3.1757697799265216e-05,2.3839424119050826e-05
4.309129564782391,8.618259129564782,3.2839202172615964e-05,2.437169378303243e-05
4.311605802901451,8.623211605802902,3.307477693949791e-05,2.490753650858397e-05
4.3140820410205105,8.628164082041021,3.418734653245948e-05,2.5446266125666144e-05
4.31655827913957,8.63311655827914,3.473092447990072e-05,2.5987199567557877e-05
4.31903451725863,8.63806903451726,3.4513956432765784e-05,2.6529657519968237e-05
4.321510755377689,8.643021510755379,3.616710011039851e-05,2.7072965061296343e-05
4.3239869934967485,8.647973986993497,3.58685399690698e-05,2.7616452293472675e-05
4.326463231615808,8.652926463231616,3.716497523654877e-05,2.815945496283817e-05
4.328939469734868,8.657878939469736,3.747392588376675e-05,2.870131507052189e-05
4.331415707853927,8.662831415707855,3.884698660177368e-05,2.924138147180072e-05
4.3338919459729865,8.667783891945973,3.819873025188651e-05,2.9779010463933418e-05
4.336368184092046,8.672736368184092,3.863219633508352e-05,3.0313566361983546e-05
4.338844422211106,8.677688844422212,3.931793011572438e-05,3.084442206215169e-05
4.341320660330165,8.68264132066033,3.962662442186734e-05,3.1370959592164294e-05
4.343796898449225,8.68759379689845,4.075307967794876e-05,3.189257064827634e-05
4.346273136568285,8.69254627313657,3.972831349485606e-05,3.2408657118462886e-05
4.348749374687344,8.697498749374688,4.049350733391437e-05,3.291863159139002e-05
4.351225612806403,8.702451225612807,4.088880111397979e-05,3.3421917850780024e-05
4.353701850925463,8.707403701850925,4.2544616299403795e-05,3.391795135479285e-05
4.356178089044523,8.712356178089045,4.340611727056574e-05,3.440617970007132e-05
4.358654327163582,8.717308654327164,4.260765347275221e-05,3.488606307011189e-05
4.361130565282641,8.722261130565283,4.290023244805568e-05,3.535707466764469e-05
4.3636068034017015,8.727213606803403,4.336923028717423e-05,3.5818701130718264e-05
4.366083041520761,8.732166083041522,4.437799873753929e-05,3.627044293220848e-05
4.36855927963982,8.73711855927964,4.32805995656639e-05,3.671181476249137e-05
4.371035517758879,8.742071035517759,4.430118046064641e-05,3.7142345895028987e-05
4.3735117558779395,8.747023511755879,4.5023253027057774e-05,3.756158053464604e-05
4.375987993996999,8.751975987993998,4.4918401342234036e-05,3.796907814829031e-05
4.378464232116058,8.756928464232116,4.489786633109758e-05,3.836441377808909e-05
4.380940470235117,8.761880940470235,4.561045982083165e-05,3.874717833652689e-05
4.3834167083541775,8.766833416708355,4.325075805863976e-05,3.911697888360405e-05
4.385892946473237,8.771785892946474,4.565872919277105e-05,3.947343888583403e-05
4.388369184592296,8.776738369184592,4.485272302525147e-05,3.9816198456977156e-05
4.390845422711356,8.781690845422712,4.412664237280989e-05,4.0144914580410415e-05
4.3933216608304155,8.786643321660831,4.5773640373115094e-05,4.045926131306112e-05
4.395797898949475,8.79159579789895,4.6392023079631975e-05,4.0758929970850394e-05
4.398274137068534,8.796548274137068,4.536913109977424e-05,4.104362929560644e-05
4.400750375187594,8.801500750375189,4.609727170805574e-05,4.1313085603432406e-05
4.4032266133066535,8.806453226613307,4.6508143437082e-05,4.156704291452658e-05
4.405702851425713,8.811405702851426,4.624419669547359e-05,4.1805263064473325e-05
4.408179089544773,8.816358179089546,4.638072006780247e-05,4.202752579704394e-05
4.410655327663832,8.821310655327665,4.566515315755378e-05,4.2233628838558706e-05
4.413131565782892,8.826263131565783,4.508657558729232e-05,4.242338795388486e-05
4.415607803901951,8.831215607803902,4.3808385792739414e-05,4.259663698415823e-05
4.418084042021011,8.836168084042022,4.455172808169632e-05,4.275322786633877e-05
4.42056028014007,8.84112056028014,4.396201655113389e-05,4.2893030634720364e-05
4.42303651825913,8.84607303651826,4.575555750606139e-05,4.301593340454012e-05
4.42551275637819,8.85102551275638,4.3962847424830046e-05,4.312184233784237e-05
4.427988994497249,8.855977988994498,4.390627157486401e-05,4.321068159177081e-05
4.430465232616308,8.860930465232617,4.391159038639598e-05,4.328239324948266e-05
4.432941470735368,8.865882941470735,4.328593184839685e-05,4.333693723388517e-05
4.435417708854428,8.870835417708856,4.403652775765997e-05,4.337429120441941e-05
4.437893946973487,8.875787893946974,4.221470939378439e-05,4.339445043712684e-05
4.440370185092546,8.880740370185093,4.2385664069709996e-05,4.339742768824679e-05
4.442846423211606,8.885692846423211,4.1427293732911964e-05,4.338325304161315e-05
4.445322661330666,8.890645322661332,4.068602372167861e-05,4.3351973740127144e-05
4.447798899449725,8.89559779889945,4.072766702643511e-05,4.330365400159872e-05
4.450275137568784,8.900550275137569,4.066269722852054e-05,4.323837481926267e-05
4.4527513756878445,8.905502751375689,3.999053163542941e-05,4.315623374728778e-05
4.455227613806904,8.910455227613808,3.938531402601053e-05,4.305734467160868e-05
4.457703851925963,8.915407703851926,3.8503009763237636e-05,4.29418375664236e-05
4.460180090045022,8.920360180090045,3.880400927149617e-05,4.280985823671224e-05
4.4626563281640825,8.925312656328165,3.749263772468235e-05,4.2661568047137455e-05
4.465132566283142,8.930265132566284,3.8282790220377534e-05,4.249714363770791e-05
4.467608804402201,8.935217608804402,3.737772811525378e-05,4.2316776626585645e-05
4.470085042521261,8.940170085042523,3.599540503757376e-05,4.212067330043471e-05
4.4725612806403205,8.945122561280641,3.608895059197549e-05,4.1909054292716564e-05
4.47503751875938,8.95007503751876,3.530081755788999e-05,4.1682154250341746e-05
4.477513756878439,8.955027513756878,3.530843107685952e-05,4.144022148910364e-05
4.479989994997499,8.959979989994999,3.5262480979148e-05,4.1183517638320454e-05
4.482466233116559,8.964932466233117,3.3030106323423834e-05,4.091231727512378e-05
4.484942471235618,8.969884942471236,3.345431979589816e-05,4.0626907548834275e-05
4.487418709354677,8.974837418709354,3.27212715943358e-05,4.0327587795878426e-05
4.489894947473737,8.979789894947475,3.25210389997116e-05,4.001466914569686e-05
4.492371185592797,8.984742371185593,3.1688669636284864e-05,3.968847411810865e-05
4.494847423711856,8.989694847423712,3.062390171586098e-05,3.9349336212594094e-05
4.497323661830916,8.994647323661832,3.0209069788922584e-05,3.899759948996936e-05
4.499799899949975,8.99959979989995,2.9376560032298776e-05,3.86336181469222e-05
4.502276138069035,9.00455227613807,2.9575404238730584e-05,3.825775608388902e-05
4.504752376188094,9.009504752376188,2.848634170485197e-05,3.787038646675186e-05
4.507228614307154,9.014457228614308,2.8641198696252068e-05,3.747189128283714e-05
4.509704852426213,9.019409704852427,2.7191022370973676e-05,3.7062660891700285e-05
4.512181090545273,9.024362181090545,2.6301612528847896e-05,3.6643093571181614e-05
4.514657328664333,9.029314657328666,2.53633971450389e-05,3.6213595059218656e-05
4.517133566783392,9.034267133566784,2.4637286043771702e-05,3.577457809190409e-05
4.519609804902451,9.039219609804903,2.4106519078642448e-05,3.532646193827017e-05
4.522086043021511,9.044172086043021,2.4163075347353233e-05,3.486967193229169e-05
4.524562281140571,9.049124562281142,2.36218007875135e-05,3.440463900258767e-05
4.52703851925963,9.05407703851926,2.2281422291543607e-05,3.39317992003073e-05
4.529514757378689,9.059029514757379,2.250486729250393e-05,3.345159322567896e-05
4.5319909954977495,9.063981990995499,2.143905671503119e-05,3.296446595370314e-05
4.534467233616809,9.068934467233618,2.1035979694015743e-05,3.247086595946325e-05
4.536943471735868,9.073886943471736,2.0883107749759605e-05,3.19712450435284e-05
4.539419709854927,9.078839419709855,2.006318741945764e-05,3.1466057757914086e-05
4.5418959479739875,9.083791895947975,1.9133534408110918e-05,3.095576093306767e-05
4.544372186093047,9.088744372186094,1.8383634990044643e-05,3.044081320633753e-05
4.546848424212106,9.093696848424212,1.74798003903105e-05,2.9921674552376993e-05
4.549324662331165,9.09864932466233,1.7312964371933095e-05,2.939880581593853e-05
4.551800900450226,9.103601800900451,1.6896385284540534e-05,2.8872668247495612e-05
4.554277138569285,9.10855427713857,1.6165268839852685e-05,2.8343723042132385e-05
4.556753376688344,9.113506753376688,1.5845507159051346e-05,2.7812430882128802e-05
4.559229614807404,9.118459229614809,1.5373829103471273e-05,2.7279251483665595e-05
4.561705852926464,9.123411705852927,1.4796700281189063e-05,2.6744643148067565e-05
4.564182091045523,9.128364182091046,1.4209248705037361e-05,2.6209062317985224e-05
4.566658329164582,9.133316658329164,1.3898753880421668e-05,2.5672963138924677e-05
4.569134567283642,9.138269134567285,1.3479532190392845e-05,2.51367970265101e-05
4.571610805402702,9.143221610805403,1.2719289613921357e-05,2.460101223986331e-05
4.574087043521761,9.148174087043522,1.2748327726663157e-05,2.406605346147453e-05
4.576563281640821,9.153126563281642,1.203327593796272e-05,2.353236138392952e-05
4.57903951975988,9.15807903951976,1.1635352416343728e-05,2.3000372303844892e-05
4.58151575787894,9.16303151575788,1.1346591621748232e-05,2.2470517723359856e-05
4.583991995997999,9.167983991995998,1.087507085211473e-05,2.1943223959514345e-05
4.586468234117059,9.172936468234118,1.061142144553337e-05,2.1418911761844068e-05
4.588944472236118,9.177888944472237,1.0145140531147329e-05,2.089799593849831e-05
4.591420710355178,9.182841420710355,9.667116101680328e-06,2.0380884991188786e-05
4.593896948474238,9.187793896948476,9.47851486845706e-06,1.9867980759259252e-05
4.596373186593297,9.192746373186594,8.957408499220594e-06,1.9359678073155102e-05
4.598849424712356,9.197698849424713,8.830376370015754e-06,1.885636441756168e-05
4.601325662831416,9.202651325662831,8.530057737114858e-06,1.83584196044691e-05
4.603801900950476,9.207603801900952,8.242949156403849e-06,1.7866215456409168e-05
4.606278139069535,9.21255627813907,8.004014361501864e-06,1.738011550009573e-05
4.608754377188594,9.217508754377189,7.5667417594863e-06,1.690047467069027e-05
4.611230615307654,9.222461230615307,7.507702575538996e-06,1.642763902690171e-05
4.613706853426714,9.227413706853428,7.380199748990934e-06,1.5961945477117373e-05
4.616183091545773,9.232366183091546,7.2035683707260506e-06,1.5503721516748624e-05
4.618659329664832,9.237318659329665,6.911012579406894e-06,1.5053284976960374e-05
4.621135567783893,9.242271135567785,6.998955323982249e-06,1.4610943784948094e-05
4.623611805902952,9.247223611805904,6.6468129618501385e-06,1.41769957359039e-05
4.626088044022011,9.252176088044022,6.712644880271778e-06,1.3751728276807286e-05
4.62856428214107,9.25712856428214,6.556581824075589e-06,1.333541830216155e-05
4.631040520260131,9.262081040520261,6.367106257827508e-06,1.2928331961783426e-05
4.63351675837919,9.26703351675838,6.5294632468067334e-06,1.253072448073983e-05
4.635992996498249,9.271985992996498,6.193782196483788e-06,1.2142839991516128e-05
4.638469234617309,9.276938469234619,6.355524841730197e-06,1.1764911378484118e-05
4.640945472736369,9.281890945472737,6.340856292602463e-06,1.1397160134730111e-05
4.643421710855428,9.286843421710856,6.177749973069515e-06,1.10397962312796e-05
4.645897948974487,9.291795897948974,6.379701366062201e-06,1.0693017998760845e-05
4.648374187093547,9.296748374187095,6.249293917223311e-06,1.0357012021517358e-05
4.650850425212607,9.301700850425213,6.33855520662709e-06,1.0031953044182288e-05
4.653326663331666,9.306653326663332,6.388981284031419e-06,9.718003890703343e-06
4.655802901450725,9.31160580290145,6.418309745314393e-06,9.415315395808088e-06
4.658279139569785,9.31655827913957,6.591550383011716e-06,9.124026348870103e-06
4.660755377688845,9.32151075537769,6.685708988531689e-06,8.844263450142981e-06
4.663231615807904,9.326463231615808,6.538996126339309e-06,8.576141279300818e-06
4.665707853926964,9.331415707853928,6.96991980669321e-06,8.319762276224685e-06
4.668184092046023,9.336368184092047,6.796064609441075e-06,8.075216733954907e-06
4.670660330165083,9.341320660330165,7.226094121256489e-06,7.842582803721174e-06
4.673136568284142,9.346273136568284,7.3967549713956435e-06,7.62192651195076e-06
4.675612806403202,9.351225612806404,7.321513756401185e-06,7.413301789143851e-06
4.678089044522261,9.356178089044523,7.57700198345994e-06,7.2167505104932725e-06
4.680565282641321,9.361130565282641,7.68578794292396e-06,7.032302548116735e-06
4.683041520760381,9.366083041520762,7.99134913220645e-06,6.8599758347588235e-06
4.68551775887944,9.37103551775888,8.190893770646363e-06,6.699776438809565e-06
4.687993996998499,9.375987993996999,8.548968162661058e-06,6.551698650474577e-06
4.690470235117559,9.380940470235117,8.851056684557266e-06,6.415725078927028e-06
4.692946473236619,9.385892946473238,9.10610511899434e-06,6.291826760255867e-06
4.695422711355678,9.390845422711356,9.089187399940428e-06,6.179963276021386e-06
4.697898949474737,9.395797898949475,9.391746647165211e-06,6.080082882214548e-06
4.700375187593798,9.400750375187595,9.438881763349609e-06,5.992122648413625e-06
4.702851425712857,9.405702851425714,9.831980161146817e-06,5.916008606918294e-06
4.705327663831916,9.410655327663832,1.0375504996653564e-05,5.85165591163617e-06
4.707803901950975,9.41560780390195,1.0763191484003741e-05,5.7989690064876524e-06
4.710280140070036,9.420560280140071,1.0595070933381562e-05,5.7578418030876945e-06
4.712756378189095,9.42551275637819,1.0987714643093155e-05,5.728157867456113e-06
4.715232616308154,9.430465232616308,1.1377426552877366e-05,5.709790615500266e-06
4.717708854427213,9.435417708854427,1.1730639462993289e-05,5.702603517008245e-06
4.720185092546274,9.440370185092547,1.1839052691798686e-05,5.7064503078837465e-06
4.722661330665333,9.445322661330666,1.2368765411181362e-05,5.721175210347815e-06
4.725137568784392,9.450275137568784,1.2509490497767575e-05,5.746613160827212e-06
4.727613806903452,9.455227613806905,1.290667181544061e-05,5.78259004524347e-06
4.730090045022512,9.460180090045023,1.332973689488837e-05,5.828922941411724e-06
4.732566283141571,9.465132566283142,1.3535644116750325e-05,5.885420368253849e-06
4.73504252126063,9.47008504252126,1.3757177695935834e-05,5.95188254152545e-06
4.73751875937969,9.47503751875938,1.4138087443325947e-05,6.028101635753223e-06
4.73999499749875,9.4799899949975,1.4455330351386555e-05,6.113862052073635e-06
4.742471235617809,9.484942471235618,1.4704722702237442e-05,6.2089406916634405e-06
4.744947473736869,9.489894947473738,1.5039131489744085e-05,6.313107234445635e-06
4.747423711855928,9.494847423711857,1.577635900031651e-05,6.426124422754797e-06
4.749899949974988,9.499799899949975,1.584605444182354e-05,6.547748349642447e-06
4.752376188094047,9.504752376188094,1.5947109772485096e-05,6.677728751499952e-06
4.754852426213107,9.509704852426214,1.6489869922416743e-05,6.815809304676322e-06
4.757328664332166,9.514657328664333,1.6533682887329372e-05,6.961727925765447e-06
4.759804902451226,9.519609804902451,1.720813568525161e-05,7.115217075237783e-06
4.762281140570286,9.524562281140572,1.729524283444136e-05,7.276004064089072e-06
4.764757378689345,9.52951475737869,1.7456285111285987e-05,7.4438113631786626e-06
4.767233616808404,9.534467233616809,1.788312166351833e-05,7.6183569149327476e-06
4.769709854927464,9.539419709854927,1.7612661507246095e-05,7.799354447081375e-06
4.772186093046524,9.544372186093048,1.799624793483999e-05,7.986513788107573e-06
4.774662331165583,9.549324662331166,1.8234807912340356e-05,8.17954118407909e-06
4.777138569284642,9.554277138569285,1.886275482624646e-05,8.378139616541473e-06
4.779614807403702,9.559229614807403,1.956610836835527e-05,8.582009121147324e-06
4.782091045522762,9.564182091045524,1.99576788030003e-05,8.790847106703138e-06
4.784567283641821,9.569134567283642,1.973162441419615e-05,9.004348674311727e-06
4.78704352176088,9.57408704352176,1.9918420983473967e-05,9.222206936297571e-06
4.789519759879941,9.579039519759881,1.9447065874546837e-05,9.44411333459736e-06
4.791995997999,9.583991995998,2.0031304872742718e-05,9.669757958308358e-06
4.794472236118059,9.588944472236118,2.015462308520151e-05,9.898829860084727e-06
4.7969484742371185,9.593896948474237,2.0394864545715835e-05,1.0131017371078656e-05
4.799424712356179,9.598849424712357,2.0715925860306426e-05,1.0366008414126984e-05
4.801900950475238,9.603801900950476,2.079229731742272e-05,1.0603490814884888e-05
4.804377188594297,9.608754377188594,2.0476662556668744e-05,1.0843152610618301e-05
4.806853426713357,9.613706853426715,2.149443694698562e-05,1.1084682356365367e-05
4.809329664832417,9.618659329664833,2.105437541570242e-05,1.13277694281843e-05
4.811805902951476,9.623611805902952,2.160850197855552e-05,1.1572104323214335e-05
4.814282141070535,9.62856428214107,2.2327067118513785e-05,1.1817378956272843e-05
4.816758379189595,9.63351675837919,2.1464919009740317e-05,1.2063286952725874e-05
4.819234617308655,9.63846923461731,2.103621378418373e-05,1.2309523937370608e-05
4.821710855427714,9.643421710855428,2.18622524344682e-05,1.2555787819074953e-05
4.824187093546773,9.648374187093546,2.239984849124244e-05,1.2801779070926718e-05
4.826663331665833,9.653326663331667,2.27538452147449e-05,1.3047201005648714e-05
4.829139569784893,9.658279139569785,2.1753384424712566e-05,1.329176004604712e-05
4.831615807903952,9.663231615807904,2.2374168582206933e-05,1.3535165990262627e-05
4.834092046023012,9.668184092046024,2.2088956211887133e-05,1.3777132271602763e-05
4.836568284142071,9.673136568284143,2.2233243238426957e-05,1.4017376212741298e-05
4.839044522261131,9.678089044522261,2.3165770295455086e-05,1.4255619274078698e-05
4.84152076038019,9.68304152076038,2.1781791522083882e-05,1.4491587296060548e-05
4.84399699849925,9.6879939969985,2.2360109305544907e-05,1.4725010735265157e-05
4.846473236618309,9.692946473236619,2.2411563325881435e-05,1.4955624894073009e-05
4.848949474737369,9.697898949474737,2.2586507334964645e-05,1.5183170143742664e-05
4.851425712856429,9.702851425712858,2.2215314819373543e-05,1.540739214072384e-05
4.853901950975488,9.707803901950976,2.22322766030939e-05,1.562804203604593e-05
4.856378189094547,9.712756378189095,2.1936914304896592e-05,1.5844876677631005e-05
4.858854427213607,9.717708854427213,2.2081183092948166e-05,1.6057658805383777e-05
4.861330665332667,9.722661330665334,2.179491097689288e-05,1.6266157238925395e-05
4.863806903451726,9.727613806903452,2.2015907068461993e-05,1.6470147057840355e-05
4.8662831415707855,9.732566283141571,2.1586732428778495e-05,1.6669409774318426e-05
4.868759379689846,9.737518759379691,2.1713601586230613e-05,1.686373349808049e-05
4.871235617808905,9.74247123561781,2.1456443103799444e-05,1.705291309348421e-05
4.873711855927964,9.747423711855928,2.1690727465045008e-05,1.723675032871774e-05
4.8761880940470235,9.752376188094047,2.1169045316361286e-05,1.7415054016993537e-05
4.878664332166084,9.757328664332167,2.0471544230437118e-05,1.7587640149666738e-05
4.881140570285143,9.762281140570286,2.1262114590115734e-05,1.7754332021209862e-05
4.883616808404202,9.767233616808404,2.0413200827218393e-05,1.791496034598293e-05
4.8860930465232615,9.772186093046523,2.031162494438186e-05,1.8069363366749324e-05
4.888569284642322,9.777138569284643,2.0141065525926406e-05,1.8217386954893426e-05
4.891045522761381,9.782091045522762,2.053907851004646e-05,1.8358884702306226e-05
4.89352176088044,9.78704352176088,1.9279590839280685e-05,1.849371800491471e-05
4.8959979989995,9.791995997999,2.0630672403280357e-05,1.8621756137835596e-05
4.89847423711856,9.79694847423712,1.9790026913826713e-05,1.874287632214663e-05
4.900950475237619,9.801900950475238,1.9316736449150228e-05,1.8856963783274776e-05
4.903426713356678,9.806853426713356,1.9000468373965427e-05,1.8963911801008213e-05
4.905902951475738,9.811805902951477,1.8853698954078247e-05,1.9063621751149704e-05
4.908379189594798,9.816758379189595,1.866884547410151e-05,1.9156003138834608e-05
4.910855427713857,9.821710855427714,1.8445513206355953e-05,1.924097362354697e-05
4.913331665832917,9.826663331665834,1.8157645217871182e-05,1.9318459035873105e-05
4.915807903951976,9.831615807903953,1.776478997518684e-05,1.938839338604125e-05
4.918284142071036,9.836568284142071,1.7417457652872873e-05,1.9450718864303596e-05
4.920760380190095,9.84152076038019,1.7153527114225827e-05,1.950538583322356e-05
4.923236618309155,9.84647323661831,1.6861945785183762e-05,1.955235281194038e-05
4.925712856428214,9.851425712856429,1.690879574468706e-05,1.9591586452488113e-05
4.928189094547274,9.856378189094547,1.6482288784700596e-05,1.962306150825656e-05
4.930665332666333,9.861330665332666,1.5336459196832014e-05,1.9646760794685173e-05
4.933141570785393,9.866283141570786,1.590310090438124e-05,1.9662675142291207e-05
4.9356178089044525,9.871235617808905,1.5494495712071486e-05,1.967080334213767e-05
4.938094047023512,9.876188094047023,1.5143798828639781e-05,1.967115208385461e-05
4.940570285142572,9.881140570285144,1.4758036961738388e-05,1.9663735886334024e-05
4.943046523261631,9.886093046523262,1.4784354717919059e-05,1.9648577021223373e-05
4.9455227613806905,9.891045522761381,1.443462550759339e-05,1.9625705429350845e-05
4.94799899949975,9.8959979989995,1.376288870874516e-05,1.959515863021967e-05
4.95047523761881,9.90095047523762,1.3698587564173471e-05,1.955698162471607e-05
4.952951475737869,9.905902951475738,1.3112160317714591e-05,1.9511226791179915e-05
4.9554277138569285,9.910855427713857,1.272761478513124e-05,1.945795377499297e-05
4.957903951975989,9.915807903951977,1.2567940273050098e-05,1.939722937184496e-05
4.960380190095048,9.920760380190096,1.25384692300423e-05,1.9329127404842577e-05
4.962856428214107,9.925712856428214,1.2242865951395026e-05,1.9253728595630934e-05
4.9653326663331665,9.930665332666333,1.1853928831927094e-05,1.9171120429702387e-05
4.967808904452227,9.935617808904453,1.1582572361872194e-05,1.908139701607113e-05
4.970285142571286,9.940570285142572,1.1240645349743492e-05,1.8984658941497358e-05
4.972761380690345,9.94552276138069,1.0748269218126094e-05,1.8881013119446567e-05
4.975237618809405,9.95047523761881,1.0621874764805274e-05,1.877057263397639e-05
4.977713856928465,9.95542771385693,1.0380140215315332e-05,1.865345657874396e-05
4.980190095047524,9.960380190095048,1.0076199744837088e-05,1.852978989133189e-05
4.982666333166583,9.965332666333167,9.845726241489728e-06,1.8399703183093504e-05
4.985142571285643,9.970285142571287,9.486246015644536e-06,1.8263332564720474e-05
4.987618809404703,9.975237618809405,9.151641366369081e-06,1.8120819467739687e-05
4.990095047523762,9.980190095047524,8.966538367849816e-06,1.7972310462146924e-05
4.992571285642821,9.985142571285643,8.547068083002218e-06,1.7817957070388723e-05
4.995047523761881,9.990095047523763,8.171137783215891e-06,1.765791557790547e-05
4.997523761880941,9.995047523761881,7.996137606593491e-06,1.749234684044901e-05
5.0,10.0,7.669253792823263e-06,1.7321416088391852e-05
