Binding_Energy_eV,Measured_Intensity,Ideal_Spectrum
0.0,0.01897371322408986,0.015
0.20003333888981498,0.01389588592401942,0.015002000333388898
0.40006667777962995,0.020185508971583336,0.015004000666777796
0.6001000166694449,0.027190239851430896,0.015006001000166694
0.8001333555592599,0.013134774335768904,0.015008001333555593
1.0001666944490748,0.013136906011351045,0.01501000166694449
1.2002000333388898,0.02764570452439252,0.015012002000333388
1.4002333722287048,0.021153480166945557,0.015014002333722286
1.6002667111185198,0.011260207579631568,0.015016002667111185
1.8003000500083348,0.0193584833491878,0.015018003000500083
2.0003333888981496,0.011312661791389282,0.015020003333888981
2.200366727787965,0.011296165638715824,0.01502200366727788
2.4004000666777796,0.016959702173195052,0.015024004000666778
2.600433405567595,0.0,0.015026004334055675
2.8004667444574096,0.0012286620073403108,0.015028004667444573
3.000500083347225,0.01053170476690569,0.015030005000833471
3.2005334222370396,0.006929356371546978,0.01503200533422237
3.4005667611268544,0.01754798432837346,0.015034005667611268
3.6006001000166696,0.007771813396830479,0.015036006001000166
3.8006334389064844,0.003739576723706733,0.015038006334389065
4.000666777796299,0.026765196819150395,0.015040006667777963
4.200700116686114,0.013235796597274576,0.015042007001166861
4.40073345557593,0.015584232972059148,0.015044007334555758
4.600766794465745,0.0036480221782370023,0.015046007667944656
4.800800133355559,0.010692946205132094,0.015048008001333555
5.0008334722453744,0.01593738905240138,0.015050008334722453
5.20086681113519,0.005844060048732929,0.015052008668111351
5.400900150025004,0.018059593148265624,0.01505400900150025
5.600933488914819,0.010250899815538709,0.015056009334889148
5.8009668278046345,0.012724459669931833,0.015058009668278046
6.00100016669445,0.010246357103831769,0.015060010001666945
6.201033505584264,0.029880235811127344,0.015062010335055841
6.401066844474079,0.014956032870541269,0.01506401066844474
6.6011001833638945,0.006604323570186435,0.015066011001833638
6.801133522253709,0.02164837063204805,0.015068011335222536
7.001166861143524,0.005303262468843257,0.015070011668611435
7.201200200033339,0.016742920762038375,0.015072012002000333
7.4012335389231545,0.0,0.015074012335389231
7.601266877812969,0.004450524277590686,0.01507601266877813
7.801300216702784,0.016652902889120014,0.015078013002167026
8.001333555592598,0.02098774597551921,0.015080013335555925
8.201366894482414,0.01645295991846459,0.015082013668944823
8.401400233372229,0.014158827743227798,0.015084014002333722
8.601433572262044,0.01267718477100831,0.01508601433572262
8.80146691115186,0.003259838746172099,0.015088014669111518
9.001500250041675,0.009331261335342747,0.015090015002500417
9.20153358893149,0.011406905168211015,0.015092015335889315
9.401566927821303,0.023550993479029537,0.015094015669278213
9.601600266711118,0.0178449623192148,0.01509601600266711
9.801633605600934,0.0009936950931541365,0.015098016336056008
10.001666944490749,0.017692688424603267,0.015100016669444907
10.201700283380564,0.012021358759503272,0.015102017002833805
10.40173362227038,0.009688641333775033,0.015104017336222703
10.601766961160195,0.019999427980338547,0.015106017669611602
10.801800300050008,0.023356014182968107,0.0151080180030005
11.001833638939823,0.022560259289318988,0.015110018336389398
11.201866977829638,0.008398278483997188,0.015112018669778297
11.401900316719454,0.012640319996357476,0.015114019003167193
11.601933655609269,0.0177661267877846,0.015116019336556092
11.801966994499084,0.022922380686923864,0.01511801966994499
12.0020003333889,0.01128662610057157,0.015120020003333888
12.202033672278713,0.01363674852341225,0.015122020336722787
12.402067011168528,0.006273340878063459,0.015124020670111685
12.602100350058343,0.005556368010855217,0.015126021003500583
12.802133688948159,0.021628227916043068,0.015128021336889482
13.002167027837974,0.025979941898844963,0.015130021670278378
13.202200366727789,0.014555941031024606,0.015132022003667277
13.402233705617604,0.023162285520192366,0.015134022337056175
13.602267044507418,0.01802911087082615,0.015136022670445073
13.802300383397233,0.009977064966992978,0.015138023003833972
14.002333722287048,0.01803118818129018,0.01514002333722287
14.202367061176863,0.027446316202339522,0.015142023670611768
14.402400400066679,0.014857415691121055,0.015144024004000667
14.602433738956494,0.027663173583901614,0.015146024337389565
14.802467077846309,0.0,0.015148024670778462
15.002500416736122,0.02172524503916915,0.01515002500416736
15.202533755625938,0.01584840188346163,0.015152025337556259
15.402567094515753,0.012761966867218217,0.015154025670945157
15.602600433405568,0.015890112216618072,0.015156026004334055
15.802633772295383,0.0,0.015158026337722954
16.002667111185197,0.013402651568411757,0.015160026671111852
16.202700450075014,0.01801892757659472,0.01516202700450075
16.402733788964827,0.026987179695821775,0.015164027337889647
16.602767127854644,0.011019865925089366,0.015166027671278545
16.802800466744458,0.008700079181521943,0.015168028004667444
17.002833805634275,0.01115597198938005,0.015170028338056342
17.202867144524088,0.022495245613061834,0.01517202867144524
17.4029004834139,0.017804037882111615,0.015174029004834139
17.60293382230372,0.010937947708086726,0.015176029338223037
17.802967161193532,0.019284169136518786,0.015178029671611935
18.00300050008335,0.015956650399785156,0.015180030005000834
18.203033838973163,0.022931190262652845,0.01518203033838973
18.40306717786298,0.009567605920759809,0.015184030671778629
18.603100516752793,0.012564733832385381,0.015186031005167527
18.803133855642606,0.012051166113499164,0.015188031338556425
19.003167194532423,0.003481912086888375,0.015190031671945324
19.203200533422237,0.01756099422185083,0.015192032005334222
19.403233872312054,0.017282474516162237,0.01519403233872312
19.603267211201867,0.015236940325251707,0.015196032672112019
19.803300550091684,0.013321335938499742,0.015198033005500917
20.003333888981498,0.0038770674024865004,0.015200033338889814
20.20336722787131,0.01183687109015584,0.015202033672278712
20.40340056676113,0.012462317873453454,0.01520403400566761
20.60343390565094,0.008787816185283556,0.015206034339056509
20.80346724454076,0.013917748979117335,0.015208034672445407
21.003500583430572,0.018442441860350614,0.015210035005834305
21.20353392232039,0.030301522548907445,0.015212035339223204
21.403567261210203,0.016610658175266815,0.015214035672612102
21.603600600100016,0.017276439131783113,0.015216036006000999
21.803633938989833,0.01462246901326056,0.015218036339389897
22.003667277879646,0.0,0.015220036672778796
22.203700616769463,0.015009926002573958,0.015222037006167694
22.403733955659277,0.015705879019084802,0.015224037339556592
22.603767294549094,0.03493197457282778,0.01522603767294549
22.803800633438907,0.013689150288085409,0.015228038006334389
23.00383397232872,0.017642417078392186,0.015230038339723287
23.203867311218538,0.014954344515470239,0.015232038673112186
23.40390065010835,0.0058846147055448255,0.015234039006501082
23.60393398899817,0.024378621856010144,0.01523603933988998
23.80396732788798,0.02125350393477307,0.015238039673278879
24.0040006667778,0.021568295583012154,0.015240040006667777
24.204034005667612,0.007966940701698764,0.015242040340056676
24.404067344557426,0.026466395160934367,0.015244040673445574
24.604100683447243,0.004031232504496225,0.015246041006834472
24.804134022337056,0.019942898090625532,0.01524804134022337
25.004167361226873,0.0327736866800921,0.015250041673612269
25.204200700116687,0.007327751405955658,0.015252042007001166
25.404234039006504,0.010723660503567888,0.015254042340390064
25.604267377896317,0.016053253594480094,0.015256042673778962
25.80430071678613,0.011230237774238268,0.01525804300716786
26.004334055675947,0.002854735892027697,0.015260043340556759
26.20436739456576,0.015810547472393875,0.015262043673945657
26.404400733455578,0.006765614297525717,0.015264044007334556
26.60443407234539,0.019054783785804906,0.015266044340723454
26.80446741123521,0.007912650800241925,0.01526804467411235
27.004500750125022,0.027669520247641563,0.015270045007501249
27.204534089014835,0.009006019002200251,0.015272045340890147
27.404567427904652,0.01269755354463364,0.015274045674279046
27.604600766794466,0.021784183746625302,0.015276046007667944
27.804634105684283,0.0054311318095852,0.015278046341056842
28.004667444574096,0.017099726151278777,0.01528004667444574
28.204700783463913,0.025739189042094063,0.01528204700783464
28.404734122353727,0.0024241814647337177,0.015284047341223538
28.60476746124354,0.016763118542870867,0.015286047674612434
28.804800800133357,0.017367110361988722,0.015288048008001332
29.00483413902317,0.021544631315608714,0.01529004834139023
29.204867477912988,0.005396442987754473,0.01529204867477913
29.4049008168028,0.004730396103493817,0.015294049008168028
29.604934155692618,0.01947158186649211,0.015296049341556926
29.80496749458243,0.017673927060811313,0.015298049674945824
30.005000833472245,0.017303992811101735,0.015300050008334723
30.205034172362062,0.018073636017699426,0.01530205034172362
30.405067511251875,0.00986385290248459,0.015304050675112518
30.605100850141692,0.017164080585789443,0.015306051008501416
30.805134189031506,0.017652631128279764,0.015308051341890314
31.005167527921323,0.00959524033106827,0.015310051675279213
31.205200866811136,0.030238248097826166,0.015312052008668111
31.40523420570095,0.019104715709351308,0.01531405234205701
31.605267544590767,0.005785624697824718,0.015316052675445908
31.80530088348058,0.020570481877905444,0.015318053008834806
32.005334222370394,0.007522599980405131,0.015320053342223703
32.20536756126021,0.021618730505552217,0.015322053675612601
32.40540090015003,0.02459281864106073,0.0153240540090015
32.605434239039845,0.008760595795576715,0.015326054342390398
32.805467577929655,0.02303506370973387,0.015328054675779296
33.00550091681947,0.018632302424660182,0.015330055009168194
33.20553425570929,0.021908536622513013,0.015332055342557093
33.4055675945991,0.030508399537177572,0.015334055675945991
33.605600933488915,0.013372951081311925,0.01533605600933489
33.80563427237873,0.00930816702786387,0.015338056342723786
34.00566761126855,0.008223941239108499,0.015340056676112684
34.20570095015836,0.008815574729778076,0.015342057009501583
34.405734289048176,0.014727243667577647,0.015344057342890481
34.60576762793799,0.018075273474812532,0.01534605767627938
34.8058009668278,0.017561584404308432,0.015348058009668278
35.00583430571762,0.021967524335345365,0.015350058343057176
35.20586764460744,0.01545607381146933,0.015352058676446075
35.405900983497254,0.026982331627093507,0.015354059009834973
35.605934322387064,0.01323880467732022,0.01535605934322387
35.80596766127688,0.03711941300932972,0.015358059676612768
36.0060010001667,0.020365398792121715,0.015360060010001666
36.20603433905651,0.008504799892060304,0.015362060343390565
36.406067677946325,0.006796920692290565,0.015364060676779463
36.60610101683614,0.019225840332113844,0.015366061010168361
36.80613435572596,0.013580359060950453,0.01536806134355726
37.00616769461577,0.021082065629682893,0.015370061676946158
37.206201033505586,0.019157963006923413,0.015372062010335055
37.4062343723954,0.01479143104246897,0.015374062343723953
37.60626771128521,0.008601712932565612,0.015376062677112851
37.80630105017503,0.003259285213014832,0.01537806301050175
38.00633438906485,0.01180794372735448,0.015380063343890648
38.206367727954664,0.022233254031867326,0.015382063677279546
38.406401066844474,0.017096813963710076,0.015384064010668445
38.60643440573429,0.005420154114361439,0.015386064344057343
38.80646774462411,0.016773512084255697,0.015388064677446241
39.00650108351392,0.018472604048665832,0.015390065010835138
39.206534422403735,0.008321205854614972,0.015392065344224036
39.40656776129355,0.01662386652517716,0.015394065677612935
39.60660110018337,0.015861735758569834,0.015396066011001833
39.80663443907318,0.0062543039617457465,0.015398066344390731
40.006667777962996,0.018262365560565895,0.01540006667777963
40.20670111685281,0.019888343222114403,0.015402067011168528
40.40673445574262,0.024068477289959644,0.015404067344557426
40.60676779463244,0.02383648409422555,0.015406067677946323
40.80680113352226,0.0043867130676784934,0.015408068011335221
41.00683447241207,0.007907468025403137,0.01541006834472412
41.20686781130188,0.019532350815782296,0.015412068678113018
41.4069011501917,0.019524356618799588,0.015414069011501916
41.60693448908152,0.019536450835339197,0.015416069344890815
41.80696782797133,0.04623992160351748,0.015418069678279713
42.007001166861144,0.01998719409721395,0.015420070011668612
42.20703450575096,0.0245065954665023,0.01542207034505751
42.40706784464078,0.023056084786392025,0.015424070678446406
42.60710118353059,0.020637201022281688,0.015426071011835305
42.807134522420405,0.01290591738810144,0.015428071345224203
43.00716786131022,0.02150182544255924,0.015430071678613102
43.20720120020003,0.009249470295701424,0.015432072012002
43.40723453908985,0.013539523491470827,0.015434072345390898
43.607267877979666,0.01155316429614697,0.015436072678779797
43.80730121686948,0.016093066127259276,0.015438073012168695
44.00733455575929,0.03395734187894566,0.015440073345557592
44.20736789464911,0.0005039521382125059,0.01544207367894649
44.40740123353893,0.020934155535331497,0.015444074012335388
44.60743457242874,0.002544347376207073,0.015446074345724287
44.807467911318554,0.011672619752797717,0.015448074679113185
45.00750125020837,0.024161679788241013,0.015450075012502083
45.20753458909819,0.015966315498654685,0.015452075345890982
45.407567927988,0.006832117455845431,0.01545407567927988
45.607601266877815,0.009733646338589032,0.015456076012668778
45.80763460576763,0.020894858337535082,0.015458076346057675
46.00766794465744,0.009617143625709479,0.015460076679446573
46.20770128354726,0.01719374572949127,0.015462077012835472
46.407734622437076,0.01582865206545488,0.01546407734622437
46.60776796132689,0.010253274898766731,0.015466077679613268
46.8078013002167,0.03261963072760477,0.015468078013002167
47.00783463910652,0.020541430524935154,0.015470078346391065
47.20786797799634,0.0,0.015472078679779963
47.40790131688615,0.01696571353132428,0.01547407901316886
47.60793465577596,0.010181787628410655,0.015476079346557758
47.80796799466578,0.022297546358316447,0.015478079679946657
48.0080013335556,0.009139914105873951,0.015480080013335555
48.20803467244541,0.01456418881498926,0.015482080346724453
48.408068011335224,0.019523978911957007,0.015484080680113352
48.60810135022504,0.022412122566863223,0.01548608101350225
48.80813468911485,0.005885710090444939,0.015488081346891149
49.00816802800467,0.01281407179355246,0.015490081680280047
49.208201366894485,0.011692519524381296,0.015492082013668945
49.4082347057843,0.010267448486468145,0.015494082347057842
49.60826804467411,0.029619716602695516,0.01549608268044674
49.80830138356393,0.018737936701523284,0.015498083013835639
50.008334722453746,0.005413011712544175,0.015500083347224537
50.208368061343556,0.022844979257051645,0.015502083680613435
50.40840140023337,0.0324813335901034,0.015504084014002334
50.60843473912319,0.02376580643180041,0.015506084347391232
50.80846807801301,0.003353124953148023,0.01550808468078013
51.00850141690282,0.011636212431239017,0.015510085014169027
51.208534755792634,0.025647374541050906,0.015512085347557925
51.40856809468245,0.009852729955996578,0.015514085680946824
51.60860143357226,0.01906664143950555,0.015516086014335722
51.80863477246208,0.021715158775159314,0.01551808634772462
52.008668111351895,0.008104642908488856,0.015520086681113519
52.20870145024171,0.015045884166008017,0.015522087014502417
52.40873478913152,0.0,0.015524087347891315
52.60876812802134,0.007330986550605895,0.015526087681280214
52.808801466911156,0.013507542803523828,0.01552808801466911
53.008834805800966,0.005547822892339212,0.015530088348058009
53.20886814469078,0.028591379112899988,0.015532088681446907
53.4089014835806,0.004092957991150744,0.015534089014835805
53.60893482247042,0.012015733454648833,0.015536089348224704
53.80896816136023,0.016584014299902333,0.015538089681613602
54.009001500250044,0.027070276327531423,0.0155400900150025
54.20903483913986,0.004055193138955884,0.015542090348391399
54.40906817802967,0.024849400699019975,0.015544090681780295
54.60910151691949,0.01562795550332589,0.015546091015169194
54.809134855809305,0.007696022140174485,0.015548091348558092
55.00916819469912,0.019246919476053156,0.01555009168194699
55.20920153358893,0.01714456957992365,0.015552092015335889
55.40923487247875,0.01075235733145443,0.015554092348724787
55.609268211368565,0.016114509362033836,0.015556092682113686
55.809301550258375,0.012475584240608503,0.015558093015502584
56.00933488914819,0.016468232110901468,0.015560093348891482
56.20936822803801,0.020859139078448753,0.015562093682280379
56.409401566927826,0.028252228544832093,0.015564094015669277
56.609434905817636,0.005663570358443382,0.015566094349058176
56.80946824470745,0.03263236167969721,0.015568094682447074
57.00950158359727,0.0,0.015570095015835972
57.20953492248708,0.014357814588940204,0.01557209534922487
57.4095682613769,0.02028063333449038,0.015574095682613769
57.609601600266714,0.01782403095788293,0.015576096016002667
57.80963493915653,0.010596500190826814,0.015578096349391564
58.00966827804634,0.01391511867992226,0.015580096682780462
58.20970161693616,0.011638089538898697,0.01558209701616936
58.409734955825975,0.010869179294004567,0.015584097349558259
58.609768294715785,0.022382914459115354,0.015586097682947157
58.8098016336056,0.018444221904056434,0.015588098016336056
59.00983497249542,0.010046821587639719,0.015590098349724954
59.209868311385236,0.022788897686579858,0.015592098683113852
59.409901650275046,0.018052495183515625,0.01559409901650275
59.60993498916486,0.02209899630060333,0.015596099349891647
59.80996832805468,0.020635130418669444,0.015598099683280546
60.01000166694449,0.008968139929292865,0.015600100016669444
60.21003500583431,0.011120652028482586,0.015602100350058342
60.410068344724124,0.021582449524433334,0.01560410068344724
60.61010168361394,0.020489063140303857,0.015606101016836139
60.81013502250375,0.015440888598511853,0.015608101350225037
61.01016836139357,0.016548720750084192,0.015610101683613936
61.210201700283385,0.025833421183310234,0.015612102017002834
61.410235039173195,0.010881531239705092,0.01561410235039173
61.61026837806301,0.019992881733140934,0.015616102683780629
61.81030171695283,0.014000561797698374,0.015618103017169527
62.010335055842646,0.013878653724740663,0.015620103350558426
62.210368394732455,0.02441231849984485,0.015622103683947326
62.41040173362227,0.022227434809240467,0.015624104017336228
62.61043507251209,0.02213418143873025,0.01562610435072514
62.8104684114019,0.026071935141348736,0.015628104684114102
63.010501750291716,0.015798135750565295,0.015630105017503223
63.21053508918153,0.021087729121252632,0.01563210535089292
63.41056842807135,0.013151971631536972,0.01563410568428462
63.61060176696116,0.018229436837590665,0.01563610601768313
63.81063510585098,0.01459696191616272,0.015638106351104197
64.01066844474079,0.016416074404539967,0.015640106684598223
64.21070178363061,0.020403363221817804,0.015642107018322495
64.41073512252042,0.009098341886888076,0.015644107352755857
64.61076846141023,0.03238520589480394,0.015646107689320253
64.81080180030006,0.007599968980136358,0.015648108032133973
65.01083513918987,0.005936599490527748,0.015650108392829605
65.21086847807969,0.024916995791450187,0.015652108803449645
65.4109018169695,0.021987410901763933,0.015654109350060445
65.61093515585931,0.020649068794482466,0.015656110258065226
65.81096849474913,0.020684876177105935,0.015658112102991697
66.01100183363894,0.015562142134608811,0.015660116317384128
66.21103517252875,0.008484091405020865,0.015662126376907518
66.41106851141858,0.016270586965824174,0.015664150500274362
66.61110185030839,0.010248913934023517,0.01566620762612041
66.8111351891982,0.02346929814342511,0.0156683402760831
67.01116852808802,0.014494182405773883,0.01567064145779099
67.21120186697783,0.009069331748687268,0.01567330932302736
67.41123520586764,0.01310566825345751,0.015676754986681456
67.61126854475746,0.018985260544076392,0.0156818089098714
67.81130188364727,0.011180307570809907,0.015690103993241705
68.0113352225371,0.009127001456293176,0.015704764620824627
68.21136856142691,0.017681104116097156,0.015731606424161857
68.41140190031672,0.01774088889422726,0.015781156325357478
68.61143523920654,0.011816391384835142,0.01587193678780418
68.81146857809635,0.012267306472713783,0.016035612917660366
69.01150191698616,0.018181150167436134,0.016324750668575045
69.21153525587599,0.005239355430933157,0.01682403016291175
69.4115685947658,0.006406012866628889,0.017665723061641332
69.6116019336556,0.013302419233012439,0.019049973003031927
69.81163527254543,0.01956221775892098,0.02126979497261576
70.01166861143524,0.027226889300664737,0.0247396287758807
70.21170195032505,0.04182754934918071,0.030024699613584296
70.41173528921487,0.04472770785274427,0.03786643086712811
70.61176862810468,0.04791746688140408,0.0491969751211115
70.81180196699451,0.06498191863565062,0.06513404829887212
71.01183530588432,0.07892610095237221,0.08694633586947469
71.21186864477413,0.1158324549251868,0.11598056001312593
71.41190198366395,0.15123527317892177,0.1535445422902829
71.61193532255376,0.20332837074907165,0.20074662226636694
71.81196866144357,0.2516825009934062,0.2583003485418248
72.0120020003334,0.3304681672633232,0.3263133951493938
72.2120353392232,0.41635121734403185,0.40408930604001125
72.41206867811302,0.48910740446000206,0.4899774856476569
72.61210201700284,0.5845220077910791,0.5813083140142876
72.81213535589265,0.6799656297038664,0.6744444777701776
73.01216869478246,0.7617562616032597,0.7649660253783463
73.21220203367228,0.8497793148652724,0.847986575010789
73.4122353725621,0.9186754761291425,0.9185747369228882
73.61226871145192,0.9730141991329487,0.9722327903445581
73.81230205034173,0.9991849475150187,1.0053690257858625
74.01233538923154,1.015891187469114,1.0156951060750425
74.21236872812136,1.0064714013977685,1.002487415067805
74.41240206701117,0.978280078715787,0.9666709298534267
74.61243540590098,0.9183862786405776,0.910712112031896
74.8124687447908,0.8555635070983432,0.8383380474382507
75.01250208368062,0.747987481109605,0.7541262616127093
75.21253542257043,0.6700064356153433,0.663027870521578
75.41256876146025,0.5713594931377864,0.5698927570918796
75.61260210035006,0.49657736089258203,0.47905893742684064
75.81263543923987,0.3875852206567968,0.394051606939638
76.0126687781297,0.31069711805658295,0.3174148927940292
76.2127021170195,0.24588100733683615,0.25067614850038833
76.41273545590933,0.17743204478252067,0.19442321057699913
76.61276879479914,0.14425634551208513,0.14846238568553122
76.81280213368895,0.10594704501042919,0.11202010630285877
77.01283547257877,0.08515658639780982,0.08395343610600016
77.21286881146858,0.06567595982531035,0.06294191201909308
77.41290215035839,0.06265239841672789,0.0476430317030008
77.61293548924822,0.04440702540486487,0.03680363469937646
77.81296882813803,0.024712479632404097,0.02932770887770332
78.01300216702784,0.01711951840685235,0.024306835777639212
78.21303550591766,0.02495775969397261,0.021022406321920567
78.41306884480747,0.008367437421374703,0.01892930307753984
78.61310218369728,0.03228133944420842,0.01762966931737359
78.8131355225871,0.026278955596534124,0.016843434630763827
79.01316886147691,0.012626682743141684,0.016380087959979323
79.21320220036674,0.002409147665749409,0.01611422389847643
79.41323553925655,0.026796845684373048,0.015965866691049744
79.61326887814636,0.014969237477551833,0.015885556239572777
79.81330221703618,0.025746137616685254,0.01584360712089756
80.01333555592599,0.003067295712787481,0.01582271698314242
80.2133688948158,0.011018086697807688,0.01581308688143787
80.41340223370563,0.015851271681992005,0.01580932208424654
80.61343557259544,0.01618437897184583,0.015808534221727892
80.81346891148524,0.01220869505948215,0.0158092188313161
81.01350225037507,0.020793412784080464,0.015810613325300475
81.21353558926488,0.007271378001381492,0.015812341436442248
81.41356892815469,0.014675186522967608,0.015814222403137956
81.61360226704451,0.016778536709777813,0.015816171656082623
81.81363560593432,0.019933661328782805,0.015818150656312813
82.01366894482415,0.021513061318796142,0.015820142294085023
82.21370228371396,0.00682500243333831,0.015822139168041264
82.41373562260377,0.003551224792217006,0.015824138158101984
82.61376896149359,0.026047552557530267,0.015826137982342194
82.8138023003834,0.018486650223201163,0.01582813812736443
83.01383563927321,0.009842246100275488,0.015830138392727917
83.21386897816303,0.02824135450631661,0.015832138702136424
83.41390231705284,0.016759536101616016,0.015834139027273146
83.61393565594265,0.025270516830400505,0.015836139357889894
83.81396899483248,0.016378287541650566,0.015838139690369697
84.01400233372229,0.03232612342252345,0.015840140023467553
84.2140356726121,0.029884867096311125,0.01584214035676549
84.41406901150192,0.013852427502294044,0.015844140690126633
84.61410235039173,0.023618708631142103,0.01584614102350726
84.81413568928156,0.021011148953574935,0.015848141356893754
85.01416902817137,0.026799194150540762,0.015850141690281972
85.21420236706118,0.008132754339029845,0.01585214202367068
85.414235705951,0.02134255403704704,0.015854142357059526
85.61426904484081,0.024323538585245115,0.01585614269044841
85.81430238373062,0.001788227132452391,0.015858143023837305
86.01433572262044,0.006394075255900003,0.015860143357226204
86.21436906151025,0.0,0.015862143690615102
86.41440240040006,0.013708889348447538,0.015864144024004
86.61443573928989,0.021606482403760598,0.0158661443573929
86.8144690781797,0.027887001107550023,0.015868144690781797
87.01450241706951,0.016462903267528896,0.015870145024170695
87.21453575595933,0.028901069722129927,0.015872145357559594
87.41456909484914,0.00483333402522936,0.015874145690948492
87.61460243373897,0.0022490865094961527,0.01587614602433739
87.81463577262878,0.015433764766553339,0.01587814635772629
88.01466911151859,0.018952670282629643,0.015880146691115184
88.21470245040841,0.015620589039751337,0.015882147024504082
88.41473578929822,0.0,0.01588414735789298
88.61476912818803,0.015173187375179571,0.01588614769128188
88.81480246707785,0.005452392020631951,0.015888148024670777
89.01483580596766,0.021247528748699982,0.015890148358059675
89.21486914485747,0.01882493466022336,0.015892148691448574
89.4149024837473,0.00837511073421863,0.015894149024837472
89.61493582263711,0.011785214019532822,0.01589614935822637
89.81496916152692,0.007424441516503656,0.01589814969161527
90.01500250041674,0.015398717246818792,0.015900150025004167
90.21503583930655,0.023543288922402972,0.015902150358393066
90.41506917819638,0.008018342321097613,0.015904150691781964
90.61510251708619,0.019938523149313617,0.015906151025170862
90.815135855976,0.011666090411580234,0.01590815135855976
91.01516919486582,0.009567169033849906,0.01591015169194866
91.21520253375563,0.015055909145701095,0.015912152025337557
91.41523587264544,0.0076322137793714585,0.015914152358726452
91.61526921153526,0.011486958249337894,0.01591615269211535
91.81530255042507,0.006335129884793461,0.01591815302550425
92.01533588931488,0.031637954422224265,0.015920153358893147
92.21536922820471,0.016204262108055874,0.015922153692282046
92.41540256709452,0.01032634996173026,0.015924154025670944
92.61543590598433,0.017637993644933618,0.015926154359059842
92.81546924487415,0.015029530294922102,0.01592815469244874
93.01550258376396,0.014162398229571854,0.01593015502583764
93.21553592265379,0.02084548895957394,0.015932155359226537
93.4155692615436,0.021994217372993875,0.015934155692615436
93.6156026004334,0.011692146845120113,0.015936156026004334
93.81563593932323,0.011331610434235792,0.015938156359393232
94.01566927821304,0.013739743115568978,0.01594015669278213
94.21570261710285,0.0,0.01594215702617103
94.41573595599267,0.0038226288619715096,0.015944157359559927
94.61576929488248,0.026881151832505022,0.015946157692948826
94.8158026337723,0.02910789973434799,0.01594815802633772
95.01583597266212,0.013957870043275592,0.01595015835972662
95.21586931155193,0.02056461439756165,0.015952158693115517
95.41590265044174,0.018444160262852706,0.015954159026504416
95.61593598933156,0.040587205827535215,0.015956159359893314
95.81596932822137,0.024914758984758825,0.015958159693282212
96.0160026671112,0.01493681929482498,0.01596016002667111
96.216036006001,0.008317836835256602,0.01596216036006001
96.41606934489081,0.0031125901313883274,0.015964160693448907
96.61610268378064,0.01759387011377559,0.015966161026837806
96.81613602267045,0.009917355397952278,0.015968161360226704
97.01616936156026,0.004592132016834208,0.015970161693615603
97.21620270045008,0.010799578953064288,0.0159721620270045
97.41623603933989,0.00732177833147824,0.0159741623603934
97.6162693782297,0.029473295774362814,0.015976162693782298
97.81630271711953,0.0230312810827668,0.015978163027171196
98.01633605600934,0.015916382230027157,0.015980163360560094
98.21636939489915,0.027821716805069195,0.01598216369394899
98.41640273378897,0.016603110488518837,0.01598416402733789
98.61643607267878,0.009095890750100677,0.015986164360726786
98.8164694115686,0.02817315731227294,0.015988164694115684
99.01650275045841,0.020301445376981853,0.015990165027504583
99.21653608934822,0.007694196126281829,0.01599216536089348
99.41656942823805,0.014471456269613514,0.01599416569428238
99.61660276712786,0.008991220000593221,0.015996166027671278
99.81663610601767,0.004935768513345488,0.015998166361060176
100.01666944490749,0.023409587074702205,0.016000166694449074
100.2167027837973,0.03127750015159902,0.016002167027837973
100.41673612268711,0.004815626770673742,0.01600416736122687
100.61676946157694,0.020509921588140335,0.01600616769461577
100.81680280046675,0.010803027475030053,0.016008168028004668
101.01683613935656,0.012113165291275999,0.016010168361393566
101.21686947824638,0.011273017300871511,0.016012168694782464
101.41690281713619,0.009102242870732835,0.016014169028171363
101.61693615602601,0.016404342385118877,0.01601616936156026
101.81696949491582,0.009370568763660856,0.01601816969494916
102.01700283380563,0.018183824634576764,0.016020170028338054
102.21703617269546,0.015620265486133857,0.016022170361726953
102.41706951158527,0.014112586320184573,0.01602417069511585
102.61710285047508,0.008765661732171966,0.01602617102850475
102.8171361893649,0.011414000717346986,0.016028171361893648
103.01716952825471,0.022073301501888593,0.016030171695282546
103.21720286714452,0.02003950952966649,0.016032172028671444
103.41723620603435,0.008213730403671935,0.016034172362060343
103.61726954492416,0.01683083113888305,0.01603617269544924
103.81730288381398,0.02204927001581245,0.01603817302883814
104.01733622270379,0.002684931113256064,0.016040173362227038
104.2173695615936,0.020389055234655416,0.016042173695615936
104.41740290048342,0.010743183957438061,0.016044174029004835
104.61743623937323,0.02061096371113901,0.016046174362393733
104.81746957826304,0.009942101443442496,0.01604817469578263
105.01750291715287,0.0016111182238553769,0.01605017502917153
105.21753625604268,0.003031835859495126,0.016052175362560428
105.41756959493249,0.01643885526924038,0.016054175695949323
105.61760293382231,0.018133956043110078,0.01605617602933822
105.81763627271212,0.00882364336189185,0.01605817636272712
106.01766961160193,0.02116891636633501,0.016060176696116018
106.21770295049176,0.0027700165313532376,0.016062177029504916
106.41773628938157,0.015535538973715282,0.016064177362893815
106.61776962827139,0.00637804809818306,0.016066177696282713
106.8178029671612,0.010853489167254338,0.01606817802967161
107.01783630605101,0.016449367733591822,0.01607017836306051
107.21786964494083,0.009188871774177789,0.016072178696449408
107.41790298383064,0.012997734675999705,0.016074179029838306
107.61793632272045,0.02412652183694273,0.016076179363227205
107.81796966161028,0.011463044740430913,0.016078179696616103
108.01800300050009,0.022765716926526135,0.016080180030005
108.2180363393899,0.007044525526132954,0.0160821803633939
108.41806967827972,0.02032261412010506,0.016084180696782798
108.61810301716953,0.0276187299954349,0.016086181030171696
108.81813635605934,0.0,0.01608818136356059
109.01816969494917,0.009715019653185674,0.01609018169694949
109.21820303383898,0.02070875904778271,0.016092182030338388
109.4182363727288,0.014469819275383345,0.016094182363727286
109.61826971161861,0.019065349684086654,0.016096182697116185
109.81830305050842,0.011266301536778519,0.016098183030505083
110.01833638939824,0.01679290166367718,0.01610018336389398
110.21836972828805,0.014856765814146244,0.01610218369728288
110.41840306717786,0.025446440523950238,0.016104184030671778
110.61843640606769,0.01814155111047038,0.016106184364060677
110.8184697449575,0.018809005994051192,0.016108184697449575
111.0185030838473,0.012815169301858734,0.016110185030838473
111.21853642273713,0.012211335571647424,0.01611218536422737
111.41856976162694,0.012653720195059302,0.01611418569761627
111.61860310051675,0.01927180317003154,0.01611618603100517
111.81863643940657,0.012750310517831962,0.016118186364394067
112.01866977829638,0.018438385552954267,0.016120186697782965
112.21870311718621,0.03272539342033537,0.01612218703117186
112.41873645607602,0.023093184992014296,0.016124187364560758
112.61876979496583,0.013517999440606927,0.016126187697949657
112.81880313385565,0.025737899408650115,0.016128188031338555
113.01883647274546,0.012865585380555041,0.016130188364727453
113.21886981163527,0.0,0.01613218869811635
113.4189031505251,0.008069498544166017,0.01613418903150525
113.6189364894149,0.0011698539966873023,0.01613618936489415
113.81896982830472,0.013326081825952577,0.016138189698283047
114.01900316719454,0.01628753706518836,0.016140190031671945
114.21903650608435,0.029553688863263105,0.016142190365060843
114.41906984497416,0.018759609688563043,0.01614419069844974
114.61910318386398,0.014393386801367727,0.01614619103183864
114.8191365227538,0.02278343601469545,0.01614819136522754
115.01916986164362,0.0,0.016150191698616437
115.21920320053343,0.01803710849687386,0.016152192032005335
115.41923653942324,0.022321113916489967,0.016154192365394233
115.61926987831306,0.004327502732544395,0.01615619269878313
115.81930321720287,0.02530822537782746,0.016158193032172027
116.01933655609268,0.01886816462551624,0.016160193365560925
116.2193698949825,0.012839890387743413,0.016162193698949823
116.41940323387232,0.021226448961189002,0.016164194032338722
116.61943657276213,0.03433173722816279,0.01616619436572762
116.81946991165195,0.01762312473958448,0.01616819469911652
117.01950325054176,0.018155959722908104,0.016170195032505417
117.21953658943157,0.012497308169572362,0.016172195365894315
117.4195699283214,0.009375440743564879,0.016174195699283214
117.6196032672112,0.022818882565026077,0.016176196032672112
117.81963660610103,0.009329525758790072,0.01617819636606101
118.01966994499084,0.01675272659720505,0.01618019669944991
118.21970328388065,0.012360937458717873,0.016182197032838807
118.41973662277047,0.02001603597219884,0.016184197366227705
118.61976996166028,0.01885549454191219,0.016186197699616604
118.81980330055009,0.024488517587068694,0.016188198033005502
119.01983663943992,0.012110067175556424,0.0161901983663944
119.21986997832973,0.014033199217436326,0.016192198699783295
119.41990331721954,0.008364089306913734,0.016194199033172194
119.61993665610936,0.0126418532859522,0.016196199366561092
119.81996999499917,0.019216603644308806,0.01619819969994999
120.02000333388898,0.0222561089665017,0.01620020003333889
120.2200366727788,0.008824877773306783,0.016202200366727787
120.42007001166861,0.023161048060961968,0.016204200700116685
120.62010335055844,0.027051303903945192,0.016206201033505584
120.82013668944825,0.01951568059268409,0.016208201366894482
121.02017002833806,0.031224568200747906,0.01621020170028338
121.22020336722788,0.010021888440843695,0.01621220203367228
121.42023670611769,0.00625696474056984,0.016214202367061177
121.6202700450075,0.0019864407092158465,0.016216202700450075
121.82030338389733,0.02818655752575244,0.016218203033838974
122.02033672278714,0.021455128618060336,0.016220203367227872
122.22037006167695,0.01577752633333313,0.01622220370061677
122.42040340056677,0.018463953044564232,0.01622420403400567
122.62043673945658,0.007222291989007555,0.016226204367394567
122.82047007834639,0.03579422053771807,0.016228204700783462
123.02050341723621,0.01726397448997418,0.01623020503417236
123.22053675612602,0.0171073637244004,0.01623220536756126
123.42057009501585,0.022040338692139692,0.016234205700950157
123.62060343390566,0.02008427988823276,0.016236206034339055
123.82063677279547,0.018029278561961005,0.016238206367727954
124.02067011168529,0.009916411057554357,0.016240206701116852
124.2207034505751,0.020013953891593717,0.01624220703450575
124.42073678946491,0.031300403339694916,0.01624420736789465
124.62077012835474,0.02700956807052337,0.016246207701283547
124.82080346724455,0.02899370104778762,0.016248208034672446
125.02083680613435,0.012160482956611863,0.016250208368061344
125.22087014502418,0.008335370139381595,0.016252208701450242
125.42090348391399,0.015247913674041956,0.01625420903483914
125.6209368228038,0.016702008666537597,0.01625620936822804
125.82097016169362,0.025011741849384525,0.016258209701616937
126.02100350058343,0.0027204929972872802,0.016260210035005836
126.22103683947326,0.02849861292407964,0.01626221036839473
126.42107017836307,0.015000147513151714,0.01626421070178363
126.62110351725288,0.012851162475593167,0.016266211035172527
126.8211368561427,0.008171376366480085,0.016268211368561426
127.02117019503251,0.0030313583270241695,0.016270211701950324
127.22120353392232,0.02285757670703454,0.016272212035339222
127.42123687281214,0.01686075610623535,0.01627421236872812
127.62127021170195,0.005956525504188587,0.01627621270211702
127.82130355059176,0.0059175828589969875,0.016278213035505917
128.02133688948157,0.01359393577457379,0.016280213368894816
128.2213702283714,0.02963438590459886,0.016282213702283714
128.42140356726122,0.014207483224763773,0.016284214035672612
128.62143690615102,0.004261070744116661,0.01628621436906151
128.82147024504084,0.014322270189762855,0.01628821470245041
129.02150358393067,0.014108426477857944,0.016290215035839307
129.22153692282046,0.0,0.016292215369228202
129.4215702617103,0.015859856770474606,0.016294215702617104
129.6216036006001,0.014448739794336576,0.016296216036006
129.8216369394899,0.021867867287902243,0.016298216369394897
130.02167027837973,0.03109186546234656,0.016300216702783796
130.22170361726955,0.025314737272554753,0.016302217036172694
130.42173695615938,0.014153107845122949,0.016304217369561592
130.62177029504917,0.007454010433017128,0.01630621770295049
130.821803633939,0.036895096462338274,0.01630821803633939
131.02183697282882,0.016783965841844193,0.016310218369728288
131.22187031171862,0.016423653038420756,0.016312218703117186
131.42190365060844,0.01612121833962606,0.016314219036506084
131.62193698949827,0.01790089745603782,0.016316219369894983
131.82197032838806,0.015163336407892341,0.01631821970328388
132.0220036672779,0.011730923981630888,0.01632022003667278
132.2220370061677,0.01194734884013854,0.016322220370061678
132.4220703450575,0.01606219454172259,0.016324220703450576
132.62210368394733,0.011978822867769355,0.016326221036839474
132.82213702283715,0.010625455108811058,0.016328221370228373
133.02217036172695,0.017181663525152442,0.016330221703617268
133.22220370061677,0.014292404297639325,0.016332222037006166
133.4222370395066,0.028366166279056575,0.016334222370395064
133.6222703783964,0.0,0.016336222703783963
133.82230371728622,0.025070277852552555,0.01633822303717286
134.02233705617604,0.02630890491054279,0.01634022337056176
134.22237039506584,0.0,0.016342223703950658
134.42240373395566,0.013602723284696767,0.016344224037339556
134.62243707284549,0.013374697442762123,0.016346224370728454
134.82247041173528,0.005088131146374783,0.016348224704117353
135.0225037506251,0.010127691536779249,0.01635022503750625
135.22253708951493,0.007467618607168519,0.01635222537089515
135.42257042840473,0.03037238925167303,0.016354225704284048
135.62260376729455,0.023841653182852637,0.016356226037672946
135.82263710618437,0.026530667131015116,0.016358226371061844
136.0226704450742,0.022133603216796624,0.016360226704450743
136.222703783964,0.007329812868101807,0.01636222703783964
136.42273712285382,0.012168065240990348,0.016364227371228536
136.62277046174364,0.02028122419444078,0.016366227704617434
136.82280380063344,0.00659120556687077,0.016368228038006333
137.02283713952326,0.022074215812774335,0.01637022837139523
137.22287047841309,0.01444962551951905,0.01637222870478413
137.42290381730288,0.013375662577776247,0.016374229038173028
137.6229371561927,0.022063909117189858,0.016376229371561926
137.82297049508253,0.019932336196839144,0.016378229704950825
138.02300383397233,0.013492500711787083,0.016380230038339723
138.22303717286215,0.025656868798642606,0.01638223037172862
138.42307051175197,0.007735724084318342,0.01638423070511752
138.62310385064177,0.021313715894060527,0.016386231038506418
138.8231371895316,0.02113304143564239,0.016388231371895316
139.02317052842142,0.013913860190772292,0.016390231705284215
139.2232038673112,0.019001296216610057,0.016392232038673113
139.42323720620104,0.006385323760979587,0.01639423237206201
139.62327054509086,0.023788448859106116,0.01639623270545091
139.82330388398066,0.014919015947295892,0.016398233038839805
140.02333722287048,0.012218449208076387,0.016400233372228703
140.2233705617603,0.024794307512312715,0.0164022337056176
140.4234039006501,0.010769484514664425,0.0164042340390065
140.62343723953992,0.00513854400148692,0.016406234372395398
140.82347057842975,0.003955201317593067,0.016408234705784296
141.02350391731954,0.021258314649938312,0.016410235039173195
141.22353725620937,0.0061688005525918285,0.016412235372562093
141.4235705950992,0.03045258916182591,0.01641423570595099
141.62360393398902,0.0,0.01641623603933989
141.8236372728788,0.029989887319049092,0.016418236372728788
142.02367061176864,0.018108376443738635,0.016420236706117686
142.22370395065846,0.015648532144543446,0.016422237039506585
142.42373728954826,0.012064884678423884,0.016424237372895483
142.62377062843808,0.019619326621100948,0.01642623770628438
142.8238039673279,0.016127160420274494,0.01642823803967328
143.0238373062177,0.02525665342919435,0.016430238373062178
143.22387064510752,0.01734605989574739,0.016432238706451073
143.42390398399735,0.017636653131534997,0.016434239039839975
143.62393732288714,0.013527341675518022,0.01643623937322887
143.82397066177697,0.015982674716849228,0.016438239706617768
144.0240040006668,0.01890265419114314,0.016440240040006666
144.2240373395566,0.0027608932321425608,0.016442240373395565
144.4240706784464,0.005658757329938759,0.016444240706784463
144.62410401733624,0.02239235379235508,0.01644624104017336
144.82413735622603,0.017815164878585796,0.01644824137356226
145.02417069511586,0.014978375016129725,0.016450241706951158
145.22420403400568,0.016599713504863202,0.016452242040340057
145.42423737289548,0.019234896016622323,0.016454242373728955
145.6242707117853,0.012138165264642961,0.016456242707117853
145.82430405067512,0.01023180523728825,0.01645824304050675
146.02433738956492,0.018027005414677104,0.01646024337389565
146.22437072845474,0.008635261486364293,0.01646224370728455
146.42440406734457,0.019730266086389222,0.016464244040673447
146.62443740623436,0.002845575540159618,0.01646624437406234
146.8244707451242,0.02470148980605639,0.01646824470745124
147.024504084014,0.020251024900144483,0.016470245040840138
147.22453742290384,0.018520483248740043,0.016472245374229037
147.42457076179363,0.024335773579182048,0.016474245707617935
147.62460410068346,0.029800041596707447,0.016476246041006833
147.82463743957328,0.024593206894540774,0.01647824637439573
148.02467077846308,0.0017532528571314668,0.01648024670778463
148.2247041173529,0.006245631307287915,0.01648224704117353
148.42473745624272,0.011485698752996997,0.016484247374562427
148.62477079513252,0.016694976109637997,0.016486247707951325
148.82480413402234,0.020629520205093208,0.016488248041340223
149.02483747291217,0.010684297869501397,0.016490248374729122
149.22487081180196,0.017986382823934645,0.01649224870811802
149.4249041506918,0.010451185582680338,0.01649424904150692
149.6249374895816,0.01160410695096023,0.016496249374895817
149.8249708284714,0.005244960933498936,0.016498249708284715
150.02500416736123,0.009114384072786379,0.016500250041673614
150.22503750625106,0.005688773530131842,0.016502250375062512
150.42507084514085,0.008697264684632744,0.016504250708451407
150.62510418403068,0.02493538541470302,0.016506251041840305
150.8251375229205,0.008913060264573659,0.016508251375229203
151.0251708618103,0.03756930822731723,0.016510251708618102
151.22520420070012,0.020458795249054113,0.016512252042007
151.42523753958994,0.01799294136495489,0.0165142523753959
151.62527087847974,0.009649390467335088,0.016516252708784797
151.82530421736956,0.022120732077445627,0.016518253042173695
152.0253375562594,0.011915150765660402,0.016520253375562594
152.22537089514918,0.017498332226114383,0.016522253708951492
152.425404234039,0.03700493034849075,0.01652425404234039
152.62543757292883,0.01575777517793209,0.01652625437572929
152.82547091181866,0.025722441319403593,0.016528254709118187
153.02550425070845,0.010904843641499986,0.016530255042507085
153.22553758959828,0.01625234745192029,0.016532255375895984
153.4255709284881,0.030700660794368964,0.016534255709284882
153.6256042673779,0.011520519580371641,0.01653625604267378
153.82563760626772,0.031037844840038104,0.016538256376062675
154.02567094515754,0.022202272193095375,0.016540256709451574
154.22570428404734,0.01204252283568633,0.016542257042840472
154.42573762293716,0.021603519288673538,0.01654425737622937
154.625770961827,0.02432669330663211,0.01654625770961827
154.82580430071678,0.021522737740744737,0.016548258043007167
155.0258376396066,0.003988460617272413,0.016550258376396065
155.22587097849643,0.010735161303186014,0.016552258709784964
155.42590431738623,0.014574109958761823,0.016554259043173862
155.62593765627605,0.01596079194376239,0.01655625937656276
155.82597099516587,0.021523636490357084,0.01655825970995166
156.02600433405567,0.017981868050806586,0.016560260043340557
156.2260376729455,0.0058795055070486445,0.016562260376729455
156.42607101183532,0.01960584351816606,0.016564260710118354
156.62610435072511,0.021450947005777838,0.016566261043507252
156.82613768961494,0.02104658496034447,0.01656826137689615
157.02617102850476,0.02521650751472202,0.01657026171028505
157.22620436739456,0.023243639280065176,0.016572262043673944
157.42623770628438,0.020247703010890336,0.016574262377062842
157.6262710451742,0.016014937018782566,0.01657626271045174
157.82630438406403,0.003290575575712707,0.01657826304384064
158.02633772295383,0.020017209130290224,0.016580263377229537
158.22637106184365,0.018243765207923326,0.016582263710618435
158.42640440073347,0.018756894741570322,0.016584264044007334
158.62643773962327,0.006372275770833756,0.016586264377396232
158.8264710785131,0.007939812387519032,0.01658826471078513
159.02650441740292,0.02501548787083726,0.01659026504417403
159.22653775629271,0.016275824146709687,0.016592265377562927
159.42657109518254,0.02204627128993282,0.016594265710951826
159.62660443407236,0.016822813053384414,0.016596266044340724
159.82663777296216,0.016836315493695585,0.016598266377729622
160.02667111185198,0.0241065371589265,0.01660026671111852
160.2267044507418,0.012473909218768429,0.01660226704450742
160.4267377896316,0.017373233593424183,0.016604267377896317
160.62677112852143,0.012908065401644873,0.016606267711285212
160.82680446741125,0.013132298225215586,0.01660826804467411
161.02683780630105,0.014136891390313894,0.01661026837806301
161.22687114519087,0.01838933888452161,0.016612268711451907
161.4269044840807,0.012784280071532986,0.016614269044840806
161.6269378229705,0.026662318382817872,0.016616269378229704
161.8269711618603,0.00946141129386257,0.016618269711618602
162.02700450075014,0.015125296891716628,0.0166202700450075
162.22703783963993,0.013104421912202999,0.0166222703783964
162.42707117852976,0.02820009378661516,0.016624270711785297
162.62710451741958,0.01819870925726679,0.016626271045174196
162.82713785630938,0.024883027694312172,0.016628271378563094
163.0271711951992,0.004745788727656216,0.016630271711951992
163.22720453408903,0.018768674172294962,0.01663227204534089
163.42723787297885,0.023751318743717286,0.01663427237872979
163.62727121186865,0.01729454462632208,0.016636272712118687
163.82730455075847,0.025162116046030397,0.016638273045507586
164.0273378896483,0.012501965778093503,0.01664027337889648
164.2273712285381,0.027917053233770018,0.01664227371228538
164.4274045674279,0.03503545903462828,0.016644274045674277
164.62743790631774,0.013743565895545904,0.016646274379063176
164.82747124520753,0.013084254541245899,0.016648274712452074
165.02750458409736,0.02827735086278258,0.016650275045840972
165.22753792298718,0.029288852545075572,0.01665227537922987
165.42757126187698,0.012471395495392622,0.01665427571261877
165.6276046007668,0.01329478150924081,0.016656276046007668
165.82763793965663,0.014403999508512507,0.016658276379396566
166.02767127854642,0.005904672624511248,0.016660276712785464
166.22770461743625,0.009313061474300777,0.016662277046174363
166.42773795632607,0.008631151245546718,0.01666427737956326
166.62777129521587,0.01052389719211913,0.01666627771295216
166.8278046341057,0.016390798947246807,0.016668278046341058
167.0278379729955,0.01854399624002212,0.016670278379729956
167.2278713118853,0.029076282655631468,0.016672278713118854
167.42790465077513,0.008687446720597422,0.01667427904650775
167.62793798966496,0.02455085856770932,0.016676279379896648
167.82797132855475,0.014966368959481474,0.016678279713285546
168.02800466744458,0.016284570369454982,0.016680280046674444
168.2280380063344,0.02208083631739617,0.016682280380063343
168.4280713452242,0.007702504540953852,0.01668428071345224
168.62810468411402,0.019745559016313544,0.01668628104684114
168.82813802300385,0.018019899045934488,0.016688281380230038
169.02817136189367,0.02062989182568413,0.016690281713618936
169.22820470078346,0.019005631198270378,0.016692282047007834
169.4282380396733,0.036336683499683886,0.016694282380396733
169.6282713785631,0.011594362839775104,0.01669628271378563
169.8283047174529,0.012450307407159987,0.01669828304717453
170.02833805634273,0.011715159169165313,0.016700283380563428
170.22837139523256,0.01225846676067029,0.016702283713952326
170.42840473412235,0.011605187028889082,0.016704284047341224
170.62843807301218,0.026218416629590537,0.016706284380730123
170.828471411902,0.028072318698037863,0.01670828471411902
171.0285047507918,0.012144314697512107,0.016710285047507916
171.22853808968162,0.010053440796062985,0.016712285380896814
171.42857142857144,0.020485610165376946,0.016714285714285713
171.62860476746124,0.01229850169342684,0.01671628604767461
171.82863810635106,0.021781740923107595,0.01671828638106351
172.0286714452409,0.018343670881262805,0.016720286714452408
172.22870478413068,0.004596334127863451,0.016722287047841306
172.4287381230205,0.029104328991870695,0.016724287381230205
172.62877146191033,0.03109330909938328,0.016726287714619103
172.82880480080013,0.011825978524132912,0.016728288048008
173.02883813968995,0.013628675901909026,0.0167302883813969
173.22887147857978,0.019019211840585037,0.016732288714785798
173.42890481746957,0.019409943368070896,0.016734289048174696
173.6289381563594,0.02200464356294624,0.016736289381563595
173.82897149524922,0.03281992602508329,0.016738289714952493
174.02900483413902,0.015324712228388996,0.01674029004834139
174.22903817302884,0.010355912425422657,0.016742290381730286
174.42907151191866,0.005709736891002969,0.016744290715119188
174.6291048508085,0.010898850728972731,0.016746291048508083
174.82913818969828,0.016483275598906603,0.01674829138189698
175.0291715285881,0.03110675462342818,0.01675029171528588
175.22920486747793,0.012611401656385406,0.016752292048674778
175.42923820636773,0.018544595995174863,0.016754292382063676
175.62927154525755,0.01662490954687056,0.016756292715452575
175.82930488414738,0.026265439236426144,0.016758293048841473
176.02933822303717,0.03697575278921934,0.01676029338223037
176.229371561927,0.012515343532256706,0.01676229371561927
176.42940490081682,0.012848778508862391,0.016764294049008168
176.62943823970662,0.025119581398949643,0.016766294382397066
176.82947157859644,0.022223426632796455,0.016768294715785965
177.02950491748626,0.03154395365506313,0.016770295049174863
177.22953825637606,0.021443720865171472,0.01677229538256376
177.42957159526588,0.013899958989656184,0.01677429571595266
177.6296049341557,0.02150153469488003,0.016776296049341558
177.8296382730455,0.025647925027393714,0.016778296382730453
178.02967161193533,0.023344154165698263,0.01678029671611935
178.22970495082515,0.020840489298366634,0.01678229704950825
178.42973828971495,0.02531769489961038,0.016784297382897148
178.62977162860477,0.026140662439851428,0.016786297716286046
178.8298049674946,0.02784556997797516,0.016788298049674945
179.0298383063844,0.021979977483780985,0.016790298383063843
179.22987164527422,0.015455354073917908,0.01679229871645274
179.42990498416404,0.01796800854130822,0.01679429904984164
179.62993832305384,0.026448371115297395,0.016796299383230538
179.82997166194366,0.010262814348721547,0.016798299716619437
180.03000500083348,0.019749686520991544,0.016800300050008335
180.2300383397233,0.013655589884778347,0.016802300383397233
180.4300716786131,0.01703425930026467,0.01680430071678613
180.63010501750293,0.027033915951033417,0.01680630105017503
180.83013835639275,0.018337093927723154,0.01680830138356393
181.03017169528255,0.017181794102202018,0.016810301716952827
181.23020503417237,0.00593345292250237,0.016812302050341725
181.4302383730622,0.022784330911948387,0.01681430238373062
181.630271711952,0.021980176166248123,0.01681630271711952
181.83030505084182,0.034124340836952094,0.016818303050508417
182.03033838973164,0.014358077504273307,0.016820303383897315
182.23037172862144,0.018575506338597725,0.016822303717286213
182.43040506751126,0.018819373520361154,0.01682430405067511
182.63043840640108,0.029445930622171806,0.01682630438406401
182.83047174529088,0.01606594045835729,0.01682830471745291
183.0305050841807,0.01906247725700452,0.016830305050841807
183.23053842307053,0.021695477461963018,0.016832305384230705
183.43057176196032,0.01832717870287047,0.016834305717619603
183.63060510085015,0.013264837134604275,0.016836306051008502
183.83063843973997,0.01839102632758386,0.0168383063843974
184.03067177862977,0.025429360716664476,0.0168403067177863
184.2307051175196,0.008630184655886716,0.016842307051175197
184.43073845640941,0.017908064777739104,0.016844307384564095
184.6307717952992,0.011245341198439607,0.016846307717952994
184.83080513418903,0.02640868108274063,0.01684830805134189
185.03083847307886,0.004664813146460589,0.016850308384730787
185.23087181196865,0.012380933939946978,0.016852308718119685
185.43090515085848,0.01987200405202475,0.016854309051508583
185.6309384897483,0.029380501618772203,0.016856309384897482
185.83097182863813,0.01633230762970248,0.01685830971828638
186.03100516752792,0.012418713838129692,0.01686031005167528
186.23103850641775,0.0319115669405889,0.016862310385064177
186.43107184530757,0.005280199515123122,0.016864310718453075
186.63110518419737,0.0,0.016866311051841974
186.8311385230872,0.020388426985657532,0.016868311385230872
187.03117186197701,0.01285387792379888,0.01687031171861977
187.2312052008668,0.008702449514962962,0.01687231205200867
187.43123853975663,0.022541163963792393,0.016874312385397567
187.63127187864646,0.018826718428956057,0.016876312718786465
187.83130521753625,0.012365684006281536,0.016878313052175364
188.03133855642608,0.006637878196197107,0.016880313385564262
188.2313718953159,0.023861972345194313,0.016882313718953157
188.4314052342057,0.022085923476011342,0.016884314052342055
188.63143857309552,0.01609290747549589,0.016886314385730954
188.83147191198535,0.03166141068750118,0.016888314719119852
189.03150525087514,0.00832963692189953,0.01689031505250875
189.23153858976497,0.004688114018499738,0.01689231538589765
189.4315719286548,0.011359051160236592,0.016894315719286547
189.6316052675446,0.016531627921831462,0.016896316052675445
189.8316386064344,0.01884503198064588,0.016898316386064344
190.03167194532423,0.014970428256602603,0.016900316719453242
190.23170528421403,0.019718760224956514,0.01690231705284214
190.43173862310385,0.006892001992707486,0.01690431738623104
190.63177196199368,0.028456434552206013,0.016906317719619937
190.83180530088347,0.016251108625868285,0.016908318053008835
191.0318386397733,0.025848685039102755,0.016910318386397734
191.23187197866312,0.019654121490808266,0.016912318719786632
191.43190531755295,0.020568344806405802,0.01691431905317553
191.63193865644274,0.021474457628422056,0.016916319386564425
191.83197199533257,0.020499988200091843,0.016918319719953324
192.0320053342224,0.022062102132282574,0.016920320053342222
192.23203867311219,0.027555540627790573,0.01692232038673112
192.432072012002,0.01849649007773178,0.01692432072012002
192.63210535089183,0.022598351114217017,0.016926321053508917
192.83213868978163,0.0162104358326,0.016928321386897816
193.03217202867145,0.028451259443882496,0.016930321720286714
193.23220536756128,0.011521183637201456,0.016932322053675612
193.43223870645107,0.03134184585035103,0.01693432238706451
193.6322720453409,0.01661505911529866,0.01693632272045341
193.83230538423072,0.005492122236897922,0.016938323053842307
194.03233872312052,0.01796515870651752,0.016940323387231206
194.23237206201034,0.011493910460821058,0.016942323720620104
194.43240540090017,0.023669472445918795,0.016944324054009002
194.63243873978996,0.011725332552978774,0.0169463243873979
194.83247207867979,0.013378857255068561,0.0169483247207868
195.0325054175696,0.001833999206611446,0.016950325054175694
195.2325387564594,0.013333874833571978,0.016952325387564592
195.43257209534923,0.0,0.01695432572095349
195.63260543423905,0.004285103466456603,0.01695632605434239
195.83263877312885,0.023041643636885666,0.016958326387731287
196.03267211201867,0.023246727990326843,0.016960326721120186
196.2327054509085,0.0203659875487888,0.016962327054509084
196.4327387897983,0.009228518242864279,0.016964327387897982
196.63277212868812,0.016584636872151042,0.01696632772128688
196.83280546757794,0.016939507741951233,0.01696832805467578
197.03283880646777,0.007703410874524336,0.016970328388064677
197.23287214535756,0.02899951513559078,0.016972328721453576
197.43290548424739,0.023993227379447847,0.016974329054842474
197.6329388231372,0.015208615997594061,0.016976329388231372
197.832972162027,0.017193416433576518,0.01697832972162027
198.03300550091683,0.01864739251858959,0.01698033005500917
198.23303883980665,0.0006484514410037417,0.016982330388398068
198.43307217869645,0.015006911661622187,0.016984330721786962
198.63310551758627,0.011530457071193476,0.016986331055175864
198.8331388564761,0.008975371309405435,0.01698833138856476
199.0331721953659,0.014741529378866018,0.016990331721953657
199.23320553425572,0.03137382427013874,0.016992332055342556
199.43323887314554,0.022121075278867534,0.016994332388731454
199.63327221203534,0.012426900803857978,0.016996332722120353
199.83330555092516,0.02157899530635852,0.01699833305550925
200.03333888981498,0.028195176881586168,0.01700033338889815
200.23337222870478,0.024399403185589197,0.017002333722287048
200.4334055675946,0.01748137701503734,0.017004334055675946
200.63343890648443,0.011830840167420253,0.017006334389064844
200.83347224537422,0.022594121231362462,0.017008334722453743
201.03350558426405,0.020158218139216637,0.01701033505584264
201.23353892315387,0.0241738811494534,0.01701233538923154
201.43357226204367,0.022095710136076193,0.017014335722620438
201.6336056009335,0.02541275777856402,0.017016336056009336
201.83363893982332,0.012736454696913688,0.01701833638939823
202.0336722787131,0.027559489247861738,0.01702033672278713
202.23370561760294,0.018603133893715224,0.017022337056176028
202.43373895649276,0.03362642437056705,0.017024337389564926
202.63377229538258,0.011512835178237282,0.017026337722953824
202.83380563427238,0.030916048481664717,0.017028338056342723
203.0338389731622,0.018613624657432805,0.01703033838973162
203.23387231205203,0.011820994694204933,0.01703233872312052
203.43390565094182,0.013163252384074845,0.017034339056509418
203.63393898983165,0.014473560924343754,0.017036339389898316
203.83397232872147,0.020431667294502544,0.017038339723287214
204.03400566761127,0.02122302396096011,0.017040340056676113
204.2340390065011,0.01245274035855638,0.01704234039006501
204.43407234539092,0.016849503985366047,0.01704434072345391
204.6341056842807,0.034184503925737714,0.017046341056842808
204.83413902317054,0.0308686867510374,0.017048341390231706
205.03417236206036,0.02054093108101286,0.017050341723620605
205.23420570095016,0.017356369882355102,0.0170523420570095
205.43423903983998,0.018014593004144493,0.0170543423903984
205.6342723787298,0.02196448650563063,0.017056342723787296
205.8343057176196,0.008876002535588949,0.017058343057176194
206.03433905650942,0.015001331091178332,0.017060343390565093
206.23437239539925,0.0037136711329332755,0.01706234372395399
206.43440573428904,0.020258129038185125,0.01706434405734289
206.63443907317887,0.022243911908353717,0.017066344390731788
206.8344724120687,0.013202853025725695,0.017068344724120686
207.0345057509585,0.029662239163829845,0.017070345057509585
207.2345390898483,0.007266220086879752,0.017072345390898483
207.43457242873814,0.005359346682608819,0.01707434572428738
207.63460576762796,0.018871960606156056,0.01707634605767628
207.83463910651776,0.025455132811962412,0.017078346391065178
208.03467244540758,0.030551768256117027,0.017080346724454076
208.2347057842974,0.013411272954891454,0.017082347057842975
208.4347391231872,0.025713794058682238,0.017084347391231873
208.63477246207702,0.016778279968615115,0.01708634772462077
208.83480580096685,0.015707329658483114,0.01708834805800967
209.03483913985664,0.024159627891291943,0.017090348391398565
209.23487247874647,0.02231093175209482,0.017092348724787463
209.4349058176363,0.004483211802302366,0.01709434905817636
209.6349391565261,0.028908672189372424,0.01709634939156526
209.8349724954159,0.028139080558133772,0.017098349724954158
210.03500583430574,0.012095848446266821,0.017100350058343056
210.23503917319553,0.020268778659231226,0.017102350391731955
210.43507251208536,0.021056592215382763,0.017104350725120853
210.63510585097518,0.01919174118510101,0.01710635105850975
210.83513918986498,0.01270591016113529,0.01710835139189865
211.0351725287548,0.011737364781783135,0.017110351725287548
211.23520586764462,0.016907919490744883,0.017112352058676446
211.43523920653442,0.026496184546140264,0.017114352392065345
211.63527254542424,0.0214651539622097,0.017116352725454243
211.83530588431407,0.014153438402154293,0.01711835305884314
212.03533922320386,0.023293943077418795,0.017120353392232036
212.2353725620937,0.0,0.017122353725620938
212.4354059009835,0.02631447966198666,0.017124354059009833
212.6354392398733,0.003208644162173934,0.01712635439239873
212.83547257876313,0.014228827194562572,0.01712835472578763
213.03550591765296,0.008172995902167378,0.017130355059176528
213.23553925654278,0.00677490358679818,0.017132355392565426
213.43557259543257,0.02642097002498248,0.017134355725954325
213.6356059343224,0.013394746448848093,0.017136356059343223
213.83563927321222,0.01991038744657785,0.01713835639273212
214.03567261210202,0.01676499209508755,0.01714035672612102
214.23570595099184,0.02095868367729489,0.017142357059509918
214.43573928988167,0.01775893252138086,0.017144357392898817
214.63577262877146,0.0068824199327791585,0.017146357726287715
214.8358059676613,0.025118492615253736,0.017148358059676613
215.0358393065511,0.013200305727775013,0.01715035839306551
215.2358726454409,0.004699703537176402,0.01715235872645441
215.43590598433073,0.013729437772116007,0.01715435905984331
215.63593932322055,0.02916243771830669,0.017156359393232207
215.83597266211035,0.023960133663529046,0.0171583597266211
216.03600600100017,0.014371142984747126,0.01716036006001
216.23603933989,0.014368298758851468,0.0171623603933989
216.4360726787798,0.014591280317048736,0.017164360726787797
216.63610601766962,0.03378034492866342,0.017166361060176695
216.83613935655944,0.02022384501141802,0.017168361393565593
217.03617269544924,0.02061069490448305,0.01717036172695449
217.23620603433906,0.025414629692598126,0.01717236206034339
217.4362393732289,0.019084675665944396,0.01717436239373229
217.63627271211868,0.015104025560555562,0.017176362727121187
217.8363060510085,0.015607564267830259,0.017178363060510085
218.03633938989833,0.01660755331858647,0.017180363393898983
218.23637272878813,0.01688458583520915,0.017182363727287882
218.43640606767795,0.02300540040977262,0.01718436406067678
218.63643940656777,0.017601931480524073,0.01718636439406568
218.8364727454576,0.02304948534517921,0.017188364727454577
219.0365060843474,0.016544632419974815,0.017190365060843475
219.23653942323722,0.017821446916761095,0.01719236539423237
219.43657276212704,0.0012087602513644116,0.017194365727621272
219.63660610101684,0.02452698745863002,0.017196366061010167
219.83663943990666,0.019970274201583007,0.017198366394399065
220.0366727787965,0.025184447606665182,0.017200366727787963
220.23670611768628,0.0,0.017202367061176862
220.4367394565761,0.033911365032811586,0.01720436739456576
220.63677279546593,0.01608965070271327,0.01720636772795466
220.83680613435573,0.026073830595243687,0.017208368061343557
221.03683947324555,0.008891120977728208,0.017210368394732455
221.23687281213537,0.02211455996862191,0.017212368728121354
221.43690615102517,0.008787044556121002,0.017214369061510252
221.636939489915,0.012226217709332708,0.01721636939489915
221.83697282880482,0.03253062055922234,0.01721836972828805
222.0370061676946,0.015694910855570173,0.017220370061676947
222.23703950658444,0.01896183338050363,0.017222370395065845
222.43707284547426,0.024184912573964778,0.017224370728454744
222.63710618436406,0.021191826165624476,0.01722637106184364
222.83713952325388,0.018431722636381147,0.017228371395232537
223.0371728621437,0.02015005974835124,0.017230371728621435
223.2372062010335,0.03645969674391654,0.017232372062010334
223.43723953992333,0.016773422019130547,0.017234372395399232
223.63727287881315,0.01884516510250787,0.01723637272878813
223.83730621770295,0.025643608230237924,0.01723837306217703
224.03733955659277,0.026084580859229798,0.017240373395565927
224.2373728954826,0.026738616173437868,0.017242373728954825
224.43740623437242,0.0223542158385772,0.017244374062343724
224.6374395732622,0.008102335093888753,0.017246374395732622
224.83747291215204,0.03031582698753029,0.01724837472912152
225.03750625104186,0.008079611918360916,0.01725037506251042
225.23753958993166,0.019673459117811584,0.017252375395899317
225.43757292882148,0.011220168929133353,0.017254375729288216
225.6376062677113,0.016743269289933173,0.017256376062677114
225.8376396066011,0.019888475678493854,0.017258376396066012
226.03767294549093,0.01983123445305709,0.017260376729454907
226.23770628438075,0.020637743096726086,0.01726237706284381
226.43773962327055,0.03017406754870188,0.017264377396232704
226.63777296216037,0.02089465214173344,0.017266377729621602
226.8378063010502,0.01531512498068531,0.0172683780630105
227.03783963994,0.024983075742706258,0.0172703783963994
227.2378729788298,0.02678814264118542,0.017272378729788297
227.43790631771964,0.007453516542081255,0.017274379063177196
227.63793965660943,0.02205557995536496,0.017276379396566094
227.83797299549926,0.02288776166844218,0.017278379729954992
228.03800633438908,0.014899872036463955,0.01728038006334389
228.23803967327888,0.028288034903225744,0.01728238039673279
228.4380730121687,0.016083936033861473,0.017284380730121687
228.63810635105852,0.018290992691282922,0.017286381063510586
228.83813968994832,0.015903806802628526,0.017288381396899484
229.03817302883814,0.01741501411094012,0.017290381730288382
229.23820636772797,0.008522181368515666,0.01729238206367728
229.43823970661776,0.005773975336311821,0.017294382397066176
229.6382730455076,0.030052423236254858,0.017296382730455077
229.8383063843974,0.010522692277297348,0.017298383063843972
230.03833972328724,0.009369244601582413,0.01730038339723287
230.23837306217703,7.526282179205063e-05,0.01730238373062177
230.43840640106686,0.012192690082494649,0.017304384064010667
230.63843973995668,0.006721666050139579,0.017306384397399566
230.83847307884648,0.030444506011879417,0.017308384730788464
231.0385064177363,0.025388921778918435,0.017310385064177362
231.23853975662612,0.01180718263614447,0.01731238539756626
231.43857309551592,0.03533387217370963,0.01731438573095516
231.63860643440574,0.02517050996027681,0.017316386064344057
231.83863977329557,0.014719735329663976,0.017318386397732956
232.03867311218536,0.0,0.017320386731121854
232.2387064510752,0.03564992764523669,0.017322387064510752
232.438739789965,0.006207807663790883,0.01732438739789965
232.6387731288548,0.004163197755633414,0.01732638773128855
232.83880646774463,0.025508951520754566,0.017328388064677444
233.03883980663446,0.03684840764878053,0.017330388398066346
233.23887314552425,0.028406571279539387,0.01733238873145524
233.43890648441408,0.021845662025263016,0.01733438906484414
233.6389398233039,0.022094424131555324,0.017336389398233037
233.8389731621937,0.024165714201864398,0.017338389731621936
234.03900650108352,0.023411818783304957,0.017340390065010834
234.23903983997334,0.01959192179015474,0.017342390398399733
234.43907317886314,0.01817799956340364,0.01734439073178863
234.63910651775296,0.01684564604198135,0.01734639106517753
234.8391398566428,0.011316674687633017,0.017348391398566428
235.03917319553258,0.015104991117021134,0.017350391731955326
235.2392065344224,0.003808737551781141,0.017352392065344224
235.43923987331223,0.016567675384375122,0.017354392398733123
235.63927321220206,0.009447663874914681,0.01735639273212202
235.83930655109185,0.008529678527784752,0.01735839306551092
236.03933988998168,0.018799546608127646,0.017360393398899818
236.2393732288715,0.02849841202304551,0.017362393732288716
236.4394065677613,0.02471092691369612,0.017364394065677614
236.63943990665112,0.004802389570081092,0.01736639439906651
236.83947324554094,0.009451369639892708,0.017368394732455408
237.03950658443074,0.024896564569750035,0.017370395065844306
237.23953992332056,0.009512496250926728,0.017372395399233204
237.4395732622104,0.015577330532645905,0.017374395732622103
237.63960660110018,0.021776812858207414,0.017376396066011
237.83963993999,0.009631640760490816,0.0173783963993999
238.03967327887983,0.018223400781956476,0.017380396732788798
238.23970661776963,0.00671019310683206,0.017382397066177696
238.43973995665945,0.012573456247956884,0.017384397399566594
238.63977329554928,0.01994465320609579,0.017386397732955493
238.83980663443907,0.004644448198091037,0.01738839806634439
239.0398399733289,0.020914196303416482,0.01739039839973329
239.23987331221872,0.01723529634170874,0.017392398733122188
239.43990665110852,0.02181431870184827,0.017394399066511086
239.63993998999834,0.019187712472417275,0.017396399399899985
239.83997332888816,0.02831152317307964,0.017398399733288883
240.04000666777796,0.018402196087861037,0.017400400066677778
240.24004000666778,0.013967156071064652,0.017402400400066676
240.4400733455576,0.018382780757713844,0.017404400733455574
240.6401066844474,0.021752785299135574,0.017406401066844473
240.84014002333723,0.017799281962839007,0.01740840140023337
241.04017336222705,0.017735135263253328,0.01741040173362227
241.24020670111688,0.011796468564557124,0.017412402067011168
241.44024004000667,0.012111195059992481,0.017414402400400066
241.6402733788965,0.006195560559391416,0.017416402733788965
241.84030671778632,0.03141501701267338,0.017418403067177863
242.04034005667611,0.007469497517436481,0.01742040340056676
242.24037339556594,0.0118791621515884,0.01742240373395566
242.44040673445576,0.011677145942790979,0.017424404067344558
242.64044007334556,0.024585799416288988,0.017426404400733456
242.84047341223538,0.015068807307786133,0.017428404734122355
243.0405067511252,0.027412341648901124,0.017430405067511253
243.240540090015,0.012044480406949203,0.01743240540090015
243.44057342890483,0.019666359032079462,0.017434405734289046
243.64060676779465,0.010753629641599888,0.017436406067677948
243.84064010668445,0.034599599423253954,0.017438406401066843
244.04067344557427,0.007939619382219638,0.01744040673445574
244.2407067844641,0.01992097274966086,0.01744240706784464
244.4407401233539,0.022514622448690326,0.017444407401233538
244.64077346224371,0.02075680051423442,0.017446407734622436
244.84080680113354,0.01596610679698967,0.017448408068011335
245.04084014002333,0.016411842803532823,0.017450408401400233
245.24087347891316,0.017802900510622006,0.01745240873478913
245.44090681780298,0.01627839305515012,0.01745440906817803
245.64094015669278,0.025167442335926205,0.017456409401566928
245.8409734955826,0.035142593747686635,0.017458409734955826
246.04100683447243,0.013000475788282055,0.017460410068344725
246.24104017336222,0.0065039865651010005,0.017462410401733623
246.44107351225205,0.016758154348312484,0.01746441073512252
246.64110685114187,0.03810408576974597,0.01746641106851142
246.8411401900317,0.011039014858142468,0.017468411401900315
247.0411735289215,0.03058334617884175,0.017470411735289213
247.24120686781131,0.030894018581289637,0.01747241206867811
247.44124020670114,0.013045706468403053,0.01747441240206701
247.64127354559093,0.02202827736893811,0.017476412735455908
247.84130688448076,0.030505586053873112,0.017478413068844807
248.04134022337058,0.014447391474333809,0.017480413402233705
248.24137356226038,0.01585377085480371,0.017482413735622603
248.4414069011502,0.012830966757422351,0.0174844140690115
248.64144024004003,0.009368360556857466,0.0174864144024004
248.84147357892982,0.01229419437526124,0.0174884147357893
249.04150691781965,0.007698892935080144,0.017490415069178197
249.24154025670947,0.017765083148640903,0.017492415402567095
249.44157359559927,0.011334629887486859,0.017494415735955993
249.6416069344891,0.019366703363670874,0.01749641606934489
249.8416402733789,0.005051251233104771,0.01749841640273379
250.0416736122687,0.020147458593838347,0.01750041673612269
250.24170695115853,0.02417064876238298,0.017502417069511583
250.44174029004836,0.00155453226232884,0.017504417402900485
250.64177362893815,0.020498870295069957,0.01750641773628938
250.84180696782798,0.027329770009464616,0.01750841806967828
251.0418403067178,0.007833290253537533,0.017510418403067177
251.2418736456076,0.030892997831157704,0.017512418736456075
251.44190698449742,0.020866571144773336,0.017514419069844973
251.64194032338725,0.011876324557166602,0.01751641940323387
251.84197366227704,0.017072267115361122,0.01751841973662277
252.04200700116687,0.021987035370185447,0.01752042007001167
252.2420403400567,0.01813046353469986,0.017522420403400567
252.4420736789465,0.02183446867636042,0.017524420736789465
252.6421070178363,0.010161032325543433,0.017526421070178363
252.84214035672613,0.018883307995855886,0.017528421403567262
253.04217369561596,0.0062207057617163185,0.01753042173695616
253.24220703450575,0.016642613579555456,0.01753242207034506
253.44224037339558,0.010303161272015639,0.017534422403733957
253.6422737122854,0.011652183196404719,0.017536422737122852
253.8423070511752,0.02742716847219525,0.01753842307051175
254.04234039006502,0.0262709043686548,0.01754042340390065
254.24237372895485,0.022415528704546963,0.017542423737289547
254.44240706784464,0.008805921953297813,0.017544424070678445
254.64244040673447,0.015015156806508927,0.017546424404067344
254.8424737456243,0.02725320633728971,0.017548424737456242
255.04250708451409,0.018684160379964378,0.01755042507084514
255.2425404234039,0.03610706172408759,0.01755242540423404
255.44257376229373,0.020700968452777913,0.017554425737622937
255.64260710118353,0.01909281900293209,0.017556426071011835
255.84264044007335,0.015085494690780722,0.017558426404400734
256.04267377896315,0.01862875397604789,0.017560426737789632
256.242707117853,0.01634266838013418,0.01756242707117853
256.4427404567428,0.023229296818076152,0.01756442740456743
256.6427737956326,0.025220046272313,0.017566427737956327
256.84280713452245,0.01128051238728163,0.017568428071345225
257.04284047341224,0.006920564776271896,0.01757042840473412
257.24287381230204,0.002882785753296646,0.01757242873812302
257.4429071511919,0.021638359686812266,0.017574429071511917
257.6429404900817,0.008749496555509826,0.017576429404900815
257.8429738289715,0.0003553049946698507,0.017578429738289714
258.04300716786133,0.020689058907926324,0.017580430071678612
258.24304050675113,0.03752642654452984,0.01758243040506751
258.4430738456409,0.01753586344613726,0.01758443073845641
258.6431071845308,0.024294357267458443,0.017586431071845307
258.8431405234206,0.018243066273614727,0.017588431405234205
259.04317386231037,0.016799314513093962,0.017590431738623104
259.2432072012002,0.024945043935914152,0.017592432072012002
259.44324054009,0.01527223605189169,0.0175944324054009
259.6432738789798,0.019735571251365023,0.0175964327387898
259.84330721786966,0.020172015521746807,0.017598433072178697
260.04334055675946,0.012255709776423205,0.017600433405567596
260.2433738956493,0.025538772535248676,0.017602433738956494
260.4434072345391,0.016204756018782122,0.017604434072345392
260.6434405734289,0.011560473129791533,0.01760643440573429
260.84347391231876,0.021900513487686415,0.017608434739123185
261.04350725120855,0.010422691218183785,0.017610435072512084
261.24354059009835,0.017837884664854007,0.017612435405900982
261.4435739289882,0.017541483766136252,0.01761443573928988
261.643607267878,0.026303600599331404,0.01761643607267878
261.8436406067678,0.0214160222691073,0.017618436406067677
262.04367394565764,0.017420221069495423,0.017620436739456576
262.24370728454744,0.02416456746644777,0.017622437072845474
262.44374062343724,0.02874609779837288,0.017624437406234372
262.6437739623271,0.02208892019043817,0.01762643773962327
262.8438073012169,0.017711259031759213,0.01762843807301217
263.0438406401067,0.007135748547599791,0.017630438406401067
263.24387397899653,0.009111529435186986,0.017632438739789966
263.4439073178863,0.015192641438341523,0.017634439073178864
263.6439406567761,0.012760341789293497,0.017636439406567762
263.843973995666,0.016142669316073093,0.01763843973995666
264.0440073345558,0.018093639472522415,0.01764044007334556
264.24404067344557,0.0218799824415883,0.017642440406734454
264.4440740123354,0.017080450515650627,0.017644440740123356
264.6441073512252,0.021538454224121865,0.01764644107351225
264.844140690115,0.018164236725382112,0.01764844140690115
265.04417402900486,0.001846709209459077,0.017650441740290047
265.24420736789466,0.01013775892312891,0.017652442073678946
265.44424070678446,0.01650174196129492,0.017654442407067844
265.6442740456743,0.007978884797727882,0.017656442740456742
265.8443073845641,0.022457872913815277,0.01765844307384564
266.0443407234539,0.02990645006598412,0.01766044340723454
266.24437406234375,0.02741253855420197,0.017662443740623437
266.44440740123355,0.01595690110657067,0.017664444074012336
266.64444074012334,0.02959225350220085,0.017666444407401234
266.8444740790132,0.018857784398407025,0.017668444740790133
267.044507417903,0.014973757305234717,0.01767044507417903
267.2445407567928,0.012765224099240408,0.017672445407567926
267.44457409568264,0.0152546882490518,0.017674445740956828
267.64460743457244,0.014571031526015892,0.017676446074345722
267.84464077346223,0.019041776186738524,0.01767844640773462
268.0446741123521,0.018965038589522434,0.01768044674112352
268.2447074512419,0.017706815235739734,0.017682447074512418
268.4447407901317,0.021179952765872114,0.017684447407901316
268.6447741290215,0.027211617939580945,0.017686447741290214
268.8448074679113,0.025284881158209704,0.017688448074679113
269.0448408068011,0.005811264660468782,0.01769044840806801
269.24487414569097,0.0,0.01769244874145691
269.44490748458077,0.02516900836476,0.017694449074845808
269.64494082347056,0.006761419820911337,0.017696449408234706
269.8449741623604,0.015900326526482135,0.017698449741623604
270.0450075012502,0.008339545866537627,0.017700450075012503
270.24504084014,0.003286606907761244,0.0177024504084014
270.44507417902986,0.022036152567428604,0.0177044507417903
270.64510751791966,0.02377969235760037,0.017706451075179198
270.84514085680945,0.013096368202754342,0.017708451408568096
271.0451741956993,0.0,0.01771045174195699
271.2452075345891,0.013342496489326026,0.01771245207534589
271.44524087347895,0.02084888445195516,0.017714452408734788
271.64527421236875,0.005885160191930656,0.017716452742123686
271.84530755125854,0.01918533243374583,0.017718453075512584
272.0453408901484,0.017597974615517518,0.017720453408901483
272.2453742290382,0.022356785739099088,0.01772245374229038
272.445407567928,0.018681097022992504,0.01772445407567928
272.64544090681784,0.009941902882015737,0.01772645440906818
272.84547424570763,0.027301026755773013,0.017728454742457083
273.04550758459743,0.01646221849163024,0.017730455075846002
273.2455409234873,0.01751401909315551,0.017732455409234963
273.4455742623771,0.010268312070038494,0.017734455742624063
273.6456076012669,0.014190198066481523,0.017736456076013606
273.8456409401567,0.010660034697189315,0.017738456409404524
274.0456742790465,0.016356888263412223,0.017740456742799605
274.2457076179363,0.03143612491734578,0.01774245707620703
274.44574095682617,0.006769248266199478,0.01774445740965033
274.64577429571597,0.0048379665601817595,0.01774645774319569
274.84580763460576,0.02951782069697419,0.017748458077025322
275.0458409734956,0.0160758689944153,0.01775045841163023
275.2458743123854,0.012399876839025827,0.01775245874830516
275.4459076512752,0.026073696589559776,0.017754459090391167
275.64594099016506,0.01291153512842962,0.01775645944632453
275.84597432905485,0.03236653754532355,0.01775845983694806
276.04600766794465,0.023183867283357095,0.01776046031264294
276.2460410068345,0.013859169727382586,0.017762460992548208
276.4460743457243,0.03502292785838634,0.01776446215226231
276.6461076846141,0.012920745031345611,0.01776646441537232
276.84614102350395,0.023705232137931014,0.017768469161856558
277.04617436239374,0.02016482002141953,0.017770479378167593
277.24620770128354,0.0281864316991928,0.017772501384002413
277.4462410401734,0.03026663782807581,0.01777454825426099
277.6462743790632,0.018032679625074162,0.01777664643254803
277.846307717953,0.011751505228857128,0.017778848191626596
278.04634105684283,0.021461031653267543,0.01778125450975461
278.24637439573263,0.0123623330165063,0.01778405597452315
278.4464077346224,0.03389470195069898,0.01778760397048599
278.6464410735123,0.01888481383136386,0.01779253118270196
278.8464744124021,0.01487737742267786,0.01779994983317473
279.04650775129187,0.01928921072982686,0.017811768282907592
279.2465410901817,0.00705417100136164,0.017831181317599212
279.4465744290715,0.010090492885000565,0.01786340519308578
279.6466077679613,0.02752005364437605,0.01791674238082065
279.84664110685117,0.012748913655000096,0.018004067886771263
280.04667444574096,0.009769533790131565,0.01814482165158708
280.24670778463076,0.022660782474669735,0.018367560454451447
280.4467411235206,0.028198690852360247,0.01871305761505627
280.6467744624104,0.02498945719221259,0.019237830706892056
280.8468078013002,0.02798620399783608,0.02001782251138955
281.04684114019005,0.015097403329792708,0.021151764038348394
281.24687447907985,0.011389044718130679,0.02276353005206543
281.44690781796965,0.03701326291742758,0.02500259370178369
281.6469411568595,0.0254601123403895,0.028041551051126587
281.8469744957493,0.030063019644022936,0.03206968377566331
282.0470078346391,0.047907277757944226,0.03728172462315176
282.24704117352894,0.04831127416385929,0.043861434088654006
282.44707451241874,0.055607401636777444,0.051960299460124586
282.6471078513086,0.07899260273379133,0.061672583974582654
282.8471411901984,0.06786082628593589,0.07300897212897703
283.0471745290882,0.09329472241900874,0.08587200139435884
283.24720786797803,0.10049322849913861,0.10003712349996194
283.44724120686783,0.11729212065820897,0.11514338242730292
283.6472745457576,0.14292491401104848,0.13069716659974823
283.8473078846475,0.15015391801310635,0.14609123196278936
284.0473412235373,0.16494565868519423,0.16063929005279717
284.24737456242707,0.182204216016934,0.1736241573184556
284.4474079013169,0.18143552281499176,0.18435514465133485
284.6474412402067,0.18551479082073613,0.1922284681594482
284.8474745790965,0.18842491970390002,0.19678339325606828
285.04750791798637,0.18201601433461753,0.19774686704962555
285.24754125687616,0.21151028528632954,0.19506062824680695
285.44757459576596,0.18006138459697757,0.18888705152275104
285.6476079346558,0.1778228820999113,0.17959291108859746
285.8476412735456,0.16549881480826528,0.16771332120737664
286.0476746124354,0.1563600370506647,0.1539007834681919
286.24770795132525,0.14539197967509915,0.13886608197478478
286.44774129021505,0.130202228833418,0.12331844092654005
286.64777462910484,0.10324723057711353,0.10791185008566503
286.8478079679947,0.09186598199662209,0.09320295570691338
287.0478413068845,0.08188440177577282,0.07962376217186642
287.2478746457743,0.06548049971123239,0.06747002872070076
287.44790798466414,0.06976286011890706,0.05690409551074711
287.64794132355394,0.0518970538144946,0.04796925420138859
287.84797466244373,0.046490885561160974,0.040611863272762436
288.0480080013336,0.04001026366797884,0.03470721351863954
288.2480413402234,0.0394733508450197,0.030085559985137095
288.4480746791132,0.028003728634805634,0.026555556165175978
288.64810801800303,0.013548675376073797,0.02392333095972057
288.8481413568928,0.02520394082984456,0.022006437215823425
289.0481746957826,0.015431870244520989,0.02064272539485562
289.2482080346725,0.015465843997261412,0.019694777451259467
289.44824137356227,0.023741770241834114,0.01905085809179337
289.64827471245206,0.028529699463306735,0.01862343489183765
289.8483080513419,0.01851641702854902,0.01834624441466053
290.0483413902317,0.020641369851831966,0.018170705751040257
290.2483747291215,0.03167998601923475,0.01806226646215285
290.44840806801136,0.019923079937462385,0.01799705450155384
290.64844140690116,0.038772496405711496,0.017959031492268334
290.84847474579095,0.02246178720049797,0.017937710035445618
291.0485080846808,0.0038403088685035804,0.017926410941750123
291.2485414235706,0.023947721554393526,0.017920988585557265
291.4485747624604,0.02096820111402195,0.017918934034959727
291.64860810135025,0.028236788133525127,0.01791876610086316
291.84864144024004,0.02330508225838536,0.01791963144822569
292.04867477912984,0.016813402295448924,0.017921050167319114
292.2487081180197,0.008128372821887041,0.017922758712201968
292.4487414569095,0.0162524296663478,0.017924615724636002
292.6487747957993,0.011122383499177888,0.01792654713285229
292.84880813468914,0.013284327412213557,0.01792851501065134
293.04884147357893,0.022639127614975975,0.017930500379611098
293.2488748124687,0.03129172999158515,0.0179324939567739
293.4489081513586,0.02109186354174894,0.01793449130316509
293.6489414902484,0.008369425847075566,0.01793649034335704
293.8489748291382,0.02149531147422375,0.017938490128462624
294.049008168028,0.027513542127367237,0.017940490234202026
294.2490415069178,0.013064227240468122,0.01794249047502318
294.4490748458077,0.016872353438165507,0.01794449077154885
294.64910818469747,0.018063996648394053,0.017946491090560474
294.84914152358726,0.011669304913799616,0.017948491418457536
295.0491748624771,0.02313673522054273,0.017950491749791856
295.2492082013669,0.01698490689356566,0.017952492082427912
295.4492415402567,0.02131075196680285,0.017954492415546627
295.64927487914656,0.010856555326423753,0.017956492748840553
295.84930821803636,0.014458826679609469,0.017958493082196752
296.04934155692615,0.023739544278196793,0.01796049341557462
296.249374895816,0.01497982853222574,0.017962493748959876
296.4494082347058,0.031780204892214836,0.0179644940823476
296.6494415735956,0.014769404930819303,0.017966494415736122
296.84947491248545,0.01976597255513999,0.017968494749124903
297.04950825137524,0.025431221737498486,0.017970495082513766
297.24954159026504,0.0066255695524384,0.017972495415902654
297.4495749291549,0.003888025253445341,0.01797449574929155
297.6496082680447,0.005771245566119689,0.017976496082680447
297.8496416069345,0.0280791692434868,0.017978496416069346
298.04967494582434,0.01356563158231867,0.017980496749458244
298.24970828471413,0.03844809136819316,0.017982497082847142
298.4497416236039,0.01347051662697693,0.01798449741623604
298.6497749624938,0.019462908175201233,0.017986497749624936
298.8498083013836,0.03032537770355684,0.017988498083013834
299.04984164027337,0.034039241521675714,0.017990498416402732
299.2498749791632,0.034484527362882815,0.01799249874979163
299.449908318053,0.02766142892792567,0.01799449908318053
299.6499416569428,0.026188999623061128,0.017996499416569427
299.84997499583267,0.022738715343567792,0.017998499749958326
300.05000833472246,0.024227388692680325,0.018000500083347224
300.25004167361226,0.013593014686107855,0.018002500416736122
300.4500750125021,0.011458909682746564,0.01800450075012502
300.6501083513919,0.017979505424226303,0.01800650108351392
300.8501416902817,0.01664702443670339,0.018008501416902817
301.05017502917156,0.014384677355673513,0.018010501750291716
301.25020836806135,0.023583601663334338,0.018012502083680614
301.45024170695115,0.0256569440856336,0.018014502417069513
301.650275045841,0.01872375784079319,0.01801650275045841
301.8503083847308,0.029838743732289404,0.01801850308384731
302.0503417236206,0.008886990504168163,0.018020503417236204
302.25037506251044,0.01647322807638736,0.018022503750625106
302.45040840140024,0.012289925519191561,0.018024504084014
302.65044174029003,0.0030942114808184193,0.0180265044174029
302.8504750791799,0.017367059264050203,0.018028504750791798
303.0505084180697,0.017056525017114427,0.018030505084180696
303.2505417569595,0.030140103363506643,0.018032505417569594
303.45057509584933,0.023080999227396714,0.018034505750958493
303.6506084347391,0.009843011489713751,0.01803650608434739
303.8506417736289,0.032871246948409795,0.01803850641773629
304.0506751125188,0.02780877631532801,0.018040506751125188
304.25070845140857,0.02269928871226301,0.018042507084514086
304.45074179029837,0.01623263462710433,0.018044507417902984
304.6507751291882,0.010370993857504045,0.018046507751291883
304.850808468078,0.015070853876112357,0.01804850808468078
305.05084180696787,0.026760497375703168,0.01805050841806968
305.25087514585766,0.03312919919893545,0.018052508751458578
305.45090848474746,0.030400457311024986,0.018054509084847473
305.6509418236373,0.01414571404394618,0.018056509418236374
305.8509751625271,0.009101570285313179,0.01805850975162527
306.0510085014169,0.0191876000603038,0.018060510085014168
306.25104184030675,0.003914995493900253,0.018062510418403066
306.45107517919655,0.020649852465270215,0.018064510751791964
306.65110851808635,0.016885690394791514,0.018066511085180863
306.8511418569762,0.014340219403623823,0.01806851141856976
307.051175195866,0.005312887213824296,0.01807051175195866
307.2512085347558,0.02218131293790529,0.018072512085347558
307.45124187364564,0.013812905701441166,0.018074512418736456
307.65127521253544,0.00871717806644305,0.018076512752125354
307.85130855142523,0.0,0.018078513085514253
308.0513418903151,0.017860394178498062,0.01808051341890315
308.2513752292049,0.03226052652565,0.01808251375229205
308.4514085680947,0.03137458780206391,0.018084514085680948
308.65144190698453,0.014429744366379671,0.018086514419069846
308.8514752458743,0.013270818269564496,0.01808851475245874
309.0515085847641,0.02184070913444783,0.01809051508584764
309.251541923654,0.010105431905730206,0.018092515419236538
309.45157526254377,0.020508850951181164,0.018094515752625436
309.65160860143357,0.024225158313091858,0.018096516086014335
309.8516419403234,0.027913982210477695,0.018098516419403233
310.0516752792132,0.017299284140952508,0.01810051675279213
310.251708618103,0.016473127084765303,0.01810251708618103
310.45174195699286,0.011080656725517439,0.018104517419569928
310.65177529588266,0.011491474920639946,0.018106517752958826
310.85180863477245,0.016296686951135512,0.018108518086347725
311.0518419736623,0.021049442474266048,0.018110518419736623
311.2518753125521,0.025421195762991518,0.01811251875312552
311.4519086514419,0.01168908748107166,0.01811451908651442
311.65194199033175,0.03005802797157949,0.018116519419903318
311.85197532922155,0.015949530944951665,0.018118519753292216
312.05200866811134,0.017949581731893625,0.018120520086681115
312.2520420070012,0.012144826986887427,0.018122520420070013
312.452075345891,0.0,0.01812452075345891
312.6521086847808,0.025198884257736205,0.018126521086847806
312.85214202367064,0.02402327259697617,0.018128521420236705
313.05217536256043,0.015879901296679898,0.018130521753625603
313.25220870145023,0.018668447824813476,0.0181325220870145
313.4522420403401,0.022262036162036196,0.0181345224204034
313.6522753792299,0.005636155898699957,0.018136522753792298
313.8523087181197,0.013906101668410838,0.018138523087181196
314.0523420570095,0.024494640857544714,0.018140523420570095
314.2523753958993,0.008108208368604998,0.018142523753958993
314.4524087347891,0.020492987544680926,0.01814452408734789
314.65244207367897,0.0072938699837495485,0.01814652442073679
314.85247541256877,0.0218799646135939,0.018148524754125688
315.05250875145856,0.01786539322913472,0.018150525087514587
315.2525420903484,0.005231470893659409,0.018152525420903485
315.4525754292382,0.027472440589949756,0.018154525754292383
315.65260876812806,0.012279793473296888,0.01815652608768128
315.85264210701786,0.011676506924955133,0.01815852642107018
316.05267544590765,0.019765080332306617,0.018160526754459075
316.2527087847975,0.0273516258832777,0.018162527087847977
316.4527421236873,0.010037952869409696,0.01816452742123687
316.6527754625771,0.018659966553409544,0.01816652775462577
316.85280880146695,0.02159906009065925,0.018168528088014668
317.05284214035674,0.02371537327950872,0.018170528421403567
317.25287547924654,0.019584061197010266,0.018172528754792465
317.4529088181364,0.015238306375514784,0.018174529088181363
317.6529421570262,0.011555807656380503,0.01817652942157026
317.852975495916,0.018867680819330157,0.01817852975495916
318.05300883480584,0.009603417992463203,0.01818053008834806
318.25304217369563,0.0,0.018182530421736957
318.45307551258543,0.0216770091883872,0.018184530755125855
318.6531088514753,0.025418009817204316,0.018186531088514753
318.8531421903651,0.0,0.018188531421903652
319.0531755292549,0.010112686117613047,0.018190531755292547
319.2532088681447,0.02314576617672303,0.01819253208868145
319.4532422070345,0.03465449617976393,0.018194532422070343
319.6532755459243,0.018362882416862503,0.01819653275545924
319.85330888481417,0.012374509559015064,0.01819853308884814
320.05334222370396,0.016737361893398316,0.01820053342223704
320.25337556259376,0.029201545108811414,0.018202533755625937
320.4534089014836,0.013036820656018553,0.018204534089014835
320.6534422403734,0.011812998369201706,0.018206534422403733
320.8534755792632,0.014346586578336373,0.018208534755792632
321.05350891815306,0.010583906223111832,0.01821053508918153
321.25354225704285,0.019193897950528793,0.01821253542257043
321.45357559593265,0.03121196342371581,0.018214535755959327
321.6536089348225,0.020801170274276456,0.018216536089348225
321.8536422737123,0.016199708405726824,0.018218536422737124
322.0536756126021,0.015886046604801668,0.018220536756126022
322.25370895149194,0.005717010619941664,0.01822253708951492
322.45374229038174,0.02528941564008109,0.01822453742290382
322.65377562927154,0.0176038401801903,0.018226537756292717
322.8538089681614,0.016784698780956606,0.018228538089681612
323.0538423070512,0.043775398965829396,0.01823053842307051
323.253875645941,0.0206225620233849,0.01823253875645941
323.45390898483083,0.012220210689086831,0.018234539089848307
323.6539423237206,0.014825678653592859,0.018236539423237205
323.8539756626104,0.027426105430200142,0.018238539756626104
324.0540090015003,0.019146703374317117,0.018240540090015002
324.2540423403901,0.006736316596864966,0.0182425404234039
324.45407567927987,0.025598372233394426,0.0182445407567928
324.6541090181697,0.012901388405869746,0.018246541090181697
324.8541423570595,0.03323492363331096,0.018248541423570595
325.0541756959493,0.026890926282676683,0.018250541756959494
325.25420903483916,0.014673966925078382,0.018252542090348392
325.45424237372896,0.028502673317618195,0.01825454242373729
325.65427571261876,0.018799386841345415,0.01825654275712619
325.8543090515086,0.02508073249149284,0.018258543090515087
326.0543423903984,0.022138405962259782,0.018260543423903985
326.2543757292882,0.011491690517365892,0.01826254375729288
326.45440906817805,0.013116145432142085,0.018264544090681782
326.65444240706785,0.02650623096471997,0.018266544424070677
326.8544757459577,0.015590342100607248,0.018268544757459575
327.0545090848475,0.0150413573849125,0.018270545090848474
327.2545424237373,0.010631564789442549,0.018272545424237372
327.45457576262714,0.02166333828237396,0.01827454575762627
327.65460910151694,0.03477674544496033,0.01827654609101517
327.85464244040674,0.009738283110369884,0.018278546424404067
328.0546757792966,0.01847430241117503,0.018280546757792965
328.2547091181864,0.0295803115345053,0.018282547091181864
328.4547424570762,0.01764741629460504,0.018284547424570762
328.65477579596603,0.02190552212795753,0.01828654775795966
328.8548091348558,0.00978939986617352,0.01828854809134856
329.0548424737456,0.021717005202398647,0.018290548424737457
329.2548758126355,0.016795394638089964,0.018292548758126356
329.45490915152527,0.02618038905695416,0.018294549091515254
329.65494249041507,0.027795637837422157,0.01829654942490415
329.8549758293049,0.03901505889444196,0.01829854975829305
330.0550091681947,0.022937615477390552,0.018300550091681946
330.2550425070845,0.020908920957728176,0.018302550425070844
330.45507584597436,0.01985962517107843,0.018304550758459742
330.65510918486416,0.015481220749363134,0.01830655109184864
330.85514252375395,0.02101642217293107,0.01830855142523754
331.0551758626438,0.015947340477514203,0.018310551758626437
331.2552092015336,0.01966023990217225,0.018312552092015336
331.4552425404234,0.02885533271026791,0.018314552425404234
331.65527587931325,0.010264212236556002,0.018316552758793132
331.85530921820305,0.02743758158121439,0.01831855309218203
332.05534255709284,0.02885747396428985,0.01832055342557093
332.2553758959827,0.0173780055430312,0.018322553758959827
332.4554092348725,0.001349714900279967,0.018324554092348726
332.6554425737623,0.013463978528982165,0.018326554425737624
332.85547591265214,0.028704511131615394,0.018328554759126522
333.05550925154193,0.01814761059412436,0.018330555092515417
333.25554259043173,0.010338137567545029,0.018332555425904316
333.4555759293216,0.014296356389467475,0.018334555759293214
333.6556092682114,0.025061516304718538,0.018336556092682112
333.8556426071012,0.022712424971682046,0.01833855642607101
334.055675945991,0.016429099966102353,0.01834055675945991
334.2557092848808,0.015407961798331307,0.018342557092848807
334.4557426237706,0.015210492233887131,0.018344557426237706
334.65577596266047,0.010967276283638583,0.018346557759626604
334.85580930155027,0.031271563608771036,0.018348558093015502
335.05584264044006,0.01577199467271368,0.0183505584264044
335.2558759793299,0.02808982692639727,0.0183525587597933
335.4559093182197,0.03052508750856181,0.018354559093182198
335.6559426571095,0.02634304661175478,0.018356559426571096
335.85597599599936,0.014905597258215606,0.018358559759959994
336.05600933488915,0.021590400816041768,0.018360560093348893
336.25604267377895,0.018168995575610462,0.01836256042673779
336.4560760126688,0.011134945874285661,0.018364560760126686
336.6561093515586,0.02096143534728841,0.018366561093515588
336.8561426904484,0.008936243097626062,0.018368561426904483
337.05617602933825,0.02787199686798589,0.01837056176029338
337.25620936822804,0.014655623715295135,0.01837256209368228
337.45624270711784,0.019983839674053892,0.018374562427071178
337.6562760460077,0.020642865732829214,0.018376562760460076
337.8563093848975,0.016307323304216356,0.018378563093848974
338.05634272378734,0.02307411383904007,0.018380563427237873
338.25637606267713,0.014583334507646576,0.01838256376062677
338.45640940156693,0.025354942473673623,0.01838456409401567
338.6564427404568,0.007618726985430578,0.018386564427404568
338.8564760793466,0.019399601397164762,0.018388564760793466
339.0565094182364,0.03390199708664864,0.018390565094182364
339.2565427571262,0.010389914830726665,0.018392565427571263
339.456576096016,0.012972605996761349,0.01839456576096016
339.6566094349058,0.02250782889162038,0.01839656609434906
339.85664277379567,0.01983522068325474,0.018398566427737958
340.05667611268547,0.02120560755531533,0.018400566761126856
340.25670945157526,0.02231606413569706,0.01840256709451575
340.4567427904651,0.02348233917639881,0.01840456742790465
340.6567761293549,0.027284166496943332,0.018406567761293548
340.8568094682447,0.021687117350110547,0.018408568094682446
341.05684280713456,0.016480507191123005,0.018410568428071344
341.25687614602435,0.023793158371082094,0.018412568761460243
341.45690948491415,0.03361362457401087,0.01841456909484914
341.656942823804,0.017355499457177452,0.01841656942823804
341.8569761626938,0.010622335324261805,0.018418569761626938
342.0570095015836,0.027277215449311616,0.018420570095015836
342.25704284047345,0.01745952111677595,0.018422570428404735
342.45707617936324,0.0010432143936813416,0.018424570761793633
342.65710951825304,0.025205944512385905,0.01842657109518253
342.8571428571429,0.014145945940940048,0.01842857142857143
343.0571761960327,0.01770630550352704,0.018430571761960328
343.2572095349225,0.021088414739901338,0.018432572095349223
343.45724287381233,0.019958569866970657,0.018434572428738125
343.65727621270213,0.024112187299239335,0.01843657276212702
343.8573095515919,0.01495468213095717,0.018438573095515918
344.0573428904818,0.02254541981431348,0.018440573428904816
344.2573762293716,0.016366200341622377,0.018442573762293715
344.45740956826137,0.024355057942782636,0.018444574095682613
344.6574429071512,0.02336951430117594,0.01844657442907151
344.857476246041,0.010965065146103646,0.01844857476246041
345.0575095849308,0.027138432025249567,0.018450575095849308
345.25754292382067,0.014164867868325822,0.018452575429238206
345.45757626271046,0.024919038148876266,0.018454575762627105
345.65760960160026,0.021394874603226727,0.018456576096016003
345.8576429404901,0.03316404584376588,0.0184585764294049
346.0576762793799,0.016672848903818982,0.0184605767627938
346.2577096182697,0.015668042727237118,0.018462577096182698
346.45774295715955,0.018309220582469737,0.018464577429571596
346.65777629604935,0.016041139500286287,0.01846657776296049
346.85780963493914,0.024868113311885792,0.01846857809634939
347.057842973829,0.0055400935622455846,0.018470578429738288
347.2578763127188,0.010043119409956353,0.018472578763127186
347.4579096516086,0.00993215572388254,0.018474579096516085
347.65794299049844,0.02607904016569359,0.018476579429904983
347.85797632938824,0.03216348674394928,0.01847857976329388
348.05800966827803,0.017644986348383008,0.01848058009668278
348.2580430071679,0.017132006644551594,0.018482580430071678
348.4580763460577,0.01904499806836603,0.018484580763460576
348.6581096849475,0.027781607517715,0.018486581096849475
348.85814302383733,0.01106975635671378,0.018488581430238373
349.0581763627271,0.020397533625505553,0.01849058176362727
349.258209701617,0.02629416313527561,0.01849258209701617
349.4582430405068,0.02250333578992383,0.018494582430405068
349.65827637939657,0.020013235696583913,0.018496582763793967
349.8583097182864,0.026506951837719995,0.018498583097182865
350.0583430571762,0.0,0.018500583430571763
350.258376396066,0.02392558632020792,0.01850258376396066
350.45840973495586,0.013271978632330166,0.018504584097349557
350.65844307384566,0.0038615212558867993,0.018506584430738455
350.85847641273546,0.022598205560327198,0.018508584764127353
351.0585097516253,0.029499853458819912,0.01851058509751625
351.2585430905151,0.017412997313883617,0.01851258543090515
351.4585764294049,0.02613758214191756,0.018514585764294048
351.65860976829475,0.03141481216159211,0.018516586097682947
351.85864310718455,0.029037902059744224,0.018518586431071845
352.05867644607434,0.03164030299943189,0.018520586764460743
352.2587097849642,0.02445960702642478,0.01852258709784964
352.458743123854,0.019128056542451283,0.01852458743123854
352.6587764627438,0.00571086126945009,0.01852658776462744
352.85880980163364,0.016560088192976746,0.018528588098016337
353.05884314052344,0.011784615668875701,0.018530588431405235
353.25887647941323,0.03590013050477664,0.018532588764794133
353.4589098183031,0.01712750259872434,0.018534589098183032
353.6589431571929,0.019522227885847815,0.01853658943157193
353.8589764960827,0.022950472773284564,0.018538589764960825
354.0590098349725,0.018889409669329355,0.018540590098349727
354.2590431738623,0.032102998755184645,0.01854259043173862
354.4590765127521,0.013563395871251905,0.01854459076512752
354.659109851642,0.02010345074041436,0.01854659109851642
354.85914319053177,0.01260882674632093,0.018548591431905317
355.05917652942156,0.007990411675528568,0.018550591765294215
355.2592098683114,0.01365843937144083,0.018552592098683113
355.4592432072012,0.018258298055684716,0.018554592432072012
355.659276546091,0.01512217496932283,0.01855659276546091
355.85930988498086,0.01301922525985896,0.01855859309884981
356.05934322387066,0.007310053722864036,0.018560593432238707
356.25937656276045,0.017897749184598046,0.018562593765627605
356.4594099016503,0.006526831106768485,0.018564594099016504
356.6594432405401,0.024647042141922225,0.018566594432405402
356.8594765794299,0.019228112789270325,0.018568594765794297
357.05950991831975,0.0069101831034637535,0.0185705950991832
357.25954325720954,0.016098922816173186,0.018572595432572093
357.45957659609934,0.012557344521236326,0.018574595765960992
357.6596099349892,0.021129992182703332,0.01857659609934989
357.859643273879,0.029302200000923945,0.01857859643273879
358.0596766127688,0.00357921700896173,0.018580596766127687
358.25970995165864,0.019502805732695923,0.018582597099516585
358.45974329054843,0.01730353506837236,0.018584597432905484
358.6597766294382,0.023957318377898107,0.018586597766294382
358.8598099683281,0.020294171125584792,0.01858859809968328
359.0598433072179,0.012574843779161626,0.01859059843307218
359.25987664610767,0.016040167281128132,0.018592598766461077
359.4599099849975,0.012226392245422064,0.018594599099849975
359.6599433238873,0.02720465654202766,0.018596599433238874
359.85997666277717,0.01876909295600331,0.018598599766627772
360.06001000166697,0.033810125586040726,0.01860060010001667
360.26004334055676,0.018117313922888602,0.01860260043340557
360.4600766794466,0.012937346631510764,0.018604600766794467
360.6601100183364,0.006496885959280744,0.018606601100183362
360.8601433572262,0.004183484023524699,0.01860860143357226
361.06017669611606,0.00593751422291724,0.01861060176696116
361.26021003500585,0.020749615308441924,0.018612602100350057
361.46024337389565,0.022684402619578426,0.018614602433738955
361.6602767127855,0.005967077150870786,0.018616602767127854
361.8603100516753,0.025778909613125678,0.018618603100516752
362.0603433905651,0.014756115020438134,0.01862060343390565
362.26037672945495,0.019796947863178944,0.01862260376729455
362.46041006834474,0.031522369126726846,0.018624604100683447
362.66044340723454,0.025801318960996602,0.018626604434072346
362.8604767461244,0.016480359584214586,0.018628604767461244
363.0605100850142,0.011501067297527843,0.018630605100850142
363.260543423904,0.0014180822236046012,0.01863260543423904
363.46057676279383,0.012881379213688579,0.01863460576762794
363.66061010168363,0.01694756419039528,0.018636606101016837
363.8606434405734,0.010741170217196264,0.018638606434405736
364.0606767794633,0.017590551031056195,0.018640606767794634
364.2607101183531,0.01925742216485368,0.018642607101183532
364.46074345724287,0.016845759580107797,0.018644607434572427
364.6607767961327,0.013446587121373647,0.018646607767961326
364.8608101350225,0.019997845477084046,0.018648608101350224
365.0608434739123,0.022186133631294395,0.018650608434739122
365.26087681280217,0.009929416148585252,0.01865260876812802
365.46091015169196,0.02994206813948708,0.01865460910151692
365.66094349058176,0.017867904376631723,0.018656609434905817
365.8609768294716,0.018809406751853497,0.018658609768294716
366.0610101683614,0.02432632548773607,0.018660610101683614
366.2610435072512,0.020528339485180527,0.018662610435072512
366.46107684614105,0.02628970383976737,0.01866461076846141
366.66111018503085,0.020963604423464902,0.01866661110185031
366.86114352392065,0.013769112438115703,0.018668611435239207
367.0611768628105,0.02156263997027692,0.018670611768628106
367.2612102017003,0.00952280244345171,0.018672612102017004
367.4612435405901,0.019543090081618083,0.0186746124354059
367.66127687947994,0.018410772843639116,0.0186766127687948
367.86131021836974,0.017013678244003377,0.018678613102183696
368.06134355725953,0.017652313344061147,0.018680613435572594
368.2613768961494,0.003627821404980379,0.018682613768961492
368.4614102350392,0.0142948148404227,0.01868461410235039
368.661443573929,0.019429373644868207,0.01868661443573929
368.86147691281883,0.019967465905107392,0.018688614769128187
369.0615102517086,0.01046921397510942,0.018690615102517086
369.2615435905984,0.02881827816282359,0.018692615435905984
369.4615769294883,0.011765216983578877,0.018694615769294883
369.66161026837807,0.026452273706897674,0.01869661610268378
369.86164360726787,0.02211617133104616,0.01869861643607268
370.0616769461577,0.013530798290711153,0.018700616769461578
370.2617102850475,0.03290510424372657,0.018702617102850476
370.4617436239373,0.009155522782187533,0.018704617436239374
370.66177696282716,0.026059851158508285,0.018706617769628273
370.86181030171696,0.026713276647360992,0.018708618103017167
371.0618436406068,0.01334565676379291,0.01871061843640607
371.2618769794966,0.029852341170309597,0.018712618769794964
371.4619103183864,0.01671424698639224,0.018714619103183863
371.66194365727625,0.021026168470811617,0.01871661943657276
371.86197699616605,0.020801194480131426,0.01871861976996166
372.06201033505585,0.017646150171586175,0.018720620103350558
372.2620436739457,0.025209086622017714,0.018722620436739456
372.4620770128355,0.02507253053454606,0.018724620770128354
372.6621103517253,0.004738365317611806,0.018726621103517253
372.86214369061514,0.029163343379931372,0.01872862143690615
373.06217702950494,0.005430685866009654,0.01873062177029505
373.26221036839473,0.026992991738417207,0.018732622103683948
373.4622437072846,0.02774826353169351,0.018734622437072846
373.6622770461744,0.010008891328740159,0.018736622770461744
373.8623103850642,0.015452108800213964,0.018738623103850643
374.06234372395403,0.009894986089352055,0.01874062343723954
374.2623770628438,0.017023255528318557,0.01874262377062844
374.4624104017336,0.016280349830531407,0.018744624104017338
374.6624437406235,0.02498390869556095,0.018746624437406233
374.86247707951327,0.029231094739752,0.01874862477079513
375.06251041840306,0.029916095590503677,0.01875062510418403
375.2625437572929,0.014255281224946511,0.018752625437572928
375.4625770961827,0.017080850781005602,0.018754625770961826
375.6626104350725,0.005289120566583122,0.018756626104350724
375.86264377396236,0.012311665905770113,0.018758626437739623
376.06267711285216,0.026479439835908183,0.01876062677112852
376.26271045174195,0.03168728969290327,0.01876262710451742
376.4627437906318,0.008889836462866941,0.018764627437906318
376.6627771295216,0.014026913698072062,0.018766627771295216
376.8628104684114,0.018557382049012697,0.018768628104684115
377.06284380730125,0.021011917708629868,0.018770628438073013
377.26287714619104,0.012295800612088742,0.01877262877146191
377.46291048508084,0.02216711746056353,0.01877462910485081
377.6629438239707,0.01498591466167238,0.018776629438239708
377.8629771628605,0.018663011604602372,0.018778629771628606
378.0630105017503,0.023150904089047096,0.0187806301050175
378.26304384064014,0.018834008596893905,0.018782630438406403
378.46307717952993,0.01529354364758275,0.018784630771795298
378.6631105184197,0.01790975267377755,0.018786631105184196
378.8631438573096,0.018081727764930413,0.018788631438573095
379.0631771961994,0.015830543532904973,0.018790631771961993
379.2632105350892,0.016722263604014072,0.01879263210535089
379.463243873979,0.03158380980277753,0.01879463243873979
379.6632772128688,0.0232839883556586,0.018796632772128688
379.8633105517586,0.0164347905612843,0.018798633105517586
380.06334389064847,0.02437626867499237,0.018800633438906485
380.26337722953826,0.016132077854247303,0.018802633772295383
380.46341056842806,0.02818963120637741,0.01880463410568428
380.6634439073179,0.02176377197665793,0.01880663443907318
380.8634772462077,0.017950217620428248,0.018808634772462078
381.0635105850975,0.022392370512333195,0.018810635105850973
381.26354392398736,0.0062456262226918795,0.018812635439239875
381.46357726287715,0.009800496021350327,0.01881463577262877
381.66361060176695,0.009265236054825224,0.018816636106017668
381.8636439406568,0.01996218119751622,0.018818636439406566
382.0636772795466,0.0326807567686762,0.018820636772795465
382.26371061843645,0.03667303827572542,0.018822637106184363
382.46374395732624,0.023929046251099317,0.01882463743957326
382.66377729621604,0.022833393572517815,0.01882663777296216
382.8638106351059,0.004420176233129146,0.018828638106351058
383.0638439739957,0.014489248041867783,0.018830638439739956
383.2638773128855,0.012530368757862943,0.018832638773128855
383.46391065177534,0.013867858320508825,0.018834639106517753
383.66394399066513,0.017491488891228334,0.01883663943990665
383.8639773295549,0.01506191515171853,0.01883863977329555
384.0640106684448,0.003006241623678147,0.018840640106684448
384.2640440073346,0.024825922489013618,0.018842640440073347
384.46407734622437,0.010262696567543793,0.018844640773462245
384.6641106851142,0.02076061601974034,0.018846641106851143
384.864144024004,0.03544130279823983,0.018848641440240038
385.0641773628938,0.01149556504093755,0.018850641773628937
385.26421070178367,0.0,0.018852642107017835
385.46424404067346,0.016566608665365846,0.018854642440406733
385.66427737956326,0.027664319853784203,0.01885664277379563
385.8643107184531,0.03452542274094928,0.01885864310718453
386.0643440573429,0.009024246684954093,0.01886064344057343
386.2643773962327,0.0228362375598545,0.018862643773962327
386.46441073512256,0.015142160453110797,0.018864644107351225
386.66444407401235,0.018019057606307037,0.018866644440740123
386.86447741290215,0.0400233915502653,0.01886864477412902
387.064510751792,0.006846882480356694,0.01887064510751792
387.2645440906818,0.020902562732863405,0.01887264544090682
387.4645774295716,0.02261619114841918,0.018874645774295717
387.66461076846144,0.027562936707199392,0.018876646107684615
387.86464410735124,0.019662511668840678,0.018878646441073513
388.06467744624103,0.02134505109049523,0.018880646774462412
388.2647107851309,0.01574945856847698,0.01888264710785131
388.4647441240207,0.021037662971201066,0.01888464744124021
388.6647774629105,0.01614110957064982,0.018886647774629103
388.86481080180033,0.02386122322686641,0.018888648108018
389.0648441406901,0.015933765753057827,0.0188906484414069
389.2648774795799,0.02190945192601329,0.0188926487747958
389.4649108184698,0.01866054659870487,0.018894649108184697
389.66494415735957,0.02790505144775094,0.018896649441573595
389.86497749624937,0.018487499986254603,0.018898649774962493
390.0650108351392,0.004716390362696341,0.018900650108351392
390.265044174029,0.028998022447452226,0.01890265044174029
390.4650775129188,0.011658792368228237,0.01890465077512919
390.66511085180866,0.013676520399327527,0.018906651108518087
390.86514419069846,0.014143361089559048,0.018908651441906985
391.06517752958825,0.029906156520662423,0.018910651775295884
391.2652108684781,0.001827258396855217,0.018912652108684782
391.4652442073679,0.04401664071135363,0.01891465244207368
391.6652775462577,0.02736510724799099,0.018916652775462575
391.86531088514755,0.020704564421884755,0.018918653108851477
392.06534422403735,0.01848150143731008,0.018920653442240372
392.26537756292714,0.021207086374490525,0.01892265377562927
392.465410901817,0.023093633536052875,0.01892465410901817
392.6654442407068,0.024088379130007522,0.018926654442407067
392.8654775795966,0.023373490503823553,0.018928654775795965
393.06551091848644,0.019647300559226855,0.018930655109184864
393.26554425737623,0.01735394808011515,0.018932655442573762
393.4655775962661,0.017724469506734567,0.01893465577596266
393.6656109351559,0.01737738986653011,0.01893665610935156
393.8656442740457,0.028008817217676972,0.018938656442740457
394.06567761293553,0.023689110554376253,0.018940656776129355
394.2657109518253,0.0,0.018942657109518254
394.4657442907151,0.02419186365514524,0.018944657442907152
394.665777629605,0.02050454733404625,0.01894665777629605
394.86581096849477,0.01879898805811777,0.01894865810968495
395.06584430738457,0.015842510818362757,0.018950658443073844
395.2658776462744,0.027945560536350854,0.018952658776462745
395.4659109851642,0.026534870806834504,0.01895465910985164
395.665944324054,0.012773638100651664,0.01895665944324054
395.86597766294386,0.02221507807362572,0.018958659776629437
396.06601100183366,0.011187406233688049,0.018960660110018335
396.26604434072345,0.00792571512509579,0.018962660443407234
396.4660776796133,0.01395092298007641,0.018964660776796132
396.6661110185031,0.0258658088892471,0.01896666111018503
396.8661443573929,0.02659366180658262,0.01896866144357393
397.06617769628275,0.02307534513774117,0.018970661776962827
397.26621103517255,0.024773428405135703,0.018972662110351726
397.46624437406234,0.023104088740660292,0.018974662443740624
397.6662777129522,0.013844810015345904,0.018976662777129522
397.866311051842,0.022434043467909948,0.01897866311051842
398.0663443907318,0.025383939645728774,0.018980663443907315
398.26637772962164,0.02501699441580481,0.018982663777296217
398.46641106851143,0.028495971082482256,0.018984664110685112
398.66644440740123,0.024653095221682526,0.018986664444074014
398.8664777462911,0.02180025043779557,0.01898866477746291
399.0665110851809,0.02755186701738323,0.01899066511085181
399.2665444240707,0.018780495370248226,0.018992665444240706
399.4665777629605,0.01193966856780786,0.018994665777629604
399.6666111018503,0.017692130399468393,0.018996666111018502
399.8666444407401,0.013039445285955808,0.0189986664444074
400.06667777962997,0.013599240578001246,0.0190006667777963
400.26671111851977,0.017846517745461053,0.019002667111185197
400.46674445740956,0.012665308076574405,0.019004667444574096
400.6667777962994,0.01654297554085067,0.019006667777962994
400.8668111351892,0.003859750775721607,0.019008668111351892
401.066844474079,0.0207170181037243,0.01901066844474079
401.26687781296886,0.019022312581027483,0.01901266877812969
401.46691115185865,0.012477960062973062,0.019014669111518587
401.66694449074845,0.024290634792366726,0.019016669444907486
401.8669778296383,0.026519230879308846,0.01901866977829638
402.0670111685281,0.0061601911967334895,0.019020670111685282
402.2670445074179,0.012920872216544463,0.019022670445074177
402.46707784630775,0.012871531980164694,0.01902467077846308
402.66711118519754,0.011507446302981058,0.019026671111851974
402.86714452408734,0.02566447018069486,0.019028671445240872
403.0671778629772,0.017480062668447344,0.01903067177862977
403.267211201867,0.016916553381533785,0.01903267211201867
403.4672445407568,0.0030037735301535404,0.019034672445407567
403.66727787964663,0.02412001702047028,0.019036672778796466
403.86731121853643,0.009124605953357583,0.019038673112185364
404.0673445574262,0.01952013448770489,0.019040673445574263
404.2673778963161,0.021261689282628695,0.01904267377896316
404.4674112352059,0.02992994287906127,0.01904467411235206
404.6674445740957,0.00857611125278806,0.019046674445740958
404.8674779129855,0.0,0.019048674779129856
405.0675112518753,0.02052147147054831,0.019050675112518754
405.26754459076517,0.033456764897994484,0.019052675445907653
405.46757792965496,0.02896624660281205,0.01905467577929655
405.66761126854476,0.020733951434882453,0.019056676112685446
405.8676446074346,0.01512558696101797,0.019058676446074348
406.0676779463244,0.025517657552561725,0.019060676779463243
406.2677112852142,0.011274307515216391,0.01906267711285214
406.46774462410406,0.022875539601090792,0.01906467744624104
406.66777796299385,0.023110439052962953,0.019066677779629938
406.86781130188365,0.027550357373009874,0.019068678113018836
407.0678446407735,0.041147958757696355,0.019070678446407734
407.2678779796633,0.022212006517226768,0.019072678779796633
407.4679113185531,0.015002970107525541,0.01907467911318553
407.66794465744294,0.018872084949038474,0.01907667944657443
407.86797799633274,0.004926072540850382,0.019078679779963328
408.06801133522254,0.01352297506463976,0.019080680113352226
408.2680446741124,0.015808420941836293,0.019082680446741124
408.4680780130022,0.014891973596653282,0.019084680780130023
408.668111351892,0.020305520089788694,0.019086681113518918
408.86814469078183,0.012509321987850215,0.01908868144690782
409.0681780296716,0.028058927118892484,0.019090681780296714
409.2682113685614,0.019094338633031192,0.019092682113685616
409.4682447074513,0.019020279877965597,0.01909468244707451
409.6682780463411,0.016473525048360065,0.01909668278046341
409.86831138523087,0.020340208584724143,0.019098683113852308
410.0683447241207,0.025701469564582285,0.019100683447241206
410.2683780630105,0.012165642054942902,0.019102683780630104
410.4684114019003,0.01383975220141695,0.019104684114019003
410.66844474079016,0.016676876217194582,0.0191066844474079
410.86847807967996,0.00834171739301108,0.0191086847807968
411.06851141856976,0.012556622236413715,0.019110685114185698
411.2685447574596,0.015302918459217324,0.019112685447574596
411.4685780963494,0.026109799226665314,0.019114685780963495
411.6686114352392,0.02121717674636779,0.019116686114352393
411.86864477412905,0.020667405738681647,0.01911868644774129
412.06867811301885,0.025927870478473964,0.019120686781130186
412.26871145190864,0.018023712807323913,0.019122687114519088
412.4687447907985,0.0222484062473391,0.019124687447907983
412.6687781296883,0.018300913757836913,0.019126687781296885
412.8688114685781,0.021251586909882807,0.01912868811468578
413.06884480746794,0.014468619187182022,0.019130688448074678
413.26887814635774,0.0,0.019132688781463576
413.46891148524753,0.018060455817362042,0.019134689114852475
413.6689448241374,0.030518674537040894,0.019136689448241373
413.8689781630272,0.02654841299956301,0.01913868978163027
414.069011501917,0.026863869991748536,0.01914069011501917
414.2690448408068,0.02903173622285781,0.019142690448408068
414.4690781796966,0.019853951509488467,0.019144690781796966
414.6691115185864,0.02072521677443063,0.019146691115185865
414.8691448574763,0.014207476285099961,0.019148691448574763
415.06917819636607,0.016622108933747264,0.01915069178196366
415.2692115352559,0.02407886131352169,0.01915269211535256
415.4692448741457,0.028785767946091986,0.019154692448741458
415.6692782130355,0.01804112257668236,0.019156692782130356
415.86931155192536,0.015557178996707959,0.01915869311551925
416.06934489081516,0.01916491711976093,0.019160693448908153
416.26937822970496,0.023972347773729967,0.019162693782297048
416.4694115685948,0.007613855586617615,0.01916469411568595
416.6694449074846,0.0007972468239769402,0.019166694449074845
416.8694782463744,0.014764399986531075,0.019168694782463743
417.06951158526425,0.009404995708539372,0.01917069511585264
417.26954492415405,0.015107573868063053,0.01917269544924154
417.46957826304384,0.017992453232090665,0.019174695782630438
417.6696116019337,0.015550708843835229,0.019176696116019337
417.8696449408235,0.030798436725174197,0.019178696449408235
418.0696782797133,0.021794654899615695,0.019180696782797133
418.26971161860314,0.021586491993072658,0.01918269711618603
418.46974495749294,0.024162354601922145,0.01918469744957493
418.66977829638273,0.010076032840717675,0.01918669778296383
418.8698116352726,0.027501592415714878,0.019188698116352727
419.0698449741624,0.018584584157457947,0.019190698449741625
419.2698783130522,0.02455654372106022,0.01919269878313052
419.469911651942,0.010619841252198179,0.01919469911651942
419.6699449908318,0.006766629321779802,0.019196699449908317
419.8699783297216,0.025741817047497444,0.019198699783297215
420.07001166861147,0.022211976325466246,0.019200700116686113
420.27004500750127,0.011986288015214928,0.01920270045007501
420.47007834639106,0.012247396133266353,0.01920470078346391
420.6701116852809,0.028210179392170964,0.01920670111685281
420.8701450241707,0.009693406307303084,0.019208701450241707
421.0701783630605,0.032352085409678315,0.019210701783630605
421.27021170195036,0.012007736239836553,0.019212702117019503
421.47024504084015,0.024321837855275467,0.0192147024504084
421.67027837972995,0.016587754977805423,0.0192167027837973
421.8703117186198,0.02404420256584494,0.0192187031171862
422.0703450575096,0.014867791433661556,0.019220703450575097
422.2703783963994,0.01792036053538564,0.01922270378396399
422.47041173528925,0.019552057520518664,0.019224704117352893
422.67044507417904,0.011209204804490006,0.01922670445074179
422.87047841306884,0.025155299547491697,0.01922870478413069
423.0705117519587,0.015124996585746904,0.019230705117519585
423.2705450908485,0.017403906128188335,0.019232705450908483
423.4705784297383,0.011279910787429284,0.019234705784297382
423.67061176862813,0.0,0.01923670611768628
423.87064510751793,0.017710484350273826,0.01923870645107518
424.0706784464077,0.038541630157367404,0.019240706784464077
424.2707117852976,0.025519541421037167,0.019242707117852975
424.4707451241874,0.019090624413366716,0.019244707451241874
424.67077846307717,0.01714358115096463,0.019246707784630772
424.870811801967,0.01942843526051604,0.01924870811801967
425.0708451408568,0.02362766137281025,0.01925070845140857
425.2708784797466,0.009806206262326709,0.019252708784797467
425.47091181863647,0.02816928267553734,0.019254709118186365
425.67094515752626,0.024979759975105216,0.019256709451575264
425.87097849641606,0.025004195590627637,0.019258709784964162
426.0710118353059,0.022768516028830874,0.019260710118353057
426.2710451741957,0.01941964371329388,0.01926271045174196
426.47107851308556,0.024647600672865415,0.019264710785130854
426.67111185197535,0.02400122418845078,0.019266711118519755
426.87114519086515,0.01643638576438046,0.01926871145190865
427.071178529755,0.014681897602122341,0.01927071178529755
427.2712118686448,0.02008756248078234,0.019272712118686447
427.4712452075346,0.031666873664036845,0.019274712452075345
427.67127854642445,0.009363856180233037,0.019276712785464244
427.87131188531424,0.007538510992833621,0.019278713118853142
428.07134522420404,0.020598800182134173,0.01928071345224204
428.2713785630939,0.019689815400479083,0.01928271378563094
428.4714119019837,0.020671447433983102,0.019284714119019837
428.6714452408735,0.021238340035676737,0.019286714452408735
428.87147857976333,0.017503096748719194,0.019288714785797634
429.07151191865313,0.03120962262800319,0.019290715119186532
429.2715452575429,0.0064854836247633055,0.01929271545257543
429.4715785964328,0.01266673958772236,0.01929471578596433
429.6716119353226,0.018470678038160847,0.019296716119353227
429.87164527421237,0.006153205963508783,0.019298716452742122
430.0716786131022,0.017893881550674454,0.019300716786131024
430.271711951992,0.03259447844534406,0.01930271711951992
430.4717452908818,0.01947180935927651,0.019304717452908817
430.67177862977167,0.021152325032047184,0.019306717786297715
430.87181196866146,0.009227399998305972,0.019308718119686614
431.07184530755126,0.014379827188759693,0.019310718453075512
431.2718786464411,0.016311147743872913,0.01931271878646441
431.4719119853309,0.016772998345803435,0.01931471911985331
431.6719453242207,0.029569869813272358,0.019316719453242207
431.87197866311055,0.0237802482724321,0.019318719786631106
432.07201200200035,0.010429056464523748,0.019320720120020004
432.27204534089014,0.02129475868086494,0.019322720453408902
432.47207867978,0.02331049477477208,0.0193247207867978
432.6721120186698,0.02844791342835683,0.0193267211201867
432.8721453575596,0.03197304694612258,0.019328721453575594
433.07217869644944,0.011209968252341546,0.019330721786964496
433.27221203533924,0.012845862030670684,0.01933272212035339
433.47224537422903,0.009274099582425359,0.01933472245374229
433.6722787131189,0.017464563914275335,0.019336722787131187
433.8723120520087,0.023069590116090763,0.019338723120520086
434.0723453908985,0.027239399586621797,0.019340723453908984
434.27237872978833,0.0187351155981577,0.019342723787297882
434.4724120686781,0.01678594393464803,0.01934472412068678
434.6724454075679,0.020560788392065602,0.01934672445407568
434.8724787464578,0.012667581574424394,0.019348724787464577
435.07251208534757,0.03606703489441167,0.019350725120853476
435.27254542423736,0.0064914372372979045,0.019352725454242374
435.4725787631272,0.020832650418797068,0.019354725787631272
435.672612102017,0.03554557587485729,0.01935672612102017
435.8726454409068,0.019413125210889053,0.01935872645440907
436.07267877979666,0.017840414507786014,0.019360726787797967
436.27271211868646,0.016503163738703443,0.019362727121186862
436.47274545757625,0.0179215940004765,0.019364727454575764
436.6727787964661,0.0303495155853769,0.01936672778796466
436.8728121353559,0.0016738328307175053,0.01936872812135356
437.0728454742457,0.03163819806511306,0.019370728454742456
437.27287881313555,0.007981071568530193,0.019372728788131354
437.47291215202534,0.017241510487644933,0.019374729121520252
437.6729454909152,0.015942774092519856,0.01937672945490915
437.872978829805,0.02408715594646381,0.01937872978829805
438.0730121686948,0.006595735306616966,0.019380730121686948
438.27304550758464,0.02308011178373139,0.019382730455075846
438.47307884647444,0.035579207774759564,0.019384730788464744
438.67311218536423,0.008481339085111159,0.019386731121853643
438.8731455242541,0.020906380796125706,0.01938873145524254
439.0731788631439,0.014094874366258565,0.01939073178863144
439.2732122020337,0.022799829771564625,0.019392732122020338
439.47324554092353,0.019547914674735253,0.019394732455409236
439.6732788798133,0.014264837516443658,0.019396732788798134
439.8733122187031,0.023301711401155625,0.019398733122187033
440.073345557593,0.03383551833386987,0.019400733455575928
440.27337889648277,0.01787550345514644,0.01940273378896483
440.47341223537256,0.02516279765953918,0.019404734122353724
440.6734455742624,0.009060550792773316,0.019406734455742626
440.8734789131522,0.01175724377458745,0.01940873478913152
441.073512252042,0.02318998534556344,0.01941073512252042
441.27354559093186,0.03128566368419704,0.019412735455909318
441.47357892982166,0.022259642579583495,0.019414735789298216
441.67361226871145,0.01691227187850188,0.019416736122687114
441.8736456076013,0.019413067699462844,0.019418736456076013
442.0736789464911,0.009417474917707171,0.01942073678946491
442.2737122853809,0.024258859733696743,0.01942273712285381
442.47374562427075,0.026483401954829983,0.019424737456242708
442.67377896316054,0.01581001512696696,0.019426737789631606
442.87381230205034,0.01566840094094449,0.019428738123020504
443.0738456409402,0.02155776429362579,0.019430738456409403
443.27387897983,0.015938980901473537,0.0194327387897983
443.4739123187198,0.018905678206180616,0.019434739123187196
443.67394565760964,0.036234513769908216,0.019436739456576098
443.87397899649943,0.01746253418399702,0.019438739789964993
444.0740123353892,0.016574018907184112,0.01944074012335389
444.2740456742791,0.014262406011661516,0.01944274045674279
444.4740790131689,0.025398276562131183,0.019444740790131688
444.67411235205867,0.017996947737775763,0.019446741123520586
444.8741456909485,0.014253757150338076,0.019448741456909484
445.0741790298383,0.03002117404848248,0.019450741790298383
445.2742123687281,0.03080956615979638,0.01945274212368728
445.47424570761797,0.014651353931166539,0.01945474245707618
445.67427904650776,0.004524423179580147,0.019456742790465078
445.87431238539756,0.027518852642549354,0.019458743123853976
446.0743457242874,0.013983704851162843,0.019460743457242875
446.2743790631772,0.02578774858393392,0.019462743790631773
446.474412402067,0.0037039135823259822,0.019464744124020668
446.67444574095686,0.026607523163804044,0.01946674445740957
446.87447907984665,0.009779369356552214,0.019468744790798465
447.07451241873645,0.025316858076719562,0.019470745124187366
447.2745457576263,0.019586930000267733,0.01947274545757626
447.4745790965161,0.011843230435792,0.01947474579096516
447.6746124354059,0.016220455620939815,0.019476746124354058
447.87464577429574,0.024969294113396562,0.019478746457742956
448.07467911318554,0.020327902416053728,0.019480746791131855
448.27471245207533,0.024158050968300628,0.019482747124520753
448.4747457909652,0.03529627213403354,0.01948474745790965
448.674779129855,0.006972814897610138,0.01948674779129855
448.87481246874484,0.03242644872443644,0.019488748124687448
449.07484580763463,0.02032559595826205,0.019490748458076346
449.2748791465244,0.01230247640488022,0.019492748791465245
449.4749124854143,0.008852240118942225,0.019494749124854143
449.6749458243041,0.017983786332026772,0.01949674945824304
449.87497916319387,0.026871950687027614,0.01949874979163194
450.0750125020837,0.018480357162000565,0.019500750125020838
450.2750458409735,0.031591989900388515,0.019502750458409733
450.4750791798633,0.007895345271386163,0.019504750791798635
450.67511251875317,0.019410039542419093,0.01950675112518753
450.87514585764296,0.00948960390327148,0.01950875145857643
451.07517919653276,0.02241980685296507,0.019510751791965326
451.2752125354226,0.026607851246132627,0.019512752125354225
451.4752458743124,0.016148658109294698,0.019514752458743123
451.6752792132022,0.0,0.01951675279213202
451.87531255209205,0.021110338299892877,0.01951875312552092
452.07534589098185,0.023014661872777894,0.019520753458909818
452.27537922987165,0.022757111831992298,0.019522753792298717
452.4754125687615,0.029411011660264847,0.019524754125687615
452.6754459076513,0.010958325021884123,0.019526754459076513
452.8754792465411,0.024970483636069008,0.01952875479246541
453.07551258543094,0.029070815225678108,0.01953075512585431
453.27554592432074,0.0053040547871910735,0.01953275545924321
453.47557926321053,0.022091970399983923,0.019534755792632107
453.6756126021004,0.01550331747795963,0.019536756126021
453.8756459409902,0.018886575074596738,0.019538756459409903
454.07567927988,0.02232216866110549,0.019540756792798798
454.27571261876983,0.01564492861327928,0.0195427571261877
454.4757459576596,0.0141390928262837,0.019544757459576595
454.6757792965494,0.01981997713286969,0.019546757792965493
454.8758126354393,0.01085079061545197,0.01954875812635439
455.07584597432907,0.010864157428661807,0.01955075845974329
455.27587931321887,0.024987745056784215,0.01955275879313219
455.4759126521087,0.010364406845251839,0.019554759126521087
455.6759459909985,0.024887259467183682,0.019556759459909985
455.8759793298883,0.023259490136130493,0.019558759793298883
456.07601266877816,0.005754306296363008,0.019560760126687782
456.27604600766796,0.01414224324139144,0.01956276046007668
456.47607934655775,0.029117636017844558,0.01956476079346558
456.6761126854476,0.011717436877737023,0.019566761126854477
456.8761460243374,0.015853527361768274,0.019568761460243375
457.0761793632272,0.02326724893964744,0.01957076179363227
457.27621270211705,0.025839886201281935,0.019572762127021172
457.47624604100685,0.017562451372054103,0.019574762460410067
457.67627937989664,0.014796681236265832,0.019576762793798965
457.8763127187865,0.030957722020775923,0.019578763127187863
458.0763460576763,0.033491960770957396,0.019580763460576762
458.2763793965661,0.027413628200220024,0.01958276379396566
458.47641273545594,0.02026730926787475,0.01958476412735456
458.67644607434573,0.013120638687616046,0.019586764460743457
458.87647941323553,0.012945209541679832,0.019588764794132355
459.0765127521254,0.023770877969647313,0.019590765127521254
459.2765460910152,0.02293995122801962,0.019592765460910152
459.476579429905,0.030807554537870485,0.01959476579429905
459.6766127687948,0.024800366867977063,0.01959676612768795
459.8766461076846,0.007574124046998303,0.019598766461076847
460.0766794465745,0.028016347736249093,0.019600766794465745
460.27671278546427,0.01161828210933934,0.019602767127854644
460.47674612435407,0.016532997285624726,0.01960476746124354
460.6767794632439,0.021608369444645996,0.01960676779463244
460.8768128021337,0.035574108046293046,0.019608768128021335
461.0768461410235,0.04449011690945312,0.019610768461410237
461.27687947991336,0.024466553267888595,0.019612768794799132
461.47691281880316,0.018149196178424927,0.01961476912818803
461.67694615769295,0.02389281464942133,0.01961676946157693
461.8769794965828,0.026720013201956515,0.019618769794965827
462.0770128354726,0.01705542912389719,0.019620770128354725
462.2770461743624,0.0339844613090422,0.019622770461743624
462.47707951325225,0.02146533686866374,0.019624770795132522
462.67711285214205,0.023608715841252573,0.01962677112852142
462.87714619103184,0.02495616547834601,0.01962877146191032
463.0771795299217,0.02300346468021486,0.019630771795299217
463.2772128688115,0.026344296132445013,0.019632772128688115
463.4772462077013,0.014696746969701628,0.019634772462077014
463.67727954659114,0.015170358763897667,0.019636772795465912
463.87731288548093,0.010837539265081247,0.019638773128854807
464.07734622437073,0.023156783307205518,0.01964077346224371
464.2773795632606,0.025874265823729516,0.019642773795632604
464.4774129021504,0.023306957058236592,0.019644774129021506
464.6774462410402,0.0330427139291907,0.0196467744624104
464.87747957993,0.019604006645166927,0.0196487747957993
465.0775129188198,0.025000708373928298,0.019650775129188197
465.2775462577096,0.01091916845346258,0.019652775462577095
465.47757959659947,0.016557978176170787,0.019654775795965994
465.67761293548926,0.025221078189881112,0.019656776129354892
465.87764627437906,0.02645159334868894,0.01965877646274379
466.0776796132689,0.01730904121481923,0.01966077679613269
466.2777129521587,0.019089983114657053,0.019662777129521587
466.4777462910485,0.0075217874894640095,0.019664777462910486
466.67777962993836,0.01681054418984651,0.019666777796299384
466.87781296882815,0.02679184343784657,0.019668778129688282
467.07784630771795,0.02427241859192971,0.01967077846307718
467.2778796466078,0.023678104567515755,0.01967277879646608
467.4779129854976,0.020072968627302658,0.019674779129854977
467.6779463243874,0.019733284732269284,0.019676779463243872
467.87797966327724,0.014396210680845197,0.019678779796632774
468.07801300216704,0.025271407491641945,0.01968078013002167
468.27804634105684,0.023050564018525687,0.019682780463410567
468.4780796799467,0.02362093158074186,0.019684780796799466
468.6781130188365,0.01547850238884772,0.019686781130188364
468.8781463577263,0.0024620381046073087,0.019688781463577262
469.07817969661613,0.028468003490995725,0.01969078179696616
469.2782130355059,0.015862082482287827,0.01969278213035506
469.4782463743957,0.012792576351398993,0.019694782463743957
469.6782797132856,0.025244614092444807,0.019696782797132856
469.8783130521754,0.016562682011168717,0.019698783130521754
470.07834639106517,0.028180274536283627,0.019700783463910652
470.278379729955,0.02463883139391313,0.01970278379729955
470.4784130688448,0.025173338716292272,0.01970478413068845
470.67844640773467,0.008779138774473073,0.019706784464077347
470.87847974662446,0.02940433668055745,0.019708784797466246
471.07851308551426,0.02180078938072599,0.01971078513085514
471.2785464244041,0.01675856835027442,0.019712785464244043
471.4785797632939,0.020861893536370947,0.019714785797632937
471.6786131021837,0.0055069042678352765,0.019716786131021836
471.87864644107356,0.0229880089562561,0.019718786464410734
472.07867977996335,0.01148581473234306,0.019720786797799632
472.27871311885315,0.008901424844440255,0.01972278713118853
472.478746457743,0.0075459139748343,0.01972478746457743
472.6787797966328,0.02862829479788573,0.019726787797966328
472.8788131355226,0.014694680981812917,0.019728788131355226
473.07884647441244,0.03200061014407612,0.019730788464744124
473.27887981330224,0.015446377093714641,0.019732788798133023
473.47891315219204,0.006075925470778346,0.01973478913152192
473.6789464910819,0.010804593945321546,0.01973678946491082
473.8789798299717,0.02962528275835523,0.019738789798299718
474.0790131688615,0.018493604708195274,0.019740790131688613
474.27904650775133,0.015356492093152707,0.019742790465077514
474.4790798466411,0.02102493660528871,0.01974479079846641
474.6791131855309,0.02376105302119567,0.01974679113185531
474.8791465244208,0.02868798199246389,0.019748791465244206
475.07917986331057,0.03133878563777651,0.019750791798633104
475.27921320220037,0.016874642965709317,0.019752792132022003
475.4792465410902,0.009146410976754595,0.0197547924654109
475.67927987998,0.01644907150981359,0.0197567927987998
475.8793132188698,0.021841037184851787,0.019758793132188698
476.07934655775966,0.012050722055892709,0.019760793465577596
476.27937989664946,0.012105586479806151,0.019762793798966494
476.47941323553925,0.022515097184754477,0.019764794132355393
476.6794465744291,0.01937757565318068,0.01976679446574429
476.8794799133189,0.02003117076242588,0.01976879479913319
477.0795132522087,0.013702832454921533,0.019770795132522088
477.27954659109855,0.017929589752264847,0.019772795465910986
477.47957992998835,0.01238093064515345,0.019774795799299884
477.67961326887814,0.02689838342168708,0.019776796132688783
477.879646607768,0.028060791143867697,0.019778796466077678
478.0796799466578,0.005011293901561829,0.01978079679946658
478.2797132855476,0.012346710251316194,0.019782797132855474
478.47974662443744,0.007812563425523743,0.019784797466244376
478.67977996332723,0.014586606324378085,0.01978679779963327
478.87981330221703,0.019121294374699283,0.01978879813302217
479.0798466411069,0.008193636708822827,0.019790798466411068
479.2798799799967,0.01241792029479746,0.019792798799799966
479.4799133188865,0.011763140156536877,0.019794799133188865
479.6799466577763,0.021454938101769315,0.019796799466577763
479.8799799966661,0.020353554496256664,0.01979879979996666
480.0800133355559,0.014026899706657533,0.01980080013335556
480.28004667444577,0.02121736744385964,0.019802800466744458
480.48008001333557,0.015431360123435232,0.019804800800133356
480.68011335222536,0.017633560250913827,0.019806801133522255
480.8801466911152,0.03319641818929945,0.019808801466911153
481.080180030005,0.030534490214622834,0.01981080180030005
481.2802133688948,0.009416152238268164,0.019812802133688946
481.48024670778466,0.026452661810111244,0.019814802467077848
481.68028004667445,0.02630797523639948,0.019816802800466743
481.8803133855643,0.010632696823834699,0.019818803133855645
482.0803467244541,0.026371024617283426,0.01982080346724454
482.2803800633439,0.032126259147933864,0.019822803800633438
482.48041340223375,0.010844445684067025,0.019824804134022336
482.68044674112355,0.012486781899297125,0.019826804467411235
482.88048008001334,0.027970096535548154,0.019828804800800133
483.0805134189032,0.022002767620794214,0.01983080513418903
483.280546757793,0.024244615669494117,0.01983280546757793
483.4805800966828,0.0225595195321708,0.019834805800966828
483.68061343557264,0.02296237350178088,0.019836806134355726
483.88064677446243,0.00922702944125596,0.019838806467744625
484.08068011335223,0.02821934845410511,0.019840806801133523
484.2807134522421,0.02919952707394461,0.01984280713452242
484.4807467911319,0.0180096815153671,0.01984480746791132
484.6807801300217,0.019498992202789316,0.019846807801300215
484.8808134689115,0.007599948114243339,0.019848808134689117
485.0808468078013,0.02396484651622069,0.01985080846807801
485.2808801466911,0.02442926833518006,0.01985280880146691
485.48091348558097,0.01935728099886132,0.019854809134855808
485.68094682447077,0.028851636347208727,0.019856809468244706
485.88098016336056,0.017186191953794082,0.019858809801633605
486.0810135022504,0.024377657542171305,0.019860810135022503
486.2810468411402,0.011705495758874477,0.0198628104684114
486.48108018003,0.019676393594806395,0.0198648108018003
486.68111351891986,0.01847197707196651,0.019866811135189198
486.88114685780965,0.02167127484490563,0.019868811468578097
487.08118019669945,0.016914596371300127,0.019870811801966995
487.2812135355893,0.01882103136998255,0.019872812135355893
487.4812468744791,0.026483189840276842,0.01987481246874479
487.6812802133689,0.01638269890422795,0.01987681280213369
487.88131355225875,0.007026196329613153,0.01987881313552259
488.08134689114854,0.03387748470255485,0.019880813468911483
488.28138023003834,0.030934446431824275,0.019882813802300385
488.4814135689282,0.00954671257484433,0.01988481413568928
488.681446907818,0.02540447691103974,0.01988681446907818
488.8814802467078,0.015865016638056333,0.019888814802467077
489.08151358559763,0.02199871285850445,0.019890815135855975
489.28154692448743,0.02224660850135282,0.019892815469244873
489.4815802633772,0.018019553400103194,0.01989481580263377
489.6816136022671,0.013626690811331499,0.01989681613602267
489.8816469411569,0.014374488050881493,0.01989881646941157
490.08168028004667,0.012571281478950527,0.019900816802800467
490.2817136189365,0.013248239470345806,0.019902817136189365
490.4817469578263,0.01936739114918342,0.019904817469578263
490.6817802967161,0.014180737890081146,0.019906817802967162
490.88181363560597,0.02536523466205702,0.01990881813635606
491.08184697449576,0.031808787712432375,0.01991081846974496
491.28188031338556,0.015272392872173513,0.019912818803133857
491.4819136522754,0.02183005514080577,0.019914819136522755
491.6819469911652,0.023914300352335126,0.019916819469911654
491.881980330055,0.023694837970654744,0.01991881980330055
492.08201366894485,0.02052846228001815,0.01992082013668945
492.28204700783465,0.025864279816956125,0.019922820470078345
492.48208034672444,0.0237828124249125,0.019924820803467243
492.6821136856143,0.010025521758237758,0.019926821136856142
492.8821470245041,0.026882069985359226,0.01992882147024504
493.08218036339395,0.027029148501767873,0.01993082180363394
493.28221370228374,0.013826533303594183,0.019932822137022837
493.48224704117354,0.020238325153992553,0.019934822470411735
493.6822803800634,0.02540345474628919,0.019936822803800634
493.8823137189532,0.01826431258055464,0.019938823137189532
494.082347057843,0.028524647852706524,0.01994082347057843
494.28238039673283,0.03885380376092222,0.01994282380396733
494.48241373562263,0.013656935876276368,0.019944824137356227
494.6824470745124,0.008898467645514926,0.019946824470745125
494.8824804134023,0.02237937356897303,0.019948824804134024
495.0825137522921,0.02572332517853207,0.019950825137522922
495.28254709118187,0.018105894480153664,0.019952825470911817
495.4825804300717,0.031580911110869,0.01995482580430072
495.6826137689615,0.009247979739903623,0.019956826137689614
495.8826471078513,0.0255021754553314,0.019958826471078512
496.08268044674116,0.015113940238396264,0.01996082680446741
496.28271378563096,0.03371785038751468,0.01996282713785631
496.48274712452076,0.03590495029659015,0.019964827471245207
496.6827804634106,0.013833575102367322,0.019966827804634105
496.8828138023004,0.015572371050754362,0.019968828138023004
497.0828471411902,0.026847531567250317,0.019970828471411902
497.28288048008005,0.016875783606484684,0.0199728288048008
497.48291381896985,0.019611539394731793,0.0199748291381897
497.68294715785964,0.02017993683591788,0.019976829471578597
497.8829804967495,0.0046214445553862445,0.019978829804967495
498.0830138356393,0.019870128169602496,0.019980830138356394
498.2830471745291,0.014465008279231898,0.01998283047174529
498.48308051341894,0.016039848225936015,0.01998483080513419
498.68311385230874,0.0315358871662736,0.019986831138523085
498.88314719119853,0.009936776317677936,0.019988831471911987
499.0831805300884,0.0264964732992847,0.019990831805300882
499.2832138689782,0.017761128696035314,0.01999283213868978
499.483247207868,0.017756751124112003,0.01999483247207868
499.6832805467578,0.026319807973881268,0.019996832805467577
499.8833138856476,0.0227192434954076,0.019998833138856476
500.0833472245374,0.024565737450001623,0.020000833472245374
500.2833805634273,0.02774831108989716,0.020002833805634272
500.48341390231707,0.017354367073556587,0.02000483413902317
500.68344724120686,0.015108940596350066,0.02000683447241207
500.8834805800967,0.011327630593338583,0.020008834805800967
501.0835139189865,0.013407550899358224,0.020010835139189866
501.2835472578763,0.04360559087504857,0.020012835472578764
501.48358059676616,0.02997227245186196,0.020014835805967662
501.68361393565596,0.00920824120969239,0.02001683613935656
501.88364727454575,0.009439172818796897,0.02001883647274546
502.0836806134356,0.023875765299882286,0.020020836806134354
502.2837139523254,0.024400955518546992,0.020022837139523256
502.4837472912152,0.024415908155451065,0.02002483747291215
502.68378063010505,0.01798719145787147,0.020026837806301052
502.88381396899484,0.019025204059666744,0.020028838139689947
503.08384730788464,0.022653874666353706,0.020030838473078846
503.2838806467745,0.020719982856814388,0.020032838806467744
503.4839139856643,0.0022804361578763616,0.020034839139856642
503.6839473245541,0.01819844242864399,0.02003683947324554
503.88398066344394,0.013227588332551929,0.02003883980663444
504.08401400233373,0.021442531491291435,0.020040840140023337
504.2840473412236,0.04392491249423952,0.020042840473412236
504.4840806801134,0.02298469413059557,0.020044840806801134
504.6841140190032,0.01753860365081085,0.020046841140190032
504.884147357893,0.027423253489396948,0.02004884147357893
505.0841806967828,0.02391234490464153,0.02005084180696783
505.2842140356726,0.023413598063971457,0.020052842140356728
505.48424737456247,0.024909647219470994,0.020054842473745626
505.68428071345227,0.03650919132577085,0.020056842807134524
505.88431405234206,0.011011735657916093,0.02005884314052342
506.0843473912319,0.023849900088403958,0.02006084347391232
506.2843807301217,0.012651794767448907,0.020062843807301216
506.4844140690115,0.0245089453114281,0.020064844140690114
506.68444740790136,0.012717352382190256,0.020066844474079013
506.88448074679116,0.016729910298627235,0.02006884480746791
507.08451408568095,0.017710125826953558,0.02007084514085681
507.2845474245708,0.02787937922900338,0.020072845474245708
507.4845807634606,0.02742248135917392,0.020074845807634606
507.6846141023504,0.010111107129452429,0.020076846141023504
507.88464744124025,0.02051831936241119,0.020078846474412403
508.08468078013004,0.01440420796980792,0.0200808468078013
508.28471411901984,0.010014807855787523,0.0200828471411902
508.4847474579097,0.018348711071184135,0.020084847474579098
508.6847807967995,0.017618985500321437,0.020086847807967996
508.8848141356893,0.03950258003212107,0.02008884814135689
509.08484747457913,0.023554527077631362,0.020090848474745793
509.28488081346893,0.009071908802100789,0.020092848808134688
509.4849141523587,0.015576657108156047,0.020094849141523586
509.6849474912486,0.028267915838347674,0.020096849474912484
509.8849808301384,0.03680639199126078,0.020098849808301383
510.08501416902817,0.007412983643786614,0.02010085014169028
510.285047507918,0.005063455393966819,0.02010285047507918
510.4850808468078,0.03507257221144233,0.020104850808468078
510.6851141856976,0.023223764560824207,0.020106851141856976
510.88514752458747,0.013162509620234943,0.020108851475245874
511.08518086347726,0.024387884497614254,0.020110851808634773
511.28521420236706,0.0,0.02011285214202367
511.4852475412569,0.020141856528189856,0.02011485247541257
511.6852808801467,0.02273942219154615,0.020116852808801468
511.8853142190365,0.027513014258493004,0.020118853142190366
512.0853475579263,0.012009685857238963,0.020120853475579265
512.2853808968162,0.020808351100195032,0.02012285380896816
512.485414235706,0.012721457133880364,0.02012485414235706
512.6854475745957,0.022169924521140492,0.020126854475745956
512.8854809134856,0.012966084230230664,0.020128854809134858
513.0855142523754,0.016866048429241987,0.020130855142523753
513.2855475912652,0.012166332317590818,0.02013285547591265
513.485580930155,0.025343945743890806,0.02013485580930155
513.6856142690449,0.02700446507594377,0.020136856142690448
513.8856476079346,0.018261891916420036,0.020138856476079346
514.0856809468245,0.020446760769148472,0.020140856809468245
514.2857142857143,0.008554125825788789,0.020142857142857143
514.4857476246041,0.017747444292191744,0.02014485747624604
514.6857809634939,0.01974522087330098,0.02014685780963494
514.8858143023838,0.041115202871263634,0.020148858143023838
515.0858476412735,0.011255122270219428,0.020150858476412736
515.2858809801634,0.03186627671982113,0.020152858809801635
515.4859143190532,0.028129729330916998,0.020154859143190533
515.685947657943,0.02240195071250052,0.020156859476579428
515.8859809968328,0.0342278236835294,0.02015885980996833
516.0860143357227,0.023137703924212126,0.020160860143357225
516.2860476746124,0.02327613404208955,0.020162860476746123
516.4860810135023,0.01973989558599466,0.02016486081013502
516.6861143523921,0.02995541220287294,0.020166861143523923
516.8861476912818,0.02894061534739989,0.020168861476912818
517.0861810301717,0.015165443510332017,0.020170861810301716
517.2862143690616,0.009618884586900476,0.020172862143690615
517.4862477079513,0.01855101737791426,0.020174862477079517
517.6862810468411,0.01377655429528725,0.020176862810468422
517.886314385731,0.019670666546934508,0.020178863143857348
518.0863477246207,0.030080368554719447,0.020180863477246333
518.2863810635106,0.016524450569941174,0.020182863810635495
518.4864144024004,0.019842277093532604,0.020184864144025202
518.6864477412902,0.02065104635588367,0.020186864477416508
518.88648108018,0.026976311868454762,0.020188864810812484
519.0865144190699,0.0022157504723449434,0.020190865144221786
519.2865477579596,0.015339263119546084,0.020192865477668458
519.4865810968495,0.021885135349453792,0.02019486581121801
519.6866144357393,0.029797497796460577,0.020196866145045685
519.8866477746291,0.016263646899561845,0.020198866479611485
520.0866811135189,0.005188445167765584,0.020200866816100577
520.2867144524088,0.02516055872523869,0.020202867157509602
520.4867477912986,0.015121968400669147,0.02020486751127418
520.6867811301884,0.010689534622776777,0.020206867895499667
520.8868144690782,0.015214105235739742,0.020208868353445535
521.0868478079681,0.018734666125283433,0.02021086898653023
521.2868811468578,0.01537491271173455,0.02021287002804025
521.4869144857477,0.00257034354765193,0.020214872004444485
521.6869478246375,0.027393405656408323,0.020216876081311265
521.8869811635273,0.030417885120231455,0.020218884790001678
522.0870145024171,0.025433079453714064,0.02022090352299802
522.287047841307,0.01112145818383974,0.020222943547238272
522.4870811801967,0.018613095678110852,0.020225027949690996
522.6871145190865,0.020175032599088847,0.020227203120924513
522.8871478579764,0.025019915577905005,0.020229560461409724
523.0871811968661,0.0255790004330705,0.020232276523325852
523.287214535756,0.014362295226002554,0.02023568561623052
523.4872478746458,0.02089637265353323,0.02024040820222475
523.6872812135356,0.02390581602959166,0.02024757279266973
523.8873145524254,0.03190576912696927,0.020259190549795133
524.0873478913153,0.025914825001787135,0.02027877268318935
524.287381230205,0.02662477672700303,0.02031232322799888
524.4874145690949,0.021040508390019478,0.02036989536658459
524.6874479079847,0.031751640904150856,0.020467967742522825
524.8874812468745,0.023911076837325795,0.020632974469649817
525.0875145857643,0.01401769641880279,0.020906399700191355
525.2875479246542,0.03257886801342723,0.021351908252425705
525.4875812635439,0.027648228622896728,0.022065002442584507
525.6876146024338,0.019641284802688844,0.023185636971716703
525.8876479413236,0.02107810215889964,0.02491404589809359
526.0876812802134,0.02990229775931357,0.027529693398187477
526.2877146191032,0.035118193693318804,0.03141271533117813
526.4877479579931,0.03864479288197776,0.03706645475692811
526.6877812968828,0.047629202245216086,0.04513873285767301
526.8878146357727,0.07003807310900868,0.05643841411239764
527.0878479746625,0.08051511181031917,0.07194276659244009
527.2878813135522,0.09431538616130206,0.09279030143118186
527.4879146524421,0.12778395762039035,0.12025347297425049
527.687947991332,0.1474259353143494,0.1556861265425697
527.8879813302217,0.20362556679834587,0.2004421503987714
528.0880146691115,0.27023901746932744,0.2557645666714626
528.2880480080014,0.3209038695573383,0.32264823672047727
528.4880813468911,0.394903089431259,0.4016841608602117
528.688114685781,0.4876817328238306,0.4928984439325751
528.8881480246708,0.5868864915453124,0.5956035558440514
529.0881813635606,0.7020044809515487,0.7082825762165703
529.2882147024504,0.8255636699932392,0.8285277347819594
529.4882480413403,0.9418074986073304,0.9530520347607595
529.68828138023,1.0779117499173407,1.0777868032457438
529.8883147191199,1.2052871883535432,1.19806897096325
530.0883480580097,1.301648660684111,1.3089107101252861
530.2883813968995,1.417486555844134,1.405332284455
530.4884147357893,1.4868148010766802,1.4827284643684595
530.6884480746792,1.54547616491712,1.5372315202321276
530.8884814135689,1.5607684749629207,1.5660311513937377
531.0885147524588,1.5744507604225142,1.5676145586059813
531.2885480913486,1.5331626482455434,1.5418981194487058
531.4885814302384,1.4973566947490544,1.4902347147423622
531.6886147691282,1.4166705272868194,1.4152958125684711
531.8886481080181,1.325268624145392,1.3208426143855136
532.0886814469078,1.202008790639733,1.2114135474847318
532.2887147857977,1.0848036515214818,1.0919642102596947
532.4887481246875,0.9722771975322413,0.9674993717862143
532.6887814635772,0.8351477954012035,0.8427345794349972
532.8888148024671,0.7255237103156671,0.7218180599788742
533.088848141357,0.5971962670770832,0.6081333695287652
533.2888814802467,0.5109769142644789,0.5041915205631455
533.4889148191365,0.4017497981531333,0.41160998467128135
533.6889481580264,0.3355850211763778,0.3311666216749416
533.8889814969161,0.26791530520808793,0.2629102577389199
534.089014835806,0.20073254669871637,0.20630672124615299
534.2890481746958,0.16505564790897004,0.16039943537229223
534.4890815135856,0.1260500295160465,0.12396649140937806
534.6891148524754,0.09134982772328097,0.09566056257282288
534.8891481913653,0.06605465637683372,0.07412309384944338
535.089181530255,0.04236806987536455,0.05806907540874519
535.2892148691449,0.049139967960067074,0.046342767581669525
535.4892482080347,0.025429241763220322,0.03794766393411676
535.6892815469245,0.032818436771968856,0.03205568317643839
535.8893148858143,0.025893611104629812,0.028001196833287806
536.0893482247042,0.03069841733909998,0.025265275135594414
536.2893815635939,0.02103839723145669,0.023454761227375606
536.4894149024838,0.019644158949965705,0.022279741240742435
536.6894482413736,0.027386854877276687,0.021531889242970323
536.8894815802634,0.023745649564469944,0.021065185331797003
537.0895149191532,0.023308964207842807,0.02077971655038058
537.289548258043,0.024362841412983803,0.02060870069451559
537.4895815969328,0.00822393216787487,0.020508509153531716
537.6896149358226,0.026505579883902314,0.020451270444006457
537.8896482747125,0.025319316682218505,0.020419566330109686
538.0896816136022,0.012269279142235941,0.02040274417084792
538.2897149524921,0.018441782630195698,0.020394426419589308
538.4897482913819,0.020076416156347768,0.020390874457368816
538.6897816302717,0.019313967491843265,0.020389941767057128
538.8898149691615,0.023061300779058384,0.020390421046510107
539.0898483080514,0.03184258121733626,0.020391646962686794
539.2898816469411,0.029047394019504104,0.020393260198121474
539.489914985831,0.00989731700952835,0.0203950705569796
539.6899483247208,0.025373539272858684,0.020396979350410294
539.8899816636106,0.031030402931076125,0.02039893637479285
540.0900150025004,0.02349538475459776,0.02040091658908414
540.2900483413903,0.029130751146734683,0.020402907745246945
540.49008168028,0.03650306753372668,0.020404903968120558
540.6901150191699,0.028596578862476706,0.020406902493620854
540.8901483580597,0.022403370811332885,0.020408902046199055
541.0901816969495,0.02877160984111491,0.020410902048436885
541.2902150358393,0.0215720049086832,0.02041290224390807
541.4902483747292,0.02060612686716946,0.020414902520889816
541.6902817136189,0.017605588945913287,0.020416902831623146
541.8903150525088,0.03292621002673281,0.02041890315607594
542.0903483913986,0.01387347415846736,0.02042090348600337
542.2903817302883,0.032681845615500416,0.020422903818075485
542.4904150691782,0.024423817140895403,0.020424904150972433
542.690448408068,0.009232455085765302,0.020426904484180834
542.8904817469579,0.023370099161436064,0.02042890481750469
543.0905150858476,0.0036306930896575773,0.02043090515087057
543.2905484247375,0.025436969618899755,0.020432905484251467
543.4905817636273,0.027516757681549563,0.020434905817637634
543.6906151025171,0.015698058505809184,0.020436906151025613
543.8906484414069,0.021427288052058874,0.020438906484414213
544.0906817802968,0.0360741662878053,0.02044090681780301
544.2907151191865,0.016396933517096385,0.020442907151191878
544.4907484580764,0.011973646788127961,0.020444907484580766
544.6907817969662,0.03230021503767045,0.02044690781796966
544.890815135856,0.03614960567560492,0.02044890815135856
545.0908484747458,0.020480473859530238,0.020450908484747458
545.2908818136357,0.02854461310140321,0.020452908818136356
545.4909151525254,0.031186716475772303,0.020454909151525254
545.6909484914153,0.01451703562460708,0.020456909484914153
545.8909818303051,0.016576463135360105,0.02045890981830305
546.0910151691949,0.030307906256929827,0.02046091015169195
546.2910485080847,0.03394302471474892,0.020462910485080848
546.4910818469746,0.024967957699864585,0.020464910818469746
546.6911151858643,0.013428396323842207,0.02046691115185864
546.8911485247542,0.036365400378843074,0.020468911485247543
547.091181863644,0.016223144636140725,0.02047091181863644
547.2912152025337,0.01779180990265372,0.020472912152025336
547.4912485414236,0.023213615161331205,0.020474912485414234
547.6912818803135,0.03291019618452133,0.020476912818803136
547.8913152192032,0.02731072096460982,0.02047891315219203
548.091348558093,0.02379983748847621,0.02048091348558093
548.2913818969829,0.024189222059914677,0.020482913818969828
548.4914152358726,0.020833031501506456,0.020484914152358726
548.6914485747625,0.024952030601895676,0.020486914485747625
548.8914819136523,0.0002524341975820993,0.020488914819136523
549.0915152525421,0.018118055479967036,0.02049091515252542
549.2915485914319,0.022423490965248566,0.02049291548591432
549.4915819303218,0.011286803150347162,0.020494915819303218
549.6916152692115,0.023587502695184597,0.020496916152692116
549.8916486081014,0.01886314671819204,0.020498916486081015
550.0916819469912,0.034544722405993836,0.020500916819469913
550.291715285881,0.03308707495457766,0.02050291715285881
550.4917486247708,0.016778472933302403,0.020504917486247706
550.6917819636607,0.019300216127103045,0.020506917819636608
550.8918153025504,0.019917337628158362,0.020508918153025503
551.0918486414403,0.01689764267713742,0.0205109184864144
551.2918819803301,0.022073118692028312,0.0205129188198033
551.4919153192199,0.014448662602091477,0.020514919153192198
551.6919486581097,0.011471996807080886,0.020516919486581096
551.8919819969996,0.025500609611172145,0.020518919819969995
552.0920153358893,0.02555715682713338,0.020520920153358893
552.2920486747792,0.014088394409467853,0.02052292048674779
552.492082013669,0.027687764266237487,0.02052492082013669
552.6921153525587,0.015474299320202937,0.020526921153525588
552.8921486914486,0.022554243391218337,0.020528921486914486
553.0921820303384,0.027093673921203033,0.020530921820303385
553.2922153692282,0.020264021636062578,0.020532922153692283
553.492248708118,0.024172849784210255,0.02053492248708118
553.6922820470079,0.016405485669369505,0.02053692282047008
553.8923153858976,0.018967190486434197,0.020538923153858975
554.0923487247875,0.018894048040205155,0.020540923487247877
554.2923820636773,0.01457029704831486,0.02054292382063677
554.4924154025671,0.019130730849099414,0.02054492415402567
554.6924487414569,0.008157978096504594,0.020546924487414568
554.8924820803468,0.016619694843666627,0.020548924820803467
555.0925154192365,0.018271921207234997,0.020550925154192365
555.2925487581264,0.01850348746761822,0.020552925487581263
555.4925820970162,0.01862294625400393,0.02055492582097016
555.692615435906,0.020062812555478027,0.02055692615435906
555.8926487747958,0.02439445863243647,0.02055892648774796
556.0926821136857,0.027557063414197037,0.020560926821136857
556.2927154525754,0.015364805339739617,0.020562927154525755
556.4927487914653,0.010939320644801498,0.020564927487914653
556.6927821303551,0.012230572523358728,0.02056692782130355
556.8928154692449,0.01667130478513303,0.020568928154692447
557.0928488081347,0.017755557945549276,0.02057092848808135
557.2928821470246,0.014412960291890587,0.020572928821470247
557.4929154859143,0.010205995840859986,0.02057492915485914
557.6929488248041,0.016927962868454535,0.02057692948824804
557.892982163694,0.02203034278254871,0.020578929821636942
558.0930155025837,0.025341165881710356,0.020580930155025837
558.2930488414736,0.016123546063548166,0.020582930488414735
558.4930821803634,0.01728094824465616,0.020584930821803633
558.6931155192532,0.013173344684414046,0.02058693115519253
558.893148858143,0.02033741812558322,0.02058893148858143
559.0931821970329,0.013803502748443813,0.02059093182197033
559.2932155359226,0.025177954661288828,0.020592932155359227
559.4932488748125,0.006308000553275236,0.020594932488748125
559.6932822137023,0.017719895442517324,0.020596932822137023
559.8933155525921,0.02300779186905986,0.020598933155525922
560.0933488914819,0.022071609619494854,0.02060093348891482
560.2933822303718,0.04214720313414769,0.02060293382230372
560.4934155692615,0.023403334352235877,0.020604934155692617
560.6934489081514,0.012574497714345429,0.020606934489081512
560.8934822470412,0.01984522084575783,0.020608934822470414
561.093515585931,0.006400964488127695,0.02061093515585931
561.2935489248208,0.01996813749487412,0.020612935489248207
561.4935822637107,0.013950487366631036,0.020614935822637105
561.6936156026004,0.027940058360507298,0.020616936156026004
561.8936489414903,0.016222614292650622,0.020618936489414902
562.0936822803801,0.019686809496441828,0.0206209368228038
562.2937156192698,0.015538474424957472,0.0206229371561927
562.4937489581597,0.03453574830440825,0.020624937489581597
562.6937822970496,0.018056995694027203,0.020626937822970495
562.8938156359393,0.03528939450419301,0.020628938156359394
563.0938489748291,0.027144152586694423,0.020630938489748292
563.293882313719,0.02448947264182028,0.02063293882313719
563.4939156526087,0.023584804335066246,0.02063493915652609
563.6939489914986,0.023787317875645,0.020636939489914987
563.8939823303884,0.005217559188539006,0.020638939823303885
564.0940156692782,0.01840987300348673,0.02064094015669278
564.294049008168,0.027404204259556253,0.020642940490081682
564.4940823470579,0.02025376335567773,0.020644940823470577
564.6941156859477,0.009405422382430879,0.02064694115685948
564.8941490248375,0.02022970588562862,0.020648941490248374
565.0941823637273,0.0342837859536812,0.020650941823637272
565.2942157026172,0.030628075881303927,0.02065294215702617
565.4942490415069,0.020158910415486814,0.02065494249041507
565.6942823803968,0.02826853704026866,0.020656942823803967
565.8943157192866,0.01772688699424845,0.020658943157192865
566.0943490581764,0.007029970795968012,0.020660943490581764
566.2943823970662,0.013267215918934226,0.020662943823970662
566.4944157359561,0.033168054305425146,0.02066494415735956
566.6944490748458,0.018474999836114024,0.02066694449074846
566.8944824137357,0.018721872989137214,0.020668944824137357
567.0945157526255,0.01827223958732721,0.020670945157526256
567.2945490915153,0.035906038207499213,0.020672945490915154
567.4945824304051,0.033682617147200555,0.020674945824304052
567.694615769295,0.038427188025278024,0.02067694615769295
567.8946491081847,0.019406584807881436,0.020678946491081845
568.0946824470745,0.02304594273444751,0.020680946824470747
568.2947157859644,0.008549806762493313,0.020682947157859642
568.4947491248541,0.03250042290019474,0.02068494749124854
568.694782463744,0.011344711414493959,0.02068694782463744
568.8948158026338,0.02242315266812737,0.020688948158026337
569.0948491415236,0.011912528270352482,0.020690948491415236
569.2948824804134,0.015982014210894565,0.020692948824804134
569.4949158193033,0.01399684970979543,0.020694949158193032
569.694949158193,0.015833947406175386,0.02069694949158193
569.8949824970829,0.016385968199779,0.02069894982497083
570.0950158359727,0.016314799798959112,0.020700950158359727
570.2950491748625,0.02736962178599108,0.020702950491748626
570.4950825137523,0.011866048480637364,0.020704950825137524
570.6951158526422,0.022471282574637357,0.020706951158526422
570.8951491915319,0.030452624710359782,0.020708951491915317
571.0951825304218,0.01660538090919705,0.02071095182530422
571.2952158693116,0.014969601032712299,0.020712952158693114
571.4952492082014,0.018870755490640007,0.020714952492082012
571.6952825470912,0.030154754492356592,0.02071695282547091
571.8953158859811,0.022271814206486676,0.020718953158859812
572.0953492248708,0.016471239135387918,0.020720953492248707
572.2953825637607,0.024593967035141925,0.020722953825637606
572.4954159026505,0.011906616960335117,0.020724954159026504
572.6954492415402,0.026177830575958988,0.020726954492415402
572.8954825804301,0.023997813287418443,0.0207289548258043
573.09551591932,0.018268487390082126,0.0207309551591932
573.2955492582097,0.014024269105004249,0.020732955492582097
573.4955825970995,0.013641508447703336,0.020734955825970996
573.6956159359894,0.025015494850127176,0.020736956159359894
573.8956492748791,0.030570800512661287,0.020738956492748793
574.095682613769,0.015642494849907332,0.02074095682613769
574.2957159526588,0.024410050787938464,0.02074295715952659
574.4957492915486,0.004048741344098938,0.020744957492915488
574.6957826304384,0.016070015981046785,0.020746957826304382
574.8958159693283,0.020500486696726068,0.020748958159693284
575.095849308218,0.01347349115722751,0.02075095849308218
575.2958826471079,0.01326090782815431,0.020752958826471078
575.4959159859977,0.015412722708108886,0.020754959159859976
575.6959493248875,0.02309450131985986,0.020756959493248874
575.8959826637773,0.019260327679386777,0.020758959826637773
576.0960160026672,0.002855110293426895,0.02076096016002667
576.2960493415569,0.00379735927233504,0.02076296049341557
576.4960826804468,0.015910039403947064,0.020764960826804468
576.6961160193366,0.024428453848621783,0.020766961160193366
576.8961493582264,0.0,0.020768961493582264
577.0961826971162,0.01677312041775812,0.020770961826971163
577.2962160360061,0.01656297930822069,0.02077296216036006
577.4962493748958,0.031881664719416544,0.02077496249374896
577.6962827137856,0.017696788333434944,0.020776962827137854
577.8963160526755,0.023842875038454184,0.020778963160526756
578.0963493915652,0.02191102061461536,0.02078096349391565
578.2963827304551,0.003738431988846949,0.020782963827304553
578.496416069345,0.026930621893747345,0.020784964160693448
578.6964494082347,0.02251013653773265,0.020786964494082346
578.8964827471245,0.02485511394486796,0.020788964827471244
579.0965160860144,0.052200866812350755,0.020790965160860143
579.2965494249041,0.004120061978260332,0.02079296549424904
579.496582763794,0.03459253902572681,0.02079496582763794
579.6966161026838,0.01849738600582399,0.020796966161026838
579.8966494415736,0.02309759772963981,0.020798966494415736
580.0966827804634,0.020436868865394697,0.020800966827804634
580.2967161193533,0.017409076494009183,0.020802967161193533
580.496749458243,0.016246304068672363,0.02080496749458243
580.6967827971329,0.023443037712555403,0.02080696782797133
580.8968161360227,0.008671578587986794,0.020808968161360228
581.0968494749125,0.026815601834923247,0.020810968494749123
581.2968828138023,0.017483413589055995,0.020812968828138025
581.4969161526922,0.011774414449204056,0.02081496916152692
581.6969494915819,0.017216866630949307,0.020816969494915818
581.8969828304718,0.0308761635632053,0.020818969828304716
582.0970161693616,0.01653828946556383,0.020820970161693618
582.2970495082513,0.023690599440759474,0.020822970495082513
582.4970828471412,0.014977320622747625,0.02082497082847141
582.697116186031,0.026890345961249267,0.02082697116186031
582.8971495249208,0.02631303340557084,0.020828971495249208
583.0971828638106,0.0356198424950094,0.020830971828638106
583.2972162027005,0.01942846059803328,0.020832972162027005
583.4972495415902,0.026184210933479155,0.020834972495415903
583.6972828804801,0.02162151314511636,0.0208369728288048
583.8973162193699,0.031205947417097812,0.0208389731621937
584.0973495582597,0.015090314394712756,0.020840973495582598
584.2973828971495,0.026803016331989747,0.020842973828971496
584.4974162360394,0.01928739579342694,0.020844974162360395
584.6974495749291,0.02033346907888131,0.020846974495749293
584.897482913819,0.021582994704725172,0.020848974829138188
585.0975162527088,0.02286889833394051,0.02085097516252709
585.2975495915986,0.01992314315094032,0.020852975495915985
585.4975829304884,0.022572681294669095,0.020854975829304883
585.6976162693783,0.03348192062319126,0.02085697616269378
585.897649608268,0.028742573981004427,0.02085897649608268
586.0976829471579,0.02781421356944675,0.020860976829471578
586.2977162860477,0.01721866095466951,0.020862977162860476
586.4977496249375,0.01375105087042278,0.020864977496249375
586.6977829638273,0.028509382295540297,0.020866977829638273
586.8978163027172,0.027877352503265528,0.02086897816302717
587.097849641607,0.03265234390242393,0.02087097849641607
587.2978829804968,0.01604113382205113,0.020872978829804968
587.4979163193866,0.01903858992031109,0.020874979163193867
587.6979496582765,0.0077611061963792916,0.020876979496582765
587.8979829971662,0.017739210981484677,0.02087897982997166
588.098016336056,0.02885354424799614,0.02088098016336056
588.2980496749459,0.017151017462923877,0.02088298049674946
588.4980830138356,0.02600881919174495,0.02088498083013836
588.6981163527255,0.01936295631554476,0.020886981163527253
588.8981496916153,0.02348143772268864,0.020888981496916155
589.0981830305051,0.011709450711779711,0.02089098183030505
589.2982163693949,0.021574657760765156,0.020892982163693948
589.4982497082848,0.0,0.020894982497082847
589.6982830471745,0.019401813565175865,0.020896982830471745
589.8983163860644,0.007855197214139522,0.020898983163860643
590.0983497249542,0.030548939629624072,0.02090098349724954
590.298383063844,0.02712224265275453,0.02090298383063844
590.4984164027338,0.024638352019755987,0.02090498416402734
590.6984497416237,0.033075034314691276,0.020906984497416237
590.8984830805134,0.013317652664206436,0.020908984830805135
591.0985164194033,0.0348898907475185,0.020910985164194033
591.2985497582931,0.02837051801166601,0.02091298549758293
591.4985830971829,0.019022543533220262,0.02091498583097183
591.6986164360727,0.030001947341824278,0.020916986164360725
591.8986497749626,0.012068638398456554,0.020918986497749627
592.0986831138523,0.014324873538917133,0.02092098683113852
592.2987164527422,0.01605426937860982,0.020922987164527423
592.498749791632,0.016693165833404196,0.02092498749791632
592.6987831305217,0.012474526689223194,0.020926987831305217
592.8988164694116,0.030713652701456713,0.020928988164694115
593.0988498083015,0.01886015329512436,0.020930988498083013
593.2988831471912,0.023753028578326948,0.020932988831471912
593.498916486081,0.016372178233551367,0.02093498916486081
593.6989498249709,0.006372163093861571,0.02093698949824971
593.8989831638606,0.023099448698769984,0.020938989831638607
594.0990165027505,0.005642950361669291,0.020940990165027505
594.2990498416403,0.020393918129732656,0.020942990498416404
594.4990831805301,0.009998470521142817,0.020944990831805302
594.6991165194199,0.036845199159040665,0.0209469911651942
594.8991498583098,0.028239893275980872,0.0209489914985831
595.0991831971995,0.021797022162143836,0.020950991831971993
595.2992165360894,0.031062645586598242,0.020952992165360895
595.4992498749792,0.014184464679023904,0.02095499249874979
595.699283213869,0.025304827861499433,0.02095699283213869
595.8993165527588,0.022557476635277296,0.020958993165527587
596.0993498916487,0.02307315414958585,0.02096099349891649
596.2993832305384,0.031141821833159528,0.020962993832305384
596.4994165694283,0.0268249309879327,0.020964994165694282
596.6994499083181,0.023276783801683368,0.02096699449908318
596.8994832472079,0.007729895342645709,0.02096899483247208
597.0995165860977,0.013290624803625268,0.020970995165860977
597.2995499249876,0.019991324030484082,0.020972995499249875
597.4995832638773,0.021721974826851984,0.020974995832638774
597.6996166027672,0.01193536636863628,0.020976996166027672
597.899649941657,0.04027240990404394,0.02097899649941657
598.0996832805467,0.03311214927483405,0.020980996832805465
598.2997166194366,0.025799943729334234,0.020982997166194367
598.4997499583264,0.021561292389853222,0.020984997499583265
598.6997832972162,0.01928932607376295,0.020986997832972164
598.899816636106,0.013373650486183174,0.02098899816636106
599.0998499749959,0.02161084264790086,0.02099099849974996
599.2998833138856,0.023055019154280862,0.020992998833138855
599.4999166527755,0.011060914562674759,0.020994999166527754
599.6999499916653,0.02367041083787583,0.020996999499916652
599.8999833305551,0.01975692744270756,0.02099899983330555
600.1000166694449,0.00573853970367532,0.02100100016669445
600.3000500083348,0.014119920413847332,0.021003000500083347
600.5000833472245,0.017696156566099092,0.021005000833472245
600.7001166861144,0.03610850242558267,0.021007001166861144
600.9001500250042,0.02546142649652011,0.021009001500250042
601.100183363894,0.010327149280839809,0.02101100183363894
601.3002167027838,0.024901292482368935,0.02101300216702784
601.5002500416737,0.008636570588909813,0.021015002500416737
601.7002833805634,0.029678531264902223,0.021017002833805636
601.9003167194533,0.0172500059526515,0.02101900316719453
602.1003500583431,0.020271913990670066,0.021021003500583432
602.3003833972328,0.031629377014309845,0.021023003833972327
602.5004167361227,0.010727695618687229,0.02102500416736123
602.7004500750126,0.009850059019846194,0.021027004500750124
602.9004834139023,0.01636021022337098,0.021029004834139022
603.1005167527921,0.029338035975682453,0.02103100516752792
603.300550091682,0.00887823689710208,0.02103300550091682
603.5005834305717,0.0,0.021035005834305717
603.7006167694616,0.017427735300422624,0.021037006167694616
603.9006501083514,0.025452932900370876,0.021039006501083514
604.1006834472412,0.030643100832383047,0.021041006834472412
604.300716786131,0.017337716271178118,0.02104300716786131
604.5007501250209,0.01775359464432219,0.02104500750125021
604.7007834639106,0.030278213708685088,0.021047007834639107
604.9008168028005,0.006091074570464641,0.021049008168028006
605.1008501416903,0.01794284229995283,0.021051008501416904
605.3008834805801,0.02257639995420626,0.0210530088348058
605.5009168194699,0.024648758938474975,0.0210550091681947
605.7009501583598,0.016978555956056535,0.021057009501583596
605.9009834972495,0.021334537928619224,0.021059009834972494
606.1010168361394,0.001154391341057475,0.021061010168361392
606.3010501750292,0.01579702320307951,0.021063010501750294
606.501083513919,0.024693080535574927,0.02106501083513919
606.7011168528088,0.013208658894490652,0.021067011168528087
606.9011501916987,0.021540885274633766,0.021069011501916986
607.1011835305884,0.024645991841727468,0.021071011835305884
607.3012168694783,0.018332618561832662,0.021073012168694782
607.5012502083681,0.022438722670056248,0.02107501250208368
607.7012835472578,0.01337515231319568,0.02107701283547258
607.9013168861477,0.019426122931293106,0.021079013168861477
608.1013502250375,0.025962742858964157,0.021081013502250376
608.3013835639273,0.022338797523386744,0.02108301383563927
608.5014169028171,0.016392764012516686,0.021085014169028173
608.701450241707,0.022880745736743414,0.02108701450241707
608.9014835805967,0.026805893160898913,0.02108901483580597
609.1015169194866,0.004691484940575041,0.021091015169194864
609.3015502583764,0.03036560802223095,0.021093015502583766
609.5015835972663,0.018404977926524086,0.02109501583597266
609.701616936156,0.0245009356352834,0.02109701616936156
609.9016502750459,0.03067699189191228,0.021099016502750458
610.1016836139357,0.010127627258295632,0.02110101683613936
610.3017169528255,0.01542748915010788,0.021103017169528254
610.5017502917153,0.018796627935911515,0.021105017502917153
610.7017836306052,0.014836989667310625,0.02110701783630605
610.9018169694949,0.03498851077638942,0.02110901816969495
611.1018503083848,0.014256841752469506,0.021111018503083848
611.3018836472746,0.016668644600577813,0.021113018836472746
611.5019169861644,0.02275013142268546,0.021115019169861644
611.7019503250542,0.011499823294641831,0.021117019503250543
611.9019836639441,0.01795357414258933,0.02111901983663944
612.1020170028338,0.023660646260029738,0.021121020170028336
612.3020503417237,0.018460137268357147,0.021123020503417238
612.5020836806135,0.02037792596560655,0.021125020836806136
612.7021170195032,0.016892364270608067,0.021127021170195034
612.9021503583931,0.009013259030137792,0.02112902150358393
613.102183697283,0.02370376752768674,0.02113102183697283
613.3022170361727,0.035172486743539656,0.021133022170361726
613.5022503750625,0.02128223555001813,0.021135022503750624
613.7022837139524,0.02293913577511992,0.021137022837139523
613.9023170528421,0.026680805211463297,0.02113902317052842
614.102350391732,0.010986379531543727,0.02114102350391732
614.3023837306218,0.03476314110234306,0.021143023837306218
614.5024170695116,0.022763654542077533,0.021145024170695116
614.7024504084014,0.03420187969679689,0.021147024504084014
614.9024837472913,0.015284760873280998,0.021149024837472913
615.102517086181,0.03569552055132441,0.02115102517086181
615.3025504250709,0.027354269456528975,0.02115302550425071
615.5025837639607,0.025579346524458476,0.021155025837639608
615.7026171028505,0.02302922180585369,0.021157026171028506
615.9026504417403,0.019170797559821807,0.0211590265044174
616.1026837806302,0.030765280105597283,0.021161026837806303
616.3027171195199,0.022285906129979573,0.021163027171195198
616.5027504584098,0.005428469875886882,0.0211650275045841
616.7027837972996,0.012229536144316974,0.021167027837972995
616.9028171361894,0.019682262153819914,0.021169028171361893
617.1028504750792,0.023651020370075233,0.02117102850475079
617.3028838139691,0.02072032092694052,0.02117302883813969
617.5029171528588,0.030926795489877895,0.021175029171528588
617.7029504917487,0.005568214592608487,0.021177029504917486
617.9029838306385,0.022327733330347665,0.021179029838306385
618.1030171695282,0.006637196368598044,0.021181030171695283
618.3030505084181,0.02726072886895753,0.02118303050508418
618.503083847308,0.020429361122937056,0.02118503083847308
618.7031171861977,0.02454391094805492,0.021187031171861978
618.9031505250875,0.014277967820532748,0.021189031505250876
619.1031838639774,0.03142675129190178,0.021191031838639775
619.3032172028671,0.02952682948449948,0.02119303217202867
619.503250541757,0.025863386929512674,0.02119503250541757
619.7032838806468,0.02016089486389894,0.021197032838806466
619.9033172195366,0.025837891454556422,0.021199033172195365
620.1033505584264,0.015545892961685473,0.021201033505584263
620.3033838973163,0.028047479111138862,0.021203033838973165
620.503417236206,0.03440088132695343,0.02120503417236206
620.7034505750959,0.02977191898558445,0.021207034505750958
620.9034839139857,0.01537221508068058,0.021209034839139856
621.1035172528755,0.024102373710713578,0.021211035172528755
621.3035505917653,0.010867903155848471,0.021213035505917653
621.5035839306552,0.025794158328711958,0.02121503583930655
621.7036172695449,0.02482186347559576,0.02121703617269545
621.9036506084348,0.006260505789827035,0.021219036506084348
622.1036839473246,0.011926766088174336,0.021221036839473247
622.3037172862144,0.018957925998912006,0.02122303717286214
622.5037506251042,0.018818159529124433,0.021225037506251043
622.703783963994,0.0115512223562895,0.02122703783963994
622.9038173028838,0.02434086800784631,0.02122903817302884
623.1038506417736,0.02324282737794183,0.021231038506417735
623.3038839806635,0.019678885783978483,0.021233038839806637
623.5039173195532,0.015188707171928627,0.02123503917319553
623.7039506584431,0.02962669651791694,0.02123703950658443
623.903983997333,0.03448229674467969,0.021239039839973328
624.1040173362227,0.01737254830258993,0.021241040173362227
624.3040506751125,0.01634570516951256,0.021243040506751125
624.5040840140024,0.025174702163435994,0.021245040840140023
624.7041173528921,0.018382806135553032,0.02124704117352892
624.904150691782,0.020133863901611947,0.02124904150691782
625.1041840306718,0.02716826705410409,0.02125104184030672
625.3042173695616,0.005978193473637273,0.021253042173695617
625.5042507084514,0.03180146110590587,0.021255042507084515
625.7042840473413,0.021838487035108146,0.021257042840473413
625.904317386231,0.01796709801736487,0.021259043173862312
626.1043507251209,0.020547170273479614,0.021261043507251207
626.3043840640107,0.02096247868080426,0.02126304384064011
626.5044174029005,0.0074154337464696005,0.021265044174029003
626.7044507417903,0.03322655032704379,0.021267044507417905
626.9044840806802,0.021599649898971746,0.0212690448408068
627.1045174195699,0.0248150622177747,0.0212710451741957
627.3045507584598,0.02888544367217694,0.021273045507584597
627.5045840973496,0.013105746180491094,0.021275045840973495
627.7046174362393,0.025064821366644223,0.021277046174362393
627.9046507751292,0.019137917780560943,0.021279046507751292
628.104684114019,0.02805521304287214,0.02128104684114019
628.3047174529088,0.004265227811717124,0.02128304717452909
628.5047507917986,0.020492293105987835,0.021285047507917987
628.7047841306885,0.01646448259503519,0.021287047841306885
628.9048174695782,0.02474715177976903,0.021289048174695784
629.1048508084681,0.0250514020070303,0.021291048508084682
629.3048841473579,0.01563204168289737,0.02129304884147358
629.5049174862477,0.015597658261454126,0.021295049174862475
629.7049508251375,0.02041172655979274,0.021297049508251377
629.9049841640274,0.014125912023118607,0.021299049841640272
630.1050175029171,0.028036919738646186,0.02130105017502917
630.305050841807,0.0183493929048385,0.02130305050841807
630.5050841806968,0.0,0.02130505084180697
630.7051175195866,0.018308474722221416,0.021307051175195865
630.9051508584764,0.013000700941832985,0.021309051508584764
631.1051841973663,0.008260845318286098,0.021311051841973662
631.3052175362561,0.01141363906958198,0.02131305217536256
631.5052508751459,0.022190320283415218,0.02131505250875146
631.7052842140357,0.03194617946812621,0.021317052842140357
631.9053175529256,0.023824528966449095,0.021319053175529255
632.1053508918153,0.016469026403192234,0.021321053508918154
632.3053842307052,0.024970287403672672,0.021323053842307052
632.505417569595,0.017652331693944017,0.02132505417569595
632.7054509084847,0.015770251555779692,0.02132705450908485
632.9054842473746,0.012094153496609871,0.021329054842473747
633.1055175862645,0.007316424721848892,0.021331055175862645
633.3055509251542,0.018213665856775977,0.02133305550925154
633.505584264044,0.022599483762001497,0.021335055842640442
633.7056176029339,0.02056406681591022,0.021337056176029337
633.9056509418236,0.018011321085839367,0.021339056509418235
634.1056842807135,0.013775088357232883,0.021341056842807134
634.3057176196033,0.026209026709675783,0.021343057176196036
634.5057509584931,0.01080800215001225,0.02134505750958493
634.7057842973829,0.027555281153721634,0.02134705784297383
634.9058176362728,0.013331322024948928,0.021349058176362727
635.1058509751625,0.015331576610927346,0.021351058509751625
635.3058843140524,0.009618777318215107,0.021353058843140524
635.5059176529422,0.01734384200144433,0.021355059176529422
635.705950991832,0.029159559177742152,0.02135705950991832
635.9059843307218,0.02548408455085887,0.02135905984330722
636.1060176696117,0.029188437072920397,0.021361060176696117
636.3060510085014,0.0255402008775565,0.021363060510085012
636.5060843473913,0.01253570221523096,0.021365060843473914
636.7061176862811,0.018720747382242352,0.021367061176862812
636.9061510251709,0.01512746847731201,0.02136906151025171
637.1061843640607,0.032015661075952925,0.021371061843640606
637.3062177029506,0.011798753005619014,0.021373062177029507
637.5062510418403,0.028524644025531287,0.021375062510418402
637.7062843807302,0.028520693804677456,0.0213770628438073
637.90631771962,0.036016024790924896,0.0213790631771962
638.1063510585097,0.018103570769549118,0.021381063510585097
638.3063843973996,0.027081641120615292,0.021383063843973996
638.5064177362894,0.03963827886967364,0.021385064177362894
638.7064510751792,0.01644593109528222,0.021387064510751792
638.906484414069,0.009108742863881813,0.02138906484414069
639.1065177529589,0.00635098490626748,0.02139106517752959
639.3065510918486,0.027094761741809137,0.021393065510918487
639.5065844307385,0.006329864179838714,0.021395065844307386
639.7066177696283,0.0184185137541929,0.021397066177696284
639.9066511085181,0.024897572007396868,0.021399066511085182
640.1066844474079,0.02288247113911339,0.021401066844474077
640.3067177862978,0.024806626091336357,0.02140306717786298
640.5067511251875,0.023183386357658705,0.021405067511251874
640.7067844640774,0.03163799435114792,0.021407067844640776
640.9068178029672,0.013790537132119295,0.02140906817802967
641.106851141857,0.01599510740375032,0.02141106851141857
641.3068844807468,0.015231793282640876,0.021413068844807467
641.5069178196367,0.028056603673097247,0.021415069178196366
641.7069511585264,0.028620258218745774,0.021417069511585264
641.9069844974163,0.02502887239952223,0.021419069844974162
642.1070178363061,0.030889019513482482,0.02142107017836306
642.3070511751959,0.011998743572740913,0.02142307051175196
642.5070845140857,0.03476286373754996,0.021425070845140858
642.7071178529756,0.03361298015222782,0.021427071178529756
642.9071511918653,0.027314047489884627,0.021429071511918654
643.1071845307551,0.03568546311547603,0.021431071845307553
643.307217869645,0.00818008651727426,0.02143307217869645
643.5072512085347,0.017239487421984133,0.021435072512085346
643.7072845474246,0.01555464516001863,0.021437072845474248
643.9073178863144,0.027210907768921887,0.021439073178863143
644.1073512252042,0.013039947595434876,0.02144107351225204
644.307384564094,0.027503035040340823,0.02144307384564094
644.5074179029839,0.03240936333100355,0.021445074179029838
644.7074512418736,0.02700869771309073,0.021447074512418736
644.9074845807635,0.023719083035099644,0.021449074845807634
645.1075179196533,0.013548088451990539,0.021451075179196533
645.3075512585431,0.014678267783582513,0.02145307551258543
645.5075845974329,0.03145202708834766,0.02145507584597433
645.7076179363228,0.02769186821060589,0.021457076179363228
645.9076512752125,0.021146920357731774,0.021459076512752126
646.1076846141024,0.0181178004800139,0.021461076846141024
646.3077179529922,0.005256614194638909,0.021463077179529923
646.507751291882,0.012898258163443307,0.021465077512918818
646.7077846307718,0.03675843054342551,0.02146707784630772
646.9078179696617,0.011225433611676883,0.021469078179696618
647.1078513085514,0.02298691708285416,0.021471078513085516
647.3078846474413,0.029532630632035997,0.02147307884647441
647.5079179863311,0.011435697835844973,0.021475079179863313
647.7079513252208,0.022954763311500873,0.021477079513252208
647.9079846641107,0.028982404146726346,0.021479079846641106
648.1080180030006,0.021581074755288008,0.021481080180030004
648.3080513418903,0.04443030495875305,0.021483080513418903
648.5080846807801,0.008136286775782238,0.0214850808468078
648.70811801967,0.02995690941926773,0.0214870811801967
648.9081513585597,0.020106667614413883,0.021489081513585598
649.1081846974496,0.027666443085667895,0.021491081846974496
649.3082180363394,0.02502353939395736,0.021493082180363395
649.5082513752292,0.01562983293687232,0.021495082513752293
649.708284714119,0.023329053986815913,0.02149708284714119
649.9083180530089,0.006635871569343792,0.02149908318053009
650.1083513918986,0.026327063518490137,0.021501083513918988
650.3083847307885,0.023888351575232086,0.021503083847307883
650.5084180696783,0.026614365529841602,0.021505084180696785
650.7084514085681,0.02997203111478288,0.02150708451408568
650.9084847474579,0.024450043569152268,0.02150908484747458
651.1085180863478,0.022695800539249685,0.021511085180863476
651.3085514252375,0.014464538820962037,0.021513085514252375
651.5085847641274,0.015817319738448864,0.021515085847641273
651.7086181030172,0.03101096314244882,0.02151708618103017
651.908651441907,0.0330097697600669,0.02151908651441907
652.1086847807968,0.019616203357311537,0.021521086847807968
652.3087181196867,0.02189110915922306,0.021523087181196866
652.5087514585764,0.014288172514635636,0.021525087514585765
652.7087847974663,0.030909142610114224,0.021527087847974663
652.9088181363561,0.02685242277089779,0.02152908818136356
653.1088514752458,0.03706082800646245,0.02153108851475246
653.3088848141357,0.014506504230703446,0.021533088848141358
653.5089181530255,0.01851102598938452,0.021535089181530256
653.7089514919154,0.023388656895123733,0.021537089514919155
653.9089848308051,0.02671100615011422,0.021539089848308053
654.109018169695,0.01981574908131589,0.021541090181696948
654.3090515085848,0.014559401791456247,0.02154309051508585
654.5090848474746,0.028596351079863313,0.021545090848474745
654.7091181863644,0.027316174082228296,0.021547091181863643
654.9091515252543,0.014218898710742741,0.02154909151525254
655.109184864144,0.03239463425748541,0.02155109184864144
655.3092182030339,0.030914681855603168,0.021553092182030338
655.5092515419237,0.02262946449340158,0.021555092515419236
655.7092848808135,0.022193875747816425,0.021557092848808135
655.9093182197033,0.02599155535112429,0.021559093182197033
656.1093515585932,0.014667468953535866,0.02156109351558593
656.3093848974829,0.02180334568228749,0.02156309384897483
656.5094182363728,0.004346025825490284,0.021565094182363728
656.7094515752626,0.02857873967977611,0.021567094515752627
656.9094849141524,0.00907714906960665,0.021569094849141525
657.1095182530422,0.03359845380996242,0.021571095182530423
657.3095515919321,0.01893213476418772,0.02157309551591932
657.5095849308218,0.0198817599938588,0.021575095849308217
657.7096182697117,0.016555224934021073,0.02157709618269712
657.9096516086015,0.019274785524709404,0.021579096516086013
658.1096849474912,0.0329293476106592,0.02158109684947491
658.3097182863811,0.0016806279305831735,0.02158309718286381
658.509751625271,0.03180082060495821,0.021585097516252708
658.7097849641607,0.024291285698455272,0.021587097849641607
658.9098183030505,0.01193292500017278,0.021589098183030505
659.1098516419404,0.0129885993720255,0.021591098516419403
659.3098849808301,0.03500424306747393,0.0215930988498083
659.50991831972,0.014031044143655351,0.0215950991831972
659.7099516586098,0.012370295431818423,0.0215970995165861
659.9099849974996,0.03069761618889283,0.021599099849974997
660.1100183363894,0.02430952319365121,0.021601100183363895
660.3100516752793,0.014099695904461602,0.021603100516752793
660.510085014169,0.02333810065337864,0.02160510085014169
660.7101183530589,0.013401079714408373,0.02160710118353059
660.9101516919487,0.03041567270430033,0.02160910151691949
661.1101850308385,0.03010206956929345,0.021611101850308383
661.3102183697283,0.025869151774272826,0.02161310218369728
661.5102517086182,0.024508391007062317,0.021615102517086184
661.7102850475079,0.03570660784941407,0.02161710285047508
661.9103183863978,0.021616593802969777,0.021619103183863977
662.1103517252876,0.012166110513886465,0.021621103517252875
662.3103850641774,0.02521889515330023,0.021623103850641773
662.5104184030672,0.03831348058032758,0.021625104184030672
662.7104517419571,0.013509028571932752,0.02162710451741957
662.9104850808468,0.01873740271725658,0.02162910485080847
663.1105184197366,0.024962673489008987,0.021631105184197367
663.3105517586265,0.021201866725540353,0.021633105517586265
663.5105850975162,0.013776677207956646,0.021635105850975164
663.7106184364061,0.030611969034207827,0.021637106184364062
663.910651775296,0.04019943229389104,0.02163910651775296
664.1106851141857,0.023210158523333118,0.02164110685114186
664.3107184530755,0.01441056086664275,0.021643107184530753
664.5107517919654,0.009253423317491854,0.021645107517919655
664.7107851308551,0.023710915701077997,0.02164710785130855
664.910818469745,0.030480126931227508,0.02164910818469745
665.1108518086348,0.0254524504900494,0.021651108518086347
665.3108851475246,0.021633878124124414,0.021653108851475245
665.5109184864144,0.016940935970549693,0.021655109184864144
665.7109518253043,0.012919800456508325,0.021657109518253042
665.910985164194,0.028337120462240996,0.02165910985164194
666.1110185030839,0.028971283156115524,0.02166111018503084
666.3110518419737,0.009297272224893871,0.021663110518419737
666.5110851808635,0.03438382267725411,0.021665110851808635
666.7111185197533,0.026259680952349543,0.021667111185197534
666.9111518586432,0.03286586867975278,0.021669111518586432
667.1111851975329,0.01093408986409441,0.02167111185197533
667.3112185364228,0.010746518942040718,0.02167311218536423
667.5112518753126,0.02048335804061475,0.021675112518753127
667.7112852142023,0.025699388267303575,0.021677112852142022
667.9113185530922,0.036049999768946635,0.021679113185530924
668.111351891982,0.027329744829440873,0.02168111351891982
668.3113852308718,0.01974166363781245,0.021683113852308717
668.5114185697616,0.013474160524370478,0.021685114185697615
668.7114519086515,0.03152711910083972,0.021687114519086514
668.9114852475412,0.013971471446469694,0.021689114852475412
669.1115185864311,0.03471886362404288,0.02169111518586431
669.3115519253209,0.019418038322401132,0.02169311551925321
669.5115852642107,0.03441977243358491,0.021695115852642107
669.7116186031005,0.027128566506505233,0.021697116186031006
669.9116519419904,0.020603152603880237,0.021699116519419904
670.1116852808801,0.01754594587819979,0.021701116852808802
670.31171861977,0.018975854167429064,0.0217031171861977
670.5117519586598,0.0251316510585885,0.0217051175195866
670.7117852975496,0.022324369822717228,0.021707117852975494
670.9118186364394,0.016958626921814754,0.021709118186364396
671.1118519753293,0.020386067237212237,0.021711118519753294
671.311885314219,0.022341735090895386,0.02171311885314219
671.5119186531089,0.0046852464312125905,0.021715119186531087
671.7119519919987,0.025382464438229578,0.02171711951991999
671.9119853308885,0.01388135005557443,0.021719119853308884
672.1120186697783,0.012494460961051822,0.021721120186697782
672.3120520086682,0.008224365743200998,0.02172312052008668
672.5120853475579,0.007373980870532456,0.02172512085347558
672.7121186864478,0.010883541161966163,0.021727121186864477
672.9121520253376,0.016056953859209452,0.021729121520253376
673.1121853642273,0.037357194953854825,0.021731121853642274
673.3122187031172,0.01752608477986954,0.021733122187031172
673.512252042007,0.02315712337056432,0.02173512252042007
673.7122853808968,0.024940973945859597,0.02173712285380897
673.9123187197866,0.022787644676924658,0.021739123187197867
674.1123520586765,0.021121575834778816,0.021741123520586766
674.3123853975662,0.012180773745181707,0.021743123853975664
674.5124187364561,0.03335254457359825,0.02174512418736456
674.7124520753459,0.03620469766985654,0.02174712452075346
674.9124854142357,0.008287855301160869,0.021749124854142356
675.1125187531255,0.013558896460440218,0.021751125187531254
675.3125520920154,0.019514642781904103,0.021753125520920152
675.5125854309052,0.014038823495027525,0.021755125854309054
675.712618769795,0.02580485061534487,0.02175712618769795
675.9126521086848,0.015932948901833943,0.021759126521086847
676.1126854475747,0.03908157539692857,0.021761126854475746
676.3127187864644,0.03128751594261341,0.021763127187864644
676.5127521253543,0.02346571976631126,0.021765127521253542
676.7127854642441,0.0299830179612003,0.02176712785464244
676.9128188031339,0.03061633158288981,0.02176912818803134
677.1128521420237,0.017259548616954293,0.021771128521420238
677.3128854809136,0.015243390898473418,0.021773128854809136
677.5129188198033,0.022400273691955214,0.021775129188198034
677.7129521586932,0.028670218517570484,0.021777129521586933
677.912985497583,0.022891613044203174,0.02177912985497583
678.1130188364727,0.009165158330836752,0.02178113018836473
678.3130521753626,0.015360534970146885,0.021783130521753624
678.5130855142525,0.0211933479463875,0.021785130855142526
678.7131188531422,0.02118180635392478,0.02178713118853142
678.913152192032,0.03756946893623879,0.02178913152192032
679.1131855309219,0.010703228316117233,0.021791131855309218
679.3132188698116,0.025837846123385112,0.021793132188698116
679.5132522087015,0.03370803738871333,0.021795132522087014
679.7132855475913,0.03996873081885828,0.021797132855475913
679.9133188864811,0.01856395380339312,0.02179913318886481
680.1133522253709,0.025732569144015307,0.02180113352225371
680.3133855642608,0.026361216713231782,0.021803133855642608
680.5134189031505,0.023368988041457834,0.021805134189031506
680.7134522420404,0.021016372912505955,0.021807134522420404
680.9134855809302,0.02529693797180967,0.021809134855809303
681.11351891982,0.0015531665074407196,0.0218111351891982
681.3135522587098,0.027269691443088148,0.0218131355225871
681.5135855975997,0.022824559085271735,0.021815135855975998
681.7136189364894,0.02003733701513877,0.021817136189364893
681.9136522753793,0.038194034088510256,0.021819136522753795
682.1136856142691,0.01642166470581827,0.02182113685614269
682.3137189531589,0.01859852927701134,0.021823137189531588
682.5137522920487,0.03775756394055836,0.021825137522920486
682.7137856309386,0.015170647417510532,0.021827137856309384
682.9138189698283,0.01742821592620597,0.021829138189698283
683.1138523087182,0.02065493513564038,0.02183113852308718
683.313885647608,0.028559014713512472,0.02183313885647608
683.5139189864977,0.023497559248691485,0.021835139189864978
683.7139523253876,0.011496136746035775,0.021837139523253876
683.9139856642774,0.01758179135162526,0.021839139856642775
684.1140190031672,0.016982304724333982,0.021841140190031673
684.314052342057,0.021225372161636207,0.02184314052342057
684.5140856809469,0.025251890125848102,0.02184514085680947
684.7141190198366,0.02519278723730214,0.021847141190198364
684.9141523587265,0.007641047491200049,0.021849141523587266
685.1141856976163,0.030362669757463014,0.021851141856976165
685.3142190365061,0.023873692958338046,0.02185314219036506
685.5142523753959,0.03293139890450521,0.021855142523753958
685.7142857142858,0.025410729475468234,0.02185714285714286
685.9143190531755,0.030669726852417853,0.021859143190531755
686.1143523920654,0.02559350601552167,0.021861143523920653
686.3143857309552,0.03263294990693154,0.02186314385730955
686.514419069845,0.026043149278840678,0.02186514419069845
686.7144524087348,0.021083822552544117,0.021867144524087348
686.9144857476247,0.0400486226210513,0.021869144857476246
687.1145190865144,0.02898344216910428,0.021871145190865145
687.3145524254043,0.02646310089228935,0.021873145524254043
687.5145857642941,0.011664710525336254,0.02187514585764294
687.7146191031838,0.011570685251323537,0.02187714619103184
687.9146524420737,0.024220870381555563,0.021879146524420738
688.1146857809636,0.02304531643995556,0.021881146857809636
688.3147191198533,0.016970166671132006,0.021883147191198535
688.5147524587431,0.02301300912148391,0.02188514752458743
688.714785797633,0.0345961632823251,0.02188714785797633
688.9148191365227,0.027452367987767616,0.021889148191365226
689.1148524754126,0.012763080446732218,0.021891148524754125
689.3148858143024,0.021001078240999473,0.021893148858143023
689.5149191531922,0.015455417344711436,0.02189514919153192
689.714952492082,0.01879555019365233,0.02189714952492082
689.9149858309719,0.018590224533272574,0.021899149858309718
690.1150191698616,0.018079985530866576,0.021901150191698616
690.3150525087515,0.011862067549300356,0.021903150525087515
690.5150858476413,0.020883913406330893,0.021905150858476413
690.7151191865311,0.01742229009708683,0.02190715119186531
690.9151525254209,0.0,0.02190915152525421
691.1151858643108,0.03833492805465641,0.021911151858643108
691.3152192032005,0.030623309425765383,0.021913152192032007
691.5152525420904,0.018904746726020938,0.021915152525420905
691.7152858809802,0.022067705256734592,0.021917152858809803
691.91531921987,0.012545918413658203,0.021919153192198698
692.1153525587598,0.03548693654807452,0.0219211535255876
692.3153858976497,0.03710146341716139,0.021923153858976495
692.5154192365394,0.02317870401833759,0.021925154192365393
692.7154525754293,0.03011539967923705,0.02192715452575429
692.9154859143191,0.023331449090614582,0.02192915485914319
693.1155192532088,0.011237351681524644,0.02193115519253209
693.3155525920987,0.018638568574211728,0.021933155525920987
693.5155859309885,0.022990579593485543,0.021935155859309885
693.7156192698783,0.01830077444275123,0.021937156192698783
693.9156526087681,0.020189930306607394,0.02193915652608768
694.115685947658,0.021209960399403663,0.02194115685947658
694.3157192865477,0.021296129209941787,0.02194315719286548
694.5157526254376,0.022363225450234243,0.021945157526254377
694.7157859643274,0.013462317328470468,0.021947157859643275
694.9158193032172,0.01621302900000868,0.02194915819303217
695.115852642107,0.011674484400821318,0.021951158526421072
695.3158859809969,0.029775683257299568,0.021953158859809967
695.5159193198866,0.0051099836584762685,0.021955159193198865
695.7159526587765,0.031185882273123168,0.021957159526587763
695.9159859976663,0.033049955038079414,0.021959159859976665
696.1160193365561,0.01954371549750459,0.02196116019336556
696.3160526754459,0.00113806382413607,0.02196316052675446
696.5160860143358,0.019074676364405033,0.021965160860143357
696.7161193532255,0.0214536879032217,0.021967161193532255
696.9161526921154,0.013884375767489847,0.021969161526921153
697.1161860310052,0.017849414709844108,0.021971161860310052
697.316219369895,0.03421472378460576,0.02197316219369895
697.5162527087848,0.027294579825501777,0.02197516252708785
697.7162860476747,0.014580649945451947,0.021977162860476747
697.9163193865645,0.009198369837102188,0.021979163193865645
698.1163527254542,0.019365024986376374,0.021981163527254544
698.3163860643441,0.020275509625839936,0.021983163860643442
698.516419403234,0.02595475769293887,0.02198516419403234
698.7164527421237,0.017704630826879963,0.021987164527421235
698.9164860810135,0.026081161463705028,0.021989164860810137
699.1165194199034,0.037472397514680865,0.021991165194199032
699.3165527587931,0.028517173707142032,0.02199316552758793
699.516586097683,0.02161045780233065,0.02199516586097683
699.7166194365728,0.02053196242593937,0.02199716619436573
699.9166527754626,0.019145781454315655,0.021999166527754625
700.1166861143524,0.03144629416076068,0.022001166861143524
700.3167194532423,0.016984659626922,0.022003167194532422
700.516752792132,0.02236694919992118,0.02200516752792132
700.7167861310219,0.0224167510763589,0.02200716786131022
700.9168194699117,0.017994894652206862,0.022009168194699117
701.1168528088015,0.01103144414501521,0.022011168528088015
701.3168861476913,0.02459696489041826,0.022013168861476914
701.5169194865812,0.021527137420022744,0.022015169194865812
701.7169528254709,0.02601909328374727,0.02201716952825471
701.9169861643608,0.017750367410130273,0.02201916986164361
702.1170195032506,0.03178774058553689,0.022021170195032507
702.3170528421404,0.015008980278726648,0.022023170528421405
702.5170861810302,0.03572149313395344,0.0220251708618103
702.7171195199201,0.00804607911657311,0.022027171195199202
702.9171528588098,0.025507332045043227,0.022029171528588097
703.1171861976997,0.025834617322189984,0.022031171861976995
703.3172195365895,0.015668715651838836,0.022033172195365894
703.5172528754792,0.025430324031642894,0.022035172528754792
703.7172862143691,0.03227332222022496,0.02203717286214369
703.917319553259,0.0043046224807000745,0.02203917319553259
704.1173528921487,0.026063131988848003,0.022041173528921487
704.3173862310385,0.002097007299669766,0.022043173862310386
704.5174195699284,0.01431985576751362,0.022045174195699284
704.7174529088181,0.035080505448295746,0.022047174529088182
704.917486247708,0.017394918595340647,0.02204917486247708
705.1175195865978,0.012660135480594198,0.02205117519586598
705.3175529254876,0.020469673697377424,0.022053175529254877
705.5175862643774,0.03859842656795219,0.022055175862643772
705.7176196032673,0.007403718218384465,0.022057176196032674
705.917652942157,0.013648697236306812,0.02205917652942157
706.1176862810469,0.03404063032824748,0.02206117686281047
706.3177196199367,0.036924795944501224,0.022063177196199366
706.5177529588265,0.021237727735265992,0.022065177529588264
706.7177862977163,0.012154756242764022,0.022067177862977162
706.9178196366062,0.03883592621083933,0.02206917819636606
707.1178529754959,0.034826717663748535,0.02207117852975496
707.3178863143858,0.02750475476524172,0.022073178863143857
707.5179196532756,0.015575960405033396,0.022075179196532756
707.7179529921654,0.021684944803217362,0.022077179529921654
707.9179863310552,0.020796299214951908,0.022079179863310552
708.118019669945,0.02472799063362407,0.02208118019669945
708.3180530088348,0.03369119203513904,0.02208318053008835
708.5180863477246,0.029120517192576474,0.022085180863477247
708.7181196866145,0.01346817258098808,0.022087181196866146
708.9181530255042,0.03310115313041134,0.02208918153025504
709.1181863643941,0.024596238983749186,0.022091181863643942
709.318219703284,0.027589708563904167,0.022093182197032837
709.5182530421737,0.033827509404650555,0.022095182530421736
709.7182863810635,0.013204540867702225,0.022097182863810634
709.9183197199534,0.02181257856754783,0.022099183197199536
710.1183530588431,0.01784954711971471,0.02210118353058843
710.318386397733,0.009560308461053681,0.02210318386397733
710.5184197366228,0.024878864018205587,0.022105184197366227
710.7184530755126,0.04219963694343051,0.022107184530755126
710.9184864144024,0.007388562908098001,0.022109184864144024
711.1185197532923,0.02185294030913716,0.022111185197532923
711.318553092182,0.02723752901152001,0.02211318553092182
711.5185864310719,0.02309981147756017,0.02211518586431072
711.7186197699617,0.021212161777573693,0.022117186197699618
711.9186531088515,0.011725455623521919,0.022119186531088512
712.1186864477413,0.023983480807998725,0.022121186864477414
712.3187197866312,0.016069075381738903,0.022123187197866313
712.5187531255209,0.004605813891426783,0.02212518753125521
712.7187864644108,0.03168392562875395,0.022127187864644106
712.9188198033006,0.029796274756769346,0.022129188198033008
713.1188531421903,0.02254447634623054,0.022131188531421903
713.3188864810802,0.023965786370456422,0.0221331888648108
713.51891981997,0.030729733299924192,0.0221351891981997
713.7189531588598,0.023931906785813258,0.022137189531588598
713.9189864977496,0.02937133030306801,0.022139189864977496
714.1190198366395,0.019761332591375594,0.022141190198366394
714.3190531755292,0.03263906044034687,0.022143190531755293
714.5190865144191,0.02471147667260566,0.02214519086514419
714.7191198533089,0.023699606747380083,0.02214719119853309
714.9191531921987,0.01198870282222573,0.022149191531921988
715.1191865310885,0.024446838699724555,0.022151191865310886
715.3192198699784,0.015497552858744174,0.022153192198699784
715.5192532088681,0.01704893071986073,0.022155192532088683
715.719286547758,0.01563418783894861,0.022157192865477578
715.9193198866478,0.01362931374367268,0.02215919319886648
716.1193532255376,0.03915936475639106,0.022161193532255374
716.3193865644274,0.0328139063615515,0.022163193865644276
716.5194199033173,0.03752813421618726,0.02216519419903317
716.719453242207,0.012384034375977558,0.02216719453242207
716.9194865810969,0.022739224865098107,0.022169194865810968
717.1195199199867,0.011823134197567099,0.022171195199199866
717.3195532588765,0.01660763651501225,0.022173195532588764
717.5195865977663,0.014830179998645065,0.022175195865977663
717.7196199366562,0.032093868250899056,0.02217719619936656
717.9196532755459,0.01900935910794138,0.02217919653275546
718.1196866144358,0.03072823153569649,0.022181196866144358
718.3197199533256,0.0270161643162414,0.022183197199533256
718.5197532922153,0.04061430754976046,0.022185197532922155
718.7197866311052,0.01035164408119326,0.022187197866311053
718.919819969995,0.032263064117994344,0.02218919819969995
719.1198533088848,0.031362725496294666,0.022191198533088846
719.3198866477746,0.014406168162261472,0.022193198866477748
719.5199199866645,0.03025226589165192,0.022195199199866643
719.7199533255543,0.024886359237465374,0.022197199533255545
719.9199866644441,0.02037938978701718,0.02219919986664444
720.1200200033339,0.015609716304257344,0.02220120020003334
720.3200533422238,0.016450324921828748,0.022203200533422236
720.5200866811135,0.03860369763309854,0.022205200866811135
720.7201200200034,0.022212663751859894,0.022207201200200033
720.9201533588932,0.028466241545840605,0.02220920153358893
721.120186697783,0.015884006813637407,0.02221120186697783
721.3202200366728,0.015974378630593616,0.022213202200366728
721.5202533755627,0.030871081007755166,0.022215202533755626
721.7202867144524,0.011420593174732267,0.022217202867144525
721.9203200533423,0.01889749305729125,0.022219203200533423
722.1203533922321,0.022493422822500178,0.02222120353392232
722.3203867311219,0.02311418468203164,0.02222320386731122
722.5204200700117,0.02079245792057087,0.022225204200700118
722.7204534089016,0.0253937627828564,0.022227204534089016
722.9204867477913,0.027772050914020404,0.02222920486747791
723.1205200866812,0.028108305564541455,0.022231205200866813
723.320553425571,0.014346775064913095,0.022233205534255708
723.5205867644607,0.019961965084214228,0.022235205867644606
723.7206201033506,0.03179530909604901,0.022237206201033505
723.9206534422405,0.029396384035013386,0.022239206534422407
724.1206867811302,0.011258331255962789,0.0222412068678113
724.32072012002,0.025055046404017813,0.0222432072012002
724.5207534589099,0.006419405539590615,0.022245207534589098
724.7207867977996,0.022622687084460955,0.022247207867977997
724.9208201366895,0.03743134433533471,0.022249208201366895
725.1208534755793,0.014668066796603903,0.022251208534755793
725.3208868144691,0.015578624504212036,0.02225320886814469
725.5209201533589,0.028367447454116467,0.02225520920153359
725.7209534922488,0.009914797413245321,0.02225720953492249
725.9209868311385,0.017197169629231072,0.022259209868311383
726.1210201700284,0.02703273930235431,0.022261210201700285
726.3210535089182,0.01718892375357396,0.022263210535089183
726.521086847808,0.020377450970790308,0.02226521086847808
726.7211201866978,0.028220696884387254,0.022267211201866977
726.9211535255877,0.02564158020354837,0.02226921153525588
727.1211868644774,0.024405759039007987,0.022271211868644773
727.3212202033673,0.01956023396787336,0.02227321220203367
727.5212535422571,0.025235701457574214,0.02227521253542257
727.7212868811469,0.021287351428013416,0.02227721286881147
727.9213202200367,0.025941658081606644,0.022279213202200367
728.1213535589266,0.01830575733464544,0.022281213535589265
728.3213868978163,0.020822662073941834,0.022283213868978163
728.5214202367061,0.01436555186195095,0.02228521420236706
728.721453575596,0.022007153655706074,0.02228721453575596
728.9214869144857,0.0158012079601141,0.02228921486914486
729.1215202533756,0.01337884360123781,0.022291215202533757
729.3215535922654,0.02436250471876576,0.022293215535922655
729.5215869311552,0.023997134076172835,0.022295215869311553
729.721620270045,0.028560206082289027,0.02229721620270045
729.9216536089349,0.01885021197948856,0.02229921653608935
730.1216869478246,0.02556563964417229,0.022301216869478245
730.3217202867145,0.026709597781056454,0.022303217202867147
730.5217536256043,0.0258634079989088,0.022305217536256042
730.7217869644941,0.015701988407227804,0.02230721786964494
730.9218203033839,0.023504126061203348,0.02230921820303384
731.1218536422738,0.02522434090486003,0.022311218536422737
731.3218869811635,0.02237064660507517,0.022313218869811635
731.5219203200534,0.005623397936231855,0.022315219203200534
731.7219536589432,0.023601136528377274,0.022317219536589432
731.921986997833,0.04001946818515627,0.02231921986997833
732.1220203367228,0.019440906053311367,0.02232122020336723
732.3220536756127,0.016498603753913557,0.022323220536756127
732.5220870145024,0.02531200934783621,0.022325220870145025
732.7221203533923,0.024826246887266496,0.022327221203533924
732.9221536922821,0.03187110286025414,0.022329221536922822
733.1221870311718,0.012268276623040614,0.022331221870311717
733.3222203700617,0.028184264224300558,0.02233322220370062
733.5222537089516,0.02705859902710122,0.022335222537089514
733.7222870478413,0.021200050574954044,0.022337222870478412
733.9223203867311,0.02504872174724083,0.02233922320386731
734.122353725621,0.03057688339004307,0.022341223537256212
734.3223870645107,0.02932174691087271,0.022343223870645107
734.5224204034006,0.013201069707444175,0.022345224204034005
734.7224537422904,0.02890849003146678,0.022347224537422904
734.9224870811802,0.021831716030551652,0.022349224870811802
735.12252042007,0.022934217988324825,0.0223512252042007
735.3225537589599,0.022938801465603155,0.0223532255375896
735.5225870978496,0.021153281960592418,0.022355225870978497
735.7226204367395,0.03189088618122392,0.022357226204367395
735.9226537756293,0.0216894828589626,0.022359226537756294
736.1226871145191,0.013404857844079838,0.02236122687114519
736.3227204534089,0.01921498835677626,0.02236322720453409
736.5227537922988,0.023794785272406794,0.02236522753792299
736.7227871311885,0.03220094614568829,0.022367227871311887
736.9228204700784,0.02719398568429145,0.022369228204700782
737.1228538089682,0.015566946308113332,0.022371228538089684
737.322887147858,0.04225474820490971,0.02237322887147858
737.5229204867478,0.024493431692691314,0.022375229204867477
737.7229538256377,0.03258035544224849,0.022377229538256375
737.9229871645274,0.02116551440302744,0.022379229871645274
738.1230205034173,0.026648104162677766,0.022381230205034172
738.3230538423071,0.02909897857457031,0.02238323053842307
738.5230871811968,0.032130788565846016,0.02238523087181197
738.7231205200867,0.03084617764822667,0.022387231205200867
738.9231538589765,0.02936680753917359,0.022389231538589766
739.1231871978663,0.019870538022425794,0.022391231871978664
739.3232205367561,0.01781926386971907,0.022393232205367562
739.523253875646,0.025056092621350043,0.02239523253875646
739.7232872145357,0.029862257450873914,0.02239723287214536
739.9233205534256,0.0206174675993214,0.022399233205534254
740.1233538923154,0.03092260926463825,0.022401233538923156
740.3233872312052,0.034024167836201484,0.02240323387231205
740.523420570095,0.015074666853113594,0.022405234205700952
740.7234539089849,0.015711868908719607,0.022407234539089847
740.9234872478746,0.021286234401236052,0.022409234872478746
741.1235205867645,0.024872136551381215,0.022411235205867644
741.3235539256543,0.018216699429120135,0.022413235539256542
741.5235872645441,0.033232857303582594,0.02241523587264544
741.7236206034339,0.025809771098181947,0.02241723620603434
741.9236539423238,0.02273481292534915,0.022419236539423237
742.1236872812136,0.010933960681863916,0.022421236872812136
742.3237206201034,0.011896710674780977,0.022423237206201034
742.5237539589932,0.02467331154184438,0.022425237539589932
742.7237872978831,0.005366472863740139,0.02242723787297883
742.9238206367728,0.030530337483520305,0.02242923820636773
743.1238539756627,0.021166007784778066,0.022431238539756627
743.3238873145525,0.04837798262990339,0.022433238873145526
743.5239206534422,0.04089856921146331,0.022435239206534424
743.7239539923321,0.020985646985943185,0.02243723953992332
743.923987331222,0.0215885438530617,0.02243923987331222
744.1240206701117,0.030405892318717355,0.022441240206701116
744.3240540090015,0.036068621419434316,0.022443240540090018
744.5240873478914,0.009341008413990777,0.022445240873478912
744.7241206867811,0.008156237484030318,0.02244724120686781
744.924154025671,0.017472963095821657,0.02244924154025671
745.1241873645608,0.027113142539036524,0.022451241873645607
745.3242207034506,0.02642823093109528,0.022453242207034506
745.5242540423404,0.031013414180294206,0.022455242540423404
745.7242873812303,0.012859662646889838,0.022457242873812303
745.92432072012,0.003930092303450188,0.0224592432072012
746.1243540590099,0.029325357103007262,0.0224612435405901
746.3243873978997,0.01583767369025712,0.022463243873978998
746.5244207367895,0.006317341292258791,0.022465244207367896
746.7244540756793,0.023627754508431846,0.022467244540756794
746.9244874145692,0.028814650379895113,0.022469244874145693
747.1245207534589,0.02149478815056437,0.022471245207534588
747.3245540923488,0.018810458451463577,0.02247324554092349
747.5245874312386,0.021200348017145133,0.022475245874312384
747.7246207701284,0.019512584108495018,0.022477246207701283
747.9246541090182,0.011694869645568843,0.02247924654109018
748.1246874479081,0.01676380145855563,0.022481246874479083
748.3247207867978,0.02665348644797849,0.022483247207867978
748.5247541256877,0.025058675872268878,0.022485247541256876
748.7247874645775,0.023831726322380335,0.022487247874645774
748.9248208034672,0.014528060353207637,0.022489248208034673
749.1248541423571,0.021039223244338233,0.02249124854142357
749.324887481247,0.00507672850326963,0.02249324887481247
749.5249208201367,0.023923062519284485,0.022495249208201368
749.7249541590265,0.033928111204098804,0.022497249541590266
749.9249874979164,0.010706192818642319,0.022499249874979164
750.1250208368061,0.017813828821826017,0.02250125020836806
750.325054175696,0.025136104771437996,0.02250325054175696
750.5250875145858,0.03252799195056573,0.02250525087514586
750.7251208534756,0.018921454278133562,0.022507251208534758
750.9251541923654,0.01697124890779648,0.022509251541923653
751.1251875312553,0.006759866735983888,0.022511251875312555
751.325220870145,0.0233407572431663,0.02251325220870145
751.5252542090349,0.0388518608632403,0.022515252542090348
751.7252875479247,0.024736120571196653,0.022517252875479246
751.9253208868145,0.022341021375398437,0.022519253208868144
752.1253542257043,0.025097912028392927,0.022521253542257043
752.3253875645942,0.022434517844057124,0.02252325387564594
752.5254209034839,0.0160211392309538,0.02252525420903484
752.7254542423738,0.02911349386784538,0.022527254542423738
752.9254875812636,0.024335347060706673,0.022529254875812636
753.1255209201533,0.022672161224670792,0.022531255209201535
753.3255542590432,0.014730327324364433,0.022533255542590433
753.525587597933,0.03296331933145741,0.02253525587597933
753.7256209368228,0.02785487817203311,0.02253725620936823
753.9256542757126,0.01811588984381871,0.022539256542757125
754.1256876146025,0.03055585570560152,0.022541256876146026
754.3257209534922,0.018562690502453263,0.02254325720953492
754.5257542923821,0.016289229602835527,0.022545257542923823
754.7257876312719,0.01646963293647042,0.022547257876312718
754.9258209701617,0.008380709784996887,0.022549258209701616
755.1258543090515,0.02632359758643616,0.022551258543090515
755.3258876479414,0.007904099849772611,0.022553258876479413
755.5259209868311,0.01272770855974221,0.02255525920986831
755.725954325721,0.005952555470628944,0.02255725954325721
755.9259876646108,0.021870702334318964,0.022559259876646108
756.1260210035006,0.02135869652786003,0.022561260210035006
756.3260543423904,0.019949690837932993,0.022563260543423905
756.5260876812803,0.014224639319448193,0.022565260876812803
756.72612102017,0.01318939118270858,0.0225672612102017
756.9261543590599,0.026284220451963193,0.0225692615435906
757.1261876979497,0.018166846423311594,0.022571261876979498
757.3262210368395,0.02510412878265755,0.022573262210368393
757.5262543757293,0.015493273054763515,0.022575262543757295
757.7262877146192,0.02402576481931485,0.02257726287714619
757.9263210535089,0.0330054875090636,0.022579263210535088
758.1263543923988,0.027270589947066253,0.022581263543923986
758.3263877312886,0.019283953331581047,0.022583263877312888
758.5264210701783,0.0246428559735492,0.022585264210701783
758.7264544090682,0.020661943147848978,0.02258726454409068
758.926487747958,0.022652306355037406,0.02258926487747958
759.1265210868478,0.019986376793680448,0.022591265210868478
759.3265544257376,0.02127858389717425,0.022593265544257377
759.5265877646275,0.024292012702239678,0.022595265877646275
759.7266211035172,0.014650396614379568,0.022597266211035173
759.9266544424071,0.014472235928504244,0.02259926654442407
760.1266877812969,0.011492926447163281,0.02260126687781297
760.3267211201867,0.009801098375172186,0.022603267211201865
760.5267544590765,0.012867006006826932,0.022605267544590767
760.7267877979664,0.023882967932412697,0.022607267877979665
760.9268211368561,0.01546696808743349,0.022609268211368563
761.126854475746,0.026720184258606228,0.022611268544757458
761.3268878146358,0.022890978868166854,0.02261326887814636
761.5269211535256,0.006867235504030823,0.022615269211535255
761.7269544924154,0.027857074218697674,0.022617269544924153
761.9269878313053,0.029105659043046732,0.02261926987831305
762.127021170195,0.014670368813023122,0.02262127021170195
762.3270545090849,0.02598480288825078,0.02262327054509085
762.5270878479747,0.015773284979206156,0.022625270878479747
762.7271211868645,0.02340863422585533,0.022627271211868645
762.9271545257543,0.012513284289617819,0.022629271545257543
763.1271878646442,0.008286420258369826,0.022631271878646442
763.3272212035339,0.01957073469513159,0.02263327221203534
763.5272545424237,0.021645440975225548,0.02263527254542424
763.7272878813136,0.019455835329896306,0.022637272878813137
763.9273212202033,0.013167028746421559,0.022639273212202035
764.1273545590932,0.019442081048541834,0.02264127354559093
764.327387897983,0.024797631899625704,0.022643273878979832
764.5274212368729,0.022286129971388433,0.02264527421236873
764.7274545757626,0.024107282790551337,0.02264727454575763
764.9274879146525,0.01728835327551266,0.022649274879146523
765.1275212535423,0.0320250185302647,0.022651275212535425
765.3275545924321,0.013243888853486076,0.02265327554592432
765.5275879313219,0.026555758256006968,0.02265527587931322
765.7276212702118,0.03211240495638181,0.022657276212702117
765.9276546091015,0.026506541288082178,0.022659276546091015
766.1276879479914,0.021041083062961274,0.022661276879479914
766.3277212868812,0.01843690083956498,0.022663277212868812
766.527754625771,0.030953978754627756,0.02266527754625771
766.7277879646608,0.011283478477553224,0.02266727787964661
766.9278213035507,0.014908284129998357,0.022669278213035507
767.1278546424404,0.019490816422490634,0.022671278546424405
767.3278879813303,0.03257450893990929,0.022673278879813304
767.5279213202201,0.02571342030152937,0.022675279213202202
767.7279546591099,0.014932913478509138,0.0226772795465911
767.9279879979997,0.020196818236900765,0.022679279879979995
768.1280213368896,0.017766695060598543,0.022681280213368897
768.3280546757793,0.01700496860888951,0.022683280546757792
768.5280880146692,0.030516397348600927,0.022685280880146694
768.728121353559,0.011713336179427544,0.02268728121353559
768.9281546924487,0.035559528392799473,0.022689281546924487
769.1281880313386,0.029317119401790367,0.022691281880313385
769.3282213702284,0.03142017557853187,0.022693282213702284
769.5282547091182,0.018991766450889114,0.022695282547091182
769.728288048008,0.021497757127847204,0.02269728288048008
769.9283213868979,0.011234068697671283,0.02269928321386898
770.1283547257876,0.018503984290723453,0.022701283547257877
770.3283880646775,0.026652522661791984,0.022703283880646775
770.5284214035673,0.033073788708286846,0.022705284214035674
770.7284547424571,0.013850030013004958,0.022707284547424572
770.9284880813469,0.019785237384931344,0.02270928488081347
771.1285214202368,0.02150089145234219,0.02271128521420237
771.3285547591265,0.011546971930051383,0.022713285547591264
771.5285880980164,0.027446079815047368,0.022715285880980166
771.7286214369062,0.01692536356042819,0.02271728621436906
771.928654775796,0.02115616373834177,0.02271928654775796
772.1286881146858,0.019105691905851836,0.022721286881146857
772.3287214535757,0.01640857916877836,0.022723287214535755
772.5287547924654,0.022668927664080216,0.022725287547924654
772.7287881313553,0.021002411252769373,0.022727287881313552
772.9288214702451,0.019754425156473125,0.02272928821470245
773.1288548091349,0.016903595574648607,0.02273128854809135
773.3288881480247,0.02528948624774389,0.022733288881480247
773.5289214869146,0.035964227362807424,0.022735289214869146
773.7289548258043,0.023856387410971062,0.022737289548258044
773.9289881646941,0.030708235600935975,0.022739289881646942
774.129021503584,0.01161951481380814,0.02274129021503584
774.3290548424737,0.02400538206277489,0.022743290548424736
774.5290881813636,0.013966344330045104,0.022745290881813637
774.7291215202534,0.010931891794947324,0.022747291215202536
774.9291548591432,0.016834320288919145,0.022749291548591434
775.129188198033,0.03228648655728891,0.02275129188198033
775.3292215369229,0.030353418844726397,0.02275329221536923
775.5292548758126,0.024699330325193322,0.022755292548758126
775.7292882147025,0.010495688403027578,0.022757292882147024
775.9293215535923,0.02118904800443243,0.022759293215535922
776.1293548924821,0.025174893620138705,0.02276129354892482
776.3293882313719,0.024167583718942502,0.02276329388231372
776.5294215702618,0.008014945547856651,0.022765294215702617
776.7294549091515,0.01564475176493254,0.022767294549091516
776.9294882480414,0.02225667276929068,0.022769294882480414
777.1295215869312,0.02706162249200683,0.022771295215869312
777.329554925821,0.005204272980458641,0.02277329554925821
777.5295882647108,0.02147830407880824,0.02277529588264711
777.7296216036007,0.023921686375067627,0.022777296216036007
777.9296549424904,0.02957619245755461,0.022779296549424906
778.1296882813803,0.028324157556713296,0.0227812968828138
778.3297216202701,0.027443867766673145,0.022783297216202703
778.5297549591598,0.016385773495976124,0.022785297549591597
778.7297882980497,0.007523280785994036,0.022787297882980496
778.9298216369396,0.019644876159878186,0.022789298216369394
779.1298549758293,0.030804353151426773,0.022791298549758292
779.3298883147191,0.033940935103342645,0.02279329888314719
779.529921653609,0.02847969203491837,0.02279529921653609
779.7299549924987,0.02623202613233886,0.022797299549924988
779.9299883313886,0.02583641707040161,0.022799299883313886
780.1300216702784,0.01835235024261654,0.022801300216702784
780.3300550091682,0.02176281820166272,0.022803300550091683
780.530088348058,0.03615785709009123,0.02280530088348058
780.7301216869479,0.015266837170534469,0.02280730121686948
780.9301550258376,0.03572753187593719,0.022809301550258378
781.1301883647275,0.02023507664771081,0.022811301883647276
781.3302217036173,0.0334167590897968,0.022813302217036174
781.5302550425071,0.011560782474444763,0.02281530255042507
781.7302883813969,0.027504536493131164,0.02281730288381397
781.9303217202868,0.01692514212962189,0.022819303217202866
782.1303550591765,0.011499166015198268,0.022821303550591768
782.3303883980664,0.024571576223268228,0.022823303883980663
782.5304217369562,0.030901078526137313,0.022825304217369564
782.730455075846,0.01606777304201049,0.02282730455075846
782.9304884147358,0.010837177200480148,0.022829304884147358
783.1305217536257,0.022096547102856613,0.022831305217536256
783.3305550925154,0.022133822920707705,0.022833305550925154
783.5305884314052,0.02722186290475004,0.022835305884314053
783.7306217702951,0.030434062788618856,0.02283730621770295
783.9306551091848,0.022363985100911896,0.02283930655109185
784.1306884480747,0.03768533340283485,0.022841306884480748
784.3307217869645,0.02463718517415198,0.022843307217869646
784.5307551258543,0.020073895503203345,0.02284530755125854
784.7307884647441,0.00995476901182482,0.022847307884647443
784.930821803634,0.020748032055506994,0.022849308218036338
785.1308551425237,0.02016021298813615,0.02285130855142524
785.3308884814136,0.030535747255065897,0.022853308884814134
785.5309218203034,0.02655517821073787,0.022855309218203036
785.7309551591932,0.013422356578530994,0.02285730955159193
785.930988498083,0.02423734497626913,0.02285930988498083
786.1310218369729,0.028233559592202154,0.022861310218369728
786.3310551758627,0.03508756142686129,0.02286331055175863
786.5310885147525,0.02996534262446,0.022865310885147525
786.7311218536423,0.028954084453028245,0.022867311218536423
786.9311551925322,0.02334999950884663,0.02286931155192532
787.1311885314219,0.025977807928701815,0.02287131188531422
787.3312218703118,0.03286935142435239,0.022873312218703118
787.5312552092016,0.012213093372254819,0.022875312552092016
787.7312885480914,0.02008179826774527,0.022877312885480915
787.9313218869812,0.016698763228819885,0.022879313218869813
788.1313552258711,0.025914538502067704,0.02288131355225871
788.3313885647608,0.03272509129085391,0.022883313885647606
788.5314219036507,0.018109519925267915,0.022885314219036508
788.7314552425405,0.0037648796126698997,0.022887314552425403
788.9314885814302,0.019591548925618544,0.022889314885814305
789.1315219203201,0.03019910507534245,0.0228913152192032
789.33155525921,0.02719435477619114,0.0228933155525921
789.5315885980997,0.026320805868465604,0.022895315885980996
789.7316219369895,0.020657369804374055,0.022897316219369895
789.9316552758794,0.012667070663000502,0.022899316552758793
790.1316886147691,0.02702367145914343,0.02290131688614769
790.331721953659,0.016229062739259593,0.02290331721953659
790.5317552925488,0.040378091419969134,0.022905317552925488
790.7317886314386,0.027471375553150514,0.022907317886314386
790.9318219703284,0.018264131799271676,0.022909318219703285
791.1318553092183,0.018020236573983158,0.022911318553092183
791.331888648108,0.02216976523357237,0.022913318886481078
791.5319219869979,0.02099930384369598,0.02291531921986998
791.7319553258877,0.03185198975749851,0.022917319553258878
791.9319886647775,0.02441064924460015,0.022919319886647777
792.1320220036673,0.017068266308768447,0.02292132022003667
792.3320553425572,0.03804684603467184,0.022923320553425573
792.5320886814469,0.02331978753897625,0.022925320886814468
792.7321220203368,0.029078038627954543,0.02292732122020337
792.9321553592266,0.01806350949403419,0.022929321553592265
793.1321886981164,0.02583624690893735,0.022931321886981163
793.3322220370062,0.025422202149515623,0.02293332222037006
793.532255375896,0.007818128216989736,0.02293532255375896
793.7322887147858,0.03905952377083298,0.022937322887147858
793.9323220536756,0.03326447890791713,0.022939323220536757
794.1323553925655,0.019763761024757753,0.022941323553925655
794.3323887314552,0.01412516596366771,0.022943323887314553
794.5324220703451,0.025725817131131867,0.02294532422070345
794.732455409235,0.023640906149407524,0.02294732455409235
794.9324887481247,0.025794676475987082,0.02294932488748125
795.1325220870145,0.02448394439042286,0.022951325220870143
795.3325554259044,0.027003253468706453,0.022953325554259045
795.5325887647941,0.03453377148278239,0.02295532588764794
795.732622103684,0.02750215186206601,0.02295732622103684
795.9326554425738,0.014562082563146207,0.022959326554425737
796.1326887814636,0.03386182970951425,0.022961326887814635
796.3327221203534,0.036088243729109834,0.022963327221203533
796.5327554592433,0.048181781430689116,0.022965327554592435
796.732788798133,0.013979375622064546,0.02296732788798133
796.9328221370229,0.024912384326572428,0.02296932822137023
797.1328554759127,0.006314538929247229,0.022971328554759127
797.3328888148025,0.0273985221391817,0.022973328888148025
797.5329221536923,0.018589726836202743,0.022975329221536923
797.7329554925822,0.038364895913525446,0.022977329554925822
797.9329888314719,0.016782410128166066,0.02297932988831472
798.1330221703618,0.009467865917965525,0.02298133022170362
798.3330555092516,0.01921322062947236,0.022983330555092517
798.5330888481413,0.007181428718744311,0.02298533088848141
798.7331221870312,0.028996126857928795,0.022987331221870314
798.933155525921,0.006468667185208644,0.02298933155525921
799.1331888648108,0.02321899253811338,0.02299133188864811
799.3332222037006,0.006370837663187429,0.022993332222037005
799.5332555425905,0.02043295011913277,0.022995332555425907
799.7332888814802,0.036144358135251076,0.022997332888814802
799.9333222203701,0.02588451635369006,0.0229993332222037
800.1333555592599,0.016093384715873127,0.0230013335555926
800.3333888981497,0.022753705977468824,0.023003333888981497
800.5334222370395,0.02314946919872597,0.023005334222370395
800.7334555759294,0.026788377322506537,0.023007334555759294
800.9334889148191,0.01207446798290158,0.023009334889148192
801.133522253709,0.027751873413315736,0.02301133522253709
801.3335555925988,0.0013782025031037863,0.02301333555592599
801.5335889314886,0.0179762594704044,0.023015335889314883
801.7336222703784,0.019111145483091427,0.023017336222703785
801.9336556092683,0.02808595116466259,0.023019336556092684
802.133688948158,0.023202383710896536,0.023021336889481582
802.3337222870479,0.011778832792020183,0.023023337222870477
802.5337556259377,0.015145392549723257,0.02302533755625938
802.7337889648275,0.024616777966027528,0.023027337889648274
802.9338223037173,0.022396799488120726,0.023029338223037175
803.1338556426072,0.018398345679340098,0.02303133855642607
803.3338889814969,0.019186668573719135,0.02303333888981497
803.5339223203868,0.028604683200478178,0.023035339223203867
803.7339556592766,0.01889579897363905,0.023037339556592765
803.9339889981663,0.022334609937749078,0.023039339889981664
804.1340223370562,0.040400832928014906,0.023041340223370562
804.334055675946,0.011653879461688076,0.02304334055675946
804.5340890148358,0.008230599037551089,0.02304534089014836
804.7341223537256,0.02931605854192611,0.023047341223537257
804.9341556926155,0.017620197066573327,0.023049341556926155
805.1341890315052,0.02050544166837409,0.023051341890315054
805.3342223703951,0.016804091198655037,0.02305334222370395
805.5342557092849,0.02097694143095275,0.02305534255709285
805.7342890481747,0.03584564778725248,0.023057342890481745
805.9343223870645,0.0294763708928156,0.023059343223870647
806.1343557259544,0.029959131652355357,0.023061343557259542
806.3343890648441,0.011733527444307276,0.02306334389064844
806.534422403734,0.013856114331614384,0.02306534422403734
806.7344557426238,0.00035471528154282575,0.02306734455742624
806.9344890815136,0.016594298322153103,0.023069344890815136
807.1345224204034,0.0307249707152893,0.023071345224204034
807.3345557592933,0.0272089176835799,0.023073345557592932
807.534589098183,0.021303239787364838,0.02307534589098183
807.7346224370729,0.022898943954626303,0.02307734622437073
807.9346557759627,0.017568262217156384,0.023079346557759627
808.1346891148524,0.0247194179503628,0.023081346891148526
808.3347224537423,0.02921037346038234,0.023083347224537424
808.5347557926322,0.01015825325864254,0.023085347557926322
808.734789131522,0.025484529394014004,0.02308734789131522
808.9348224704117,0.030548827192341456,0.02308934822470412
809.1348558093016,0.019770546246386057,0.023091348558093014
809.3348891481915,0.028698953788446585,0.023093348891481916
809.5349224870812,0.045612584780651236,0.02309534922487081
809.734955825971,0.02226260721436458,0.023097349558259712
809.9349891648609,0.026245806291691195,0.023099349891648607
810.1350225037506,0.017196893555746374,0.023101350225037506
810.3350558426405,0.024553359859242806,0.023103350558426404
810.5350891815303,0.026787523891673735,0.023105350891815306
810.7351225204201,0.024666089947365306,0.0231073512252042
810.9351558593099,0.014951789000922245,0.0231093515585931
811.1351891981998,0.0247622460625856,0.023111351891981997
811.3352225370895,0.034810919735111995,0.023113352225370896
811.5352558759794,0.026704438674876013,0.023115352558759794
811.7352892148692,0.030813250404723422,0.023117352892148692
811.935322553759,0.02122325746543657,0.02311935322553759
812.1353558926488,0.02912055547431617,0.023121353558926486
812.3353892315387,0.025357496598047594,0.023123353892315388
812.5354225704284,0.015518068388206427,0.023125354225704282
812.7354559093183,0.02567552259748418,0.023127354559093184
812.9354892482081,0.015195781584959595,0.02312935489248208
813.1355225870979,0.018068313026792647,0.02313135522587098
813.3355559259877,0.02464798201759887,0.023133355559259876
813.5355892648776,0.02551331007968977,0.023135355892648778
813.7356226037673,0.01362349650542064,0.023137356226037673
813.9356559426571,0.03157124272888958,0.02313935655942657
814.135689281547,0.027717407119219252,0.02314135689281547
814.3357226204367,0.017505529741317298,0.023143357226204368
814.5357559593266,0.010844679187999863,0.023145357559593266
814.7357892982164,0.021988121260330715,0.023147357892982164
814.9358226371062,0.01958180851548178,0.023149358226371063
815.135855975996,0.024056482216184144,0.02315135855975996
815.3358893148859,0.020248425603904326,0.02315335889314886
815.5359226537756,0.007095704340577675,0.023155359226537754
815.7359559926655,0.020050584053517388,0.023157359559926656
815.9359893315553,0.020714407004769047,0.02315935989331555
816.1360226704451,0.028230648424896924,0.023161360226704453
816.3360560093349,0.01757776316320495,0.023163360560093348
816.5360893482248,0.03659475828046278,0.02316536089348225
816.7361226871145,0.007874236821657088,0.023167361226871144
816.9361560260044,0.03365870154268104,0.023169361560260046
817.1361893648942,0.021376810126624103,0.02317136189364894
817.336222703784,0.03005004120578629,0.02317336222703784
817.5362560426738,0.023813774432896603,0.023175362560426738
817.7362893815637,0.03229380718201939,0.023177362893815636
817.9363227204534,0.020080467510782046,0.023179363227204534
818.1363560593433,0.014392400159170935,0.023181363560593433
818.3363893982331,0.03454739819215084,0.02318336389398233
818.5364227371228,0.0222775190603141,0.02318536422737123
818.7364560760127,0.024959832349753814,0.023187364560760128
818.9364894149026,0.03306738020650739,0.023189364894149026
819.1365227537923,0.014935723290782445,0.023191365227537925
819.3365560926821,0.02795729274204088,0.02319336556092682
819.536589431572,0.018476207842612592,0.02319536589431572
819.7366227704617,0.022140011382549642,0.023197366227704616
819.9366561093516,0.02377759828416783,0.023199366561093518
820.1366894482414,0.011199592002906924,0.023201366894482413
820.3367227871312,0.016972670885307833,0.02320336722787131
820.536756126021,0.03401395070056532,0.02320536756126021
820.7367894649109,0.030296897403327475,0.02320736789464911
820.9368228038006,0.022708251609420128,0.023209368228038006
821.1368561426905,0.02515635622953005,0.023211368561426905
821.3368894815803,0.02085942884972414,0.023213368894815803
821.5369228204701,0.03406803631482856,0.0232153692282047
821.7369561593599,0.021614548939240287,0.0232173695615936
821.9369894982498,0.025074106632061284,0.023219369894982498
822.1370228371395,0.03238961138150792,0.023221370228371396
822.3370561760294,0.017004398682993038,0.02322337056176029
822.5370895149192,0.035695684371124345,0.023225370895149193
822.737122853809,0.010983679950591073,0.023227371228538088
822.9371561926988,0.036266508610829376,0.02322937156192699
823.1371895315887,0.020249967223700087,0.023231371895315885
823.3372228704784,0.021291782246102533,0.023233372228704786
823.5372562093683,0.008115291192630138,0.02323537256209368
823.7372895482581,0.01959901515646104,0.023237372895482583
823.9373228871478,0.014920920980656404,0.023239373228871478
824.1373562260377,0.018380202799272594,0.023241373562260376
824.3373895649275,0.022144886169338237,0.023243373895649275
824.5374229038173,0.03090770714482142,0.023245374229038173
824.7374562427071,0.024908201373632078,0.02324737456242707
824.937489581597,0.02571078812302488,0.02324937489581597
825.1375229204867,0.014487220118440369,0.023251375229204868
825.3375562593766,0.016207342845771924,0.023253375562593766
825.5375895982664,0.03764517604279316,0.023255375895982665
825.7376229371562,0.017375767951265587,0.02325737622937156
825.937656276046,0.036509042579218824,0.02325937656276046
826.1376896149359,0.021316887305102426,0.023261376896149356
826.3377229538256,0.02328168071868629,0.023263377229538258
826.5377562927155,0.031828298844766595,0.023265377562927153
826.7377896316053,0.0334425172718253,0.023267377896316055
826.9378229704951,0.02238287774747225,0.02326937822970495
827.1378563093849,0.020165434134921542,0.02327137856309385
827.3378896482748,0.022826015308305043,0.023273378896482746
827.5379229871645,0.02597903945572859,0.023275379229871645
827.7379563260544,0.030407809058218587,0.023277379563260543
827.9379896649442,0.023313218768602654,0.02327937989664944
828.138023003834,0.02823247061422357,0.02328138023003834
828.3380563427238,0.03639025842159477,0.023283380563427238
828.5380896816137,0.026335857794934414,0.023285380896816137
828.7381230205034,0.025780604078243258,0.02328738123020503
828.9381563593932,0.01113809496287339,0.023289381563593933
829.1381896982831,0.0022455408023503223,0.02329138189698283
829.3382230371728,0.026400388064213076,0.02329338223037173
829.5382563760627,0.022536788713513646,0.023295382563760625
829.7382897149525,0.019179121497831592,0.023297382897149527
829.9383230538423,0.025247624864029178,0.02329938323053842
830.1383563927321,0.022818153730352057,0.023301383563927323
830.338389731622,0.032325625902387405,0.02330338389731622
830.5384230705118,0.023994271176776945,0.02330538423070512
830.7384564094016,0.017331998283532674,0.023307384564094015
830.9384897482914,0.031230714809157227,0.023309384897482917
831.1385230871813,0.02157433663130219,0.02331138523087181
831.338556426071,0.027525679033639165,0.02331338556426071
831.5385897649609,0.019496100248107204,0.02331538589764961
831.7386231038507,0.018118771147059017,0.023317386231038507
831.9386564427405,0.023992732405912973,0.023319386564427405
832.1386897816303,0.023424016046165785,0.023321386897816303
832.3387231205202,0.027162003514139867,0.023323387231205202
832.5387564594099,0.021176221538116158,0.023325387564594097
832.7387897982998,0.00863650962781982,0.023327387897983
832.9388231371896,0.019867197162664788,0.023329388231371897
833.1388564760794,0.02968193630191132,0.023331388564760795
833.3388898149692,0.02095438026420484,0.02333338889814969
833.5389231538591,0.02136432201142221,0.023335389231538592
833.7389564927488,0.031228401612174984,0.023337389564927487
833.9389898316387,0.017643604080245005,0.02333938989831639
834.1390231705285,0.010998964485762085,0.023341390231705283
834.3390565094182,0.022058341608890225,0.023343390565094182
834.5390898483081,0.019471999288493184,0.02334539089848308
834.739123187198,0.01561742067384595,0.023347391231871982
834.9391565260877,0.02194636391807135,0.023349391565260877
835.1391898649775,0.027283437076624045,0.023351391898649775
835.3392232038674,0.023279083739496147,0.023353392232038674
835.5392565427571,0.025811241146917473,0.023355392565427572
835.739289881647,0.037864654486939854,0.02335739289881647
835.9393232205368,0.020616362339744856,0.02335939323220537
836.1393565594266,0.025588182642751624,0.023361393565594267
836.3393898983164,0.019289686998190086,0.023363393898983162
836.5394232372063,0.01659451647327628,0.023365394232372064
836.739456576096,0.0186881333384188,0.02336739456576096
836.9394899149859,0.01953932632697635,0.02336939489914986
837.1395232538757,0.02624720161291576,0.023371395232538755
837.3395565927655,0.04216600185953372,0.023373395565927657
837.5395899316553,0.017647048409109828,0.023375395899316552
837.7396232705452,0.020044393787781754,0.023377396232705454
837.9396566094349,0.022874412461204363,0.02337939656609435
838.1396899483248,0.026547787689161224,0.023381396899483247
838.3397232872146,0.025491803728510426,0.023383397232872145
838.5397566261043,0.033658163917845985,0.023385397566261044
838.7397899649942,0.003976261335368277,0.023387397899649942
838.939823303884,0.004293959271473458,0.02338939823303884
839.1398566427738,0.019424373190346546,0.02339139856642774
839.3398899816636,0.0321718004001663,0.023393398899816637
839.5399233205535,0.010870214980360764,0.023395399233205535
839.7399566594432,0.0,0.02339739956659443
839.9399899983331,0.027968835149737,0.023399399899983332
840.1400233372229,0.02535065802299394,0.023401400233372227
840.3400566761127,0.014681733312365691,0.02340340056676113
840.5400900150025,0.015521084094382584,0.023405400900150024
840.7401233538924,0.01564945147646153,0.023407401233538926
840.9401566927821,0.02429368410671934,0.02340940156692782
841.140190031672,0.018400879690852665,0.023411401900316722
841.3402233705618,0.027365913585509775,0.023413402233705617
841.5402567094516,0.0005783892638593878,0.023415402567094516
841.7402900483414,0.01656258797946102,0.023417402900483414
841.9403233872313,0.01441097154658391,0.023419403233872312
842.140356726121,0.021370678140281273,0.02342140356726121
842.3403900650109,0.019119021832729,0.02342340390065011
842.5404234039007,0.029808154473205138,0.023425404234039007
842.7404567427905,0.008552710394147442,0.023427404567427902
842.9404900816803,0.02379333671146282,0.023429404900816804
843.1405234205702,0.027898096619899348,0.023431405234205702
843.3405567594599,0.038286585060090236,0.0234334055675946
843.5405900983498,0.019581278132235695,0.023435405900983496
843.7406234372396,0.026033075069192533,0.023437406234372397
843.9406567761293,0.009008504227262373,0.023439406567761292
844.1406901150192,0.004305757266646004,0.023441406901150194
844.340723453909,0.03020160224079269,0.02344340723453909
844.5407567927988,0.023400925218743422,0.023445407567927987
844.7407901316886,0.03287550941970427,0.023447407901316886
844.9408234705785,0.012462185122947793,0.023449408234705788
845.1408568094682,0.0276106256843247,0.023451408568094682
845.3408901483581,0.038403951625834404,0.02345340890148358
845.5409234872479,0.026813054101730606,0.02345540923487248
845.7409568261377,0.025670061612989768,0.023457409568261377
845.9409901650275,0.023527858548245073,0.023459409901650276
846.1410235039174,0.010894358578031876,0.023461410235039174
846.3410568428071,0.034307994054110856,0.023463410568428072
846.541090181697,0.01857854978337644,0.023465410901816967
846.7411235205868,0.027503277286270004,0.02346741123520587
846.9411568594766,0.010965137116024735,0.023469411568594764
847.1411901983664,0.014035734585921422,0.023471411901983666
847.3412235372563,0.03495411142915045,0.02347341223537256
847.541256876146,0.02069699425709872,0.023475412568761463
847.7412902150359,0.03510361671049071,0.023477412902150357
847.9413235539257,0.022853567963071118,0.02347941323553926
848.1413568928155,0.008746231385265296,0.023481413568928154
848.3413902317053,0.03061995470017082,0.023483413902317053
848.5414235705952,0.01876627569366109,0.02348541423570595
848.7414569094849,0.029076925077231197,0.02348741456909485
848.9414902483747,0.023691101842804405,0.023489414902483748
849.1415235872646,0.011146469412329683,0.023491415235872646
849.3415569261543,0.024807773692226098,0.023493415569261544
849.5415902650442,0.04106520103987284,0.023495415902650443
849.741623603934,0.027441307904155013,0.02349741623603934
849.9416569428238,0.02303927454538453,0.023499416569428236
850.1416902817136,0.03210416411847232,0.023501416902817138
850.3417236206035,0.025188764957830918,0.023503417236206033
850.5417569594932,0.02518169141169729,0.023505417569594934
850.7417902983831,0.014774416525711008,0.02350741790298383
850.9418236372729,0.025380202442689518,0.02350941823637273
851.1418569761627,0.031794965901097184,0.023511418569761626
851.3418903150525,0.01682492168635033,0.023513418903150528
851.5419236539424,0.034911385806515004,0.023515419236539423
851.7419569928321,0.022783771376767313,0.02351741956992832
851.941990331722,0.016417263811008893,0.02351941990331722
852.1420236706118,0.03150247685206807,0.023521420236706118
852.3420570095016,0.021229066684188863,0.023523420570095016
852.5420903483914,0.029601540003372777,0.023525420903483914
852.7421236872813,0.021193352178804515,0.023527421236872813
852.9421570261711,0.023050812422022483,0.02352942157026171
853.1421903650609,0.027479903538324944,0.02353142190365061
853.3422237039507,0.025860598697759554,0.023533422237039508
853.5422570428406,0.007571168326814499,0.023535422570428406
853.7422903817303,0.014567472983062166,0.0235374229038173
853.9423237206202,0.03097470311553273,0.023539423237206203
854.14235705951,0.02248433085938272,0.023541423570595098
854.3423903983997,0.019353573481812623,0.023543423903984
854.5424237372896,0.0126768321153131,0.023545424237372894
854.7424570761794,0.01490953400055501,0.023547424570761796
854.9424904150692,0.0073750357844551105,0.02354942490415069
855.142523753959,0.02274117948792733,0.023551425237539593
855.3425570928489,0.01876592492628011,0.023553425570928488
855.5425904317386,0.015822722776434865,0.023555425904317386
855.7426237706285,0.02301243883636266,0.023557426237706285
855.9426571095183,0.026471191617917087,0.023559426571095183
856.1426904484081,0.04030701036216364,0.02356142690448408
856.3427237872979,0.01146835988136727,0.02356342723787298
856.5427571261878,0.032840475917666055,0.023565427571261878
856.7427904650775,0.03135224039277135,0.023567427904650773
856.9428238039674,0.017336686323026068,0.023569428238039675
857.1428571428572,0.02519731620811682,0.023571428571428573
857.342890481747,0.019912362910116548,0.02357342890481747
857.5429238206368,0.025060937881556278,0.023575429238206366
857.7429571595267,0.03565047767883167,0.023577429571595268
857.9429904984164,0.028424279766034666,0.023579429904984163
858.1430238373063,0.027650297224240603,0.023581430238373065
858.3430571761961,0.02014095601212482,0.02358343057176196
858.5430905150859,0.011712977585756176,0.023585430905150858
858.7431238539757,0.021919685554216493,0.023587431238539756
858.9431571928656,0.03324229681083998,0.023589431571928658
859.1431905317553,0.011374089052600372,0.023591431905317553
859.3432238706451,0.015152717293292891,0.02359343223870645
859.543257209535,0.024605574461967896,0.02359543257209535
859.7432905484247,0.01572019462670615,0.023597432905484248
859.9433238873146,0.017259245661951444,0.023599433238873146
860.1433572262044,0.020212644918436627,0.023601433572262045
860.3433905650942,0.012678494672129748,0.023603433905650943
860.543423903984,0.01581245946930889,0.023605434239039838
860.7434572428739,0.02923485790672721,0.02360743457242874
860.9434905817636,0.013150476647969922,0.023609434905817635
861.1435239206535,0.010828458163247835,0.023611435239206537
861.3435572595433,0.018573235736324276,0.02361343557259543
861.5435905984331,0.0294710799260631,0.023615435905984333
861.7436239373229,0.022042061775398112,0.023617436239373228
861.9436572762128,0.019902787947837182,0.02361943657276213
862.1436906151025,0.02397630728627588,0.023621436906151025
862.3437239539924,0.009657777776662707,0.023623437239539923
862.5437572928822,0.027583082803129082,0.02362543757292882
862.743790631772,0.026694918157546873,0.02362743790631772
862.9438239706618,0.02035497044694085,0.02362943823970662
863.1438573095517,0.03167883466746685,0.023631438573095517
863.3438906484414,0.014613470114860106,0.023633438906484415
863.5439239873313,0.03265871118590187,0.023635439239873313
863.7439573262211,0.02487338889802422,0.02363743957326221
863.9439906651108,0.020947019187625718,0.023639439906651107
864.1440240040007,0.023482451157093517,0.02364144024004001
864.3440573428906,0.02278532244694137,0.023643440573428903
864.5440906817803,0.033407704078159545,0.023645440906817805
864.7441240206701,0.015034008220438592,0.0236474412402067
864.94415735956,0.017549287660422817,0.023649441573595602
865.1441906984497,0.03194186504356433,0.023651441906984497
865.3442240373396,0.018889162758902525,0.0236534422403734
865.5442573762294,0.03085970719241503,0.023655442573762293
865.7442907151192,0.03725293077122087,0.02365744290715119
865.944324054009,0.02044508302500702,0.02365944324054009
866.1443573928989,0.029112342186531432,0.02366144357392899
866.3443907317886,0.014433905656599019,0.023663443907317887
866.5444240706785,0.02970331062524926,0.023665444240706785
866.7444574095683,0.02526283646198982,0.023667444574095683
866.9444907484581,0.0274537511647663,0.02366944490748458
867.1445240873479,0.01850686866459032,0.02367144524087348
867.3445574262378,0.010384778249724998,0.02367344557426238
867.5445907651275,0.027701462425647316,0.023675445907651277
867.7446241040174,0.007170221021204536,0.023677446241040172
867.9446574429072,0.021140642636488793,0.023679446574429074
868.144690781797,0.031210901839177727,0.02368144690781797
868.3447241206868,0.02521862912819116,0.02368344724120687
868.5447574595767,0.03927218873291427,0.023685447574595765
868.7447907984664,0.031888321128638854,0.023687447907984664
868.9448241373562,0.01845826113476895,0.023689448241373562
869.1448574762461,0.023909955613573973,0.023691448574762464
869.3448908151358,0.02331448328779587,0.02369344890815136
869.5449241540257,0.01103803513477124,0.023695449241540257
869.7449574929155,0.01617425824305433,0.023697449574929155
869.9449908318053,0.019213362652479173,0.023699449908318054
870.1450241706951,0.007411686218859459,0.023701450241706952
870.345057509585,0.024083398321108992,0.02370345057509585
870.5450908484747,0.021712876151260423,0.02370545090848475
870.7451241873646,0.010324300031381049,0.023707451241873644
870.9451575262544,0.026943154497481202,0.023709451575262545
871.1451908651442,0.029438433866179115,0.02371145190865144
871.345224204034,0.025529728072959453,0.023713452242040342
871.5452575429239,0.021122907173757477,0.023715452575429237
871.7452908818136,0.028448990122832977,0.02371745290881814
871.9453242207035,0.029161216126020562,0.023719453242207034
872.1453575595933,0.026180682133353443,0.023721453575595935
872.3453908984831,0.01712655590550674,0.02372345390898483
872.5454242373729,0.025938260366463173,0.02372545424237373
872.7454575762628,0.03329129978236646,0.023727454575762627
872.9454909151525,0.018956422440257685,0.023729454909151525
873.1455242540424,0.040514969955599875,0.023731455242540424
873.3455575929322,0.019528408104046248,0.023733455575929322
873.545590931822,0.02399471201603931,0.02373545590931822
873.7456242707118,0.01835757147465643,0.02373745624270712
873.9456576096017,0.025525623263458103,0.023739456576096017
874.1456909484914,0.00980368336840271,0.023741456909484912
874.3457242873812,0.019375122852340044,0.023743457242873814
874.5457576262711,0.01500848797347417,0.02374545757626271
874.745790965161,0.02483016469278994,0.02374745790965161
874.9458243040507,0.03170503724711177,0.023749458243040505
875.1458576429405,0.02891950807334582,0.023751458576429407
875.3458909818304,0.004780184022947165,0.023753458909818302
875.5459243207201,0.04009201646663024,0.023755459243207204
875.74595765961,0.026119699101563046,0.0237574595765961
875.9459909984998,0.017547466786040997,0.023759459909985
876.1460243373896,0.025018483595301424,0.023761460243373896
876.3460576762794,0.025172979156784334,0.023763460576762794
876.5460910151693,0.018430671174539184,0.023765460910151692
876.746124354059,0.025350794582277195,0.02376746124354059
876.9461576929489,0.01890968327596703,0.02376946157692949
877.1461910318387,0.020536565968798205,0.023771461910318387
877.3462243707285,0.01828322915766661,0.023773462243707286
877.5462577096183,0.012314092259178962,0.023775462577096184
877.7462910485082,0.024944154672208153,0.023777462910485082
877.9463243873979,0.02846185873600468,0.023779463243873977
878.1463577262878,0.027900532345873856,0.02378146357726288
878.3463910651776,0.03034286593173365,0.023783463910651774
878.5464244040674,0.02638018592415962,0.023785464244040676
878.7464577429572,0.019525660591694343,0.02378746457742957
878.9464910818471,0.030506775826267984,0.023789464910818472
879.1465244207368,0.012931324925471888,0.023791465244207367
879.3465577596266,0.01658809451749643,0.02379346557759627
879.5465910985165,0.016081865339599207,0.023795465910985164
879.7466244374062,0.032437914717488546,0.023797466244374062
879.9466577762961,0.03134177469088357,0.02379946657776296
880.146691115186,0.027699908807511817,0.02380146691115186
880.3467244540757,0.032378906166235136,0.023803467244540757
880.5467577929655,0.016771205318633752,0.023805467577929656
880.7467911318554,0.026596228870206396,0.023807467911318554
880.9468244707451,0.022808072817642137,0.02380946824470745
881.146857809635,0.030586525409175662,0.02381146857809635
881.3468911485248,0.022891675051067668,0.02381346891148525
881.5469244874146,0.020735926137593497,0.023815469244874148
881.7469578263044,0.02814473772675096,0.023817469578263042
881.9469911651943,0.030828823249181805,0.023819469911651944
882.147024504084,0.018474708686266425,0.02382147024504084
882.3470578429739,0.02333486520761073,0.02382347057842974
882.5470911818637,0.015357945842685414,0.023825470911818636
882.7471245207535,0.0038429831052640175,0.023827471245207534
882.9471578596433,0.025433148629906265,0.023829471578596433
883.1471911985332,0.02870271476202239,0.023831471911985334
883.3472245374229,0.025930006718068034,0.02383347224537423
883.5472578763128,0.00823897883672819,0.023835472578763128
883.7472912152026,0.021030677471540228,0.023837472912152026
883.9473245540923,0.006092691165132273,0.023839473245540924
884.1473578929822,0.034799082440163304,0.023841473578929823
884.347391231872,0.015155037255374032,0.02384347391231872
884.5474245707618,0.03388870312138679,0.02384547424570762
884.7474579096516,0.031414431728569676,0.023847474579096514
884.9474912485415,0.016644752092196922,0.023849474912485416
885.1475245874312,0.01478919563573235,0.02385147524587431
885.3475579263211,0.026656437310353918,0.023853475579263213
885.5475912652109,0.01710088361518754,0.023855475912652108
885.7476246041007,0.02467735338330667,0.02385747624604101
885.9476579429905,0.019996855852974556,0.023859476579429904
886.1476912818804,0.009612209597093739,0.023861476912818806
886.3477246207701,0.006019733093212028,0.0238634772462077
886.54775795966,0.025678951567553378,0.0238654775795966
886.7477912985498,0.019375015942340493,0.023867477912985498
886.9478246374396,0.019444759711061337,0.023869478246374396
887.1478579763294,0.029438389292513578,0.023871478579763294
887.3478913152193,0.03326101712621175,0.023873478913152193
887.547924654109,0.021695121475646617,0.02387547924654109
887.7479579929989,0.021152689924651098,0.02387747957992999
887.9479913318887,0.027880624178229958,0.023879479913318888
888.1480246707785,0.01302599568911118,0.023881480246707783
888.3480580096683,0.02566870501807826,0.023883480580096685
888.5480913485582,0.028300568688062813,0.02388548091348558
888.7481246874479,0.029329322914215514,0.02388748124687448
888.9481580263378,0.008395459960243656,0.023889481580263376
889.1481913652276,0.01780063975518075,0.023891481913652278
889.3482247041173,0.01686737622445344,0.023893482247041173
889.5482580430072,0.02469457821570378,0.023895482580430075
889.748291381897,0.02774343955196284,0.02389748291381897
889.9483247207868,0.03587316650677572,0.023899483247207868
890.1483580596766,0.019941759737652182,0.023901483580596766
890.3483913985665,0.019922903927511955,0.023903483913985665
890.5484247374562,0.03310286039840454,0.023905484247374563
890.7484580763461,0.0262801000890059,0.02390748458076346
890.9484914152359,0.03405069700365615,0.02390948491415236
891.1485247541257,0.026221309271619947,0.023911485247541255
891.3485580930155,0.01465655263122399,0.023913485580930156
891.5485914319054,0.013250459076096602,0.023915485914319055
891.7486247707951,0.011505388255236521,0.023917486247707953
891.948658109685,0.029215901259164633,0.023919486581096848
892.1486914485748,0.03343026149918182,0.02392148691448575
892.3487247874646,0.038718384378965694,0.023923487247874645
892.5487581263544,0.03067033023984947,0.023925487581263546
892.7487914652443,0.03323019653493233,0.02392748791465244
892.948824804134,0.019289357586811863,0.02392948824804134
893.1488581430239,0.014680162047479383,0.023931488581430238
893.3488914819137,0.030734123574159566,0.02393348891481914
893.5489248208034,0.02727693526612324,0.023935489248208035
893.7489581596933,0.024797044576324073,0.023937489581596933
893.9489914985832,0.027038461760049752,0.02393948991498583
894.1490248374729,0.026526974108040377,0.02394149024837473
894.3490581763627,0.034214025460592115,0.023943490581763628
894.5490915152526,0.034305375593688174,0.023945490915152527
894.7491248541423,0.028301254067264203,0.023947491248541425
894.9491581930322,0.030715914562433746,0.02394949158193032
895.149191531922,0.02806399233471743,0.02395149191531922
895.3492248708118,0.020264134392431164,0.023953492248708116
895.5492582097016,0.03000800998140214,0.023955492582097018
895.7492915485915,0.012801532364611819,0.023957492915485913
895.9493248874812,0.03239062566724188,0.023959493248874815
896.1493582263711,0.014405310064135429,0.02396149358226371
896.3493915652609,0.026249920210010474,0.02396349391565261
896.5494249041507,0.017204262581632233,0.023965494249041507
896.7494582430405,0.02839460644702582,0.023967494582430405
896.9494915819304,0.02369809310839603,0.023969494915819303
897.1495249208202,0.011213447583901543,0.0239714952492082
897.34955825971,0.02733909263074493,0.0239734955825971
897.5495915985998,0.019352129701324314,0.023975495915986
897.7496249374897,0.03102667001588185,0.023977496249374897
897.9496582763794,0.023990102092639052,0.023979496582763795
898.1496916152693,0.027144864799257,0.023981496916152693
898.3497249541591,0.016322945609419895,0.02398349724954159
898.5497582930489,0.019270839731511596,0.02398549758293049
898.7497916319387,0.02031838882751071,0.023987497916319385
898.9498249708286,0.030843118091648733,0.023989498249708287
899.1498583097183,0.037410515285541096,0.02399149858309718
899.3498916486081,0.017552124902543074,0.023993498916486083
899.549924987498,0.032610284407136425,0.02399549924987498
899.7499583263877,0.006640080241458263,0.02399749958326388
899.9499916652776,0.01444598470791446,0.023999499916652775
900.1500250041674,0.016331272600547477,0.024001500250041677
900.3500583430572,0.013183431067904794,0.024003500583430572
900.550091681947,0.01133679379851883,0.02400550091681947
900.7501250208369,0.02731149254731075,0.02400750125020837
900.9501583597266,0.022296960001774377,0.024009501583597267
901.1501916986165,0.027046745097827042,0.024011501916986165
901.3502250375063,0.029537283739347168,0.024013502250375064
901.5502583763961,0.02614043852914423,0.024015502583763962
901.7502917152859,0.02927960832635585,0.02401750291715286
901.9503250541758,0.023463244960603605,0.02401950325054176
902.1503583930655,0.014525556477484696,0.024021503583930653
902.3503917319554,0.03248601736388593,0.024023503917319555
902.5504250708452,0.019312607188459435,0.02402550425070845
902.750458409735,0.016542734193997946,0.024027504584097352
902.9504917486248,0.02260616191105106,0.024029504917486247
903.1505250875147,0.016729017896503044,0.02403150525087515
903.3505584264044,0.020694062528348586,0.024033505584264044
903.5505917652943,0.026787937290160675,0.024035505917652942
903.7506251041841,0.026824240165010855,0.02403750625104184
903.9506584430738,0.016856866053025703,0.02403950658443074
904.1506917819637,0.02013986393422968,0.024041506917819637
904.3507251208536,0.032638171289370486,0.024043507251208535
904.5507584597433,0.028016708526468963,0.024045507584597434
904.7507917986331,0.04064802823277466,0.024047507917986332
904.950825137523,0.033490533641307454,0.02404950825137523
905.1508584764127,0.03320585313324364,0.024051508584764125
905.3508918153026,0.01295056051450661,0.024053508918153027
905.5509251541924,0.030166392064609304,0.024055509251541925
905.7509584930822,0.02363265517135554,0.024057509584930824
905.950991831972,0.01965165549001372,0.02405950991831972
906.1510251708619,0.02540563297596885,0.02406151025170862
906.3510585097516,0.03162520286198939,0.024063510585097515
906.5510918486415,0.02807216364652011,0.024065510918486417
906.7511251875313,0.017039720841138833,0.024067511251875312
906.9511585264211,0.03000918289400517,0.02406951158526421
907.1511918653109,0.0189708115820454,0.02407151191865311
907.3512252042008,0.0258069772037563,0.024073512252042007
907.5512585430905,0.021648712045613833,0.024075512585430905
907.7512918819804,0.0223265829049348,0.024077512918819804
907.9513252208702,0.03020945705253278,0.024079513252208702
908.15135855976,0.015759963827070417,0.0240815135855976
908.3513918986498,0.03964507451320196,0.0240835139189865
908.5514252375397,0.009516825698019427,0.024085514252375397
908.7514585764294,0.01930617311972544,0.024087514585764296
908.9514919153193,0.02705121003868712,0.02408951491915319
909.1515252542091,0.02876602858402457,0.024091515252542092
909.3515585930988,0.023289709821357345,0.024093515585930987
909.5515919319887,0.02363639029530755,0.02409551591931989
909.7516252708785,0.027381916935329716,0.024097516252708784
909.9516586097683,0.022250960766436245,0.024099516586097686
910.1516919486581,0.035246966982965824,0.02410151691948658
910.351725287548,0.0308183101667283,0.024103517252875482
910.5517586264377,0.031088112394309454,0.024105517586264377
910.7517919653276,0.01637826413268994,0.024107517919653276
910.9518253042174,0.02347441085779655,0.024109518253042174
911.1518586431072,0.021707790996665442,0.024111518586431072
911.351891981997,0.016068707914304245,0.02411351891981997
911.5519253208869,0.026996832724775006,0.02411551925320887
911.7519586597766,0.019816353524359235,0.024117519586597767
911.9519919986665,0.029362750558788564,0.024119519919986666
912.1520253375563,0.01555998775022091,0.024121520253375564
912.3520586764461,0.03787584548949903,0.02412352058676446
912.5520920153359,0.016954859651416868,0.02412552092015336
912.7521253542258,0.025881939951145745,0.024127521253542256
912.9521586931155,0.030464396070035697,0.024129521586931157
913.1521920320054,0.01956639847871915,0.024131521920320052
913.3522253708952,0.030953271401172558,0.024133522253708954
913.552258709785,0.01430205380469452,0.02413552258709785
913.7522920486748,0.03575446451394723,0.024137522920486747
913.9523253875647,0.024252717373601712,0.024139523253875646
914.1523587264544,0.01937023232351351,0.024141523587264544
914.3523920653442,0.021750069741233967,0.024143523920653442
914.5524254042341,0.030616878409184096,0.02414552425404234
914.7524587431238,0.019471882252627734,0.02414752458743124
914.9524920820137,0.018154663405437917,0.024149524920820137
915.1525254209035,0.02237923247353913,0.024151525254209036
915.3525587597933,0.014737828685438185,0.02415352558759793
915.5525920986831,0.038719877184521356,0.024155525920986833
915.752625437573,0.019626369524657947,0.02415752625437573
915.9526587764627,0.03081246087720786,0.02415952658776463
916.1526921153526,0.025837287590335704,0.024161526921153524
916.3527254542424,0.016287254850686682,0.024163527254542426
916.5527587931322,0.024117889914229487,0.02416552758793132
916.752792132022,0.030439550155806207,0.024167527921320223
916.9528254709119,0.022663437574018664,0.024169528254709118
917.1528588098016,0.03371643215490624,0.024171528588098016
917.3528921486915,0.03234565206374183,0.024173528921486914
917.5529254875813,0.03152684809214245,0.024175529254875813
917.7529588264711,0.020500275410080735,0.02417752958826471
917.9529921653609,0.015540790339401714,0.02417952992165361
918.1530255042508,0.019272829412140154,0.024181530255042508
918.3530588431405,0.02575345811376517,0.024183530588431406
918.5530921820304,0.02855182463007915,0.024185530921820304
918.7531255209202,0.006814960017125622,0.024187531255209203
918.95315885981,0.024124625975704098,0.0241895315885981
919.1531921986998,0.02545624572457247,0.024191531921986996
919.3532255375897,0.021973178204851486,0.024193532255375898
919.5532588764795,0.03452572330089183,0.024195532588764796
919.7532922153692,0.02757177351616066,0.024197532922153694
919.9533255542591,0.03468106852018976,0.02419953325554259
920.153358893149,0.022473849426129632,0.02420153358893149
920.3533922320387,0.031703353862375785,0.024203533922320386
920.5534255709285,0.03728606541192944,0.024205534255709288
920.7534589098184,0.03470108218327947,0.024207534589098183
920.9534922487081,0.015472402175057217,0.02420953492248708
921.153525587598,0.022182126635536932,0.02421153525587598
921.3535589264878,0.021452217945666506,0.024213535589264878
921.5535922653776,0.028129572203264397,0.024215535922653776
921.7536256042674,0.02970836469615894,0.024217536256042674
921.9536589431573,0.017508395197225683,0.024219536589431573
922.153692282047,0.024764245034155974,0.02422153692282047
922.3537256209369,0.00806411859896028,0.02422353725620937
922.5537589598267,0.035761097636013386,0.024225537589598268
922.7537922987165,0.02012854399757362,0.024227537922987166
922.9538256376063,0.024676449775132038,0.02422953825637606
923.1538589764962,0.021754340877860472,0.024231538589764963
923.3538923153859,0.03340175952326118,0.024233538923153858
923.5539256542758,0.001535487725363726,0.02423553925654276
923.7539589931656,0.02410465685132438,0.024237539589931655
923.9539923320553,0.02339298986333897,0.024239539923320553
924.1540256709452,0.020612449155975987,0.02424154025670945
924.354059009835,0.03805335295518342,0.024243540590098353
924.5540923487248,0.01714690525264108,0.024245540923487248
924.7541256876146,0.030421910674761438,0.024247541256876146
924.9541590265045,0.027099563899913713,0.024249541590265045
925.1541923653942,0.034343695943938074,0.024251541923653943
925.3542257042841,0.018916029578822796,0.02425354225704284
925.5542590431739,0.018391791397441667,0.02425554259043174
925.7542923820637,0.03302610218363983,0.024257542923820638
925.9543257209535,0.02766211372385042,0.024259543257209536
926.1543590598434,0.011902044817184366,0.024261543590598435
926.3543923987331,0.019949103808281167,0.02426354392398733
926.554425737623,0.02735660548816072,0.02426554425737623
926.7544590765128,0.03096965836313784,0.024267544590765126
926.9544924154026,0.01883569969861039,0.024269544924154028
927.1545257542924,0.0009574973390073932,0.024271545257542923
927.3545590931823,0.02845933107682809,0.024273545590931825
927.554592432072,0.014512980404768913,0.02427554592432072
927.7546257709619,0.008138835872730326,0.024277546257709618
927.9546591098517,0.001620939191225388,0.024279546591098516
928.1546924487415,0.030793393806069345,0.024281546924487415
928.3547257876313,0.025312486861116045,0.024283547257876313
928.5547591265212,0.0224802965455672,0.02428554759126521
928.7547924654109,0.0353997428283562,0.02428754792465411
928.9548258043008,0.029388145722227588,0.024289548258043008
929.1548591431906,0.03722194893320724,0.024291548591431907
929.3548924820803,0.01315166514748483,0.0242935489248208
929.5549258209702,0.024019144266577995,0.024295549258209703
929.75495915986,0.011363842592014483,0.024297549591598598
929.9549924987498,0.02246449127014376,0.0242995499249875
930.1550258376396,0.022312623428242976,0.024301550258376395
930.3550591765295,0.029316459689869862,0.024303550591765297
930.5550925154192,0.02467006197428938,0.02430555092515419
930.7551258543091,0.029294808364782418,0.024307551258543093
930.9551591931989,0.02993707265704314,0.024309551591931988
931.1551925320887,0.04155098134438602,0.024311551925320887
931.3552258709785,0.02179117901642079,0.024313552258709785
931.5552592098684,0.01678737098676765,0.024315552592098683
931.7552925487581,0.02628622184801885,0.02431755292548758
931.955325887648,0.017901313041760132,0.02431955325887648
932.1553592265378,0.036177239739757665,0.02432155359226538
932.3553925654276,0.022057809614092417,0.024323553925654277
932.5554259043174,0.019800943316051253,0.024325554259043175
932.7554592432073,0.02055702882322313,0.024327554592432073
932.955492582097,0.0300768943135941,0.02432955492582097
933.1555259209869,0.023069579393357985,0.024331555259209867
933.3555592598767,0.01920022103155571,0.02433355559259877
933.5555925987665,0.03765837126697591,0.024335555925987663
933.7556259376563,0.017488197534082563,0.024337556259376565
933.9556592765462,0.02462408518502941,0.02433955659276546
934.1556926154359,0.029560006139036202,0.02434155692615436
934.3557259543257,0.01129287637620667,0.024343557259543257
934.5557592932156,0.028187641604179556,0.02434555759293216
934.7557926321053,0.01590669652247746,0.024347557926321053
934.9558259709952,0.03093182050638197,0.024349558259709952
935.155859309885,0.01665035049774704,0.02435155859309885
935.3558926487748,0.029895711181278633,0.02435355892648775
935.5559259876646,0.033202223790234346,0.024355559259876647
935.7559593265545,0.031249051798327983,0.024357559593265545
935.9559926654442,0.026370093112559265,0.024359559926654444
936.1560260043341,0.022511152716605747,0.024361560260043342
936.3560593432239,0.01975220398275349,0.02436356059343224
936.5560926821137,0.036133838453357964,0.024365560926821135
936.7561260210035,0.01877159949886889,0.024367561260210037
936.9561593598934,0.016073033005038963,0.024369561593598932
937.1561926987831,0.029694513407250475,0.024371561926987834
937.356226037673,0.018004467834884765,0.02437356226037673
937.5562593765628,0.01677505461403661,0.02437556259376563
937.7562927154526,0.012828728829796406,0.024377562927154525
937.9563260543424,0.020516284544859282,0.024379563260543424
938.1563593932323,0.023719843402760378,0.024381563593932322
938.356392732122,0.02632829774860681,0.02438356392732122
938.5564260710119,0.031996014215105985,0.02438556426071012
938.7564594099017,0.028602747983425367,0.024387564594099017
938.9564927487914,0.022862587171062477,0.024389564927487915
939.1565260876813,0.022805999849839054,0.024391565260876814
939.3565594265712,0.02847482534558718,0.024393565594265712
939.5565927654609,0.034576127231083165,0.024395565927654607
939.7566261043507,0.02540807985690911,0.02439756626104351
939.9566594432406,0.020646519760749132,0.024399566594432404
940.1566927821303,0.01645863891913694,0.024401566927821305
940.3567261210202,0.012841925145912396,0.0244035672612102
940.55675945991,0.029735724970947286,0.024405567594599102
940.7567927987998,0.029031396117104456,0.024407567927987997
940.9568261376896,0.029028476462230193,0.0244095682613769
941.1568594765795,0.023382293023949348,0.024411568594765794
941.3568928154693,0.0356690468952887,0.024413568928154696
941.5569261543591,0.020542621304865047,0.02441556926154359
941.7569594932489,0.032059723492590134,0.02441756959493249
941.9569928321388,0.024109626768405043,0.024419569928321387
942.1570261710285,0.019554764144275587,0.024421570261710285
942.3570595099184,0.029163813053641276,0.024423570595099184
942.5570928488082,0.027702659877960032,0.024425570928488082
942.757126187698,0.027283353336012388,0.02442757126187698
942.9571595265878,0.02507979897171547,0.02442957159526588
943.1571928654777,0.02412842727492013,0.024431571928654777
943.3572262043674,0.043540548205007176,0.024433572262043672
943.5572595432573,0.03390962575700196,0.024435572595432574
943.7572928821471,0.030220188088705566,0.02443757292882147
943.9573262210369,0.025333966527837478,0.02443957326221037
944.1573595599267,0.03249883120037262,0.024441573595599266
944.3573928988166,0.028587532140119783,0.024443573928988167
944.5574262377063,0.024655212284569347,0.024445574262377062
944.7574595765961,0.022019059993638644,0.024447574595765964
944.957492915486,0.02380223622785335,0.02444957492915486
945.1575262543757,0.0,0.024451575262543757
945.3575595932656,0.02613838231031379,0.024453575595932656
945.5575929321554,0.020547767288438677,0.024455575929321554
945.7576262710452,0.037198936248973524,0.024457576262710452
945.957659609935,0.024614329162593384,0.02445957659609935
946.1576929488249,0.014949869573208555,0.02446157692948825
946.3577262877146,0.0240645360298522,0.024463577262877144
946.5577596266045,0.01609660891576601,0.024465577596266046
946.7577929654943,0.028254837255354676,0.024467577929654944
946.9578263043841,0.026797157177759726,0.024469578263043842
947.1578596432739,0.03213429564529888,0.024471578596432737
947.3578929821638,0.018146524596265118,0.02447357892982164
947.5579263210535,0.02474764403303571,0.024475579263210534
947.7579596599434,0.013557405233186354,0.024477579596599436
947.9579929988332,0.030091538185386048,0.02447957992998833
948.158026337723,0.028632549706898207,0.02448158026337723
948.3580596766128,0.028450020764986695,0.024483580596766127
948.5580930155027,0.024498533181010557,0.02448558093015503
948.7581263543924,0.02780576438985425,0.024487581263543924
948.9581596932823,0.03732429446340159,0.024489581596932822
949.1581930321721,0.02221082787398561,0.02449158193032172
949.3582263710618,0.025602743733391296,0.02449358226371062
949.5582597099517,0.01580657220364824,0.024495582597099518
949.7582930488416,0.017551495237701758,0.024497582930488416
949.9583263877313,0.025282089608623774,0.024499583263877314
950.1583597266211,0.03333305197088147,0.02450158359726621
950.358393065511,0.02245333733664253,0.02450358393065511
950.5584264044007,0.022618252029547016,0.024505584264044006
950.7584597432906,0.02125250264139791,0.024507584597432908
950.9584930821804,0.020231531564067217,0.024509584930821803
951.1585264210702,0.026871356909881277,0.024511585264210704
951.35855975996,0.012535524436170443,0.0245135855975996
951.5585930988499,0.03476310254432232,0.0245155859309885
951.7586264377396,0.019194207879341712,0.024517586264377396
951.9586597766295,0.030294814481271425,0.024519586597766294
952.1586931155193,0.014361598152004185,0.024521586931155193
952.3587264544091,0.029874308308913834,0.02452358726454409
952.5587597932989,0.029901144460448968,0.02452558759793299
952.7587931321888,0.02760120450736906,0.024527587931321888
952.9588264710785,0.01657416009031245,0.024529588264710786
953.1588598099684,0.0265279741148843,0.024531588598099684
953.3588931488582,0.01506913945361347,0.024533588931488583
953.558926487748,0.022513483224107993,0.024535589264877478
953.7589598266378,0.032772894405908984,0.02453758959826638
953.9589931655277,0.03091320534822121,0.024539589931655274
954.1590265044174,0.02466305380536764,0.024541590265044176
954.3590598433073,0.016745137991050336,0.02454359059843307
954.5590931821971,0.02971029262921552,0.024545590931821973
954.7591265210868,0.024702641166795068,0.024547591265210868
954.9591598599767,0.005987066812756382,0.02454959159859977
955.1591931988665,0.03081263054252081,0.024551591931988664
955.3592265377563,0.024359729594420027,0.024553592265377563
955.5592598766461,0.03417520258263104,0.02455559259876646
955.759293215536,0.01579542878141292,0.02455759293215536
955.9593265544257,0.0,0.024559593265544258
956.1593598933156,0.026794264465694637,0.024561593598933156
956.3593932322054,0.026896103345777838,0.024563593932322055
956.5594265710952,0.011040221244859334,0.02456559426571095
956.759459909985,0.016739598232167002,0.02456759459909985
956.9594932488749,0.04661133688224796,0.02456959493248875
957.1595265877646,0.02212671035264722,0.024571595265877648
957.3595599266545,0.030421267410276273,0.024573595599266543
957.5595932655443,0.019370317313708377,0.024575595932655445
957.7596266044341,0.007855173075219084,0.02457759626604434
957.9596599433239,0.023217530625065996,0.02457959659943324
958.1596932822138,0.022456760450533294,0.024581596932822136
958.3597266211035,0.021384571356864064,0.024583597266211035
958.5597599599934,0.023668470915548794,0.024585597599599933
958.7597932988832,0.026701744106153925,0.024587597932988835
958.959826637773,0.023388662656347276,0.02458959826637773
959.1598599766628,0.014479549256187718,0.024591598599766628
959.3598933155527,0.02848307726565104,0.024593598933155526
959.5599266544424,0.00900062522396504,0.024595599266544425
959.7599599933322,0.008194739941659722,0.024597599599933323
959.9599933322221,0.030513043890934764,0.02459959993332222
960.1600266711118,0.028657762443793974,0.02460160026671112
960.3600600100017,0.024144437679507726,0.024603600600100015
960.5600933488915,0.01344201289544834,0.024605600933488916
960.7601266877813,0.018944313741485207,0.02460760126687781
960.9601600266711,0.02250762761877468,0.024609601600266713
961.160193365561,0.0118444501850627,0.024611601933655608
961.3602267044507,0.018701373002858644,0.02461360226704451
961.5602600433406,0.029834245305846843,0.024615602600433405
961.7602933822304,0.036036045848136036,0.024617602933822307
961.9603267211202,0.021264125245942796,0.0246196032672112
962.16036006001,0.030673510435128885,0.0246216036006001
962.3603933988999,0.00931112336928926,0.024623603933988998
962.5604267377896,0.029901214196286788,0.024625604267377896
962.7604600766795,0.018196017282946945,0.024627604600766795
962.9604934155693,0.027088369867819453,0.024629604934155693
963.160526754459,0.022649585921626917,0.02463160526754459
963.3605600933489,0.03519691767920416,0.02463360560093349
963.5605934322388,0.017640120747603044,0.024635605934322388
963.7606267711286,0.029658456648205933,0.024637606267711287
963.9606601100184,0.022403546894727917,0.024639606601100185
964.1606934489082,0.02337516311041177,0.02464160693448908
964.3607267877981,0.023172776122604304,0.02464360726787798
964.5607601266878,0.017880222765313973,0.024645607601266876
964.7607934655776,0.024534816207402405,0.02464760793465578
964.9608268044675,0.0241484224910701,0.024649608268044673
965.1608601433572,0.02658153058868741,0.024651608601433575
965.3608934822471,0.02532965010036537,0.02465360893482247
965.560926821137,0.03103956566510926,0.02465560926821137
965.7609601600267,0.032045678529979214,0.024657609601600267
965.9609934989165,0.016254623360366753,0.024659609934989165
966.1610268378064,0.031611790273104234,0.024661610268378063
966.3610601766961,0.015172919184888126,0.02466361060176696
966.561093515586,0.02936845804025774,0.02466561093515586
966.7611268544758,0.02962552154616771,0.02466761126854476
966.9611601933656,0.009379076468633623,0.024669611601933657
967.1611935322554,0.025415445907557833,0.024671611935322555
967.3612268711453,0.02092564336182893,0.024673612268711453
967.561260210035,0.018605490538617347,0.02467561260210035
967.7612935489249,0.03548443158108129,0.02467761293548925
967.9613268878147,0.019450180143778792,0.024679613268878145
968.1613602267045,0.018230598169322647,0.024681613602267047
968.3613935655943,0.02528917345569669,0.02468361393565594
968.5614269044842,0.030170332239432177,0.024685614269044844
968.7614602433739,0.023554425914352722,0.02468761460243374
968.9614935822638,0.034020579301176655,0.02468961493582264
969.1615269211536,0.02893942056492426,0.024691615269211535
969.3615602600433,0.007267925044748991,0.024693615602600433
969.5615935989332,0.020459880227933266,0.024695615935989332
969.761626937823,0.020202879474564638,0.02469761626937823
969.9616602767128,0.02853450423020251,0.02469961660276713
970.1616936156026,0.003703080485163133,0.024701616936156027
970.3617269544925,0.0450956949392867,0.024703617269544925
970.5617602933822,0.0289538263620875,0.02470561760293382
970.7617936322721,0.02589863236766425,0.024707617936322722
970.9618269711619,0.03416216000106479,0.02470961826971162
971.1618603100517,0.043460851025601516,0.02471161860310052
971.3618936489415,0.03167959209319664,0.024713618936489413
971.5619269878314,0.03230612404165128,0.024715619269878315
971.7619603267211,0.02576313979898227,0.02471761960326721
971.961993665611,0.023587413909720526,0.024719619936656112
972.1620270045008,0.020915256718005797,0.024721620270045007
972.3620603433906,0.01811472466971757,0.024723620603433905
972.5620936822804,0.019229508139226824,0.024725620936822804
972.7621270211703,0.013923173555467839,0.024727621270211705
972.96216036006,0.024122649998120412,0.0247296216036006
973.1621936989499,0.011254281319178404,0.0247316219369895
973.3622270378397,0.026260954463528084,0.024733622270378397
973.5622603767295,0.02444497773942856,0.024735622603767295
973.7622937156193,0.025913105324249695,0.024737622937156194
973.9623270545092,0.020562570710385152,0.024739623270545092
974.1623603933989,0.04935650656537802,0.02474162360393399
974.3623937322888,0.03562455113876539,0.024743623937322885
974.5624270711786,0.014789284270034005,0.024745624270711787
974.7624604100683,0.02661056930351587,0.024747624604100682
974.9624937489582,0.019885575793990994,0.024749624937489584
975.162527087848,0.016635787457219168,0.02475162527087848
975.3625604267378,0.0140330490352759,0.02475362560426738
975.5625937656276,0.028213359463730308,0.024755625937656275
975.7626271045175,0.019306584390488588,0.024757626271045177
975.9626604434072,0.03250223479663571,0.024759626604434072
976.1626937822971,0.032711884654066485,0.02476162693782297
976.3627271211869,0.03575494235290347,0.02476362727121187
976.5627604600767,0.01794653347600794,0.024765627604600767
976.7627937989665,0.028570552823525747,0.024767627937989665
976.9628271378564,0.029829262004516972,0.024769628271378564
977.1628604767461,0.020978203203935744,0.024771628604767462
977.362893815636,0.01859945327901336,0.02477362893815636
977.5629271545258,0.037651794597753044,0.02477562927154526
977.7629604934156,0.026597596610790582,0.024777629604934154
977.9629938323054,0.02986737194401696,0.024779629938323056
978.1630271711953,0.018205022177088533,0.02478163027171195
978.363060510085,0.015029354872923301,0.024783630605100852
978.5630938489749,0.020230032742552865,0.024785630938489747
978.7631271878647,0.023795460172758673,0.02478763127187865
978.9631605267545,0.01627587155072875,0.024789631605267544
979.1631938656443,0.024712873469453382,0.024791631938656446
979.3632272045342,0.01128559076749734,0.02479363227204534
979.5632605434239,0.01583525322567526,0.02479563260543424
979.7632938823137,0.03016492292503814,0.024797632938823137
979.9633272212036,0.029629957434435188,0.024799633272212036
980.1633605600933,0.021666619482506002,0.024801633605600934
980.3633938989832,0.01666151946637421,0.024803633938989832
980.563427237873,0.01658640586017064,0.02480563427237873
980.7634605767628,0.021821488638237112,0.024807634605767626
980.9634939156526,0.02996578287231886,0.024809634939156527
981.1635272545425,0.03223760080330002,0.024811635272545426
981.3635605934322,0.02084138172207857,0.024813635605934324
981.5635939323221,0.015587696531444949,0.02481563593932322
981.7636272712119,0.026960385375642788,0.02481763627271212
981.9636606101017,0.01823135684109422,0.024819636606101016
982.1636939489915,0.020675615828600297,0.024821636939489918
982.3637272878814,0.03542584599637511,0.024823637272878812
982.5637606267711,0.031442561034793856,0.02482563760626771
982.763793965661,0.026091432437668222,0.02482763793965661
982.9638273045508,0.014654286264143728,0.02482963827304551
983.1638606434406,0.026522811146199678,0.024831638606434406
983.3638939823304,0.033334897266123514,0.024833638939823304
983.5639273212203,0.021830569947087916,0.024835639273212202
983.76396066011,0.03564655232649482,0.0248376396066011
983.9639939989999,0.035181602256135654,0.02483963993999
984.1640273378897,0.03815150293052669,0.024841640273378898
984.3640606767794,0.02728558561901862,0.024843640606767796
984.5640940156693,0.02954477453860479,0.02484564094015669
984.7641273545592,0.03616113958019431,0.024847641273545593
984.9641606934489,0.028428793103486293,0.024849641606934487
985.1641940323387,0.020841769078001688,0.02485164194032339
985.3642273712286,0.021265299581489393,0.024853642273712284
985.5642607101184,0.026764082237291098,0.024855642607101186
985.7642940490082,0.01453315156492033,0.02485764294049008
985.964327387898,0.02371357195096544,0.024859643273878983
986.1643607267879,0.033634020553109906,0.024861643607267878
986.3643940656776,0.007333613131334526,0.024863643940656776
986.5644274045675,0.03714150108840179,0.024865644274045674
986.7644607434573,0.03384663835705985,0.024867644607434576
986.9644940823471,0.021191528014179662,0.02486964494082347
987.1645274212369,0.029218771897186847,0.02487164527421237
987.3645607601268,0.02489882742285188,0.024873645607601268
987.5645940990165,0.03471556888849963,0.024875645940990166
987.7646274379064,0.0327391114165386,0.024877646274379064
987.9646607767962,0.01367908082230389,0.024879646607767963
988.164694115686,0.029579746248870276,0.02488164694115686
988.3647274545758,0.023238624445399775,0.024883647274545756
988.5647607934657,0.025548308172079457,0.024885647607934658
988.7647941323554,0.019062272733565026,0.024887647941323553
988.9648274712453,0.038874744827679136,0.024889648274712455
989.1648608101351,0.03321214316732196,0.02489164860810135
989.3648941490248,0.018975479629706513,0.02489364894149025
989.5649274879147,0.014218764419597286,0.024895649274879146
989.7649608268046,0.021812268560445262,0.024897649608268048
989.9649941656943,0.02837567111038739,0.024899649941656943
990.1650275045841,0.026823297026615626,0.02490165027504584
990.365060843474,0.03492871320658068,0.02490365060843474
990.5650941823637,0.031225008719270454,0.024905650941823638
990.7651275212536,0.03266420348123579,0.024907651275212536
990.9651608601434,0.027524494813484932,0.024909651608601435
991.1651941990332,0.01379726210030241,0.024911651941990333
991.365227537923,0.02334806402620402,0.02491365227537923
991.5652608768129,0.033396370528037456,0.02491565260876813
991.7652942157026,0.024505469513959856,0.024917652942157024
991.9653275545925,0.0289443762245359,0.024919653275545926
992.1653608934823,0.022371667086965755,0.02492165360893482
992.3653942323721,0.016685159153988962,0.024923653942323723
992.5654275712619,0.023938901763343734,0.024925654275712618
992.7654609101518,0.02740003415336275,0.02492765460910152
992.9654942490415,0.019684153186798864,0.024929654942490415
993.1655275879314,0.02304596531702597,0.024931655275879316
993.3655609268212,0.01741794967338035,0.02493365560926821
993.565594265711,0.033889615283169874,0.02493565594265711
993.7656276046008,0.022582010215341737,0.024937656276046008
993.9656609434907,0.03656170097044437,0.024939656609434906
994.1656942823804,0.03717163974715107,0.024941656942823805
994.3657276212703,0.02429528955843875,0.024943657276212703
994.5657609601601,0.016878067749222805,0.0249456576096016
994.7657942990498,0.008260474921123799,0.024947657942990496
994.9658276379397,0.013173361692165066,0.024949658276379398
995.1658609768295,0.013960980010579016,0.024951658609768296
995.3658943157193,0.035981415962849234,0.024953658943157195
995.5659276546091,0.025882255974361657,0.02495565927654609
995.765960993499,0.028074495802670893,0.02495765960993499
995.9659943323887,0.00719629187184288,0.024959659943323886
996.1660276712786,0.015377928842974696,0.024961660276712788
996.3660610101684,0.03206029882167198,0.024963660610101683
996.5660943490582,0.027259853842551272,0.02496566094349058
996.766127687948,0.023790019047394702,0.02496766127687948
996.9661610268379,0.029488400479069362,0.02496966161026838
997.1661943657276,0.038058044392743795,0.024971661943657276
997.3662277046175,0.02320532256874977,0.024973662277046175
997.5662610435073,0.02553062103169963,0.024975662610435073
997.7662943823971,0.026518438293674413,0.02497766294382397
997.9663277212869,0.04411654035940481,0.02497966327721287
998.1663610601768,0.008186813495249565,0.024981663610601768
998.3663943990665,0.03044944806230113,0.024983663943990667
998.5664277379564,0.024067246287307054,0.02498566427737956
998.7664610768462,0.0295218384202419,0.024987664610768463
998.966494415736,0.019730684512199562,0.024989664944157358
999.1665277546258,0.02459994503067866,0.02499166527754626
999.3665610935157,0.030684950246659116,0.024993665610935155
999.5665944324054,0.04989894755267478,0.024995665944324057
999.7666277712952,0.03146195579292952,0.02499766627771295
999.9666611101851,0.018215141826857784,0.024999666611101853
1000.1666944490748,0.021611589488309123,0.02500166694449075
1000.3667277879647,0.021376354410808814,0.025003667277879647
1000.5667611268545,0.010640522230228424,0.025005667611268545
1000.7667944657443,0.022366946411045946,0.025007667944657443
1000.9668278046341,0.030872300932620302,0.02500966827804634
1001.166861143524,0.014817811658820878,0.02501166861143524
1001.3668944824137,0.03340153015322888,0.02501366894482414
1001.5669278213036,0.02891786784688774,0.025015669278213037
1001.7669611601934,0.019143803035833632,0.025017669611601935
1001.9669944990832,0.02388743284628805,0.02501966994499083
1002.167027837973,0.037808244739507994,0.025021670278379732
1002.3670611768629,0.030892053119815552,0.025023670611768627
1002.5670945157526,0.025095940184342712,0.02502567094515753
1002.7671278546425,0.02312620474285855,0.025027671278546423
1002.9671611935323,0.025642544175548603,0.025029671611935325
1003.1671945324221,0.02093756348178579,0.02503167194532422
1003.3672278713119,0.008195676232961004,0.025033672278713122
1003.5672612102018,0.041373095896379865,0.025035672612102017
1003.7672945490915,0.02628027293908613,0.025037672945490915
1003.9673278879814,0.02822485139986011,0.025039673278879813
1004.1673612268712,0.024578411613253442,0.025041673612268712
1004.367394565761,0.019162739539860908,0.02504367394565761
1004.5674279046508,0.02355827843145634,0.02504567427904651
1004.7674612435407,0.012252516514880917,0.025047674612435407
1004.9674945824304,0.04326636693025074,0.025049674945824302
1005.1675279213202,0.015175579291834036,0.025051675279213204
1005.3675612602101,0.016797945341824667,0.025053675612602102
1005.5675945990998,0.021533602310899798,0.025055675945991
1005.7676279379897,0.035362282078198914,0.025057676279379895
1005.9676612768795,0.02517574860687003,0.025059676612768797
1006.1676946157693,0.015172590577913992,0.025061676946157692
1006.3677279546591,0.03509838416560531,0.025063677279546594
1006.567761293549,0.03091368262721934,0.02506567761293549
1006.7677946324387,0.029375157604056006,0.025067677946324387
1006.9678279713286,0.030795552209080007,0.025069678279713285
1007.1678613102184,0.044226573817761794,0.025071678613102187
1007.3678946491082,0.04255443810677998,0.025073678946491082
1007.567927987998,0.019581956535853616,0.02507567927987998
1007.7679613268879,0.0380687595557581,0.02507767961326888
1007.9679946657777,0.02814502546472898,0.025079679946657777
1008.1680280046675,0.02907444680914867,0.025081680280046675
1008.3680613435573,0.011545513960288944,0.025083680613435574
1008.5680946824472,0.023722594823718905,0.025085680946824472
1008.7681280213369,0.018585092557520846,0.025087681280213367
1008.9681613602268,0.031714152132748745,0.02508968161360227
1009.1681946991166,0.03366032595021361,0.025091681946991167
1009.3682280380064,0.008497791472249574,0.025093682280380065
1009.5682613768962,0.0249194037017348,0.02509568261376896
1009.768294715786,0.03407257498551188,0.025097682947157862
1009.9683280546758,0.023606251582039196,0.025099683280546757
1010.1683613935656,0.030934192773954573,0.02510168361393566
1010.3683947324555,0.027913007688341228,0.025103683947324554
1010.5684280713452,0.027838966136334464,0.025105684280713452
1010.7684614102351,0.022937164789555972,0.02510768461410235
1010.9684947491249,0.015377038514405576,0.025109684947491252
1011.1685280880147,0.016139444101479928,0.025111685280880147
1011.3685614269045,0.030788505729911583,0.025113685614269046
1011.5685947657944,0.025271351991809007,0.025115685947657944
1011.7686281046841,0.024009588324189046,0.025117686281046842
1011.968661443574,0.02172856627585692,0.02511968661443574
1012.1686947824638,0.022680176183978624,0.02512168694782464
1012.3687281213536,0.033498981637118654,0.025123687281213537
1012.5687614602434,0.022443734959658217,0.025125687614602432
1012.7687947991333,0.014399170241578784,0.025127687947991334
1012.968828138023,0.031078902485701616,0.02512968828138023
1013.1688614769129,0.023492675303851393,0.02513168861476913
1013.3688948158027,0.025384855872420238,0.025133688948158026
1013.5689281546925,0.03799631573274301,0.025135689281546927
1013.7689614935823,0.024973205156131766,0.025137689614935822
1013.9689948324722,0.027453159333274527,0.025139689948324724
1014.1690281713619,0.01571030235132702,0.02514169028171362
1014.3690615102518,0.023386334996294837,0.025143690615102517
1014.5690948491416,0.030021899310160225,0.025145690948491416
1014.7691281880313,0.012704701411150375,0.025147691281880314
1014.9691615269212,0.026756452360194888,0.025149691615269212
1015.169194865811,0.02595802052981656,0.02515169194865811
1015.3692282047008,0.025483991926746524,0.02515369228204701
1015.5692615435906,0.03345296380470185,0.025155692615435907
1015.7692948824805,0.02783320106761298,0.025157692948824806
1015.9693282213702,0.03698426846906525,0.0251596932822137
1016.1693615602601,0.017212977490850313,0.025161693615602602
1016.3693948991499,0.02625109048673828,0.025163693948991497
1016.5694282380397,0.02584142857349998,0.0251656942823804
1016.7694615769295,0.016613658665728653,0.025167694615769294
1016.9694949158194,0.03282005496588897,0.025169694949158196
1017.1695282547091,0.043769081729369635,0.02517169528254709
1017.369561593599,0.025037647020065345,0.025173695615935993
1017.5695949324888,0.029215864655515022,0.025175695949324887
1017.7696282713786,0.025853844089236404,0.025177696282713786
1017.9696616102684,0.019471019256845277,0.025179696616102684
1018.1696949491583,0.010615614727075453,0.025181696949491583
1018.369728288048,0.01953750941811756,0.02518369728288048
1018.5697616269379,0.014050030568655529,0.02518569761626938
1018.7697949658277,0.03882051457413122,0.025187697949658278
1018.9698283047175,0.02426882073166126,0.025189698283047172
1019.1698616436073,0.02242434398405871,0.025191698616436074
1019.3698949824972,0.03230692954812742,0.025193698949824973
1019.5699283213869,0.01622169046036677,0.02519569928321387
1019.7699616602767,0.019062787312566346,0.025197699616602766
1019.9699949991666,0.025744278103980636,0.025199699949991668
1020.1700283380563,0.03343185221476841,0.025201700283380563
1020.3700616769462,0.029217180978119768,0.025203700616769464
1020.570095015836,0.027192302090285416,0.02520570095015836
1020.7701283547258,0.02583264316543539,0.025207701283547258
1020.9701616936156,0.028411588461150356,0.025209701616936156
1021.1701950325055,0.02682492519135909,0.025211701950325054
1021.3702283713952,0.016973924085498467,0.025213702283713953
1021.5702617102851,0.02558433639016806,0.02521570261710285
1021.7702950491749,0.01662819367914973,0.02521770295049175
1021.9703283880647,0.025868363627087238,0.025219703283880648
1022.1703617269545,0.021376520085363615,0.025221703617269546
1022.3703950658444,0.04553875693292134,0.025223703950658444
1022.5704284047341,0.02490654921403365,0.025225704284047343
1022.770461743624,0.013993788087343528,0.025227704617436238
1022.9704950825138,0.024156263265409744,0.02522970495082514
1023.1705284214036,0.029386575249317138,0.025231705284214034
1023.3705617602934,0.03862061718682312,0.025233705617602936
1023.5705950991833,0.020520086751482085,0.02523570595099183
1023.770628438073,0.012578282492191614,0.025237706284380733
1023.9706617769629,0.03177440270921748,0.025239706617769628
1024.1706951158526,0.014196917303961316,0.025241706951158526
1024.3707284547424,0.021754463752487543,0.025243707284547424
1024.5707617936323,0.02318474373384837,0.025245707617936323
1024.7707951325222,0.024690640324924355,0.02524770795132522
1024.970828471412,0.030763023941308806,0.02524970828471412
1025.1708618103019,0.019782634359811917,0.025251708618103018
1025.3708951491915,0.023063874934157826,0.025253708951491913
1025.5709284880813,0.025141546461285705,0.025255709284880815
1025.7709618269712,0.02645449327842002,0.025257709618269713
1025.970995165861,0.026042327349321992,0.02525970995165861
1026.171028504751,0.02874975648682815,0.02526171028504751
1026.3710618436407,0.03201442669557031,0.025263710618436408
1026.5710951825304,0.02840678387703305,0.025265710951825303
1026.7711285214202,0.028896395473287952,0.025267711285214205
1026.97116186031,0.012611926284631278,0.0252697116186031
1027.1711951992,0.025673533545317446,0.025271711951992
1027.3712285380898,0.029109772669393765,0.025273712285380896
1027.5712618769796,0.0311072421753334,0.025275712618769798
1027.7712952158693,0.01973890675828834,0.025277712952158693
1027.971328554759,0.02000739908643843,0.02527971328554759
1028.171361893649,0.020688908216667704,0.02528171361893649
1028.3713952325388,0.029575025151456137,0.025283713952325388
1028.5714285714287,0.03355676272510796,0.025285714285714286
1028.7714619103185,0.022028033760770373,0.025287714619103185
1028.9714952492081,0.032553413461508474,0.025289714952492083
1029.171528588098,0.026279553759197733,0.025291715285880978
1029.3715619269879,0.02429942940197039,0.02529371561926988
1029.5715952658777,0.023604642114115025,0.025295715952658778
1029.7716286047676,0.03127060720286493,0.025297716286047676
1029.9716619436574,0.027904339153733138,0.025299716619436575
1030.171695282547,0.04350832037400658,0.025301716952825473
1030.371728621437,0.018485920142235775,0.025303717286214368
1030.5717619603267,0.029450531235843076,0.02530571761960327
1030.7717952992166,0.021074109874500063,0.025307717952992165
1030.9718286381064,0.018355422390471915,0.025309718286381067
1031.1718619769963,0.025224781523490183,0.02531171861976996
1031.371895315886,0.02641253878841515,0.02531371895315886
1031.5719286547758,0.0486611077270285,0.025315719286547758
1031.7719619936656,0.02384455309447104,0.025317719619936657
1031.9719953325555,0.016278290117448087,0.025319719953325555
1032.1720286714453,0.02750580602666954,0.025321720286714453
1032.3720620103352,0.008726600319732405,0.02532372062010335
1032.5720953492248,0.02459006669265812,0.025325720953492246
1032.7721286881147,0.025455923545242433,0.02532772128688115
1032.9721620270045,0.031686524683831735,0.025329721620270043
1033.1721953658944,0.03312069994908172,0.025331721953658945
1033.3722287047842,0.021305165335786105,0.025333722287047843
1033.572262043674,0.024130810503397278,0.02533572262043674
1033.7722953825637,0.01920875630894027,0.025337722953825637
1033.9723287214536,0.01631522284875299,0.02533972328721454
1034.1723620603434,0.02782088185564851,0.025341723620603433
1034.3723953992333,0.015155039565219542,0.025343723953992335
1034.572428738123,0.022028709082806325,0.02534572428738123
1034.772462077013,0.01738633294157623,0.025347724620770132
1034.9724954159026,0.029747190444481104,0.025349724954159027
1035.1725287547924,0.03976316608167983,0.025351725287547925
1035.3725620936823,0.014941021758510174,0.025353725620936823
1035.5725954325721,0.01053157809114517,0.02535572595432572
1035.772628771462,0.02435863120491408,0.02535772628771462
1035.9726621103518,0.025485308988765585,0.02535972662110352
1036.1726954492415,0.0271110014085508,0.025361726954492417
1036.3727287881313,0.021793163166006553,0.02536372728788131
1036.5727621270212,0.02376061323066676,0.025365727621270213
1036.772795465911,0.028307811238983925,0.02536772795465911
1036.9728288048009,0.03369317542920672,0.02536972828804801
1037.1728621436907,0.009731338458890647,0.02537172862143691
1037.3728954825804,0.022422213442574106,0.025373728954825803
1037.5729288214702,0.027086199639743208,0.025375729288214702
1037.77296216036,0.018033920784717713,0.0253777296216036
1037.97299549925,0.03922908700913089,0.0253797299549925
1038.1730288381398,0.020298451246551504,0.0253817302883814
1038.3730621770296,0.025053389125712033,0.025383730621770295
1038.5730955159192,0.02983390772989752,0.025385730955159194
1038.773128854809,0.020657452978132936,0.025387731288548092
1038.973162193699,0.010617147239501653,0.02538973162193699
1039.1731955325888,0.02196249573999362,0.02539173195532589
1039.3732288714787,0.03362925673613111,0.025393732288714787
1039.5732622103685,0.022700571607822576,0.025395732622103685
1039.7732955492581,0.018626258543820752,0.02539773295549258
1039.973328888148,0.03280511096490325,0.025399733288881482
1040.1733622270378,0.022755534454085954,0.025401733622270377
1040.3733955659277,0.02132244744645754,0.02540373395565928
1040.5734289048175,0.02660138300635465,0.025405734289048174
1040.7734622437074,0.031573736299387374,0.025407734622437075
1040.9734955825973,0.04446344320968634,0.02540973495582597
1041.1735289214869,0.03202962415047425,0.02541173528921487
1041.3735622603767,0.03469245535371052,0.025413735622603767
1041.5735955992666,0.021368006364089823,0.025415735955992665
1041.7736289381564,0.017210791441625753,0.025417736289381564
1041.9736622770463,0.025918387419723448,0.025419736622770465
1042.1736956159361,0.02627909627823613,0.02542173695615936
1042.3737289548258,0.016795635358631482,0.02542373728954826
1042.5737622937156,0.024023381383705054,0.025425737622937157
1042.7737956326055,0.028622278770079102,0.025427737956326055
1042.9738289714953,0.028312885449859597,0.025429738289714954
1043.1738623103852,0.029466041450178032,0.025431738623103852
1043.373895649275,0.027761456797592295,0.02543373895649275
1043.5739289881647,0.0213796700157212,0.025435739289881645
1043.7739623270545,0.0213265346100798,0.025437739623270547
1043.9739956659444,0.015848128772708435,0.025439739956659442
1044.1740290048342,0.039719940603529104,0.025441740290048344
1044.374062343724,0.025551343540391583,0.02544374062343724
1044.574095682614,0.023646916510467325,0.02544574095682614
1044.7741290215035,0.018017404638595365,0.025447741290215035
1044.9741623603934,0.04893500484222616,0.025449741623603934
1045.1741956992832,0.016865117699209668,0.025451741956992832
1045.374229038173,0.022022958885533142,0.02545374229038173
1045.574262377063,0.028782437314059113,0.02545574262377063
1045.7742957159528,0.030259446683113752,0.02545774295715953
1045.9743290548424,0.0331231997322739,0.025459743290548426
1046.1743623937323,0.03992261168609143,0.025461743623937324
1046.3743957326221,0.02951300520101192,0.025463743957326222
1046.574429071512,0.01701749789098178,0.02546574429071512
1046.7744624104018,0.023412183623129766,0.02546774462410402
1046.9744957492917,0.027932403937603996,0.025469744957492917
1047.1745290881813,0.0420175536229284,0.025471745290881816
1047.3745624270712,0.014291301796876333,0.02547374562427071
1047.574595765961,0.03509635799946143,0.025475745957659612
1047.7746291048509,0.02691706124741984,0.025477746291048507
1047.9746624437407,0.032182390906273256,0.02547974662443741
1048.1746957826306,0.02466578922473885,0.025481746957826304
1048.3747291215202,0.018744286250204592,0.025483747291215202
1048.57476246041,0.03149272985981476,0.0254857476246041
1048.7747957993,0.030723196174837968,0.025487747957993
1048.9748291381898,0.03326620401729967,0.025489748291381897
1049.1748624770796,0.025385311541741715,0.025491748624770796
1049.3748958159695,0.0206951727716009,0.025493748958159694
1049.574929154859,0.013025453331357855,0.02549574929154859
1049.774962493749,0.03205273577005274,0.02549774962493749
1049.9749958326388,0.028890865817878277,0.02549974995832639
1050.1750291715286,0.017775489228803613,0.025501750291715287
1050.3750625104185,0.02119516123873119,0.025503750625104186
1050.5750958493084,0.02177168046288156,0.025505750958493084
1050.775129188198,0.013643875836022633,0.02550775129188198
1050.9751625270878,0.01896829245242981,0.02550975162527088
1051.1751958659777,0.016441109104208942,0.025511751958659776
1051.3752292048675,0.022213920196945184,0.025513752292048678
1051.5752625437574,0.01960617263880107,0.025515752625437572
1051.7752958826472,0.012501713591892484,0.025517752958826474
1051.9753292215369,0.04170047513677122,0.02551975329221537
1052.1753625604267,0.03554207947383811,0.025521753625604267
1052.3753958993166,0.01929159858683328,0.025523753958993166
1052.5754292382064,0.027705125465610943,0.025525754292382064
1052.7754625770963,0.028867475344341323,0.025527754625770963
1052.9754959159861,0.03505844179734768,0.02552975495915986
1053.1755292548758,0.01898291507926813,0.02553175529254876
1053.3755625937656,0.034270609897797066,0.025533755625937654
1053.5755959326555,0.021152513525671074,0.025535755959326556
1053.7756292715453,0.014850857059366543,0.02553775629271545
1053.9756626104352,0.03133284910062033,0.025539756626104353
1054.175695949325,0.035867824352472676,0.02554175695949325
1054.3757292882146,0.04624702908112763,0.025543757292882146
1054.5757626271045,0.01594795550554934,0.025545757626271044
1054.7757959659943,0.03113911544030626,0.025547757959659946
1054.9758293048842,0.022271348342700576,0.02554975829304884
1055.175862643774,0.031818628310629996,0.025551758626437743
1055.375895982664,0.013789842549976632,0.025553758959826638
1055.5759293215535,0.015453601087627023,0.025555759293215536
1055.7759626604434,0.019350761041272563,0.025557759626604434
1055.9759959993332,0.02619147232533801,0.025559759959993333
1056.176029338223,0.020433110161075387,0.02556176029338223
1056.376062677113,0.03083619537807849,0.02556376062677113
1056.5760960160028,0.03378091790622334,0.025565760960160028
1056.7761293548924,0.03036438162351177,0.025567761293548923
1056.9761626937823,0.03852006274422477,0.025569761626937824
1057.1761960326721,0.028898374995969464,0.02557176196032672
1057.376229371562,0.015838588610994284,0.02557376229371562
1057.5762627104518,0.036482774735411234,0.025575762627104516
1057.7762960493417,0.02073651307564544,0.025577762960493418
1057.9763293882313,0.032863111291366875,0.025579763293882313
1058.1763627271212,0.03817163735971206,0.02558176362727121
1058.376396066011,0.0292372680465033,0.02558376396066011
1058.5764294049009,0.013616493788731813,0.02558576429404901
1058.7764627437907,0.018242067295359574,0.025587764627437906
1058.9764960826806,0.03617172069590789,0.025589764960826808
1059.1765294215702,0.024238783809073173,0.025591765294215703
1059.37656276046,0.02623035390714193,0.0255937656276046
1059.57659609935,0.031666361290302376,0.0255957659609935
1059.7766294382398,0.031168349191024985,0.025597766294382398
1059.9766627771296,0.027830165126854982,0.025599766627771296
1060.1766961160195,0.02393241999139647,0.025601766961160195
1060.376729454909,0.023102419728690236,0.025603767294549093
1060.576762793799,0.032468958230268734,0.025605767627937988
1060.7767961326888,0.030036324209869236,0.02560776796132689
1060.9768294715786,0.02355136828977347,0.025609768294715785
1061.1768628104685,0.03426866713204981,0.025611768628104686
1061.3768961493583,0.02458149604045531,0.02561376896149358
1061.576929488248,0.018802471900207333,0.02561576929488248
1061.7769628271378,0.01954600403704462,0.025617769628271378
1061.9769961660277,0.017789843271182146,0.025619769961660276
1062.1770295049175,0.02344249016221968,0.025621770295049175
1062.3770628438074,0.03549356485512762,0.025623770628438076
1062.5770961826972,0.0191850095135829,0.02562577096182697
1062.7771295215869,0.02713557738336069,0.02562777129521587
1062.9771628604767,0.020376256863585462,0.025629771628604768
1063.1771961993666,0.023549299631822167,0.025631771961993666
1063.3772295382564,0.013553442599500547,0.025633772295382565
1063.5772628771463,0.023871466795519165,0.025635772628771463
1063.7772962160361,0.024088129923720666,0.02563777296216036
1063.977329554926,0.029962076847834824,0.02563977329554926
1064.1773628938156,0.02742802093498112,0.025641773628938158
1064.3773962327055,0.016056636962710688,0.025643773962327053
1064.5774295715953,0.0343193602480643,0.025645774295715955
1064.7774629104852,0.02733019895088081,0.02564777462910485
1064.977496249375,0.027236923099913646,0.02564977496249375
1065.1775295882649,0.025578316468801536,0.025651775295882646
1065.3775629271545,0.02151171605149379,0.025653775629271545
1065.5775962660443,0.027398194680650252,0.025655775962660443
1065.7776296049342,0.029462483783478002,0.02565777629604934
1065.977662943824,0.011684611098673801,0.02565977662943824
1066.177696282714,0.021351690264058375,0.02566177696282714
1066.3777296216037,0.023624201532987322,0.025663777296216037
1066.5777629604934,0.02771514247515916,0.025665777629604935
1066.7777962993832,0.03521426601041084,0.025667777962993833
1066.977829638273,0.019495851779608473,0.02566977829638273
1067.177862977163,0.021688083855228895,0.02567177862977163
1067.3778963160528,0.02157350607798813,0.02567377896316053
1067.5779296549426,0.019263558575713095,0.025675779296549427
1067.7779629938323,0.02290028766904022,0.02567777962993832
1067.9779963327221,0.031846197723230996,0.025679779963327223
1068.178029671612,0.017251096333801355,0.025681780296716118
1068.3780630105018,0.029106295791328247,0.02568378063010502
1068.5780963493917,0.012070563123347231,0.025685780963493915
1068.7781296882815,0.02119707732534517,0.025687781296882817
1068.9781630271711,0.023053867228527824,0.02568978163027171
1069.178196366061,0.03909065934697313,0.02569178196366061
1069.3782297049509,0.023495363859028003,0.02569378229704951
1069.5782630438407,0.008085834842831058,0.025695782630438407
1069.7782963827306,0.009706671708937305,0.025697782963827305
1069.9783297216204,0.025972019987989654,0.025699783297216207
1070.17836306051,0.03061195047692437,0.025701783630605102
1070.3783963994,0.02870743082501202,0.025703783963993997
1070.5784297382897,0.027046345143790822,0.0257057842973829
1070.7784630771796,0.03500586141081713,0.025707784630771797
1070.9784964160694,0.021393055198263643,0.025709784964160695
1071.1785297549593,0.032871069745764196,0.025711785297549593
1071.378563093849,0.012657666550727153,0.025713785630938492
1071.5785964327388,0.018476203300822856,0.025715785964327387
1071.7786297716286,0.011261455138261758,0.02571778629771629
1071.9786631105185,0.023521024225746846,0.025719786631105183
1072.1786964494083,0.025351697226363344,0.025721786964494085
1072.3787297882982,0.02663659923569514,0.02572378729788298
1072.5787631271878,0.02622085445436896,0.02572578763127188
1072.7787964660777,0.018307361318166952,0.025727787964660777
1072.9788298049675,0.02420786154274395,0.025729788298049675
1073.1788631438574,0.013752215282592585,0.025731788631438574
1073.3788964827472,0.03663962076588548,0.025733788964827472
1073.578929821637,0.023306780715032362,0.02573578929821637
1073.7789631605267,0.021826700679255736,0.025737789631605265
1073.9789964994166,0.03845131259254683,0.025739789964994167
1074.1790298383064,0.01580381802998923,0.025741790298383062
1074.3790631771963,0.01673909371951621,0.025743790631771964
1074.579096516086,0.016976028366212342,0.025745790965160862
1074.779129854976,0.025204820244953904,0.02574779129854976
1074.9791631938656,0.029202844669039434,0.025749791631938655
1075.1791965327554,0.03166919571027023,0.025751791965327557
1075.3792298716453,0.0463297548386762,0.025753792298716452
1075.5792632105351,0.007760332998499243,0.025755792632105354
1075.779296549425,0.030627677678489583,0.02575779296549425
1075.9793298883149,0.0213027487183053,0.02575979329888315
1076.1793632272045,0.021070472441161857,0.025761793632272045
1076.3793965660943,0.02080561693962992,0.025763793965660944
1076.5794299049842,0.018495636932586056,0.025765794299049842
1076.779463243874,0.03924399330926635,0.02576779463243874
1076.9794965827639,0.03250817358193886,0.02576979496582764
1077.1795299216537,0.025957363127675534,0.025771795299216537
1077.3795632605434,0.03658192165250144,0.025773795632605435
1077.5795965994332,0.013675564243603326,0.02577579596599433
1077.779629938323,0.015132155248735823,0.025777796299383232
1077.979663277213,0.008356054775214623,0.025779796632772127
1078.1796966161028,0.02018648064517473,0.02578179696616103
1078.3797299549926,0.02707738551318795,0.025783797299549927
1078.5797632938823,0.026608666256397493,0.025785797632938822
1078.779796632772,0.026982533254806765,0.02578779796632772
1078.979829971662,0.014501343651187968,0.025789798299716622
1079.1798633105518,0.03221703657401769,0.025791798633105517
1079.3798966494417,0.0277108191124064,0.02579379896649442
1079.5799299883315,0.0316602335516113,0.025795799299883314
1079.7799633272211,0.010655702212551797,0.025797799633272212
1079.979996666111,0.02829172683704343,0.02579979996666111
1080.1800300050008,0.016299678380709795,0.02580180030005001
1080.3800633438907,0.02262521461302801,0.025803800633438907
1080.5800966827805,0.030080720155918873,0.025805800966827806
1080.7801300216704,0.02653655015026401,0.025807801300216704
1080.98016336056,0.018997481795371047,0.0258098016336056
1081.1801966994499,0.02586198721646985,0.0258118019669945
1081.3802300383397,0.01356151977843425,0.025813802300383396
1081.5802633772296,0.035017941800958664,0.025815802633772297
1081.7802967161194,0.02417553081119118,0.025817802967161192
1081.9803300550093,0.0347682028545927,0.025819803300550094
1082.180363393899,0.021609550137170645,0.02582180363393899
1082.3803967327888,0.021635196060075225,0.025823803967327887
1082.5804300716786,0.019712310007614014,0.025825804300716786
1082.7804634105685,0.03283719608765029,0.025827804634105687
1082.9804967494583,0.020154355708866777,0.025829804967494582
1083.1805300883482,0.030988568760204897,0.025831805300883484
1083.3805634272378,0.02277418645291806,0.02583380563427238
1083.5805967661277,0.01002809956852832,0.025835805967661277
1083.7806301050175,0.021275293758758446,0.025837806301050176
1083.9806634439074,0.01640694091953629,0.025839806634439074
1084.1806967827972,0.02611302875728667,0.025841806967827972
1084.380730121687,0.01632054541582095,0.02584380730121687
1084.5807634605767,0.033253608440322706,0.02584580763460577
1084.7807967994665,0.025119201085170448,0.025847807967994664
1084.9808301383564,0.024429040343313654,0.025849808301383566
1085.1808634772462,0.03109894573707312,0.02585180863477246
1085.380896816136,0.03356506444076826,0.025853808968161363
1085.580930155026,0.025695019287393043,0.025855809301550257
1085.7809634939158,0.019688207238544836,0.02585780963493916
1085.9809968328054,0.011668053039431019,0.025859809968328054
1086.1810301716953,0.020373412245435513,0.025861810301716952
1086.3810635105851,0.02092611266192216,0.02586381063510585
1086.581096849475,0.026722270592433126,0.025865810968494753
1086.7811301883648,0.02310663625277943,0.025867811301883648
1086.9811635272547,0.03137327541168397,0.02586981163527255
1087.1811968661443,0.020967945798495927,0.025871811968661444
1087.3812302050342,0.025417482967226807,0.025873812302050343
1087.581263543924,0.03534771218101436,0.02587581263543924
1087.7812968828139,0.028612414680467872,0.02587781296882814
1087.9813302217037,0.025399512968708522,0.025879813302217038
1088.1813635605936,0.02106625810012452,0.025881813635605936
1088.3813968994832,0.02081796279527502,0.025883813968994834
1088.581430238373,0.019080908278768148,0.02588581430238373
1088.781463577263,0.021559759709509435,0.02588781463577263
1088.9814969161528,0.03193514167911604,0.025889814969161526
1089.1815302550426,0.02411670913221228,0.025891815302550428
1089.3815635939325,0.015095631080889474,0.025893815635939323
1089.581596932822,0.04004117031380649,0.02589581596932822
1089.781630271712,0.028457537831878425,0.02589781630271712
1089.9816636106018,0.014644269432000662,0.025899816636106018
1090.1816969494917,0.022367025551568324,0.025901816969494916
1090.3817302883815,0.02679090836551116,0.025903817302883818
1090.5817636272714,0.03954255438265173,0.025905817636272713
1090.781796966161,0.017042918303590653,0.025907817969661608
1090.9818303050508,0.03371814405789808,0.02590981830305051
1091.1818636439407,0.03710771005221815,0.025911818636439408
1091.3818969828305,0.020884584529231746,0.025913818969828306
1091.5819303217204,0.023695710352335336,0.025915819303217204
1091.7819636606102,0.01762734565761594,0.025917819636606103
1091.9819969994999,0.02429213084135256,0.025919819969994998
1092.1820303383897,0.02562910050864045,0.0259218203033839
1092.3820636772796,0.031201020621431756,0.025923820636772794
1092.5820970161694,0.034647288738325274,0.025925820970161696
1092.7821303550593,0.019943052786577414,0.02592782130355059
1092.9821636939491,0.010191221123131537,0.025929821636939493
1093.1821970328388,0.02576186373611845,0.025931821970328388
1093.3822303717286,0.02828212254346641,0.025933822303717286
1093.5822637106185,0.02793116413858652,0.025935822637106185
1093.7822970495083,0.02332443699042273,0.025937822970495083
1093.9823303883982,0.026937840101195456,0.02593982330388398
1094.182363727288,0.03806538210409086,0.025941823637272883
1094.3823970661776,0.028997697322361852,0.025943823970661778
1094.5824304050675,0.022958876904025996,0.025945824304050673
1094.7824637439574,0.021946242100671608,0.025947824637439575
1094.9824970828472,0.024591006109406628,0.025949824970828473
1095.182530421737,0.039045744998862486,0.02595182530421737
1095.382563760627,0.02448741996139669,0.02595382563760627
1095.5825970995165,0.025797471214829504,0.025955825970995168
1095.7826304384064,0.02209931773689364,0.025957826304384063
1095.9826637772962,0.03475169349730868,0.025959826637772965
1096.182697116186,0.04164052500911926,0.02596182697116186
1096.382730455076,0.02956873170000187,0.02596382730455076
1096.5827637939658,0.026628010868223063,0.025965827637939656
1096.7827971328554,0.026262090636722434,0.025967827971328555
1096.9828304717453,0.006895373994431488,0.025969828304717453
1097.1828638106351,0.03193303555238489,0.02597182863810635
1097.382897149525,0.027047160299461998,0.02597382897149525
1097.5829304884148,0.02940256571016995,0.025975829304884148
1097.7829638273047,0.020286132085603408,0.025977829638273046
1097.9829971661943,0.022904174939845208,0.02597982997166194
1098.1830305050842,0.02269363081302546,0.025981830305050843
1098.383063843974,0.03415681451102405,0.025983830638439738
1098.5830971828639,0.022955752279003892,0.02598583097182864
1098.7831305217537,0.04264911388209592,0.025987831305217538
1098.9831638606436,0.029436730990726735,0.025989831638606437
1099.1831971995332,0.015786370692029476,0.02599183197199533
1099.383230538423,0.02496546195936858,0.025993832305384233
1099.583263877313,0.020782431661521803,0.025995832638773128
1099.7832972162028,0.008442773213601835,0.02599783297216203
1099.9833305550926,0.03879560082646124,0.025999833305550925
1100.1833638939825,0.031626973976699856,0.026001833638939827
1100.383397232872,0.030269492515523223,0.02600383397232872
1100.583430571762,0.027329063588115255,0.02600583430571762
1100.7834639106518,0.014951694089567017,0.026007834639106518
1100.9834972495416,0.022140897856051923,0.026009834972495417
1101.1835305884315,0.032746081504156414,0.026011835305884315
1101.3835639273213,0.01760407540101319,0.026013835639273213
1101.583597266211,0.005761681442655601,0.02601583597266211
1101.7836306051008,0.0242009882438036,0.026017836306051007
1101.9836639439907,0.0248857762072196,0.02601983663943991
1102.1836972828805,0.027106344304146476,0.026021836972828803
1102.3837306217704,0.03185198645433399,0.026023837306217705
1102.5837639606602,0.03112668413745627,0.026025837639606603
1102.7837972995499,0.028097996414946872,0.026027837972995498
1102.9838306384397,0.03559408941107807,0.026029838306384397
1103.1838639773296,0.013880080393266781,0.0260318386397733
1103.3838973162194,0.030070493488981317,0.026033838973162193
1103.5839306551093,0.031048146213246634,0.026035839306551095
1103.7839639939991,0.01612134135129807,0.02603783963993999
1103.9839973328887,0.014016875103869774,0.02603983997332889
1104.1840306717786,0.020074303294912978,0.026041840306717787
1104.3840640106685,0.02075150909998435,0.026043840640106685
1104.5840973495583,0.03207319668151503,0.026045840973495583
1104.7841306884482,0.02113153103735572,0.026047841306884482
1104.984164027338,0.01919905349402375,0.02604984164027338
1105.1841973662276,0.021158772080105803,0.026051841973662275
1105.3842307051175,0.03500290098028487,0.026053842307051177
1105.5842640440073,0.02616018963545569,0.02605584264044007
1105.7842973828972,0.024623834770973678,0.026057842973828974
1105.984330721787,0.025179799317609455,0.02605984330721787
1106.184364060677,0.03639832631521895,0.02606184364060677
1106.3843973995665,0.02007047016116973,0.026063843973995665
1106.5844307384564,0.036589910634905395,0.026065844307384563
1106.7844640773462,0.02775181503214549,0.026067844640773462
1106.984497416236,0.02478648991835958,0.026069844974162364
1107.184530755126,0.046079049291025506,0.02607184530755126
1107.3845640940158,0.01762872972255139,0.02607384564094016
1107.5845974329056,0.023246359897793008,0.026075845974329055
1107.7846307717953,0.016218396394405952,0.026077846307717954
1107.9846641106851,0.03369954240539621,0.026079846641106852
1108.184697449575,0.039595358443709185,0.02608184697449575
1108.3847307884648,0.03944322955912176,0.02608384730788465
1108.5847641273547,0.03587743766644158,0.026085847641273547
1108.7847974662445,0.02450688423229472,0.026087847974662445
1108.9848308051342,0.023167920488132567,0.02608984830805134
1109.184864144024,0.01272249046148772,0.026091848641440242
1109.3848974829139,0.04238083725628348,0.026093848974829137
1109.5849308218037,0.02984767393340578,0.02609584930821804
1109.7849641606936,0.02216219440265107,0.026097849641606934
1109.9849974995834,0.036724305086891576,0.026099849974995835
1110.185030838473,0.018319734174304724,0.02610185030838473
1110.385064177363,0.02935682691555502,0.02610385064177363
1110.5850975162527,0.02472481790083585,0.026105850975162527
1110.7851308551426,0.031217268427593835,0.02610785130855143
1110.9851641940324,0.025601263328451352,0.026109851641940324
1111.1851975329223,0.014504428846439432,0.026111851975329226
1111.385230871812,0.026718463290078424,0.02611385230871812
1111.5852642107018,0.03450676577710991,0.02611585264210702
1111.7852975495916,0.025884121728664035,0.026117852975495917
1111.9853308884815,0.032320774281597506,0.026119853308884815
1112.1853642273713,0.01775761775688129,0.026121853642273714
1112.3853975662612,0.025913767629503794,0.026123853975662612
1112.5854309051508,0.02112977066834289,0.02612585430905151
1112.7854642440407,0.03210370136327809,0.026127854642440405
1112.9854975829305,0.026381787473925274,0.026129854975829307
1113.1855309218204,0.031652444719911105,0.026131855309218202
1113.3855642607102,0.034835539051870035,0.026133855642607104
1113.5855975996,0.03166880457696711,0.026135855975996
1113.7856309384897,0.02832280378373405,0.026137856309384897
1113.9856642773796,0.018154158574682555,0.026139856642773796
1114.1856976162694,0.026119568090827484,0.026141856976162694
1114.3857309551593,0.02187913409342493,0.026143857309551592
1114.585764294049,0.02339334598930668,0.026145857642940494
1114.785797632939,0.02315158477032738,0.02614785797632939
1114.9858309718286,0.018310453711460326,0.026149858309718284
1115.1858643107184,0.010493149930035268,0.026151858643107186
1115.3858976496083,0.020808714589873947,0.026153858976496084
1115.5859309884981,0.027702894925278256,0.026155859309884982
1115.785964327388,0.015372443279853959,0.02615785964327388
1115.9859976662779,0.026285317868435774,0.02615985997666278
1116.1860310051675,0.04136400770453939,0.026161860310051674
1116.3860643440573,0.03434831308545849,0.026163860643440576
1116.5860976829472,0.03931419304979371,0.02616586097682947
1116.786131021837,0.029296884325680183,0.026167861310218372
1116.986164360727,0.035509940227498836,0.026169861643607267
1117.1861976996167,0.02038014413325387,0.02617186197699617
1117.3862310385064,0.02101914017420919,0.026173862310385064
1117.5862643773962,0.004262740994674181,0.026175862643773962
1117.786297716286,0.03566702676950125,0.02617786297716286
1117.986331055176,0.03850245514911085,0.02617986331055176
1118.1863643940658,0.021756445681162497,0.026181863643940657
1118.3863977329556,0.02415225032615168,0.02618386397732956
1118.5864310718453,0.020154967401190764,0.026185864310718454
1118.786464410735,0.02924909305592728,0.02618786464410735
1118.986497749625,0.03518932533992218,0.02618986497749625
1119.1865310885148,0.01224968951983682,0.02619186531088515
1119.3865644274047,0.029469373889412065,0.026193865644274048
1119.5865977662945,0.02398249180390978,0.026195865977662946
1119.7866311051841,0.02710502144678536,0.026197866311051844
1119.986664444074,0.029871818657835066,0.02619986664444074
1120.1866977829638,0.02469624746764707,0.02620186697782964
1120.3867311218537,0.02537517248397229,0.026203867311218536
1120.5867644607436,0.024494866304170325,0.026205867644607438
1120.7867977996334,0.03397039759230258,0.026207867977996332
1120.986831138523,0.029559947992405203,0.02620986831138523
1121.1868644774129,0.027976536946673014,0.02621186864477413
1121.3868978163027,0.016046255209424765,0.026213868978163028
1121.5869311551926,0.023187231365846692,0.026215869311551926
1121.7869644940824,0.03340722292765422,0.026217869644940824
1121.9869978329723,0.026521442563321104,0.026219869978329723
1122.187031171862,0.03149812206843172,0.026221870311718617
1122.3870645107518,0.04035596504772859,0.02622387064510752
1122.5870978496416,0.03453471953216695,0.026225870978496414
1122.7871311885315,0.026973138013483253,0.026227871311885316
1122.9871645274213,0.022141958283708397,0.026229871645274214
1123.1871978663112,0.005803475210215927,0.026231871978663113
1123.3872312052008,0.024886792932269187,0.026233872312052008
1123.5872645440907,0.023627772678906117,0.02623587264544091
1123.7872978829805,0.02936080253399281,0.026237872978829804
1123.9873312218704,0.025008631496421206,0.026239873312218706
1124.1873645607602,0.023678793170113246,0.0262418736456076
1124.38739789965,0.012008682534938737,0.026243873978996503
1124.5874312385397,0.018726131679184865,0.026245874312385398
1124.7874645774295,0.030061082972178757,0.026247874645774296
1124.9874979163194,0.03997713602822475,0.026249874979163194
1125.1875312552093,0.025471672242587104,0.026251875312552093
1125.387564594099,0.028876364234533977,0.02625387564594099
1125.587597932989,0.03387570123495233,0.02625587597932989
1125.7876312718786,0.01977072482311679,0.026257876312718788
1125.9876646107684,0.02919438899239122,0.026259876646107683
1126.1876979496583,0.02033795612883932,0.026261876979496585
1126.3877312885481,0.03318247282081357,0.02626387731288548
1126.587764627438,0.02747710202988824,0.02626587764627438
1126.7877979663278,0.0286554924915148,0.02626787797966328
1126.9878313052175,0.02000908953370346,0.026269878313052174
1127.1878646441073,0.03192813752332735,0.026271878646441073
1127.3878979829972,0.04295158234967811,0.026273878979829975
1127.587931321887,0.01821258574979322,0.02627587931321887
1127.7879646607769,0.02355980758542758,0.02627787964660777
1127.9879979996667,0.0281327397733414,0.026279879979996666
1128.1880313385564,0.032573130009352094,0.026281880313385565
1128.3880646774462,0.021807510364458712,0.026283880646774463
1128.588098016336,0.0036216386590214415,0.02628588098016336
1128.788131355226,0.03716139726686446,0.02628788131355226
1128.9881646941158,0.0323739306036143,0.026289881646941158
1129.1881980330056,0.012348301736436735,0.026291881980330056
1129.3882313718955,0.02143333197948251,0.026293882313718955
1129.588264710785,0.038841342083326465,0.026295882647107853
1129.788298049675,0.037880254328159675,0.026297882980496748
1129.9883313885648,0.03380900349531721,0.02629988331388565
1130.1883647274547,0.024892984175595642,0.026301883647274545
1130.3883980663445,0.026967783331163526,0.026303883980663446
1130.5884314052344,0.025258477873043333,0.026305884314052345
1130.788464744124,0.03533380291359194,0.02630788464744124
1130.9884980830138,0.019303145728869257,0.026309884980830138
1131.1885314219037,0.0198654880751454,0.02631188531421904
1131.3885647607935,0.03439608234229606,0.026313885647607935
1131.5885980996834,0.025960994336904342,0.026315885980996837
1131.7886314385732,0.0373456251580162,0.02631788631438573
1131.9886647774629,0.020947788991930262,0.02631988664777463
1132.1886981163527,0.025883660098452926,0.026321886981163528
1132.3887314552426,0.0189445834358008,0.026323887314552426
1132.5887647941324,0.026384789099329863,0.026325887647941325
1132.7887981330223,0.014499512485339832,0.026327887981330223
1132.9888314719121,0.022428820947079417,0.02632988831471912
1133.1888648108018,0.014841857728683074,0.026331888648108016
1133.3888981496916,0.03188527484702698,0.026333888981496918
1133.5889314885815,0.03206860403296303,0.026335889314885813
1133.7889648274713,0.012495787804399954,0.026337889648274715
1133.9889981663612,0.03701097594566819,0.02633988998166361
1134.189031505251,0.04632121132641134,0.02634189031505251
1134.3890648441406,0.026711941742332133,0.026343890648441406
1134.5890981830305,0.021216976900033147,0.026345890981830305
1134.7891315219204,0.04894253604324357,0.026347891315219203
1134.9891648608102,0.01579814366218802,0.026349891648608105
1135.1891981997,0.026512743716949786,0.026351891981997
1135.38923153859,0.02779087049644129,0.0263538923153859
1135.5892648774795,0.037117073612394115,0.026355892648774797
1135.7892982163694,0.029235804783178002,0.026357892982163695
1135.9893315552592,0.022370822149244983,0.026359893315552593
1136.189364894149,0.018752418685837845,0.02636189364894149
1136.389398233039,0.023629319420361304,0.02636389398233039
1136.5894315719288,0.018310475428158134,0.02636589431571929
1136.7894649108184,0.026750497207385652,0.026367894649108187
1136.9894982497083,0.02185632554361319,0.02636989498249708
1137.1895315885981,0.014419592969567978,0.026371895315885983
1137.389564927488,0.03641506195627411,0.02637389564927488
1137.5895982663778,0.022394515795231464,0.02637589598266378
1137.7896316052677,0.016232801876250175,0.026377896316052675
1137.9896649441573,0.025033823573541242,0.026379896649441573
1138.1896982830472,0.026928869510571742,0.02638189698283047
1138.389731621937,0.012412163511587101,0.02638389731621937
1138.5897649608269,0.02903907898661437,0.02638589764960827
1138.7897982997167,0.01801063743347505,0.026387897982997167
1138.9898316386066,0.04007812878991237,0.026389898316386065
1139.1898649774962,0.030583582746388838,0.02639189864977496
1139.389898316386,0.02319469906228933,0.026393898983163862
1139.589931655276,0.020434557154013957,0.02639589931655276
1139.7899649941658,0.025558157989432666,0.02639789964994166
1139.9899983330556,0.03130222591599688,0.026399899983330557
1140.1900316719455,0.026197947288037857,0.026401900316719455
1140.390065010835,0.024666630193013496,0.02640390065010835
1140.590098349725,0.026872863310040417,0.026405900983497252
1140.7901316886148,0.021577029866990508,0.026407901316886147
1140.9901650275046,0.023664254235530747,0.02640990165027505
1141.1901983663945,0.009725562472423913,0.026411901983663943
1141.3902317052844,0.03420371216387179,0.026413902317052845
1141.590265044174,0.028806284893015836,0.02641590265044174
1141.7902983830638,0.020230256231563198,0.02641790298383064
1141.9903317219537,0.04160978316806145,0.026419903317219537
1142.1903650608435,0.027118035493747528,0.026421903650608435
1142.3903983997334,0.018134755408195757,0.026423903983997334
1142.5904317386232,0.0332798036891499,0.026425904317386232
1142.7904650775129,0.02961229038284923,0.02642790465077513
1142.9904984164027,0.02958654486803778,0.026429904984164025
1143.1905317552926,0.023025860480340204,0.026431905317552927
1143.3905650941824,0.030037871441166104,0.026433905650941825
1143.5905984330723,0.024341839662561968,0.026435905984330724
1143.7906317719621,0.03088543793088636,0.026437906317719622
1143.9906651108518,0.011200351019023409,0.02643990665110852
1144.1906984497416,0.0229709192806639,0.026441906984497415
1144.3907317886315,0.04022114810035188,0.026443907317886317
1144.5907651275213,0.020309368008072808,0.026445907651275212
1144.7907984664112,0.02161720160471862,0.026447907984664114
1144.990831805301,0.022866217610453207,0.02644990831805301
1145.1908651441906,0.01673345956433276,0.026451908651441907
1145.3908984830805,0.008787662775004788,0.026453908984830805
1145.5909318219703,0.024611218130030803,0.026455909318219704
1145.7909651608602,0.027544785044261857,0.026457909651608602
1145.99099849975,0.026039869436688283,0.0264599099849975
1146.19103183864,0.025302881822803304,0.0264619103183864
1146.3910651775295,0.026808237618578395,0.026463910651775294
1146.5910985164194,0.034648642757570305,0.026465910985164195
1146.7911318553092,0.024944341831119356,0.02646791131855309
1146.991165194199,0.021877251035243836,0.026469911651941992
1147.191198533089,0.0242229081062262,0.02647191198533089
1147.3912318719788,0.031108686396773996,0.02647391231871979
1147.5912652108684,0.03777212768045468,0.026475912652108684
1147.7912985497583,0.02145276307214416,0.026477912985497586
1147.9913318886481,0.02727138361511755,0.02647991331888648
1148.191365227538,0.02918877318776306,0.026481913652275382
1148.3913985664278,0.018543289931833695,0.026483913985664277
1148.5914319053177,0.026649251656756523,0.02648591431905318
1148.7914652442073,0.014762523793705313,0.026487914652442074
1148.9914985830972,0.012337512555915782,0.026489914985830972
1149.191531921987,0.029425886582357928,0.02649191531921987
1149.3915652608769,0.023422917721962505,0.02649391565260877
1149.5915985997667,0.028114159246967422,0.026495915985997667
1149.7916319386566,0.026354756503319764,0.026497916319386566
1149.9916652775462,0.018688716263465084,0.026499916652775464
1150.191698616436,0.026139882570449666,0.02650191698616436
1150.391731955326,0.016639106879434422,0.02650391731955326
1150.5917652942157,0.03763369651695336,0.026505917652942156
1150.7917986331056,0.015660155227451344,0.026507917986331057
1150.9918319719955,0.024943636151971305,0.026509918319719956
1151.191865310885,0.018173745948730863,0.02651191865310885
1151.391898649775,0.031077288373384113,0.02651391898649775
1151.5919319886648,0.023864468349634627,0.02651591931988665
1151.7919653275546,0.022368585896305866,0.026517919653275546
1151.9919986664445,0.033345532347076885,0.026519919986664447
1152.1920320053343,0.02675736505347376,0.026521920320053342
1152.3920653442242,0.03065707622092998,0.026523920653442244
1152.5920986831138,0.01867531349469142,0.02652592098683114
1152.7921320220037,0.015289385768799983,0.026527921320220037
1152.9921653608935,0.027387585349930004,0.026529921653608936
1153.1921986997834,0.023981151143039985,0.026531921986997834
1153.3922320386732,0.03154539970001829,0.026533922320386732
1153.592265377563,0.025896655032475232,0.02653592265377563
1153.7922987164527,0.028178525701041568,0.02653792298716453
1153.9923320553426,0.013552863081023476,0.026539923320553424
1154.1923653942324,0.04164941917085638,0.026541923653942326
1154.3923987331223,0.025229988107074965,0.02654392398733122
1154.5924320720121,0.03212662008343371,0.026545924320720123
1154.792465410902,0.019859191292352005,0.026547924654109017
1154.9924987497916,0.029014004205236643,0.026549924987497916
1155.1925320886814,0.016129167212688852,0.026551925320886814
1155.3925654275713,0.03017046836035308,0.026553925654275713
1155.5925987664612,0.02370813331257795,0.02655592598766461
1155.792632105351,0.026791450352538052,0.026557926321053513
1155.9926654442409,0.03214371889548319,0.026559926654442408
1156.1926987831305,0.016701604498069064,0.026561926987831306
1156.3927321220203,0.021087993476317828,0.026563927321220204
1156.5927654609102,0.030224521903303228,0.026565927654609103
1156.7927987998,0.04335369978437198,0.026567927987998
1156.99283213869,0.025465269644095047,0.0265699283213869
1157.1928654775797,0.03130101759816726,0.026571928654775798
1157.3928988164694,0.02571815722929685,0.026573928988164693
1157.5929321553592,0.04211389407960399,0.026575929321553594
1157.792965494249,0.012600156319220445,0.02657792965494249
1157.992998833139,0.027336898345686256,0.02657992998833139
1158.1930321720288,0.013577578053223797,0.026581930321720286
1158.3930655109186,0.006531358090815453,0.026583930655109188
1158.5930988498083,0.028965627413440616,0.026585930988498083
1158.793132188698,0.027703913691066652,0.02658793132188698
1158.993165527588,0.02431123615333827,0.02658993165527588
1159.1931988664778,0.025742379268346754,0.026591931988664778
1159.3932322053677,0.05138032779462374,0.026593932322053676
1159.5932655442575,0.0245305315511911,0.026595932655442578
1159.7932988831471,0.03067892787883207,0.026597932988831473
1159.993332222037,0.021405014765309323,0.02659993332222037
1160.1933655609268,0.028963794255934094,0.02660193365560927
1160.3933988998167,0.02469806458855323,0.026603933988998168
1160.5934322387066,0.023321786460549228,0.026605934322387066
1160.7934655775964,0.04115912291337856,0.026607934655775965
1160.993498916486,0.036027414694639576,0.026609934989164863
1161.1935322553759,0.027705908501747603,0.026611935322553758
1161.3935655942657,0.008180240168390925,0.02661393565594266
1161.5935989331556,0.023727862203310995,0.026615935989331554
1161.7936322720454,0.048242156837961125,0.026617936322720456
1161.9936656109353,0.024774643322991684,0.02661993665610935
1162.193698949825,0.03544767756592752,0.02662193698949825
1162.3937322887148,0.03815947653850796,0.026623937322887148
1162.5937656276046,0.028377648983123848,0.026625937656276046
1162.7937989664945,0.019893364934719725,0.026627937989664945
1162.9938323053843,0.0071474396687907366,0.026629938323053843
1163.1938656442742,0.03210524432531438,0.02663193865644274
1163.3938989831638,0.02011589096724325,0.026633938989831636
1163.5939323220537,0.028045142938322075,0.026635939323220538
1163.7939656609435,0.01663937693989452,0.026637939656609436
1163.9939989998334,0.024518039666236717,0.026639939989998335
1164.1940323387232,0.026911692762595658,0.026641940323387233
1164.394065677613,0.028792689305130514,0.02664394065677613
1164.5940990165027,0.01772736349134571,0.026645940990165026
1164.7941323553925,0.036223228913644746,0.026647941323553928
1164.9941656942824,0.021874783379087052,0.026649941656942823
1165.1941990331723,0.013256186306705763,0.026651941990331725
1165.394232372062,0.025781754964012908,0.02665394232372062
1165.594265710952,0.0269309451293212,0.02665594265710952
1165.7942990498416,0.027942658455872495,0.026657942990498416
1165.9943323887314,0.03755700255336795,0.026659943323887315
1166.1943657276213,0.02477035296338934,0.026661943657276213
1166.3943990665111,0.025706986995714942,0.02666394399066511
1166.594432405401,0.01784046927418926,0.02666594432405401
1166.7944657442908,0.03323237268054609,0.026667944657442908
1166.9944990831805,0.028144417503456635,0.026669944990831806
1167.1945324220703,0.0233117235058674,0.0266719453242207
1167.3945657609602,0.011436548109885893,0.026673945657609603
1167.59459909985,0.0382312435514392,0.0266759459909985
1167.7946324387399,0.01685650660873894,0.0266779463243874
1167.9946657776297,0.021949722582818652,0.026679946657776298
1168.1946991165194,0.029548703079773222,0.026681946991165197
1168.3947324554092,0.0171114838956206,0.02668394732455409
1168.594765794299,0.014737869431917846,0.026685947657942993
1168.794799133189,0.00969636732972657,0.026687947991331888
1168.9948324720788,0.03245792394796588,0.02668994832472079
1169.1948658109686,0.022330458700299108,0.026691948658109685
1169.3948991498582,0.05011210973128522,0.026693948991498583
1169.594932488748,0.018741108799840492,0.02669594932488748
1169.794965827638,0.01932634147084501,0.02669794965827638
1169.9949991665278,0.022176806229382066,0.02669994999166528
1170.1950325054177,0.028647027566162088,0.026701950325054177
1170.3950658443075,0.022942323948160585,0.026703950658443075
1170.5950991831971,0.031604608703852066,0.02670595099183197
1170.795132522087,0.018879244205311636,0.02670795132522087
1170.9951658609768,0.01565721791090112,0.026709951658609767
1171.1951991998667,0.012326234076725808,0.02671195199199867
1171.3952325387565,0.008925358981889987,0.026713952325387563
1171.5952658776464,0.02257140050297601,0.026715952658776465
1171.795299216536,0.024310110493019586,0.02671795299216536
1171.9953325554259,0.021668457105688793,0.02671995332555426
1172.1953658943157,0.036669200036440454,0.026721953658943157
1172.3953992332056,0.03654819566919714,0.02672395399233206
1172.5954325720954,0.024047530426164938,0.026725954325720953
1172.7954659109853,0.01237658575357415,0.026727954659109855
1172.995499249875,0.02219631412805833,0.02672995499249875
1173.1955325887648,0.02193338417455116,0.02673195532588765
1173.3955659276546,0.021476875961052085,0.026733955659276547
1173.5955992665445,0.021154204761479486,0.026735955992665445
1173.7956326054343,0.021510253160255885,0.026737956326054343
1173.9956659443242,0.023647623732261164,0.026739956659443242
1174.195699283214,0.021657628202307686,0.02674195699283214
1174.3957326221037,0.028410537395225772,0.026743957326221035
1174.5957659609935,0.029628907386848827,0.026745957659609937
1174.7957992998834,0.019462797295538913,0.026747957992998832
1174.9958326387732,0.036918480934444,0.026749958326387734
1175.195865977663,0.018911460245051713,0.02675195865977663
1175.395899316553,0.013811554082642834,0.02675395899316553
1175.5959326554425,0.02980218389747484,0.026755959326554425
1175.7959659943324,0.020218694584628605,0.026757959659943324
1175.9959993332222,0.029330291759391326,0.026759959993332222
1176.196032672112,0.007532611517916881,0.026761960326721124
1176.396066011002,0.03790360819197456,0.02676396066011002
1176.5960993498918,0.032144308257822135,0.02676596099349892
1176.7961326887814,0.014764148933583802,0.026767961326887815
1176.9961660276713,0.014939744669506427,0.026769961660276714
1177.1961993665611,0.040150089226445834,0.026771961993665612
1177.396232705451,0.020874923099070842,0.02677396232705451
1177.5962660443408,0.02010248387058242,0.02677596266044341
1177.7962993832307,0.008649546240638045,0.026777962993832307
1177.9963327221203,0.02397373768240877,0.026779963327221205
1178.1963660610102,0.024960206741924076,0.0267819636606101
1178.3963993999,0.03250790876815488,0.026783963993999002
1178.5964327387899,0.015593336901912093,0.026785964327387897
1178.7964660776797,0.014625670322851923,0.0267879646607768
1178.9964994165696,0.03039766607237751,0.026789964994165694
1179.1965327554592,0.03484580589737111,0.026791965327554592
1179.396566094349,0.014224746852000425,0.02679396566094349
1179.596599433239,0.03544807868473032,0.02679596599433239
1179.7966327721288,0.02709830105961586,0.026797966327721287
1179.9966661110186,0.03553440937370735,0.02679996666111019
1180.1966994499085,0.026240204102358153,0.026801966994499084
1180.396732788798,0.006625743987984378,0.026803967327887982
1180.596766127688,0.02559022860274857,0.02680596766127688
1180.7967994665778,0.035289118544035936,0.02680796799466578
1180.9968328054676,0.01966000017538496,0.026809968328054677
1181.1968661443575,0.023708248910183957,0.026811968661443576
1181.3968994832474,0.025404900966424646,0.026813968994832474
1181.596932822137,0.003619858289273515,0.02681596932822137
1181.7969661610268,0.04018875026511008,0.02681796966161027
1181.9969994999167,0.01960896455582177,0.026819969994999165
1182.1970328388065,0.03086785378817046,0.026821970328388067
1182.3970661776964,0.02613036157259129,0.026823970661776962
1182.5970995165862,0.03688692344604075,0.026825970995165864
1182.7971328554759,0.030076420307979405,0.02682797132855476
1182.9971661943657,0.02495057748977586,0.026829971661943657
1183.1971995332556,0.019683851255178315,0.026831971995332556
1183.3972328721454,0.03321677793977856,0.026833972328721454
1183.5972662110353,0.011848442230473419,0.026835972662110352
1183.7972995499251,0.032005096357706396,0.026837972995499254
1183.9973328888148,0.01804761531644917,0.02683997332888815
1184.1973662277046,0.03686024295793017,0.026841973662277047
1184.3973995665945,0.02813437033696751,0.026843973995665946
1184.5974329054843,0.03199896447185571,0.026845974329054844
1184.7974662443742,0.027503885173041497,0.026847974662443742
1184.997499583264,0.012830958234704667,0.02684997499583264
1185.1975329221536,0.019966142022058833,0.02685197532922154
1185.3975662610435,0.03223309036350149,0.026853975662610434
1185.5975995999333,0.028189222534878086,0.026855975995999336
1185.7976329388232,0.036305895571833606,0.02685797632938823
1185.997666277713,0.030086173167074508,0.026859976662777132
1186.197699616603,0.01912836187054475,0.026861976996166027
1186.3977329554925,0.020495464227789854,0.026863977329554926
1186.5977662943824,0.02768931678712972,0.026865977662943824
1186.7977996332722,0.008355625468331879,0.026867977996332722
1186.997832972162,0.0402575134147055,0.02686997832972162
1187.197866311052,0.030405952554130977,0.02687197866311052
1187.3978996499418,0.036690255772890396,0.026873978996499417
1187.5979329888314,0.01423114780341496,0.026875979329888312
1187.7979663277213,0.03683450094611926,0.026877979663277214
1187.9979996666111,0.044731971284888095,0.02687997999666611
1188.198033005501,0.01631495348703647,0.02688198033005501
1188.3980663443908,0.03305519502267404,0.02688398066344391
1188.5980996832807,0.026894860554331153,0.026885980996832808
1188.7981330221703,0.014532510544235749,0.026887981330221702
1188.9981663610602,0.030833053438425562,0.026889981663610604
1189.19819969995,0.033560807635698284,0.0268919819969995
1189.3982330388399,0.022084969909037626,0.0268939823303884
1189.5982663777297,0.03622331482581908,0.026895982663777296
1189.7982997166196,0.013563875742852616,0.026897982997166198
1189.9983330555092,0.01494193415895794,0.026899983330555093
1190.198366394399,0.02799476282865401,0.02690198366394399
1190.398399733289,0.027107066221111063,0.02690398399733289
1190.5984330721788,0.021173396423328945,0.026905984330721788
1190.7984664110686,0.03338474015188577,0.026907984664110686
1190.9984997499585,0.03115713951122718,0.026909984997499584
1191.198533088848,0.033777097898360614,0.026911985330888483
1191.398566427738,0.025928894181459237,0.026913985664277378
1191.5985997666278,0.03173662814149301,0.02691598599766628
1191.7986331055176,0.02335278390681522,0.026917986331055174
1191.9986664444075,0.043350536185136845,0.026919986664444076
1192.1986997832973,0.02042162083685709,0.026921986997832974
1192.398733122187,0.043766366766888366,0.02692398733122187
1192.5987664610768,0.027205091241326036,0.026925987664610768
1192.7987997999667,0.015923900881449727,0.02692798799799967
1192.9988331388565,0.037874623135297374,0.026929988331388564
1193.1988664777464,0.027939199771937137,0.026931988664777466
1193.3988998166362,0.033742981785208265,0.02693398899816636
1193.5989331555259,0.036726836679896006,0.02693598933155526
1193.7989664944157,0.029641634098104358,0.026937989664944158
1193.9989998333056,0.02220206323983054,0.026939989998333056
1194.1990331721954,0.03474769735307596,0.026941990331721954
1194.3990665110853,0.026950034724747617,0.026943990665110853
1194.5990998499751,0.0324328535473671,0.02694599099849975
1194.7991331888647,0.009718146741556955,0.026947991331888646
1194.9991665277546,0.030525845401356364,0.026949991665277548
1195.1991998666444,0.021843305397506202,0.026951991998666443
1195.3992332055343,0.04018046942948359,0.026953992332055345
1195.5992665444242,0.031940691448557004,0.02695599266544424
1195.799299883314,0.028876854965627516,0.02695799299883314
1195.9993332222039,0.03085047327902381,0.02695999333222204
1196.1993665610935,0.01897446684259719,0.026961993665610934
1196.3993998999833,0.039950047523224265,0.026963993998999833
1196.5994332388732,0.04289695767972397,0.026965994332388735
1196.799466577763,0.03011130275016336,0.02696799466577763
1196.999499916653,0.03969322354775564,0.02696999499916653
1197.1995332555427,0.022418809743175155,0.026971995332555426
1197.3995665944324,0.020597087136144478,0.026973995665944325
1197.5995999333222,0.027303393989164607,0.026975995999333223
1197.799633272212,0.03045752463966531,0.02697799633272212
1197.999666611102,0.023828103216166057,0.02697999666611102
1198.1996999499918,0.03128414252244779,0.026981996999499918
1198.3997332888816,0.029435113189476128,0.026983997332888816
1198.5997666277713,0.018999543463949272,0.02698599766627771
1198.799799966661,0.031138342139280382,0.026987997999666613
1198.999833305551,0.03389822427322768,0.026989998333055508
1199.1998666444408,0.02836375320716754,0.02699199866644441
1199.3998999833307,0.036215183825926846,0.026993998999833305
1199.5999333222205,0.01725676898524659,0.026995999333222206
1199.7999666611101,0.030741603043665914,0.0269979996666111
1200.0,0.0176377543488258,0.027
